[2026-06-19T16:38:41.568+0000] {processor.py:186} INFO - Started process (PID=69) to work on /home/airflow/.local/lib/python3.12/site-packages/airflow/example_dags/example_branch_datetime_operator.py
[2026-06-19T16:38:41.572+0000] {processor.py:914} INFO - Processing file /home/airflow/.local/lib/python3.12/site-packages/airflow/example_dags/example_branch_datetime_operator.py for tasks to queue
[2026-06-19T16:38:41.582+0000] {logging_mixin.py:190} INFO - [2026-06-19T16:38:41.582+0000] {dagbag.py:588} INFO - Filling up the DagBag from /home/airflow/.local/lib/python3.12/site-packages/airflow/example_dags/example_branch_datetime_operator.py
[2026-06-19T16:38:41.625+0000] {processor.py:925} INFO - DAG(s) 'example_branch_datetime_operator_3', 'example_branch_datetime_operator_2', 'example_branch_datetime_operator' retrieved from /home/airflow/.local/lib/python3.12/site-packages/airflow/example_dags/example_branch_datetime_operator.py
[2026-06-19T16:38:41.742+0000] {logging_mixin.py:190} INFO - [2026-06-19T16:38:41.742+0000] {dag.py:3239} INFO - Sync 3 DAGs
[2026-06-19T16:38:41.810+0000] {logging_mixin.py:190} INFO - [2026-06-19T16:38:41.809+0000] {dag.py:4180} INFO - Setting next_dagrun for example_branch_datetime_operator to 2026-06-18 00:00:00+00:00, run_after=2026-06-19 00:00:00+00:00
[2026-06-19T16:38:41.823+0000] {logging_mixin.py:190} INFO - [2026-06-19T16:38:41.823+0000] {dag.py:4180} INFO - Setting next_dagrun for example_branch_datetime_operator_2 to 2026-06-18 00:00:00+00:00, run_after=2026-06-19 00:00:00+00:00
[2026-06-19T16:38:41.829+0000] {logging_mixin.py:190} INFO - [2026-06-19T16:38:41.828+0000] {dag.py:4180} INFO - Setting next_dagrun for example_branch_datetime_operator_3 to 2026-06-18 00:00:00+00:00, run_after=2026-06-19 00:00:00+00:00
[2026-06-19T16:38:41.862+0000] {processor.py:208} INFO - Processing /home/airflow/.local/lib/python3.12/site-packages/airflow/example_dags/example_branch_datetime_operator.py took 0.306 seconds
[2026-06-19T16:39:12.761+0000] {processor.py:186} INFO - Started process (PID=133) to work on /home/airflow/.local/lib/python3.12/site-packages/airflow/example_dags/example_branch_datetime_operator.py
[2026-06-19T16:39:12.764+0000] {processor.py:914} INFO - Processing file /home/airflow/.local/lib/python3.12/site-packages/airflow/example_dags/example_branch_datetime_operator.py for tasks to queue
[2026-06-19T16:39:12.768+0000] {logging_mixin.py:190} INFO - [2026-06-19T16:39:12.767+0000] {dagbag.py:588} INFO - Filling up the DagBag from /home/airflow/.local/lib/python3.12/site-packages/airflow/example_dags/example_branch_datetime_operator.py
[2026-06-19T16:39:12.782+0000] {processor.py:925} INFO - DAG(s) 'example_branch_datetime_operator', 'example_branch_datetime_operator_3', 'example_branch_datetime_operator_2' retrieved from /home/airflow/.local/lib/python3.12/site-packages/airflow/example_dags/example_branch_datetime_operator.py
[2026-06-19T16:39:12.811+0000] {logging_mixin.py:190} INFO - [2026-06-19T16:39:12.811+0000] {dag.py:3239} INFO - Sync 3 DAGs
[2026-06-19T16:39:12.840+0000] {logging_mixin.py:190} INFO - [2026-06-19T16:39:12.840+0000] {dag.py:4180} INFO - Setting next_dagrun for example_branch_datetime_operator to 2026-06-18 00:00:00+00:00, run_after=2026-06-19 00:00:00+00:00
[2026-06-19T16:39:12.846+0000] {logging_mixin.py:190} INFO - [2026-06-19T16:39:12.845+0000] {dag.py:4180} INFO - Setting next_dagrun for example_branch_datetime_operator_2 to 2026-06-18 00:00:00+00:00, run_after=2026-06-19 00:00:00+00:00
[2026-06-19T16:39:12.849+0000] {logging_mixin.py:190} INFO - [2026-06-19T16:39:12.849+0000] {dag.py:4180} INFO - Setting next_dagrun for example_branch_datetime_operator_3 to 2026-06-18 00:00:00+00:00, run_after=2026-06-19 00:00:00+00:00
[2026-06-19T16:39:12.867+0000] {processor.py:208} INFO - Processing /home/airflow/.local/lib/python3.12/site-packages/airflow/example_dags/example_branch_datetime_operator.py took 0.112 seconds
[2026-06-19T16:39:43.677+0000] {processor.py:186} INFO - Started process (PID=197) to work on /home/airflow/.local/lib/python3.12/site-packages/airflow/example_dags/example_branch_datetime_operator.py
[2026-06-19T16:39:43.682+0000] {processor.py:914} INFO - Processing file /home/airflow/.local/lib/python3.12/site-packages/airflow/example_dags/example_branch_datetime_operator.py for tasks to queue
[2026-06-19T16:39:43.692+0000] {logging_mixin.py:190} INFO - [2026-06-19T16:39:43.691+0000] {dagbag.py:588} INFO - Filling up the DagBag from /home/airflow/.local/lib/python3.12/site-packages/airflow/example_dags/example_branch_datetime_operator.py
[2026-06-19T16:39:43.769+0000] {processor.py:925} INFO - DAG(s) 'example_branch_datetime_operator_2', 'example_branch_datetime_operator_3', 'example_branch_datetime_operator' retrieved from /home/airflow/.local/lib/python3.12/site-packages/airflow/example_dags/example_branch_datetime_operator.py
[2026-06-19T16:39:43.916+0000] {logging_mixin.py:190} INFO - [2026-06-19T16:39:43.915+0000] {dag.py:3239} INFO - Sync 3 DAGs
[2026-06-19T16:39:44.015+0000] {logging_mixin.py:190} INFO - [2026-06-19T16:39:44.014+0000] {dag.py:4180} INFO - Setting next_dagrun for example_branch_datetime_operator to 2026-06-18 00:00:00+00:00, run_after=2026-06-19 00:00:00+00:00
[2026-06-19T16:39:44.027+0000] {logging_mixin.py:190} INFO - [2026-06-19T16:39:44.026+0000] {dag.py:4180} INFO - Setting next_dagrun for example_branch_datetime_operator_2 to 2026-06-18 00:00:00+00:00, run_after=2026-06-19 00:00:00+00:00
[2026-06-19T16:39:44.034+0000] {logging_mixin.py:190} INFO - [2026-06-19T16:39:44.033+0000] {dag.py:4180} INFO - Setting next_dagrun for example_branch_datetime_operator_3 to 2026-06-18 00:00:00+00:00, run_after=2026-06-19 00:00:00+00:00
[2026-06-19T16:39:44.067+0000] {processor.py:208} INFO - Processing /home/airflow/.local/lib/python3.12/site-packages/airflow/example_dags/example_branch_datetime_operator.py took 0.409 seconds
[2026-06-19T16:41:52.014+0000] {processor.py:186} INFO - Started process (PID=74) to work on /home/airflow/.local/lib/python3.12/site-packages/airflow/example_dags/example_branch_datetime_operator.py
[2026-06-19T16:41:52.019+0000] {processor.py:914} INFO - Processing file /home/airflow/.local/lib/python3.12/site-packages/airflow/example_dags/example_branch_datetime_operator.py for tasks to queue
[2026-06-19T16:41:52.031+0000] {logging_mixin.py:190} INFO - [2026-06-19T16:41:52.030+0000] {dagbag.py:588} INFO - Filling up the DagBag from /home/airflow/.local/lib/python3.12/site-packages/airflow/example_dags/example_branch_datetime_operator.py
[2026-06-19T16:41:52.099+0000] {processor.py:925} INFO - DAG(s) 'example_branch_datetime_operator_2', 'example_branch_datetime_operator_3', 'example_branch_datetime_operator' retrieved from /home/airflow/.local/lib/python3.12/site-packages/airflow/example_dags/example_branch_datetime_operator.py
[2026-06-19T16:41:52.297+0000] {logging_mixin.py:190} INFO - [2026-06-19T16:41:52.296+0000] {dag.py:3239} INFO - Sync 3 DAGs
[2026-06-19T16:41:52.439+0000] {logging_mixin.py:190} INFO - [2026-06-19T16:41:52.438+0000] {dag.py:4180} INFO - Setting next_dagrun for example_branch_datetime_operator to 2026-06-18 00:00:00+00:00, run_after=2026-06-19 00:00:00+00:00
[2026-06-19T16:41:52.470+0000] {logging_mixin.py:190} INFO - [2026-06-19T16:41:52.470+0000] {dag.py:4180} INFO - Setting next_dagrun for example_branch_datetime_operator_2 to 2026-06-18 00:00:00+00:00, run_after=2026-06-19 00:00:00+00:00
[2026-06-19T16:41:52.481+0000] {logging_mixin.py:190} INFO - [2026-06-19T16:41:52.481+0000] {dag.py:4180} INFO - Setting next_dagrun for example_branch_datetime_operator_3 to 2026-06-18 00:00:00+00:00, run_after=2026-06-19 00:00:00+00:00
[2026-06-19T16:41:52.574+0000] {processor.py:208} INFO - Processing /home/airflow/.local/lib/python3.12/site-packages/airflow/example_dags/example_branch_datetime_operator.py took 0.587 seconds
[2026-06-19T16:42:27.219+0000] {processor.py:186} INFO - Started process (PID=145) to work on /home/airflow/.local/lib/python3.12/site-packages/airflow/example_dags/example_branch_datetime_operator.py
[2026-06-19T16:42:27.224+0000] {processor.py:914} INFO - Processing file /home/airflow/.local/lib/python3.12/site-packages/airflow/example_dags/example_branch_datetime_operator.py for tasks to queue
[2026-06-19T16:42:27.251+0000] {logging_mixin.py:190} INFO - [2026-06-19T16:42:27.250+0000] {dagbag.py:588} INFO - Filling up the DagBag from /home/airflow/.local/lib/python3.12/site-packages/airflow/example_dags/example_branch_datetime_operator.py
[2026-06-19T16:42:27.349+0000] {processor.py:925} INFO - DAG(s) 'example_branch_datetime_operator', 'example_branch_datetime_operator_2', 'example_branch_datetime_operator_3' retrieved from /home/airflow/.local/lib/python3.12/site-packages/airflow/example_dags/example_branch_datetime_operator.py
[2026-06-19T16:42:27.531+0000] {logging_mixin.py:190} INFO - [2026-06-19T16:42:27.530+0000] {dag.py:3239} INFO - Sync 3 DAGs
[2026-06-19T16:42:27.753+0000] {logging_mixin.py:190} INFO - [2026-06-19T16:42:27.739+0000] {dag.py:4180} INFO - Setting next_dagrun for example_branch_datetime_operator to 2026-06-18 00:00:00+00:00, run_after=2026-06-19 00:00:00+00:00
[2026-06-19T16:42:27.800+0000] {logging_mixin.py:190} INFO - [2026-06-19T16:42:27.799+0000] {dag.py:4180} INFO - Setting next_dagrun for example_branch_datetime_operator_2 to 2026-06-18 00:00:00+00:00, run_after=2026-06-19 00:00:00+00:00
[2026-06-19T16:42:27.817+0000] {logging_mixin.py:190} INFO - [2026-06-19T16:42:27.817+0000] {dag.py:4180} INFO - Setting next_dagrun for example_branch_datetime_operator_3 to 2026-06-18 00:00:00+00:00, run_after=2026-06-19 00:00:00+00:00
[2026-06-19T16:42:27.909+0000] {processor.py:208} INFO - Processing /home/airflow/.local/lib/python3.12/site-packages/airflow/example_dags/example_branch_datetime_operator.py took 0.722 seconds
[2026-06-19T16:43:07.471+0000] {processor.py:186} INFO - Started process (PID=190) to work on /home/airflow/.local/lib/python3.12/site-packages/airflow/example_dags/example_branch_datetime_operator.py
[2026-06-19T16:43:07.477+0000] {processor.py:914} INFO - Processing file /home/airflow/.local/lib/python3.12/site-packages/airflow/example_dags/example_branch_datetime_operator.py for tasks to queue
[2026-06-19T16:43:07.499+0000] {logging_mixin.py:190} INFO - [2026-06-19T16:43:07.498+0000] {dagbag.py:588} INFO - Filling up the DagBag from /home/airflow/.local/lib/python3.12/site-packages/airflow/example_dags/example_branch_datetime_operator.py
[2026-06-19T16:43:07.566+0000] {processor.py:925} INFO - DAG(s) 'example_branch_datetime_operator_3', 'example_branch_datetime_operator', 'example_branch_datetime_operator_2' retrieved from /home/airflow/.local/lib/python3.12/site-packages/airflow/example_dags/example_branch_datetime_operator.py
[2026-06-19T16:43:07.703+0000] {logging_mixin.py:190} INFO - [2026-06-19T16:43:07.703+0000] {dag.py:3239} INFO - Sync 3 DAGs
[2026-06-19T16:43:07.881+0000] {logging_mixin.py:190} INFO - [2026-06-19T16:43:07.878+0000] {dag.py:4180} INFO - Setting next_dagrun for example_branch_datetime_operator to 2026-06-18 00:00:00+00:00, run_after=2026-06-19 00:00:00+00:00
[2026-06-19T16:43:07.907+0000] {logging_mixin.py:190} INFO - [2026-06-19T16:43:07.906+0000] {dag.py:4180} INFO - Setting next_dagrun for example_branch_datetime_operator_2 to 2026-06-18 00:00:00+00:00, run_after=2026-06-19 00:00:00+00:00
[2026-06-19T16:43:07.922+0000] {logging_mixin.py:190} INFO - [2026-06-19T16:43:07.916+0000] {dag.py:4180} INFO - Setting next_dagrun for example_branch_datetime_operator_3 to 2026-06-18 00:00:00+00:00, run_after=2026-06-19 00:00:00+00:00
[2026-06-19T16:43:08.032+0000] {processor.py:208} INFO - Processing /home/airflow/.local/lib/python3.12/site-packages/airflow/example_dags/example_branch_datetime_operator.py took 0.581 seconds
[2026-06-19T16:43:43.642+0000] {processor.py:186} INFO - Started process (PID=245) to work on /home/airflow/.local/lib/python3.12/site-packages/airflow/example_dags/example_branch_datetime_operator.py
[2026-06-19T16:43:43.653+0000] {processor.py:914} INFO - Processing file /home/airflow/.local/lib/python3.12/site-packages/airflow/example_dags/example_branch_datetime_operator.py for tasks to queue
[2026-06-19T16:43:43.662+0000] {logging_mixin.py:190} INFO - [2026-06-19T16:43:43.661+0000] {dagbag.py:588} INFO - Filling up the DagBag from /home/airflow/.local/lib/python3.12/site-packages/airflow/example_dags/example_branch_datetime_operator.py
[2026-06-19T16:43:43.735+0000] {processor.py:925} INFO - DAG(s) 'example_branch_datetime_operator_3', 'example_branch_datetime_operator', 'example_branch_datetime_operator_2' retrieved from /home/airflow/.local/lib/python3.12/site-packages/airflow/example_dags/example_branch_datetime_operator.py
[2026-06-19T16:43:43.870+0000] {logging_mixin.py:190} INFO - [2026-06-19T16:43:43.869+0000] {dag.py:3239} INFO - Sync 3 DAGs
[2026-06-19T16:43:43.989+0000] {logging_mixin.py:190} INFO - [2026-06-19T16:43:43.988+0000] {dag.py:4180} INFO - Setting next_dagrun for example_branch_datetime_operator to 2026-06-18 00:00:00+00:00, run_after=2026-06-19 00:00:00+00:00
[2026-06-19T16:43:44.016+0000] {logging_mixin.py:190} INFO - [2026-06-19T16:43:44.015+0000] {dag.py:4180} INFO - Setting next_dagrun for example_branch_datetime_operator_2 to 2026-06-18 00:00:00+00:00, run_after=2026-06-19 00:00:00+00:00
[2026-06-19T16:43:44.028+0000] {logging_mixin.py:190} INFO - [2026-06-19T16:43:44.027+0000] {dag.py:4180} INFO - Setting next_dagrun for example_branch_datetime_operator_3 to 2026-06-18 00:00:00+00:00, run_after=2026-06-19 00:00:00+00:00
[2026-06-19T16:43:44.149+0000] {processor.py:208} INFO - Processing /home/airflow/.local/lib/python3.12/site-packages/airflow/example_dags/example_branch_datetime_operator.py took 0.534 seconds
[2026-06-19T16:44:19.946+0000] {processor.py:186} INFO - Started process (PID=303) to work on /home/airflow/.local/lib/python3.12/site-packages/airflow/example_dags/example_branch_datetime_operator.py
[2026-06-19T16:44:19.951+0000] {processor.py:914} INFO - Processing file /home/airflow/.local/lib/python3.12/site-packages/airflow/example_dags/example_branch_datetime_operator.py for tasks to queue
[2026-06-19T16:44:19.970+0000] {logging_mixin.py:190} INFO - [2026-06-19T16:44:19.969+0000] {dagbag.py:588} INFO - Filling up the DagBag from /home/airflow/.local/lib/python3.12/site-packages/airflow/example_dags/example_branch_datetime_operator.py
[2026-06-19T16:44:20.027+0000] {processor.py:925} INFO - DAG(s) 'example_branch_datetime_operator', 'example_branch_datetime_operator_2', 'example_branch_datetime_operator_3' retrieved from /home/airflow/.local/lib/python3.12/site-packages/airflow/example_dags/example_branch_datetime_operator.py
[2026-06-19T16:44:20.164+0000] {logging_mixin.py:190} INFO - [2026-06-19T16:44:20.163+0000] {dag.py:3239} INFO - Sync 3 DAGs
[2026-06-19T16:44:20.302+0000] {logging_mixin.py:190} INFO - [2026-06-19T16:44:20.288+0000] {dag.py:4180} INFO - Setting next_dagrun for example_branch_datetime_operator to 2026-06-18 00:00:00+00:00, run_after=2026-06-19 00:00:00+00:00
[2026-06-19T16:44:20.345+0000] {logging_mixin.py:190} INFO - [2026-06-19T16:44:20.344+0000] {dag.py:4180} INFO - Setting next_dagrun for example_branch_datetime_operator_2 to 2026-06-18 00:00:00+00:00, run_after=2026-06-19 00:00:00+00:00
[2026-06-19T16:44:20.364+0000] {logging_mixin.py:190} INFO - [2026-06-19T16:44:20.363+0000] {dag.py:4180} INFO - Setting next_dagrun for example_branch_datetime_operator_3 to 2026-06-18 00:00:00+00:00, run_after=2026-06-19 00:00:00+00:00
[2026-06-19T16:44:20.489+0000] {processor.py:208} INFO - Processing /home/airflow/.local/lib/python3.12/site-packages/airflow/example_dags/example_branch_datetime_operator.py took 0.583 seconds
[2026-06-19T16:44:50.685+0000] {processor.py:186} INFO - Started process (PID=366) to work on /home/airflow/.local/lib/python3.12/site-packages/airflow/example_dags/example_branch_datetime_operator.py
[2026-06-19T16:44:50.690+0000] {processor.py:914} INFO - Processing file /home/airflow/.local/lib/python3.12/site-packages/airflow/example_dags/example_branch_datetime_operator.py for tasks to queue
[2026-06-19T16:44:50.699+0000] {logging_mixin.py:190} INFO - [2026-06-19T16:44:50.698+0000] {dagbag.py:588} INFO - Filling up the DagBag from /home/airflow/.local/lib/python3.12/site-packages/airflow/example_dags/example_branch_datetime_operator.py
[2026-06-19T16:44:50.745+0000] {processor.py:925} INFO - DAG(s) 'example_branch_datetime_operator', 'example_branch_datetime_operator_3', 'example_branch_datetime_operator_2' retrieved from /home/airflow/.local/lib/python3.12/site-packages/airflow/example_dags/example_branch_datetime_operator.py
[2026-06-19T16:44:50.900+0000] {logging_mixin.py:190} INFO - [2026-06-19T16:44:50.899+0000] {dag.py:3239} INFO - Sync 3 DAGs
[2026-06-19T16:44:51.092+0000] {logging_mixin.py:190} INFO - [2026-06-19T16:44:51.091+0000] {dag.py:4180} INFO - Setting next_dagrun for example_branch_datetime_operator to 2026-06-18 00:00:00+00:00, run_after=2026-06-19 00:00:00+00:00
[2026-06-19T16:44:51.109+0000] {logging_mixin.py:190} INFO - [2026-06-19T16:44:51.108+0000] {dag.py:4180} INFO - Setting next_dagrun for example_branch_datetime_operator_2 to 2026-06-18 00:00:00+00:00, run_after=2026-06-19 00:00:00+00:00
[2026-06-19T16:44:51.118+0000] {logging_mixin.py:190} INFO - [2026-06-19T16:44:51.118+0000] {dag.py:4180} INFO - Setting next_dagrun for example_branch_datetime_operator_3 to 2026-06-18 00:00:00+00:00, run_after=2026-06-19 00:00:00+00:00
[2026-06-19T16:44:51.175+0000] {processor.py:208} INFO - Processing /home/airflow/.local/lib/python3.12/site-packages/airflow/example_dags/example_branch_datetime_operator.py took 0.514 seconds
[2026-06-19T16:45:21.416+0000] {processor.py:186} INFO - Started process (PID=430) to work on /home/airflow/.local/lib/python3.12/site-packages/airflow/example_dags/example_branch_datetime_operator.py
[2026-06-19T16:45:21.449+0000] {processor.py:914} INFO - Processing file /home/airflow/.local/lib/python3.12/site-packages/airflow/example_dags/example_branch_datetime_operator.py for tasks to queue
[2026-06-19T16:45:21.469+0000] {logging_mixin.py:190} INFO - [2026-06-19T16:45:21.468+0000] {dagbag.py:588} INFO - Filling up the DagBag from /home/airflow/.local/lib/python3.12/site-packages/airflow/example_dags/example_branch_datetime_operator.py
[2026-06-19T16:45:21.552+0000] {processor.py:925} INFO - DAG(s) 'example_branch_datetime_operator', 'example_branch_datetime_operator_3', 'example_branch_datetime_operator_2' retrieved from /home/airflow/.local/lib/python3.12/site-packages/airflow/example_dags/example_branch_datetime_operator.py
[2026-06-19T16:45:21.707+0000] {logging_mixin.py:190} INFO - [2026-06-19T16:45:21.706+0000] {dag.py:3239} INFO - Sync 3 DAGs
[2026-06-19T16:45:21.787+0000] {logging_mixin.py:190} INFO - [2026-06-19T16:45:21.787+0000] {dag.py:4180} INFO - Setting next_dagrun for example_branch_datetime_operator to 2026-06-18 00:00:00+00:00, run_after=2026-06-19 00:00:00+00:00
[2026-06-19T16:45:21.805+0000] {logging_mixin.py:190} INFO - [2026-06-19T16:45:21.804+0000] {dag.py:4180} INFO - Setting next_dagrun for example_branch_datetime_operator_2 to 2026-06-18 00:00:00+00:00, run_after=2026-06-19 00:00:00+00:00
[2026-06-19T16:45:21.814+0000] {logging_mixin.py:190} INFO - [2026-06-19T16:45:21.813+0000] {dag.py:4180} INFO - Setting next_dagrun for example_branch_datetime_operator_3 to 2026-06-18 00:00:00+00:00, run_after=2026-06-19 00:00:00+00:00
[2026-06-19T16:45:21.863+0000] {processor.py:208} INFO - Processing /home/airflow/.local/lib/python3.12/site-packages/airflow/example_dags/example_branch_datetime_operator.py took 0.482 seconds
[2026-06-19T16:45:52.281+0000] {processor.py:186} INFO - Started process (PID=494) to work on /home/airflow/.local/lib/python3.12/site-packages/airflow/example_dags/example_branch_datetime_operator.py
[2026-06-19T16:45:52.287+0000] {processor.py:914} INFO - Processing file /home/airflow/.local/lib/python3.12/site-packages/airflow/example_dags/example_branch_datetime_operator.py for tasks to queue
[2026-06-19T16:45:52.296+0000] {logging_mixin.py:190} INFO - [2026-06-19T16:45:52.296+0000] {dagbag.py:588} INFO - Filling up the DagBag from /home/airflow/.local/lib/python3.12/site-packages/airflow/example_dags/example_branch_datetime_operator.py
[2026-06-19T16:45:52.327+0000] {processor.py:925} INFO - DAG(s) 'example_branch_datetime_operator_3', 'example_branch_datetime_operator', 'example_branch_datetime_operator_2' retrieved from /home/airflow/.local/lib/python3.12/site-packages/airflow/example_dags/example_branch_datetime_operator.py
[2026-06-19T16:45:52.390+0000] {logging_mixin.py:190} INFO - [2026-06-19T16:45:52.389+0000] {dag.py:3239} INFO - Sync 3 DAGs
[2026-06-19T16:45:52.459+0000] {logging_mixin.py:190} INFO - [2026-06-19T16:45:52.459+0000] {dag.py:4180} INFO - Setting next_dagrun for example_branch_datetime_operator to 2026-06-18 00:00:00+00:00, run_after=2026-06-19 00:00:00+00:00
[2026-06-19T16:45:52.474+0000] {logging_mixin.py:190} INFO - [2026-06-19T16:45:52.474+0000] {dag.py:4180} INFO - Setting next_dagrun for example_branch_datetime_operator_2 to 2026-06-18 00:00:00+00:00, run_after=2026-06-19 00:00:00+00:00
[2026-06-19T16:45:52.483+0000] {logging_mixin.py:190} INFO - [2026-06-19T16:45:52.482+0000] {dag.py:4180} INFO - Setting next_dagrun for example_branch_datetime_operator_3 to 2026-06-18 00:00:00+00:00, run_after=2026-06-19 00:00:00+00:00
[2026-06-19T16:45:52.519+0000] {processor.py:208} INFO - Processing /home/airflow/.local/lib/python3.12/site-packages/airflow/example_dags/example_branch_datetime_operator.py took 0.255 seconds
[2026-06-19T16:46:23.001+0000] {processor.py:186} INFO - Started process (PID=558) to work on /home/airflow/.local/lib/python3.12/site-packages/airflow/example_dags/example_branch_datetime_operator.py
[2026-06-19T16:46:23.012+0000] {processor.py:914} INFO - Processing file /home/airflow/.local/lib/python3.12/site-packages/airflow/example_dags/example_branch_datetime_operator.py for tasks to queue
[2026-06-19T16:46:23.030+0000] {logging_mixin.py:190} INFO - [2026-06-19T16:46:23.029+0000] {dagbag.py:588} INFO - Filling up the DagBag from /home/airflow/.local/lib/python3.12/site-packages/airflow/example_dags/example_branch_datetime_operator.py
[2026-06-19T16:46:23.072+0000] {processor.py:925} INFO - DAG(s) 'example_branch_datetime_operator_2', 'example_branch_datetime_operator_3', 'example_branch_datetime_operator' retrieved from /home/airflow/.local/lib/python3.12/site-packages/airflow/example_dags/example_branch_datetime_operator.py
[2026-06-19T16:46:23.170+0000] {logging_mixin.py:190} INFO - [2026-06-19T16:46:23.169+0000] {dag.py:3239} INFO - Sync 3 DAGs
[2026-06-19T16:46:23.262+0000] {logging_mixin.py:190} INFO - [2026-06-19T16:46:23.261+0000] {dag.py:4180} INFO - Setting next_dagrun for example_branch_datetime_operator to 2026-06-18 00:00:00+00:00, run_after=2026-06-19 00:00:00+00:00
[2026-06-19T16:46:23.279+0000] {logging_mixin.py:190} INFO - [2026-06-19T16:46:23.279+0000] {dag.py:4180} INFO - Setting next_dagrun for example_branch_datetime_operator_2 to 2026-06-18 00:00:00+00:00, run_after=2026-06-19 00:00:00+00:00
[2026-06-19T16:46:23.288+0000] {logging_mixin.py:190} INFO - [2026-06-19T16:46:23.288+0000] {dag.py:4180} INFO - Setting next_dagrun for example_branch_datetime_operator_3 to 2026-06-18 00:00:00+00:00, run_after=2026-06-19 00:00:00+00:00
[2026-06-19T16:46:23.338+0000] {processor.py:208} INFO - Processing /home/airflow/.local/lib/python3.12/site-packages/airflow/example_dags/example_branch_datetime_operator.py took 0.366 seconds
[2026-06-19T16:46:56.399+0000] {processor.py:186} INFO - Started process (PID=621) to work on /home/airflow/.local/lib/python3.12/site-packages/airflow/example_dags/example_branch_datetime_operator.py
[2026-06-19T16:46:56.416+0000] {processor.py:914} INFO - Processing file /home/airflow/.local/lib/python3.12/site-packages/airflow/example_dags/example_branch_datetime_operator.py for tasks to queue
[2026-06-19T16:46:56.439+0000] {logging_mixin.py:190} INFO - [2026-06-19T16:46:56.437+0000] {dagbag.py:588} INFO - Filling up the DagBag from /home/airflow/.local/lib/python3.12/site-packages/airflow/example_dags/example_branch_datetime_operator.py
[2026-06-19T16:46:56.548+0000] {processor.py:925} INFO - DAG(s) 'example_branch_datetime_operator_3', 'example_branch_datetime_operator', 'example_branch_datetime_operator_2' retrieved from /home/airflow/.local/lib/python3.12/site-packages/airflow/example_dags/example_branch_datetime_operator.py
[2026-06-19T16:46:56.682+0000] {logging_mixin.py:190} INFO - [2026-06-19T16:46:56.681+0000] {dag.py:3239} INFO - Sync 3 DAGs
[2026-06-19T16:46:56.824+0000] {logging_mixin.py:190} INFO - [2026-06-19T16:46:56.823+0000] {dag.py:4180} INFO - Setting next_dagrun for example_branch_datetime_operator to 2026-06-18 00:00:00+00:00, run_after=2026-06-19 00:00:00+00:00
[2026-06-19T16:46:56.942+0000] {logging_mixin.py:190} INFO - [2026-06-19T16:46:56.931+0000] {dag.py:4180} INFO - Setting next_dagrun for example_branch_datetime_operator_2 to 2026-06-18 00:00:00+00:00, run_after=2026-06-19 00:00:00+00:00
[2026-06-19T16:46:56.989+0000] {logging_mixin.py:190} INFO - [2026-06-19T16:46:56.989+0000] {dag.py:4180} INFO - Setting next_dagrun for example_branch_datetime_operator_3 to 2026-06-18 00:00:00+00:00, run_after=2026-06-19 00:00:00+00:00
[2026-06-19T16:46:57.190+0000] {processor.py:208} INFO - Processing /home/airflow/.local/lib/python3.12/site-packages/airflow/example_dags/example_branch_datetime_operator.py took 0.828 seconds
[2026-06-19T16:47:27.708+0000] {processor.py:186} INFO - Started process (PID=685) to work on /home/airflow/.local/lib/python3.12/site-packages/airflow/example_dags/example_branch_datetime_operator.py
[2026-06-19T16:47:27.712+0000] {processor.py:914} INFO - Processing file /home/airflow/.local/lib/python3.12/site-packages/airflow/example_dags/example_branch_datetime_operator.py for tasks to queue
[2026-06-19T16:47:27.723+0000] {logging_mixin.py:190} INFO - [2026-06-19T16:47:27.722+0000] {dagbag.py:588} INFO - Filling up the DagBag from /home/airflow/.local/lib/python3.12/site-packages/airflow/example_dags/example_branch_datetime_operator.py
[2026-06-19T16:47:27.757+0000] {processor.py:925} INFO - DAG(s) 'example_branch_datetime_operator', 'example_branch_datetime_operator_2', 'example_branch_datetime_operator_3' retrieved from /home/airflow/.local/lib/python3.12/site-packages/airflow/example_dags/example_branch_datetime_operator.py
[2026-06-19T16:47:27.841+0000] {logging_mixin.py:190} INFO - [2026-06-19T16:47:27.840+0000] {dag.py:3239} INFO - Sync 3 DAGs
[2026-06-19T16:47:27.944+0000] {logging_mixin.py:190} INFO - [2026-06-19T16:47:27.943+0000] {dag.py:4180} INFO - Setting next_dagrun for example_branch_datetime_operator to 2026-06-18 00:00:00+00:00, run_after=2026-06-19 00:00:00+00:00
[2026-06-19T16:47:27.966+0000] {logging_mixin.py:190} INFO - [2026-06-19T16:47:27.966+0000] {dag.py:4180} INFO - Setting next_dagrun for example_branch_datetime_operator_2 to 2026-06-18 00:00:00+00:00, run_after=2026-06-19 00:00:00+00:00
[2026-06-19T16:47:27.975+0000] {logging_mixin.py:190} INFO - [2026-06-19T16:47:27.975+0000] {dag.py:4180} INFO - Setting next_dagrun for example_branch_datetime_operator_3 to 2026-06-18 00:00:00+00:00, run_after=2026-06-19 00:00:00+00:00
[2026-06-19T16:47:28.037+0000] {processor.py:208} INFO - Processing /home/airflow/.local/lib/python3.12/site-packages/airflow/example_dags/example_branch_datetime_operator.py took 0.345 seconds
[2026-06-19T16:47:58.703+0000] {processor.py:186} INFO - Started process (PID=749) to work on /home/airflow/.local/lib/python3.12/site-packages/airflow/example_dags/example_branch_datetime_operator.py
[2026-06-19T16:47:58.728+0000] {processor.py:914} INFO - Processing file /home/airflow/.local/lib/python3.12/site-packages/airflow/example_dags/example_branch_datetime_operator.py for tasks to queue
[2026-06-19T16:47:58.769+0000] {logging_mixin.py:190} INFO - [2026-06-19T16:47:58.767+0000] {dagbag.py:588} INFO - Filling up the DagBag from /home/airflow/.local/lib/python3.12/site-packages/airflow/example_dags/example_branch_datetime_operator.py
[2026-06-19T16:47:58.845+0000] {processor.py:925} INFO - DAG(s) 'example_branch_datetime_operator', 'example_branch_datetime_operator_3', 'example_branch_datetime_operator_2' retrieved from /home/airflow/.local/lib/python3.12/site-packages/airflow/example_dags/example_branch_datetime_operator.py
[2026-06-19T16:47:59.072+0000] {logging_mixin.py:190} INFO - [2026-06-19T16:47:59.071+0000] {dag.py:3239} INFO - Sync 3 DAGs
[2026-06-19T16:47:59.188+0000] {logging_mixin.py:190} INFO - [2026-06-19T16:47:59.187+0000] {dag.py:4180} INFO - Setting next_dagrun for example_branch_datetime_operator to 2026-06-18 00:00:00+00:00, run_after=2026-06-19 00:00:00+00:00
[2026-06-19T16:47:59.213+0000] {logging_mixin.py:190} INFO - [2026-06-19T16:47:59.212+0000] {dag.py:4180} INFO - Setting next_dagrun for example_branch_datetime_operator_2 to 2026-06-18 00:00:00+00:00, run_after=2026-06-19 00:00:00+00:00
[2026-06-19T16:47:59.229+0000] {logging_mixin.py:190} INFO - [2026-06-19T16:47:59.228+0000] {dag.py:4180} INFO - Setting next_dagrun for example_branch_datetime_operator_3 to 2026-06-18 00:00:00+00:00, run_after=2026-06-19 00:00:00+00:00
[2026-06-19T16:47:59.283+0000] {processor.py:208} INFO - Processing /home/airflow/.local/lib/python3.12/site-packages/airflow/example_dags/example_branch_datetime_operator.py took 0.616 seconds
[2026-06-19T16:48:29.741+0000] {processor.py:186} INFO - Started process (PID=819) to work on /home/airflow/.local/lib/python3.12/site-packages/airflow/example_dags/example_branch_datetime_operator.py
[2026-06-19T16:48:29.748+0000] {processor.py:914} INFO - Processing file /home/airflow/.local/lib/python3.12/site-packages/airflow/example_dags/example_branch_datetime_operator.py for tasks to queue
[2026-06-19T16:48:29.762+0000] {logging_mixin.py:190} INFO - [2026-06-19T16:48:29.760+0000] {dagbag.py:588} INFO - Filling up the DagBag from /home/airflow/.local/lib/python3.12/site-packages/airflow/example_dags/example_branch_datetime_operator.py
[2026-06-19T16:48:29.832+0000] {processor.py:925} INFO - DAG(s) 'example_branch_datetime_operator', 'example_branch_datetime_operator_2', 'example_branch_datetime_operator_3' retrieved from /home/airflow/.local/lib/python3.12/site-packages/airflow/example_dags/example_branch_datetime_operator.py
[2026-06-19T16:48:30.011+0000] {logging_mixin.py:190} INFO - [2026-06-19T16:48:30.010+0000] {dag.py:3239} INFO - Sync 3 DAGs
[2026-06-19T16:48:30.182+0000] {logging_mixin.py:190} INFO - [2026-06-19T16:48:30.182+0000] {dag.py:4180} INFO - Setting next_dagrun for example_branch_datetime_operator to 2026-06-18 00:00:00+00:00, run_after=2026-06-19 00:00:00+00:00
[2026-06-19T16:48:30.209+0000] {logging_mixin.py:190} INFO - [2026-06-19T16:48:30.208+0000] {dag.py:4180} INFO - Setting next_dagrun for example_branch_datetime_operator_2 to 2026-06-18 00:00:00+00:00, run_after=2026-06-19 00:00:00+00:00
[2026-06-19T16:48:30.217+0000] {logging_mixin.py:190} INFO - [2026-06-19T16:48:30.216+0000] {dag.py:4180} INFO - Setting next_dagrun for example_branch_datetime_operator_3 to 2026-06-18 00:00:00+00:00, run_after=2026-06-19 00:00:00+00:00
[2026-06-19T16:48:30.265+0000] {processor.py:208} INFO - Processing /home/airflow/.local/lib/python3.12/site-packages/airflow/example_dags/example_branch_datetime_operator.py took 0.551 seconds
[2026-06-19T16:49:00.729+0000] {processor.py:186} INFO - Started process (PID=884) to work on /home/airflow/.local/lib/python3.12/site-packages/airflow/example_dags/example_branch_datetime_operator.py
[2026-06-19T16:49:00.749+0000] {processor.py:914} INFO - Processing file /home/airflow/.local/lib/python3.12/site-packages/airflow/example_dags/example_branch_datetime_operator.py for tasks to queue
[2026-06-19T16:49:00.766+0000] {logging_mixin.py:190} INFO - [2026-06-19T16:49:00.763+0000] {dagbag.py:588} INFO - Filling up the DagBag from /home/airflow/.local/lib/python3.12/site-packages/airflow/example_dags/example_branch_datetime_operator.py
[2026-06-19T16:49:00.821+0000] {processor.py:925} INFO - DAG(s) 'example_branch_datetime_operator', 'example_branch_datetime_operator_2', 'example_branch_datetime_operator_3' retrieved from /home/airflow/.local/lib/python3.12/site-packages/airflow/example_dags/example_branch_datetime_operator.py
[2026-06-19T16:49:00.935+0000] {logging_mixin.py:190} INFO - [2026-06-19T16:49:00.934+0000] {dag.py:3239} INFO - Sync 3 DAGs
[2026-06-19T16:49:01.037+0000] {logging_mixin.py:190} INFO - [2026-06-19T16:49:01.036+0000] {dag.py:4180} INFO - Setting next_dagrun for example_branch_datetime_operator to 2026-06-18 00:00:00+00:00, run_after=2026-06-19 00:00:00+00:00
[2026-06-19T16:49:01.067+0000] {logging_mixin.py:190} INFO - [2026-06-19T16:49:01.061+0000] {dag.py:4180} INFO - Setting next_dagrun for example_branch_datetime_operator_2 to 2026-06-18 00:00:00+00:00, run_after=2026-06-19 00:00:00+00:00
[2026-06-19T16:49:01.080+0000] {logging_mixin.py:190} INFO - [2026-06-19T16:49:01.080+0000] {dag.py:4180} INFO - Setting next_dagrun for example_branch_datetime_operator_3 to 2026-06-18 00:00:00+00:00, run_after=2026-06-19 00:00:00+00:00
[2026-06-19T16:49:01.153+0000] {processor.py:208} INFO - Processing /home/airflow/.local/lib/python3.12/site-packages/airflow/example_dags/example_branch_datetime_operator.py took 0.447 seconds
[2026-06-19T16:49:31.761+0000] {processor.py:186} INFO - Started process (PID=947) to work on /home/airflow/.local/lib/python3.12/site-packages/airflow/example_dags/example_branch_datetime_operator.py
[2026-06-19T16:49:31.766+0000] {processor.py:914} INFO - Processing file /home/airflow/.local/lib/python3.12/site-packages/airflow/example_dags/example_branch_datetime_operator.py for tasks to queue
[2026-06-19T16:49:31.773+0000] {logging_mixin.py:190} INFO - [2026-06-19T16:49:31.772+0000] {dagbag.py:588} INFO - Filling up the DagBag from /home/airflow/.local/lib/python3.12/site-packages/airflow/example_dags/example_branch_datetime_operator.py
[2026-06-19T16:49:31.827+0000] {processor.py:925} INFO - DAG(s) 'example_branch_datetime_operator', 'example_branch_datetime_operator_2', 'example_branch_datetime_operator_3' retrieved from /home/airflow/.local/lib/python3.12/site-packages/airflow/example_dags/example_branch_datetime_operator.py
[2026-06-19T16:49:31.924+0000] {logging_mixin.py:190} INFO - [2026-06-19T16:49:31.924+0000] {dag.py:3239} INFO - Sync 3 DAGs
[2026-06-19T16:49:32.009+0000] {logging_mixin.py:190} INFO - [2026-06-19T16:49:32.008+0000] {dag.py:4180} INFO - Setting next_dagrun for example_branch_datetime_operator to 2026-06-18 00:00:00+00:00, run_after=2026-06-19 00:00:00+00:00
[2026-06-19T16:49:32.029+0000] {logging_mixin.py:190} INFO - [2026-06-19T16:49:32.028+0000] {dag.py:4180} INFO - Setting next_dagrun for example_branch_datetime_operator_2 to 2026-06-18 00:00:00+00:00, run_after=2026-06-19 00:00:00+00:00
[2026-06-19T16:49:32.039+0000] {logging_mixin.py:190} INFO - [2026-06-19T16:49:32.038+0000] {dag.py:4180} INFO - Setting next_dagrun for example_branch_datetime_operator_3 to 2026-06-18 00:00:00+00:00, run_after=2026-06-19 00:00:00+00:00
[2026-06-19T16:49:32.095+0000] {processor.py:208} INFO - Processing /home/airflow/.local/lib/python3.12/site-packages/airflow/example_dags/example_branch_datetime_operator.py took 0.354 seconds
[2026-06-19T16:50:02.391+0000] {processor.py:186} INFO - Started process (PID=1011) to work on /home/airflow/.local/lib/python3.12/site-packages/airflow/example_dags/example_branch_datetime_operator.py
[2026-06-19T16:50:02.394+0000] {processor.py:914} INFO - Processing file /home/airflow/.local/lib/python3.12/site-packages/airflow/example_dags/example_branch_datetime_operator.py for tasks to queue
[2026-06-19T16:50:02.400+0000] {logging_mixin.py:190} INFO - [2026-06-19T16:50:02.399+0000] {dagbag.py:588} INFO - Filling up the DagBag from /home/airflow/.local/lib/python3.12/site-packages/airflow/example_dags/example_branch_datetime_operator.py
[2026-06-19T16:50:02.419+0000] {processor.py:925} INFO - DAG(s) 'example_branch_datetime_operator_3', 'example_branch_datetime_operator_2', 'example_branch_datetime_operator' retrieved from /home/airflow/.local/lib/python3.12/site-packages/airflow/example_dags/example_branch_datetime_operator.py
[2026-06-19T16:50:02.458+0000] {logging_mixin.py:190} INFO - [2026-06-19T16:50:02.458+0000] {dag.py:3239} INFO - Sync 3 DAGs
[2026-06-19T16:50:02.497+0000] {logging_mixin.py:190} INFO - [2026-06-19T16:50:02.497+0000] {dag.py:4180} INFO - Setting next_dagrun for example_branch_datetime_operator to 2026-06-18 00:00:00+00:00, run_after=2026-06-19 00:00:00+00:00
[2026-06-19T16:50:02.509+0000] {logging_mixin.py:190} INFO - [2026-06-19T16:50:02.509+0000] {dag.py:4180} INFO - Setting next_dagrun for example_branch_datetime_operator_2 to 2026-06-18 00:00:00+00:00, run_after=2026-06-19 00:00:00+00:00
[2026-06-19T16:50:02.514+0000] {logging_mixin.py:190} INFO - [2026-06-19T16:50:02.514+0000] {dag.py:4180} INFO - Setting next_dagrun for example_branch_datetime_operator_3 to 2026-06-18 00:00:00+00:00, run_after=2026-06-19 00:00:00+00:00
[2026-06-19T16:50:02.542+0000] {processor.py:208} INFO - Processing /home/airflow/.local/lib/python3.12/site-packages/airflow/example_dags/example_branch_datetime_operator.py took 0.163 seconds
[2026-06-19T16:50:33.409+0000] {processor.py:186} INFO - Started process (PID=1075) to work on /home/airflow/.local/lib/python3.12/site-packages/airflow/example_dags/example_branch_datetime_operator.py
[2026-06-19T16:50:33.416+0000] {processor.py:914} INFO - Processing file /home/airflow/.local/lib/python3.12/site-packages/airflow/example_dags/example_branch_datetime_operator.py for tasks to queue
[2026-06-19T16:50:33.431+0000] {logging_mixin.py:190} INFO - [2026-06-19T16:50:33.429+0000] {dagbag.py:588} INFO - Filling up the DagBag from /home/airflow/.local/lib/python3.12/site-packages/airflow/example_dags/example_branch_datetime_operator.py
[2026-06-19T16:50:33.520+0000] {processor.py:925} INFO - DAG(s) 'example_branch_datetime_operator', 'example_branch_datetime_operator_3', 'example_branch_datetime_operator_2' retrieved from /home/airflow/.local/lib/python3.12/site-packages/airflow/example_dags/example_branch_datetime_operator.py
[2026-06-19T16:50:33.658+0000] {logging_mixin.py:190} INFO - [2026-06-19T16:50:33.658+0000] {dag.py:3239} INFO - Sync 3 DAGs
[2026-06-19T16:50:33.776+0000] {logging_mixin.py:190} INFO - [2026-06-19T16:50:33.773+0000] {dag.py:4180} INFO - Setting next_dagrun for example_branch_datetime_operator to 2026-06-18 00:00:00+00:00, run_after=2026-06-19 00:00:00+00:00
[2026-06-19T16:50:33.807+0000] {logging_mixin.py:190} INFO - [2026-06-19T16:50:33.806+0000] {dag.py:4180} INFO - Setting next_dagrun for example_branch_datetime_operator_2 to 2026-06-18 00:00:00+00:00, run_after=2026-06-19 00:00:00+00:00
[2026-06-19T16:50:33.824+0000] {logging_mixin.py:190} INFO - [2026-06-19T16:50:33.823+0000] {dag.py:4180} INFO - Setting next_dagrun for example_branch_datetime_operator_3 to 2026-06-18 00:00:00+00:00, run_after=2026-06-19 00:00:00+00:00
[2026-06-19T16:50:33.927+0000] {processor.py:208} INFO - Processing /home/airflow/.local/lib/python3.12/site-packages/airflow/example_dags/example_branch_datetime_operator.py took 0.547 seconds
[2026-06-19T16:51:04.538+0000] {processor.py:186} INFO - Started process (PID=1138) to work on /home/airflow/.local/lib/python3.12/site-packages/airflow/example_dags/example_branch_datetime_operator.py
[2026-06-19T16:51:04.545+0000] {processor.py:914} INFO - Processing file /home/airflow/.local/lib/python3.12/site-packages/airflow/example_dags/example_branch_datetime_operator.py for tasks to queue
[2026-06-19T16:51:04.555+0000] {logging_mixin.py:190} INFO - [2026-06-19T16:51:04.553+0000] {dagbag.py:588} INFO - Filling up the DagBag from /home/airflow/.local/lib/python3.12/site-packages/airflow/example_dags/example_branch_datetime_operator.py
[2026-06-19T16:51:04.622+0000] {processor.py:925} INFO - DAG(s) 'example_branch_datetime_operator_2', 'example_branch_datetime_operator', 'example_branch_datetime_operator_3' retrieved from /home/airflow/.local/lib/python3.12/site-packages/airflow/example_dags/example_branch_datetime_operator.py
[2026-06-19T16:51:04.722+0000] {logging_mixin.py:190} INFO - [2026-06-19T16:51:04.722+0000] {dag.py:3239} INFO - Sync 3 DAGs
[2026-06-19T16:51:04.825+0000] {logging_mixin.py:190} INFO - [2026-06-19T16:51:04.824+0000] {dag.py:4180} INFO - Setting next_dagrun for example_branch_datetime_operator to 2026-06-18 00:00:00+00:00, run_after=2026-06-19 00:00:00+00:00
[2026-06-19T16:51:04.852+0000] {logging_mixin.py:190} INFO - [2026-06-19T16:51:04.852+0000] {dag.py:4180} INFO - Setting next_dagrun for example_branch_datetime_operator_2 to 2026-06-18 00:00:00+00:00, run_after=2026-06-19 00:00:00+00:00
[2026-06-19T16:51:04.872+0000] {logging_mixin.py:190} INFO - [2026-06-19T16:51:04.871+0000] {dag.py:4180} INFO - Setting next_dagrun for example_branch_datetime_operator_3 to 2026-06-18 00:00:00+00:00, run_after=2026-06-19 00:00:00+00:00
[2026-06-19T16:51:04.944+0000] {processor.py:208} INFO - Processing /home/airflow/.local/lib/python3.12/site-packages/airflow/example_dags/example_branch_datetime_operator.py took 0.422 seconds
[2026-06-19T16:51:35.180+0000] {processor.py:186} INFO - Started process (PID=1202) to work on /home/airflow/.local/lib/python3.12/site-packages/airflow/example_dags/example_branch_datetime_operator.py
[2026-06-19T16:51:35.186+0000] {processor.py:914} INFO - Processing file /home/airflow/.local/lib/python3.12/site-packages/airflow/example_dags/example_branch_datetime_operator.py for tasks to queue
[2026-06-19T16:51:35.202+0000] {logging_mixin.py:190} INFO - [2026-06-19T16:51:35.201+0000] {dagbag.py:588} INFO - Filling up the DagBag from /home/airflow/.local/lib/python3.12/site-packages/airflow/example_dags/example_branch_datetime_operator.py
[2026-06-19T16:51:35.263+0000] {processor.py:925} INFO - DAG(s) 'example_branch_datetime_operator_3', 'example_branch_datetime_operator_2', 'example_branch_datetime_operator' retrieved from /home/airflow/.local/lib/python3.12/site-packages/airflow/example_dags/example_branch_datetime_operator.py
[2026-06-19T16:51:35.340+0000] {logging_mixin.py:190} INFO - [2026-06-19T16:51:35.340+0000] {dag.py:3239} INFO - Sync 3 DAGs
[2026-06-19T16:51:35.422+0000] {logging_mixin.py:190} INFO - [2026-06-19T16:51:35.421+0000] {dag.py:4180} INFO - Setting next_dagrun for example_branch_datetime_operator to 2026-06-18 00:00:00+00:00, run_after=2026-06-19 00:00:00+00:00
[2026-06-19T16:51:35.437+0000] {logging_mixin.py:190} INFO - [2026-06-19T16:51:35.437+0000] {dag.py:4180} INFO - Setting next_dagrun for example_branch_datetime_operator_2 to 2026-06-18 00:00:00+00:00, run_after=2026-06-19 00:00:00+00:00
[2026-06-19T16:51:35.450+0000] {logging_mixin.py:190} INFO - [2026-06-19T16:51:35.450+0000] {dag.py:4180} INFO - Setting next_dagrun for example_branch_datetime_operator_3 to 2026-06-18 00:00:00+00:00, run_after=2026-06-19 00:00:00+00:00
[2026-06-19T16:51:35.500+0000] {processor.py:208} INFO - Processing /home/airflow/.local/lib/python3.12/site-packages/airflow/example_dags/example_branch_datetime_operator.py took 0.353 seconds
[2026-06-19T16:52:06.288+0000] {processor.py:186} INFO - Started process (PID=1266) to work on /home/airflow/.local/lib/python3.12/site-packages/airflow/example_dags/example_branch_datetime_operator.py
[2026-06-19T16:52:06.298+0000] {processor.py:914} INFO - Processing file /home/airflow/.local/lib/python3.12/site-packages/airflow/example_dags/example_branch_datetime_operator.py for tasks to queue
[2026-06-19T16:52:06.311+0000] {logging_mixin.py:190} INFO - [2026-06-19T16:52:06.310+0000] {dagbag.py:588} INFO - Filling up the DagBag from /home/airflow/.local/lib/python3.12/site-packages/airflow/example_dags/example_branch_datetime_operator.py
[2026-06-19T16:52:06.353+0000] {processor.py:925} INFO - DAG(s) 'example_branch_datetime_operator_2', 'example_branch_datetime_operator', 'example_branch_datetime_operator_3' retrieved from /home/airflow/.local/lib/python3.12/site-packages/airflow/example_dags/example_branch_datetime_operator.py
[2026-06-19T16:52:06.441+0000] {logging_mixin.py:190} INFO - [2026-06-19T16:52:06.440+0000] {dag.py:3239} INFO - Sync 3 DAGs
[2026-06-19T16:52:06.542+0000] {logging_mixin.py:190} INFO - [2026-06-19T16:52:06.542+0000] {dag.py:4180} INFO - Setting next_dagrun for example_branch_datetime_operator to 2026-06-18 00:00:00+00:00, run_after=2026-06-19 00:00:00+00:00
[2026-06-19T16:52:06.563+0000] {logging_mixin.py:190} INFO - [2026-06-19T16:52:06.562+0000] {dag.py:4180} INFO - Setting next_dagrun for example_branch_datetime_operator_2 to 2026-06-18 00:00:00+00:00, run_after=2026-06-19 00:00:00+00:00
[2026-06-19T16:52:06.574+0000] {logging_mixin.py:190} INFO - [2026-06-19T16:52:06.573+0000] {dag.py:4180} INFO - Setting next_dagrun for example_branch_datetime_operator_3 to 2026-06-18 00:00:00+00:00, run_after=2026-06-19 00:00:00+00:00
[2026-06-19T16:52:06.629+0000] {processor.py:208} INFO - Processing /home/airflow/.local/lib/python3.12/site-packages/airflow/example_dags/example_branch_datetime_operator.py took 0.369 seconds
[2026-06-19T16:52:37.282+0000] {processor.py:186} INFO - Started process (PID=1329) to work on /home/airflow/.local/lib/python3.12/site-packages/airflow/example_dags/example_branch_datetime_operator.py
[2026-06-19T16:52:37.291+0000] {processor.py:914} INFO - Processing file /home/airflow/.local/lib/python3.12/site-packages/airflow/example_dags/example_branch_datetime_operator.py for tasks to queue
[2026-06-19T16:52:37.302+0000] {logging_mixin.py:190} INFO - [2026-06-19T16:52:37.300+0000] {dagbag.py:588} INFO - Filling up the DagBag from /home/airflow/.local/lib/python3.12/site-packages/airflow/example_dags/example_branch_datetime_operator.py
[2026-06-19T16:52:37.361+0000] {processor.py:925} INFO - DAG(s) 'example_branch_datetime_operator_2', 'example_branch_datetime_operator_3', 'example_branch_datetime_operator' retrieved from /home/airflow/.local/lib/python3.12/site-packages/airflow/example_dags/example_branch_datetime_operator.py
[2026-06-19T16:52:37.448+0000] {logging_mixin.py:190} INFO - [2026-06-19T16:52:37.447+0000] {dag.py:3239} INFO - Sync 3 DAGs
[2026-06-19T16:52:37.532+0000] {logging_mixin.py:190} INFO - [2026-06-19T16:52:37.531+0000] {dag.py:4180} INFO - Setting next_dagrun for example_branch_datetime_operator to 2026-06-18 00:00:00+00:00, run_after=2026-06-19 00:00:00+00:00
[2026-06-19T16:52:37.551+0000] {logging_mixin.py:190} INFO - [2026-06-19T16:52:37.550+0000] {dag.py:4180} INFO - Setting next_dagrun for example_branch_datetime_operator_2 to 2026-06-18 00:00:00+00:00, run_after=2026-06-19 00:00:00+00:00
[2026-06-19T16:52:37.560+0000] {logging_mixin.py:190} INFO - [2026-06-19T16:52:37.559+0000] {dag.py:4180} INFO - Setting next_dagrun for example_branch_datetime_operator_3 to 2026-06-18 00:00:00+00:00, run_after=2026-06-19 00:00:00+00:00
[2026-06-19T16:52:37.625+0000] {processor.py:208} INFO - Processing /home/airflow/.local/lib/python3.12/site-packages/airflow/example_dags/example_branch_datetime_operator.py took 0.364 seconds
[2026-06-19T16:53:09.106+0000] {processor.py:186} INFO - Started process (PID=1391) to work on /home/airflow/.local/lib/python3.12/site-packages/airflow/example_dags/example_branch_datetime_operator.py
[2026-06-19T16:53:09.113+0000] {processor.py:914} INFO - Processing file /home/airflow/.local/lib/python3.12/site-packages/airflow/example_dags/example_branch_datetime_operator.py for tasks to queue
[2026-06-19T16:53:09.124+0000] {logging_mixin.py:190} INFO - [2026-06-19T16:53:09.122+0000] {dagbag.py:588} INFO - Filling up the DagBag from /home/airflow/.local/lib/python3.12/site-packages/airflow/example_dags/example_branch_datetime_operator.py
[2026-06-19T16:53:09.166+0000] {processor.py:925} INFO - DAG(s) 'example_branch_datetime_operator', 'example_branch_datetime_operator_2', 'example_branch_datetime_operator_3' retrieved from /home/airflow/.local/lib/python3.12/site-packages/airflow/example_dags/example_branch_datetime_operator.py
[2026-06-19T16:53:09.290+0000] {logging_mixin.py:190} INFO - [2026-06-19T16:53:09.289+0000] {dag.py:3239} INFO - Sync 3 DAGs
[2026-06-19T16:53:09.416+0000] {logging_mixin.py:190} INFO - [2026-06-19T16:53:09.415+0000] {dag.py:4180} INFO - Setting next_dagrun for example_branch_datetime_operator to 2026-06-18 00:00:00+00:00, run_after=2026-06-19 00:00:00+00:00
[2026-06-19T16:53:09.444+0000] {logging_mixin.py:190} INFO - [2026-06-19T16:53:09.443+0000] {dag.py:4180} INFO - Setting next_dagrun for example_branch_datetime_operator_2 to 2026-06-18 00:00:00+00:00, run_after=2026-06-19 00:00:00+00:00
[2026-06-19T16:53:09.464+0000] {logging_mixin.py:190} INFO - [2026-06-19T16:53:09.463+0000] {dag.py:4180} INFO - Setting next_dagrun for example_branch_datetime_operator_3 to 2026-06-18 00:00:00+00:00, run_after=2026-06-19 00:00:00+00:00
[2026-06-19T16:53:09.533+0000] {processor.py:208} INFO - Processing /home/airflow/.local/lib/python3.12/site-packages/airflow/example_dags/example_branch_datetime_operator.py took 0.446 seconds
[2026-06-19T16:53:40.902+0000] {processor.py:186} INFO - Started process (PID=1455) to work on /home/airflow/.local/lib/python3.12/site-packages/airflow/example_dags/example_branch_datetime_operator.py
[2026-06-19T16:53:40.909+0000] {processor.py:914} INFO - Processing file /home/airflow/.local/lib/python3.12/site-packages/airflow/example_dags/example_branch_datetime_operator.py for tasks to queue
[2026-06-19T16:53:40.918+0000] {logging_mixin.py:190} INFO - [2026-06-19T16:53:40.918+0000] {dagbag.py:588} INFO - Filling up the DagBag from /home/airflow/.local/lib/python3.12/site-packages/airflow/example_dags/example_branch_datetime_operator.py
[2026-06-19T16:53:40.946+0000] {processor.py:925} INFO - DAG(s) 'example_branch_datetime_operator_3', 'example_branch_datetime_operator', 'example_branch_datetime_operator_2' retrieved from /home/airflow/.local/lib/python3.12/site-packages/airflow/example_dags/example_branch_datetime_operator.py
[2026-06-19T16:53:41.007+0000] {logging_mixin.py:190} INFO - [2026-06-19T16:53:41.007+0000] {dag.py:3239} INFO - Sync 3 DAGs
[2026-06-19T16:53:41.070+0000] {logging_mixin.py:190} INFO - [2026-06-19T16:53:41.070+0000] {dag.py:4180} INFO - Setting next_dagrun for example_branch_datetime_operator to 2026-06-18 00:00:00+00:00, run_after=2026-06-19 00:00:00+00:00
[2026-06-19T16:53:41.086+0000] {logging_mixin.py:190} INFO - [2026-06-19T16:53:41.085+0000] {dag.py:4180} INFO - Setting next_dagrun for example_branch_datetime_operator_2 to 2026-06-18 00:00:00+00:00, run_after=2026-06-19 00:00:00+00:00
[2026-06-19T16:53:41.092+0000] {logging_mixin.py:190} INFO - [2026-06-19T16:53:41.091+0000] {dag.py:4180} INFO - Setting next_dagrun for example_branch_datetime_operator_3 to 2026-06-18 00:00:00+00:00, run_after=2026-06-19 00:00:00+00:00
[2026-06-19T16:53:41.123+0000] {processor.py:208} INFO - Processing /home/airflow/.local/lib/python3.12/site-packages/airflow/example_dags/example_branch_datetime_operator.py took 0.233 seconds
[2026-06-19T16:54:11.767+0000] {processor.py:186} INFO - Started process (PID=1518) to work on /home/airflow/.local/lib/python3.12/site-packages/airflow/example_dags/example_branch_datetime_operator.py
[2026-06-19T16:54:11.771+0000] {processor.py:914} INFO - Processing file /home/airflow/.local/lib/python3.12/site-packages/airflow/example_dags/example_branch_datetime_operator.py for tasks to queue
[2026-06-19T16:54:11.778+0000] {logging_mixin.py:190} INFO - [2026-06-19T16:54:11.777+0000] {dagbag.py:588} INFO - Filling up the DagBag from /home/airflow/.local/lib/python3.12/site-packages/airflow/example_dags/example_branch_datetime_operator.py
[2026-06-19T16:54:11.809+0000] {processor.py:925} INFO - DAG(s) 'example_branch_datetime_operator_3', 'example_branch_datetime_operator', 'example_branch_datetime_operator_2' retrieved from /home/airflow/.local/lib/python3.12/site-packages/airflow/example_dags/example_branch_datetime_operator.py
[2026-06-19T16:54:11.865+0000] {logging_mixin.py:190} INFO - [2026-06-19T16:54:11.865+0000] {dag.py:3239} INFO - Sync 3 DAGs
[2026-06-19T16:54:11.917+0000] {logging_mixin.py:190} INFO - [2026-06-19T16:54:11.916+0000] {dag.py:4180} INFO - Setting next_dagrun for example_branch_datetime_operator to 2026-06-18 00:00:00+00:00, run_after=2026-06-19 00:00:00+00:00
[2026-06-19T16:54:11.929+0000] {logging_mixin.py:190} INFO - [2026-06-19T16:54:11.928+0000] {dag.py:4180} INFO - Setting next_dagrun for example_branch_datetime_operator_2 to 2026-06-18 00:00:00+00:00, run_after=2026-06-19 00:00:00+00:00
[2026-06-19T16:54:11.936+0000] {logging_mixin.py:190} INFO - [2026-06-19T16:54:11.935+0000] {dag.py:4180} INFO - Setting next_dagrun for example_branch_datetime_operator_3 to 2026-06-18 00:00:00+00:00, run_after=2026-06-19 00:00:00+00:00
[2026-06-19T16:54:11.969+0000] {processor.py:208} INFO - Processing /home/airflow/.local/lib/python3.12/site-packages/airflow/example_dags/example_branch_datetime_operator.py took 0.212 seconds
[2026-06-19T16:54:42.222+0000] {processor.py:186} INFO - Started process (PID=1582) to work on /home/airflow/.local/lib/python3.12/site-packages/airflow/example_dags/example_branch_datetime_operator.py
[2026-06-19T16:54:42.227+0000] {processor.py:914} INFO - Processing file /home/airflow/.local/lib/python3.12/site-packages/airflow/example_dags/example_branch_datetime_operator.py for tasks to queue
[2026-06-19T16:54:42.237+0000] {logging_mixin.py:190} INFO - [2026-06-19T16:54:42.236+0000] {dagbag.py:588} INFO - Filling up the DagBag from /home/airflow/.local/lib/python3.12/site-packages/airflow/example_dags/example_branch_datetime_operator.py
[2026-06-19T16:54:42.261+0000] {processor.py:925} INFO - DAG(s) 'example_branch_datetime_operator', 'example_branch_datetime_operator_3', 'example_branch_datetime_operator_2' retrieved from /home/airflow/.local/lib/python3.12/site-packages/airflow/example_dags/example_branch_datetime_operator.py
[2026-06-19T16:54:42.313+0000] {logging_mixin.py:190} INFO - [2026-06-19T16:54:42.312+0000] {dag.py:3239} INFO - Sync 3 DAGs
[2026-06-19T16:54:42.366+0000] {logging_mixin.py:190} INFO - [2026-06-19T16:54:42.366+0000] {dag.py:4180} INFO - Setting next_dagrun for example_branch_datetime_operator to 2026-06-18 00:00:00+00:00, run_after=2026-06-19 00:00:00+00:00
[2026-06-19T16:54:42.378+0000] {logging_mixin.py:190} INFO - [2026-06-19T16:54:42.378+0000] {dag.py:4180} INFO - Setting next_dagrun for example_branch_datetime_operator_2 to 2026-06-18 00:00:00+00:00, run_after=2026-06-19 00:00:00+00:00
[2026-06-19T16:54:42.384+0000] {logging_mixin.py:190} INFO - [2026-06-19T16:54:42.384+0000] {dag.py:4180} INFO - Setting next_dagrun for example_branch_datetime_operator_3 to 2026-06-18 00:00:00+00:00, run_after=2026-06-19 00:00:00+00:00
[2026-06-19T16:54:42.413+0000] {processor.py:208} INFO - Processing /home/airflow/.local/lib/python3.12/site-packages/airflow/example_dags/example_branch_datetime_operator.py took 0.204 seconds
[2026-06-19T16:55:14.474+0000] {processor.py:186} INFO - Started process (PID=1643) to work on /home/airflow/.local/lib/python3.12/site-packages/airflow/example_dags/example_branch_datetime_operator.py
[2026-06-19T16:55:14.480+0000] {processor.py:914} INFO - Processing file /home/airflow/.local/lib/python3.12/site-packages/airflow/example_dags/example_branch_datetime_operator.py for tasks to queue
[2026-06-19T16:55:14.491+0000] {logging_mixin.py:190} INFO - [2026-06-19T16:55:14.489+0000] {dagbag.py:588} INFO - Filling up the DagBag from /home/airflow/.local/lib/python3.12/site-packages/airflow/example_dags/example_branch_datetime_operator.py
[2026-06-19T16:55:14.532+0000] {processor.py:925} INFO - DAG(s) 'example_branch_datetime_operator_3', 'example_branch_datetime_operator_2', 'example_branch_datetime_operator' retrieved from /home/airflow/.local/lib/python3.12/site-packages/airflow/example_dags/example_branch_datetime_operator.py
[2026-06-19T16:55:14.621+0000] {logging_mixin.py:190} INFO - [2026-06-19T16:55:14.620+0000] {dag.py:3239} INFO - Sync 3 DAGs
[2026-06-19T16:55:14.693+0000] {logging_mixin.py:190} INFO - [2026-06-19T16:55:14.692+0000] {dag.py:4180} INFO - Setting next_dagrun for example_branch_datetime_operator to 2026-06-18 00:00:00+00:00, run_after=2026-06-19 00:00:00+00:00
[2026-06-19T16:55:14.707+0000] {logging_mixin.py:190} INFO - [2026-06-19T16:55:14.707+0000] {dag.py:4180} INFO - Setting next_dagrun for example_branch_datetime_operator_2 to 2026-06-18 00:00:00+00:00, run_after=2026-06-19 00:00:00+00:00
[2026-06-19T16:55:14.720+0000] {logging_mixin.py:190} INFO - [2026-06-19T16:55:14.720+0000] {dag.py:4180} INFO - Setting next_dagrun for example_branch_datetime_operator_3 to 2026-06-18 00:00:00+00:00, run_after=2026-06-19 00:00:00+00:00
[2026-06-19T16:55:14.771+0000] {processor.py:208} INFO - Processing /home/airflow/.local/lib/python3.12/site-packages/airflow/example_dags/example_branch_datetime_operator.py took 0.320 seconds
[2026-06-19T16:55:45.592+0000] {processor.py:186} INFO - Started process (PID=1707) to work on /home/airflow/.local/lib/python3.12/site-packages/airflow/example_dags/example_branch_datetime_operator.py
[2026-06-19T16:55:45.599+0000] {processor.py:914} INFO - Processing file /home/airflow/.local/lib/python3.12/site-packages/airflow/example_dags/example_branch_datetime_operator.py for tasks to queue
[2026-06-19T16:55:45.602+0000] {logging_mixin.py:190} INFO - [2026-06-19T16:55:45.601+0000] {dagbag.py:588} INFO - Filling up the DagBag from /home/airflow/.local/lib/python3.12/site-packages/airflow/example_dags/example_branch_datetime_operator.py
[2026-06-19T16:55:45.614+0000] {processor.py:925} INFO - DAG(s) 'example_branch_datetime_operator', 'example_branch_datetime_operator_2', 'example_branch_datetime_operator_3' retrieved from /home/airflow/.local/lib/python3.12/site-packages/airflow/example_dags/example_branch_datetime_operator.py
[2026-06-19T16:55:45.639+0000] {logging_mixin.py:190} INFO - [2026-06-19T16:55:45.639+0000] {dag.py:3239} INFO - Sync 3 DAGs
[2026-06-19T16:55:45.663+0000] {logging_mixin.py:190} INFO - [2026-06-19T16:55:45.662+0000] {dag.py:4180} INFO - Setting next_dagrun for example_branch_datetime_operator to 2026-06-18 00:00:00+00:00, run_after=2026-06-19 00:00:00+00:00
[2026-06-19T16:55:45.669+0000] {logging_mixin.py:190} INFO - [2026-06-19T16:55:45.669+0000] {dag.py:4180} INFO - Setting next_dagrun for example_branch_datetime_operator_2 to 2026-06-18 00:00:00+00:00, run_after=2026-06-19 00:00:00+00:00
[2026-06-19T16:55:45.672+0000] {logging_mixin.py:190} INFO - [2026-06-19T16:55:45.672+0000] {dag.py:4180} INFO - Setting next_dagrun for example_branch_datetime_operator_3 to 2026-06-18 00:00:00+00:00, run_after=2026-06-19 00:00:00+00:00
[2026-06-19T16:55:45.690+0000] {processor.py:208} INFO - Processing /home/airflow/.local/lib/python3.12/site-packages/airflow/example_dags/example_branch_datetime_operator.py took 0.104 seconds
[2026-06-19T16:56:16.275+0000] {processor.py:186} INFO - Started process (PID=1771) to work on /home/airflow/.local/lib/python3.12/site-packages/airflow/example_dags/example_branch_datetime_operator.py
[2026-06-19T16:56:16.291+0000] {processor.py:914} INFO - Processing file /home/airflow/.local/lib/python3.12/site-packages/airflow/example_dags/example_branch_datetime_operator.py for tasks to queue
[2026-06-19T16:56:16.303+0000] {logging_mixin.py:190} INFO - [2026-06-19T16:56:16.302+0000] {dagbag.py:588} INFO - Filling up the DagBag from /home/airflow/.local/lib/python3.12/site-packages/airflow/example_dags/example_branch_datetime_operator.py
[2026-06-19T16:56:16.357+0000] {processor.py:925} INFO - DAG(s) 'example_branch_datetime_operator', 'example_branch_datetime_operator_2', 'example_branch_datetime_operator_3' retrieved from /home/airflow/.local/lib/python3.12/site-packages/airflow/example_dags/example_branch_datetime_operator.py
[2026-06-19T16:56:16.451+0000] {logging_mixin.py:190} INFO - [2026-06-19T16:56:16.451+0000] {dag.py:3239} INFO - Sync 3 DAGs
[2026-06-19T16:56:16.558+0000] {logging_mixin.py:190} INFO - [2026-06-19T16:56:16.558+0000] {dag.py:4180} INFO - Setting next_dagrun for example_branch_datetime_operator to 2026-06-18 00:00:00+00:00, run_after=2026-06-19 00:00:00+00:00
[2026-06-19T16:56:16.575+0000] {logging_mixin.py:190} INFO - [2026-06-19T16:56:16.574+0000] {dag.py:4180} INFO - Setting next_dagrun for example_branch_datetime_operator_2 to 2026-06-18 00:00:00+00:00, run_after=2026-06-19 00:00:00+00:00
[2026-06-19T16:56:16.587+0000] {logging_mixin.py:190} INFO - [2026-06-19T16:56:16.586+0000] {dag.py:4180} INFO - Setting next_dagrun for example_branch_datetime_operator_3 to 2026-06-18 00:00:00+00:00, run_after=2026-06-19 00:00:00+00:00
[2026-06-19T16:56:16.667+0000] {processor.py:208} INFO - Processing /home/airflow/.local/lib/python3.12/site-packages/airflow/example_dags/example_branch_datetime_operator.py took 0.433 seconds
[2026-06-19T16:56:46.906+0000] {processor.py:186} INFO - Started process (PID=1834) to work on /home/airflow/.local/lib/python3.12/site-packages/airflow/example_dags/example_branch_datetime_operator.py
[2026-06-19T16:56:46.909+0000] {processor.py:914} INFO - Processing file /home/airflow/.local/lib/python3.12/site-packages/airflow/example_dags/example_branch_datetime_operator.py for tasks to queue
[2026-06-19T16:56:46.913+0000] {logging_mixin.py:190} INFO - [2026-06-19T16:56:46.912+0000] {dagbag.py:588} INFO - Filling up the DagBag from /home/airflow/.local/lib/python3.12/site-packages/airflow/example_dags/example_branch_datetime_operator.py
[2026-06-19T16:56:46.930+0000] {processor.py:925} INFO - DAG(s) 'example_branch_datetime_operator', 'example_branch_datetime_operator_2', 'example_branch_datetime_operator_3' retrieved from /home/airflow/.local/lib/python3.12/site-packages/airflow/example_dags/example_branch_datetime_operator.py
[2026-06-19T16:56:46.971+0000] {logging_mixin.py:190} INFO - [2026-06-19T16:56:46.971+0000] {dag.py:3239} INFO - Sync 3 DAGs
[2026-06-19T16:56:47.007+0000] {logging_mixin.py:190} INFO - [2026-06-19T16:56:47.007+0000] {dag.py:4180} INFO - Setting next_dagrun for example_branch_datetime_operator to 2026-06-18 00:00:00+00:00, run_after=2026-06-19 00:00:00+00:00
[2026-06-19T16:56:47.016+0000] {logging_mixin.py:190} INFO - [2026-06-19T16:56:47.016+0000] {dag.py:4180} INFO - Setting next_dagrun for example_branch_datetime_operator_2 to 2026-06-18 00:00:00+00:00, run_after=2026-06-19 00:00:00+00:00
[2026-06-19T16:56:47.020+0000] {logging_mixin.py:190} INFO - [2026-06-19T16:56:47.020+0000] {dag.py:4180} INFO - Setting next_dagrun for example_branch_datetime_operator_3 to 2026-06-18 00:00:00+00:00, run_after=2026-06-19 00:00:00+00:00
[2026-06-19T16:56:47.043+0000] {processor.py:208} INFO - Processing /home/airflow/.local/lib/python3.12/site-packages/airflow/example_dags/example_branch_datetime_operator.py took 0.144 seconds
[2026-06-19T16:57:17.679+0000] {processor.py:186} INFO - Started process (PID=1898) to work on /home/airflow/.local/lib/python3.12/site-packages/airflow/example_dags/example_branch_datetime_operator.py
[2026-06-19T16:57:17.684+0000] {processor.py:914} INFO - Processing file /home/airflow/.local/lib/python3.12/site-packages/airflow/example_dags/example_branch_datetime_operator.py for tasks to queue
[2026-06-19T16:57:17.695+0000] {logging_mixin.py:190} INFO - [2026-06-19T16:57:17.694+0000] {dagbag.py:588} INFO - Filling up the DagBag from /home/airflow/.local/lib/python3.12/site-packages/airflow/example_dags/example_branch_datetime_operator.py
[2026-06-19T16:57:17.755+0000] {processor.py:925} INFO - DAG(s) 'example_branch_datetime_operator_2', 'example_branch_datetime_operator', 'example_branch_datetime_operator_3' retrieved from /home/airflow/.local/lib/python3.12/site-packages/airflow/example_dags/example_branch_datetime_operator.py
[2026-06-19T16:57:17.930+0000] {logging_mixin.py:190} INFO - [2026-06-19T16:57:17.929+0000] {dag.py:3239} INFO - Sync 3 DAGs
[2026-06-19T16:57:18.076+0000] {logging_mixin.py:190} INFO - [2026-06-19T16:57:18.076+0000] {dag.py:4180} INFO - Setting next_dagrun for example_branch_datetime_operator to 2026-06-18 00:00:00+00:00, run_after=2026-06-19 00:00:00+00:00
[2026-06-19T16:57:18.109+0000] {logging_mixin.py:190} INFO - [2026-06-19T16:57:18.108+0000] {dag.py:4180} INFO - Setting next_dagrun for example_branch_datetime_operator_2 to 2026-06-18 00:00:00+00:00, run_after=2026-06-19 00:00:00+00:00
[2026-06-19T16:57:18.125+0000] {logging_mixin.py:190} INFO - [2026-06-19T16:57:18.124+0000] {dag.py:4180} INFO - Setting next_dagrun for example_branch_datetime_operator_3 to 2026-06-18 00:00:00+00:00, run_after=2026-06-19 00:00:00+00:00
[2026-06-19T16:57:18.188+0000] {processor.py:208} INFO - Processing /home/airflow/.local/lib/python3.12/site-packages/airflow/example_dags/example_branch_datetime_operator.py took 0.535 seconds
[2026-06-19T16:57:48.433+0000] {processor.py:186} INFO - Started process (PID=1962) to work on /home/airflow/.local/lib/python3.12/site-packages/airflow/example_dags/example_branch_datetime_operator.py
[2026-06-19T16:57:48.435+0000] {processor.py:914} INFO - Processing file /home/airflow/.local/lib/python3.12/site-packages/airflow/example_dags/example_branch_datetime_operator.py for tasks to queue
[2026-06-19T16:57:48.439+0000] {logging_mixin.py:190} INFO - [2026-06-19T16:57:48.439+0000] {dagbag.py:588} INFO - Filling up the DagBag from /home/airflow/.local/lib/python3.12/site-packages/airflow/example_dags/example_branch_datetime_operator.py
[2026-06-19T16:57:48.452+0000] {processor.py:925} INFO - DAG(s) 'example_branch_datetime_operator_3', 'example_branch_datetime_operator', 'example_branch_datetime_operator_2' retrieved from /home/airflow/.local/lib/python3.12/site-packages/airflow/example_dags/example_branch_datetime_operator.py
[2026-06-19T16:57:48.478+0000] {logging_mixin.py:190} INFO - [2026-06-19T16:57:48.478+0000] {dag.py:3239} INFO - Sync 3 DAGs
[2026-06-19T16:57:48.506+0000] {logging_mixin.py:190} INFO - [2026-06-19T16:57:48.506+0000] {dag.py:4180} INFO - Setting next_dagrun for example_branch_datetime_operator to 2026-06-18 00:00:00+00:00, run_after=2026-06-19 00:00:00+00:00
[2026-06-19T16:57:48.513+0000] {logging_mixin.py:190} INFO - [2026-06-19T16:57:48.512+0000] {dag.py:4180} INFO - Setting next_dagrun for example_branch_datetime_operator_2 to 2026-06-18 00:00:00+00:00, run_after=2026-06-19 00:00:00+00:00
[2026-06-19T16:57:48.516+0000] {logging_mixin.py:190} INFO - [2026-06-19T16:57:48.516+0000] {dag.py:4180} INFO - Setting next_dagrun for example_branch_datetime_operator_3 to 2026-06-18 00:00:00+00:00, run_after=2026-06-19 00:00:00+00:00
[2026-06-19T16:57:48.535+0000] {processor.py:208} INFO - Processing /home/airflow/.local/lib/python3.12/site-packages/airflow/example_dags/example_branch_datetime_operator.py took 0.109 seconds
[2026-06-19T16:58:18.662+0000] {processor.py:186} INFO - Started process (PID=2027) to work on /home/airflow/.local/lib/python3.12/site-packages/airflow/example_dags/example_branch_datetime_operator.py
[2026-06-19T16:58:18.666+0000] {processor.py:914} INFO - Processing file /home/airflow/.local/lib/python3.12/site-packages/airflow/example_dags/example_branch_datetime_operator.py for tasks to queue
[2026-06-19T16:58:18.672+0000] {logging_mixin.py:190} INFO - [2026-06-19T16:58:18.672+0000] {dagbag.py:588} INFO - Filling up the DagBag from /home/airflow/.local/lib/python3.12/site-packages/airflow/example_dags/example_branch_datetime_operator.py
[2026-06-19T16:58:18.691+0000] {processor.py:925} INFO - DAG(s) 'example_branch_datetime_operator_2', 'example_branch_datetime_operator_3', 'example_branch_datetime_operator' retrieved from /home/airflow/.local/lib/python3.12/site-packages/airflow/example_dags/example_branch_datetime_operator.py
[2026-06-19T16:58:18.763+0000] {logging_mixin.py:190} INFO - [2026-06-19T16:58:18.763+0000] {dag.py:3239} INFO - Sync 3 DAGs
[2026-06-19T16:58:18.837+0000] {logging_mixin.py:190} INFO - [2026-06-19T16:58:18.836+0000] {dag.py:4180} INFO - Setting next_dagrun for example_branch_datetime_operator to 2026-06-18 00:00:00+00:00, run_after=2026-06-19 00:00:00+00:00
[2026-06-19T16:58:18.853+0000] {logging_mixin.py:190} INFO - [2026-06-19T16:58:18.853+0000] {dag.py:4180} INFO - Setting next_dagrun for example_branch_datetime_operator_2 to 2026-06-18 00:00:00+00:00, run_after=2026-06-19 00:00:00+00:00
[2026-06-19T16:58:18.866+0000] {logging_mixin.py:190} INFO - [2026-06-19T16:58:18.865+0000] {dag.py:4180} INFO - Setting next_dagrun for example_branch_datetime_operator_3 to 2026-06-18 00:00:00+00:00, run_after=2026-06-19 00:00:00+00:00
[2026-06-19T16:58:18.899+0000] {processor.py:208} INFO - Processing /home/airflow/.local/lib/python3.12/site-packages/airflow/example_dags/example_branch_datetime_operator.py took 0.245 seconds
[2026-06-19T16:58:49.181+0000] {processor.py:186} INFO - Started process (PID=2091) to work on /home/airflow/.local/lib/python3.12/site-packages/airflow/example_dags/example_branch_datetime_operator.py
[2026-06-19T16:58:49.189+0000] {processor.py:914} INFO - Processing file /home/airflow/.local/lib/python3.12/site-packages/airflow/example_dags/example_branch_datetime_operator.py for tasks to queue
[2026-06-19T16:58:49.199+0000] {logging_mixin.py:190} INFO - [2026-06-19T16:58:49.197+0000] {dagbag.py:588} INFO - Filling up the DagBag from /home/airflow/.local/lib/python3.12/site-packages/airflow/example_dags/example_branch_datetime_operator.py
[2026-06-19T16:58:49.246+0000] {processor.py:925} INFO - DAG(s) 'example_branch_datetime_operator_3', 'example_branch_datetime_operator_2', 'example_branch_datetime_operator' retrieved from /home/airflow/.local/lib/python3.12/site-packages/airflow/example_dags/example_branch_datetime_operator.py
[2026-06-19T16:58:49.319+0000] {logging_mixin.py:190} INFO - [2026-06-19T16:58:49.318+0000] {dag.py:3239} INFO - Sync 3 DAGs
[2026-06-19T16:58:49.396+0000] {logging_mixin.py:190} INFO - [2026-06-19T16:58:49.395+0000] {dag.py:4180} INFO - Setting next_dagrun for example_branch_datetime_operator to 2026-06-18 00:00:00+00:00, run_after=2026-06-19 00:00:00+00:00
[2026-06-19T16:58:49.411+0000] {logging_mixin.py:190} INFO - [2026-06-19T16:58:49.411+0000] {dag.py:4180} INFO - Setting next_dagrun for example_branch_datetime_operator_2 to 2026-06-18 00:00:00+00:00, run_after=2026-06-19 00:00:00+00:00
[2026-06-19T16:58:49.420+0000] {logging_mixin.py:190} INFO - [2026-06-19T16:58:49.419+0000] {dag.py:4180} INFO - Setting next_dagrun for example_branch_datetime_operator_3 to 2026-06-18 00:00:00+00:00, run_after=2026-06-19 00:00:00+00:00
[2026-06-19T16:58:49.462+0000] {processor.py:208} INFO - Processing /home/airflow/.local/lib/python3.12/site-packages/airflow/example_dags/example_branch_datetime_operator.py took 0.297 seconds
[2026-06-19T16:59:19.861+0000] {processor.py:186} INFO - Started process (PID=2154) to work on /home/airflow/.local/lib/python3.12/site-packages/airflow/example_dags/example_branch_datetime_operator.py
[2026-06-19T16:59:19.863+0000] {processor.py:914} INFO - Processing file /home/airflow/.local/lib/python3.12/site-packages/airflow/example_dags/example_branch_datetime_operator.py for tasks to queue
[2026-06-19T16:59:19.866+0000] {logging_mixin.py:190} INFO - [2026-06-19T16:59:19.866+0000] {dagbag.py:588} INFO - Filling up the DagBag from /home/airflow/.local/lib/python3.12/site-packages/airflow/example_dags/example_branch_datetime_operator.py
[2026-06-19T16:59:19.878+0000] {processor.py:925} INFO - DAG(s) 'example_branch_datetime_operator_2', 'example_branch_datetime_operator', 'example_branch_datetime_operator_3' retrieved from /home/airflow/.local/lib/python3.12/site-packages/airflow/example_dags/example_branch_datetime_operator.py
[2026-06-19T16:59:19.901+0000] {logging_mixin.py:190} INFO - [2026-06-19T16:59:19.900+0000] {dag.py:3239} INFO - Sync 3 DAGs
[2026-06-19T16:59:19.922+0000] {logging_mixin.py:190} INFO - [2026-06-19T16:59:19.922+0000] {dag.py:4180} INFO - Setting next_dagrun for example_branch_datetime_operator to 2026-06-18 00:00:00+00:00, run_after=2026-06-19 00:00:00+00:00
[2026-06-19T16:59:19.927+0000] {logging_mixin.py:190} INFO - [2026-06-19T16:59:19.927+0000] {dag.py:4180} INFO - Setting next_dagrun for example_branch_datetime_operator_2 to 2026-06-18 00:00:00+00:00, run_after=2026-06-19 00:00:00+00:00
[2026-06-19T16:59:19.930+0000] {logging_mixin.py:190} INFO - [2026-06-19T16:59:19.929+0000] {dag.py:4180} INFO - Setting next_dagrun for example_branch_datetime_operator_3 to 2026-06-18 00:00:00+00:00, run_after=2026-06-19 00:00:00+00:00
[2026-06-19T16:59:19.944+0000] {processor.py:208} INFO - Processing /home/airflow/.local/lib/python3.12/site-packages/airflow/example_dags/example_branch_datetime_operator.py took 0.088 seconds
[2026-06-19T16:59:50.391+0000] {processor.py:186} INFO - Started process (PID=2218) to work on /home/airflow/.local/lib/python3.12/site-packages/airflow/example_dags/example_branch_datetime_operator.py
[2026-06-19T16:59:50.395+0000] {processor.py:914} INFO - Processing file /home/airflow/.local/lib/python3.12/site-packages/airflow/example_dags/example_branch_datetime_operator.py for tasks to queue
[2026-06-19T16:59:50.400+0000] {logging_mixin.py:190} INFO - [2026-06-19T16:59:50.400+0000] {dagbag.py:588} INFO - Filling up the DagBag from /home/airflow/.local/lib/python3.12/site-packages/airflow/example_dags/example_branch_datetime_operator.py
[2026-06-19T16:59:50.419+0000] {processor.py:925} INFO - DAG(s) 'example_branch_datetime_operator', 'example_branch_datetime_operator_2', 'example_branch_datetime_operator_3' retrieved from /home/airflow/.local/lib/python3.12/site-packages/airflow/example_dags/example_branch_datetime_operator.py
[2026-06-19T16:59:50.461+0000] {logging_mixin.py:190} INFO - [2026-06-19T16:59:50.460+0000] {dag.py:3239} INFO - Sync 3 DAGs
[2026-06-19T16:59:50.506+0000] {logging_mixin.py:190} INFO - [2026-06-19T16:59:50.505+0000] {dag.py:4180} INFO - Setting next_dagrun for example_branch_datetime_operator to 2026-06-18 00:00:00+00:00, run_after=2026-06-19 00:00:00+00:00
[2026-06-19T16:59:50.516+0000] {logging_mixin.py:190} INFO - [2026-06-19T16:59:50.516+0000] {dag.py:4180} INFO - Setting next_dagrun for example_branch_datetime_operator_2 to 2026-06-18 00:00:00+00:00, run_after=2026-06-19 00:00:00+00:00
[2026-06-19T16:59:50.522+0000] {logging_mixin.py:190} INFO - [2026-06-19T16:59:50.522+0000] {dag.py:4180} INFO - Setting next_dagrun for example_branch_datetime_operator_3 to 2026-06-18 00:00:00+00:00, run_after=2026-06-19 00:00:00+00:00
[2026-06-19T16:59:50.550+0000] {processor.py:208} INFO - Processing /home/airflow/.local/lib/python3.12/site-packages/airflow/example_dags/example_branch_datetime_operator.py took 0.167 seconds
[2026-06-19T17:00:21.489+0000] {processor.py:186} INFO - Started process (PID=2282) to work on /home/airflow/.local/lib/python3.12/site-packages/airflow/example_dags/example_branch_datetime_operator.py
[2026-06-19T17:00:21.495+0000] {processor.py:914} INFO - Processing file /home/airflow/.local/lib/python3.12/site-packages/airflow/example_dags/example_branch_datetime_operator.py for tasks to queue
[2026-06-19T17:00:21.510+0000] {logging_mixin.py:190} INFO - [2026-06-19T17:00:21.509+0000] {dagbag.py:588} INFO - Filling up the DagBag from /home/airflow/.local/lib/python3.12/site-packages/airflow/example_dags/example_branch_datetime_operator.py
[2026-06-19T17:00:21.573+0000] {processor.py:925} INFO - DAG(s) 'example_branch_datetime_operator_3', 'example_branch_datetime_operator', 'example_branch_datetime_operator_2' retrieved from /home/airflow/.local/lib/python3.12/site-packages/airflow/example_dags/example_branch_datetime_operator.py
[2026-06-19T17:00:21.825+0000] {logging_mixin.py:190} INFO - [2026-06-19T17:00:21.824+0000] {dag.py:3239} INFO - Sync 3 DAGs
[2026-06-19T17:00:22.117+0000] {logging_mixin.py:190} INFO - [2026-06-19T17:00:22.116+0000] {dag.py:4180} INFO - Setting next_dagrun for example_branch_datetime_operator to 2026-06-18 00:00:00+00:00, run_after=2026-06-19 00:00:00+00:00
[2026-06-19T17:00:22.141+0000] {logging_mixin.py:190} INFO - [2026-06-19T17:00:22.141+0000] {dag.py:4180} INFO - Setting next_dagrun for example_branch_datetime_operator_2 to 2026-06-18 00:00:00+00:00, run_after=2026-06-19 00:00:00+00:00
[2026-06-19T17:00:22.155+0000] {logging_mixin.py:190} INFO - [2026-06-19T17:00:22.153+0000] {dag.py:4180} INFO - Setting next_dagrun for example_branch_datetime_operator_3 to 2026-06-18 00:00:00+00:00, run_after=2026-06-19 00:00:00+00:00
[2026-06-19T17:00:22.230+0000] {processor.py:208} INFO - Processing /home/airflow/.local/lib/python3.12/site-packages/airflow/example_dags/example_branch_datetime_operator.py took 0.770 seconds
[2026-06-19T17:00:52.462+0000] {processor.py:186} INFO - Started process (PID=2346) to work on /home/airflow/.local/lib/python3.12/site-packages/airflow/example_dags/example_branch_datetime_operator.py
[2026-06-19T17:00:52.466+0000] {processor.py:914} INFO - Processing file /home/airflow/.local/lib/python3.12/site-packages/airflow/example_dags/example_branch_datetime_operator.py for tasks to queue
[2026-06-19T17:00:52.472+0000] {logging_mixin.py:190} INFO - [2026-06-19T17:00:52.471+0000] {dagbag.py:588} INFO - Filling up the DagBag from /home/airflow/.local/lib/python3.12/site-packages/airflow/example_dags/example_branch_datetime_operator.py
[2026-06-19T17:00:52.495+0000] {processor.py:925} INFO - DAG(s) 'example_branch_datetime_operator_2', 'example_branch_datetime_operator_3', 'example_branch_datetime_operator' retrieved from /home/airflow/.local/lib/python3.12/site-packages/airflow/example_dags/example_branch_datetime_operator.py
[2026-06-19T17:00:52.538+0000] {logging_mixin.py:190} INFO - [2026-06-19T17:00:52.538+0000] {dag.py:3239} INFO - Sync 3 DAGs
[2026-06-19T17:00:52.581+0000] {logging_mixin.py:190} INFO - [2026-06-19T17:00:52.581+0000] {dag.py:4180} INFO - Setting next_dagrun for example_branch_datetime_operator to 2026-06-18 00:00:00+00:00, run_after=2026-06-19 00:00:00+00:00
[2026-06-19T17:00:52.592+0000] {logging_mixin.py:190} INFO - [2026-06-19T17:00:52.591+0000] {dag.py:4180} INFO - Setting next_dagrun for example_branch_datetime_operator_2 to 2026-06-18 00:00:00+00:00, run_after=2026-06-19 00:00:00+00:00
[2026-06-19T17:00:52.596+0000] {logging_mixin.py:190} INFO - [2026-06-19T17:00:52.596+0000] {dag.py:4180} INFO - Setting next_dagrun for example_branch_datetime_operator_3 to 2026-06-18 00:00:00+00:00, run_after=2026-06-19 00:00:00+00:00
[2026-06-19T17:00:52.620+0000] {processor.py:208} INFO - Processing /home/airflow/.local/lib/python3.12/site-packages/airflow/example_dags/example_branch_datetime_operator.py took 0.172 seconds
[2026-06-19T17:01:22.763+0000] {processor.py:186} INFO - Started process (PID=2410) to work on /home/airflow/.local/lib/python3.12/site-packages/airflow/example_dags/example_branch_datetime_operator.py
[2026-06-19T17:01:22.766+0000] {processor.py:914} INFO - Processing file /home/airflow/.local/lib/python3.12/site-packages/airflow/example_dags/example_branch_datetime_operator.py for tasks to queue
[2026-06-19T17:01:22.770+0000] {logging_mixin.py:190} INFO - [2026-06-19T17:01:22.769+0000] {dagbag.py:588} INFO - Filling up the DagBag from /home/airflow/.local/lib/python3.12/site-packages/airflow/example_dags/example_branch_datetime_operator.py
[2026-06-19T17:01:22.787+0000] {processor.py:925} INFO - DAG(s) 'example_branch_datetime_operator', 'example_branch_datetime_operator_2', 'example_branch_datetime_operator_3' retrieved from /home/airflow/.local/lib/python3.12/site-packages/airflow/example_dags/example_branch_datetime_operator.py
[2026-06-19T17:01:22.825+0000] {logging_mixin.py:190} INFO - [2026-06-19T17:01:22.824+0000] {dag.py:3239} INFO - Sync 3 DAGs
[2026-06-19T17:01:22.856+0000] {logging_mixin.py:190} INFO - [2026-06-19T17:01:22.855+0000] {dag.py:4180} INFO - Setting next_dagrun for example_branch_datetime_operator to 2026-06-18 00:00:00+00:00, run_after=2026-06-19 00:00:00+00:00
[2026-06-19T17:01:22.863+0000] {logging_mixin.py:190} INFO - [2026-06-19T17:01:22.863+0000] {dag.py:4180} INFO - Setting next_dagrun for example_branch_datetime_operator_2 to 2026-06-18 00:00:00+00:00, run_after=2026-06-19 00:00:00+00:00
[2026-06-19T17:01:22.867+0000] {logging_mixin.py:190} INFO - [2026-06-19T17:01:22.866+0000] {dag.py:4180} INFO - Setting next_dagrun for example_branch_datetime_operator_3 to 2026-06-18 00:00:00+00:00, run_after=2026-06-19 00:00:00+00:00
[2026-06-19T17:01:22.888+0000] {processor.py:208} INFO - Processing /home/airflow/.local/lib/python3.12/site-packages/airflow/example_dags/example_branch_datetime_operator.py took 0.135 seconds
[2026-06-19T17:01:53.172+0000] {processor.py:186} INFO - Started process (PID=2473) to work on /home/airflow/.local/lib/python3.12/site-packages/airflow/example_dags/example_branch_datetime_operator.py
[2026-06-19T17:01:53.175+0000] {processor.py:914} INFO - Processing file /home/airflow/.local/lib/python3.12/site-packages/airflow/example_dags/example_branch_datetime_operator.py for tasks to queue
[2026-06-19T17:01:53.185+0000] {logging_mixin.py:190} INFO - [2026-06-19T17:01:53.184+0000] {dagbag.py:588} INFO - Filling up the DagBag from /home/airflow/.local/lib/python3.12/site-packages/airflow/example_dags/example_branch_datetime_operator.py
[2026-06-19T17:01:53.209+0000] {processor.py:925} INFO - DAG(s) 'example_branch_datetime_operator_3', 'example_branch_datetime_operator_2', 'example_branch_datetime_operator' retrieved from /home/airflow/.local/lib/python3.12/site-packages/airflow/example_dags/example_branch_datetime_operator.py
[2026-06-19T17:01:53.259+0000] {logging_mixin.py:190} INFO - [2026-06-19T17:01:53.259+0000] {dag.py:3239} INFO - Sync 3 DAGs
[2026-06-19T17:01:53.313+0000] {logging_mixin.py:190} INFO - [2026-06-19T17:01:53.312+0000] {dag.py:4180} INFO - Setting next_dagrun for example_branch_datetime_operator to 2026-06-18 00:00:00+00:00, run_after=2026-06-19 00:00:00+00:00
[2026-06-19T17:01:53.321+0000] {logging_mixin.py:190} INFO - [2026-06-19T17:01:53.321+0000] {dag.py:4180} INFO - Setting next_dagrun for example_branch_datetime_operator_2 to 2026-06-18 00:00:00+00:00, run_after=2026-06-19 00:00:00+00:00
[2026-06-19T17:01:53.327+0000] {logging_mixin.py:190} INFO - [2026-06-19T17:01:53.326+0000] {dag.py:4180} INFO - Setting next_dagrun for example_branch_datetime_operator_3 to 2026-06-18 00:00:00+00:00, run_after=2026-06-19 00:00:00+00:00
[2026-06-19T17:01:53.360+0000] {processor.py:208} INFO - Processing /home/airflow/.local/lib/python3.12/site-packages/airflow/example_dags/example_branch_datetime_operator.py took 0.200 seconds
[2026-06-19T17:02:23.484+0000] {processor.py:186} INFO - Started process (PID=2537) to work on /home/airflow/.local/lib/python3.12/site-packages/airflow/example_dags/example_branch_datetime_operator.py
[2026-06-19T17:02:23.489+0000] {processor.py:914} INFO - Processing file /home/airflow/.local/lib/python3.12/site-packages/airflow/example_dags/example_branch_datetime_operator.py for tasks to queue
[2026-06-19T17:02:23.496+0000] {logging_mixin.py:190} INFO - [2026-06-19T17:02:23.495+0000] {dagbag.py:588} INFO - Filling up the DagBag from /home/airflow/.local/lib/python3.12/site-packages/airflow/example_dags/example_branch_datetime_operator.py
[2026-06-19T17:02:23.526+0000] {processor.py:925} INFO - DAG(s) 'example_branch_datetime_operator_2', 'example_branch_datetime_operator', 'example_branch_datetime_operator_3' retrieved from /home/airflow/.local/lib/python3.12/site-packages/airflow/example_dags/example_branch_datetime_operator.py
[2026-06-19T17:02:23.578+0000] {logging_mixin.py:190} INFO - [2026-06-19T17:02:23.577+0000] {dag.py:3239} INFO - Sync 3 DAGs
[2026-06-19T17:02:23.620+0000] {logging_mixin.py:190} INFO - [2026-06-19T17:02:23.620+0000] {dag.py:4180} INFO - Setting next_dagrun for example_branch_datetime_operator to 2026-06-18 00:00:00+00:00, run_after=2026-06-19 00:00:00+00:00
[2026-06-19T17:02:23.630+0000] {logging_mixin.py:190} INFO - [2026-06-19T17:02:23.630+0000] {dag.py:4180} INFO - Setting next_dagrun for example_branch_datetime_operator_2 to 2026-06-18 00:00:00+00:00, run_after=2026-06-19 00:00:00+00:00
[2026-06-19T17:02:23.635+0000] {logging_mixin.py:190} INFO - [2026-06-19T17:02:23.635+0000] {dag.py:4180} INFO - Setting next_dagrun for example_branch_datetime_operator_3 to 2026-06-18 00:00:00+00:00, run_after=2026-06-19 00:00:00+00:00
[2026-06-19T17:02:23.662+0000] {processor.py:208} INFO - Processing /home/airflow/.local/lib/python3.12/site-packages/airflow/example_dags/example_branch_datetime_operator.py took 0.192 seconds
[2026-06-19T17:04:23.169+0000] {processor.py:186} INFO - Started process (PID=74) to work on /home/airflow/.local/lib/python3.12/site-packages/airflow/example_dags/example_branch_datetime_operator.py
[2026-06-19T17:04:23.172+0000] {processor.py:914} INFO - Processing file /home/airflow/.local/lib/python3.12/site-packages/airflow/example_dags/example_branch_datetime_operator.py for tasks to queue
[2026-06-19T17:04:23.179+0000] {logging_mixin.py:190} INFO - [2026-06-19T17:04:23.178+0000] {dagbag.py:588} INFO - Filling up the DagBag from /home/airflow/.local/lib/python3.12/site-packages/airflow/example_dags/example_branch_datetime_operator.py
[2026-06-19T17:04:23.210+0000] {processor.py:925} INFO - DAG(s) 'example_branch_datetime_operator', 'example_branch_datetime_operator_2', 'example_branch_datetime_operator_3' retrieved from /home/airflow/.local/lib/python3.12/site-packages/airflow/example_dags/example_branch_datetime_operator.py
[2026-06-19T17:04:23.291+0000] {logging_mixin.py:190} INFO - [2026-06-19T17:04:23.291+0000] {dag.py:3239} INFO - Sync 3 DAGs
[2026-06-19T17:04:23.350+0000] {logging_mixin.py:190} INFO - [2026-06-19T17:04:23.350+0000] {dag.py:4180} INFO - Setting next_dagrun for example_branch_datetime_operator to 2026-06-18 00:00:00+00:00, run_after=2026-06-19 00:00:00+00:00
[2026-06-19T17:04:23.363+0000] {logging_mixin.py:190} INFO - [2026-06-19T17:04:23.362+0000] {dag.py:4180} INFO - Setting next_dagrun for example_branch_datetime_operator_2 to 2026-06-18 00:00:00+00:00, run_after=2026-06-19 00:00:00+00:00
[2026-06-19T17:04:23.368+0000] {logging_mixin.py:190} INFO - [2026-06-19T17:04:23.368+0000] {dag.py:4180} INFO - Setting next_dagrun for example_branch_datetime_operator_3 to 2026-06-18 00:00:00+00:00, run_after=2026-06-19 00:00:00+00:00
[2026-06-19T17:04:23.405+0000] {processor.py:208} INFO - Processing /home/airflow/.local/lib/python3.12/site-packages/airflow/example_dags/example_branch_datetime_operator.py took 0.248 seconds
[2026-06-19T17:04:54.075+0000] {processor.py:186} INFO - Started process (PID=138) to work on /home/airflow/.local/lib/python3.12/site-packages/airflow/example_dags/example_branch_datetime_operator.py
[2026-06-19T17:04:54.085+0000] {processor.py:914} INFO - Processing file /home/airflow/.local/lib/python3.12/site-packages/airflow/example_dags/example_branch_datetime_operator.py for tasks to queue
[2026-06-19T17:04:54.109+0000] {logging_mixin.py:190} INFO - [2026-06-19T17:04:54.102+0000] {dagbag.py:588} INFO - Filling up the DagBag from /home/airflow/.local/lib/python3.12/site-packages/airflow/example_dags/example_branch_datetime_operator.py
[2026-06-19T17:04:54.184+0000] {processor.py:925} INFO - DAG(s) 'example_branch_datetime_operator', 'example_branch_datetime_operator_2', 'example_branch_datetime_operator_3' retrieved from /home/airflow/.local/lib/python3.12/site-packages/airflow/example_dags/example_branch_datetime_operator.py
[2026-06-19T17:04:54.320+0000] {logging_mixin.py:190} INFO - [2026-06-19T17:04:54.317+0000] {dag.py:3239} INFO - Sync 3 DAGs
[2026-06-19T17:04:54.426+0000] {logging_mixin.py:190} INFO - [2026-06-19T17:04:54.426+0000] {dag.py:4180} INFO - Setting next_dagrun for example_branch_datetime_operator to 2026-06-18 00:00:00+00:00, run_after=2026-06-19 00:00:00+00:00
[2026-06-19T17:04:54.444+0000] {logging_mixin.py:190} INFO - [2026-06-19T17:04:54.443+0000] {dag.py:4180} INFO - Setting next_dagrun for example_branch_datetime_operator_2 to 2026-06-18 00:00:00+00:00, run_after=2026-06-19 00:00:00+00:00
[2026-06-19T17:04:54.451+0000] {logging_mixin.py:190} INFO - [2026-06-19T17:04:54.451+0000] {dag.py:4180} INFO - Setting next_dagrun for example_branch_datetime_operator_3 to 2026-06-18 00:00:00+00:00, run_after=2026-06-19 00:00:00+00:00
[2026-06-19T17:04:54.533+0000] {processor.py:208} INFO - Processing /home/airflow/.local/lib/python3.12/site-packages/airflow/example_dags/example_branch_datetime_operator.py took 0.485 seconds
[2026-06-19T17:05:24.658+0000] {processor.py:186} INFO - Started process (PID=202) to work on /home/airflow/.local/lib/python3.12/site-packages/airflow/example_dags/example_branch_datetime_operator.py
[2026-06-19T17:05:24.660+0000] {processor.py:914} INFO - Processing file /home/airflow/.local/lib/python3.12/site-packages/airflow/example_dags/example_branch_datetime_operator.py for tasks to queue
[2026-06-19T17:05:24.662+0000] {logging_mixin.py:190} INFO - [2026-06-19T17:05:24.662+0000] {dagbag.py:588} INFO - Filling up the DagBag from /home/airflow/.local/lib/python3.12/site-packages/airflow/example_dags/example_branch_datetime_operator.py
[2026-06-19T17:05:24.677+0000] {processor.py:925} INFO - DAG(s) 'example_branch_datetime_operator_2', 'example_branch_datetime_operator', 'example_branch_datetime_operator_3' retrieved from /home/airflow/.local/lib/python3.12/site-packages/airflow/example_dags/example_branch_datetime_operator.py
[2026-06-19T17:05:24.707+0000] {logging_mixin.py:190} INFO - [2026-06-19T17:05:24.707+0000] {dag.py:3239} INFO - Sync 3 DAGs
[2026-06-19T17:05:24.735+0000] {logging_mixin.py:190} INFO - [2026-06-19T17:05:24.735+0000] {dag.py:4180} INFO - Setting next_dagrun for example_branch_datetime_operator to 2026-06-18 00:00:00+00:00, run_after=2026-06-19 00:00:00+00:00
[2026-06-19T17:05:24.743+0000] {logging_mixin.py:190} INFO - [2026-06-19T17:05:24.743+0000] {dag.py:4180} INFO - Setting next_dagrun for example_branch_datetime_operator_2 to 2026-06-18 00:00:00+00:00, run_after=2026-06-19 00:00:00+00:00
[2026-06-19T17:05:24.747+0000] {logging_mixin.py:190} INFO - [2026-06-19T17:05:24.746+0000] {dag.py:4180} INFO - Setting next_dagrun for example_branch_datetime_operator_3 to 2026-06-18 00:00:00+00:00, run_after=2026-06-19 00:00:00+00:00
[2026-06-19T17:05:24.766+0000] {processor.py:208} INFO - Processing /home/airflow/.local/lib/python3.12/site-packages/airflow/example_dags/example_branch_datetime_operator.py took 0.115 seconds
[2026-06-19T17:05:56.042+0000] {processor.py:186} INFO - Started process (PID=266) to work on /home/airflow/.local/lib/python3.12/site-packages/airflow/example_dags/example_branch_datetime_operator.py
[2026-06-19T17:05:56.045+0000] {processor.py:914} INFO - Processing file /home/airflow/.local/lib/python3.12/site-packages/airflow/example_dags/example_branch_datetime_operator.py for tasks to queue
[2026-06-19T17:05:56.058+0000] {logging_mixin.py:190} INFO - [2026-06-19T17:05:56.057+0000] {dagbag.py:588} INFO - Filling up the DagBag from /home/airflow/.local/lib/python3.12/site-packages/airflow/example_dags/example_branch_datetime_operator.py
[2026-06-19T17:05:56.155+0000] {processor.py:925} INFO - DAG(s) 'example_branch_datetime_operator', 'example_branch_datetime_operator_2', 'example_branch_datetime_operator_3' retrieved from /home/airflow/.local/lib/python3.12/site-packages/airflow/example_dags/example_branch_datetime_operator.py
[2026-06-19T17:05:56.344+0000] {logging_mixin.py:190} INFO - [2026-06-19T17:05:56.344+0000] {dag.py:3239} INFO - Sync 3 DAGs
[2026-06-19T17:05:56.500+0000] {logging_mixin.py:190} INFO - [2026-06-19T17:05:56.499+0000] {dag.py:4180} INFO - Setting next_dagrun for example_branch_datetime_operator to 2026-06-18 00:00:00+00:00, run_after=2026-06-19 00:00:00+00:00
[2026-06-19T17:05:56.547+0000] {logging_mixin.py:190} INFO - [2026-06-19T17:05:56.547+0000] {dag.py:4180} INFO - Setting next_dagrun for example_branch_datetime_operator_2 to 2026-06-18 00:00:00+00:00, run_after=2026-06-19 00:00:00+00:00
[2026-06-19T17:05:56.566+0000] {logging_mixin.py:190} INFO - [2026-06-19T17:05:56.565+0000] {dag.py:4180} INFO - Setting next_dagrun for example_branch_datetime_operator_3 to 2026-06-18 00:00:00+00:00, run_after=2026-06-19 00:00:00+00:00
[2026-06-19T17:05:56.648+0000] {processor.py:208} INFO - Processing /home/airflow/.local/lib/python3.12/site-packages/airflow/example_dags/example_branch_datetime_operator.py took 0.616 seconds
[2026-06-19T17:07:57.802+0000] {processor.py:186} INFO - Started process (PID=74) to work on /home/airflow/.local/lib/python3.12/site-packages/airflow/example_dags/example_branch_datetime_operator.py
[2026-06-19T17:07:57.808+0000] {processor.py:914} INFO - Processing file /home/airflow/.local/lib/python3.12/site-packages/airflow/example_dags/example_branch_datetime_operator.py for tasks to queue
[2026-06-19T17:07:57.817+0000] {logging_mixin.py:190} INFO - [2026-06-19T17:07:57.815+0000] {dagbag.py:588} INFO - Filling up the DagBag from /home/airflow/.local/lib/python3.12/site-packages/airflow/example_dags/example_branch_datetime_operator.py
[2026-06-19T17:07:57.867+0000] {processor.py:925} INFO - DAG(s) 'example_branch_datetime_operator', 'example_branch_datetime_operator_2', 'example_branch_datetime_operator_3' retrieved from /home/airflow/.local/lib/python3.12/site-packages/airflow/example_dags/example_branch_datetime_operator.py
[2026-06-19T17:07:57.971+0000] {logging_mixin.py:190} INFO - [2026-06-19T17:07:57.970+0000] {dag.py:3239} INFO - Sync 3 DAGs
[2026-06-19T17:07:58.038+0000] {logging_mixin.py:190} INFO - [2026-06-19T17:07:58.038+0000] {dag.py:4180} INFO - Setting next_dagrun for example_branch_datetime_operator to 2026-06-18 00:00:00+00:00, run_after=2026-06-19 00:00:00+00:00
[2026-06-19T17:07:58.051+0000] {logging_mixin.py:190} INFO - [2026-06-19T17:07:58.051+0000] {dag.py:4180} INFO - Setting next_dagrun for example_branch_datetime_operator_2 to 2026-06-18 00:00:00+00:00, run_after=2026-06-19 00:00:00+00:00
[2026-06-19T17:07:58.058+0000] {logging_mixin.py:190} INFO - [2026-06-19T17:07:58.058+0000] {dag.py:4180} INFO - Setting next_dagrun for example_branch_datetime_operator_3 to 2026-06-18 00:00:00+00:00, run_after=2026-06-19 00:00:00+00:00
[2026-06-19T17:07:58.095+0000] {processor.py:208} INFO - Processing /home/airflow/.local/lib/python3.12/site-packages/airflow/example_dags/example_branch_datetime_operator.py took 0.312 seconds
[2026-06-19T17:08:28.605+0000] {processor.py:186} INFO - Started process (PID=138) to work on /home/airflow/.local/lib/python3.12/site-packages/airflow/example_dags/example_branch_datetime_operator.py
[2026-06-19T17:08:28.609+0000] {processor.py:914} INFO - Processing file /home/airflow/.local/lib/python3.12/site-packages/airflow/example_dags/example_branch_datetime_operator.py for tasks to queue
[2026-06-19T17:08:28.614+0000] {logging_mixin.py:190} INFO - [2026-06-19T17:08:28.613+0000] {dagbag.py:588} INFO - Filling up the DagBag from /home/airflow/.local/lib/python3.12/site-packages/airflow/example_dags/example_branch_datetime_operator.py
[2026-06-19T17:08:28.635+0000] {processor.py:925} INFO - DAG(s) 'example_branch_datetime_operator_2', 'example_branch_datetime_operator_3', 'example_branch_datetime_operator' retrieved from /home/airflow/.local/lib/python3.12/site-packages/airflow/example_dags/example_branch_datetime_operator.py
[2026-06-19T17:08:28.676+0000] {logging_mixin.py:190} INFO - [2026-06-19T17:08:28.676+0000] {dag.py:3239} INFO - Sync 3 DAGs
[2026-06-19T17:08:28.717+0000] {logging_mixin.py:190} INFO - [2026-06-19T17:08:28.717+0000] {dag.py:4180} INFO - Setting next_dagrun for example_branch_datetime_operator to 2026-06-18 00:00:00+00:00, run_after=2026-06-19 00:00:00+00:00
[2026-06-19T17:08:28.727+0000] {logging_mixin.py:190} INFO - [2026-06-19T17:08:28.726+0000] {dag.py:4180} INFO - Setting next_dagrun for example_branch_datetime_operator_2 to 2026-06-18 00:00:00+00:00, run_after=2026-06-19 00:00:00+00:00
[2026-06-19T17:08:28.734+0000] {logging_mixin.py:190} INFO - [2026-06-19T17:08:28.733+0000] {dag.py:4180} INFO - Setting next_dagrun for example_branch_datetime_operator_3 to 2026-06-18 00:00:00+00:00, run_after=2026-06-19 00:00:00+00:00
[2026-06-19T17:08:28.771+0000] {processor.py:208} INFO - Processing /home/airflow/.local/lib/python3.12/site-packages/airflow/example_dags/example_branch_datetime_operator.py took 0.174 seconds
[2026-06-19T17:08:58.886+0000] {processor.py:186} INFO - Started process (PID=202) to work on /home/airflow/.local/lib/python3.12/site-packages/airflow/example_dags/example_branch_datetime_operator.py
[2026-06-19T17:08:58.888+0000] {processor.py:914} INFO - Processing file /home/airflow/.local/lib/python3.12/site-packages/airflow/example_dags/example_branch_datetime_operator.py for tasks to queue
[2026-06-19T17:08:58.893+0000] {logging_mixin.py:190} INFO - [2026-06-19T17:08:58.891+0000] {dagbag.py:588} INFO - Filling up the DagBag from /home/airflow/.local/lib/python3.12/site-packages/airflow/example_dags/example_branch_datetime_operator.py
[2026-06-19T17:08:58.908+0000] {processor.py:925} INFO - DAG(s) 'example_branch_datetime_operator', 'example_branch_datetime_operator_3', 'example_branch_datetime_operator_2' retrieved from /home/airflow/.local/lib/python3.12/site-packages/airflow/example_dags/example_branch_datetime_operator.py
[2026-06-19T17:08:58.935+0000] {logging_mixin.py:190} INFO - [2026-06-19T17:08:58.935+0000] {dag.py:3239} INFO - Sync 3 DAGs
[2026-06-19T17:08:58.960+0000] {logging_mixin.py:190} INFO - [2026-06-19T17:08:58.960+0000] {dag.py:4180} INFO - Setting next_dagrun for example_branch_datetime_operator to 2026-06-18 00:00:00+00:00, run_after=2026-06-19 00:00:00+00:00
[2026-06-19T17:08:58.965+0000] {logging_mixin.py:190} INFO - [2026-06-19T17:08:58.965+0000] {dag.py:4180} INFO - Setting next_dagrun for example_branch_datetime_operator_2 to 2026-06-18 00:00:00+00:00, run_after=2026-06-19 00:00:00+00:00
[2026-06-19T17:08:58.969+0000] {logging_mixin.py:190} INFO - [2026-06-19T17:08:58.969+0000] {dag.py:4180} INFO - Setting next_dagrun for example_branch_datetime_operator_3 to 2026-06-18 00:00:00+00:00, run_after=2026-06-19 00:00:00+00:00
[2026-06-19T17:08:59.027+0000] {processor.py:208} INFO - Processing /home/airflow/.local/lib/python3.12/site-packages/airflow/example_dags/example_branch_datetime_operator.py took 0.149 seconds
[2026-06-19T17:09:30.236+0000] {processor.py:186} INFO - Started process (PID=266) to work on /home/airflow/.local/lib/python3.12/site-packages/airflow/example_dags/example_branch_datetime_operator.py
[2026-06-19T17:09:30.242+0000] {processor.py:914} INFO - Processing file /home/airflow/.local/lib/python3.12/site-packages/airflow/example_dags/example_branch_datetime_operator.py for tasks to queue
[2026-06-19T17:09:30.254+0000] {logging_mixin.py:190} INFO - [2026-06-19T17:09:30.252+0000] {dagbag.py:588} INFO - Filling up the DagBag from /home/airflow/.local/lib/python3.12/site-packages/airflow/example_dags/example_branch_datetime_operator.py
[2026-06-19T17:09:30.302+0000] {processor.py:925} INFO - DAG(s) 'example_branch_datetime_operator_2', 'example_branch_datetime_operator', 'example_branch_datetime_operator_3' retrieved from /home/airflow/.local/lib/python3.12/site-packages/airflow/example_dags/example_branch_datetime_operator.py
[2026-06-19T17:09:30.405+0000] {logging_mixin.py:190} INFO - [2026-06-19T17:09:30.404+0000] {dag.py:3239} INFO - Sync 3 DAGs
[2026-06-19T17:09:30.539+0000] {logging_mixin.py:190} INFO - [2026-06-19T17:09:30.539+0000] {dag.py:4180} INFO - Setting next_dagrun for example_branch_datetime_operator to 2026-06-18 00:00:00+00:00, run_after=2026-06-19 00:00:00+00:00
[2026-06-19T17:09:30.573+0000] {logging_mixin.py:190} INFO - [2026-06-19T17:09:30.573+0000] {dag.py:4180} INFO - Setting next_dagrun for example_branch_datetime_operator_2 to 2026-06-18 00:00:00+00:00, run_after=2026-06-19 00:00:00+00:00
[2026-06-19T17:09:30.589+0000] {logging_mixin.py:190} INFO - [2026-06-19T17:09:30.585+0000] {dag.py:4180} INFO - Setting next_dagrun for example_branch_datetime_operator_3 to 2026-06-18 00:00:00+00:00, run_after=2026-06-19 00:00:00+00:00
[2026-06-19T17:09:30.691+0000] {processor.py:208} INFO - Processing /home/airflow/.local/lib/python3.12/site-packages/airflow/example_dags/example_branch_datetime_operator.py took 0.476 seconds
[2026-06-19T17:10:01.271+0000] {processor.py:186} INFO - Started process (PID=330) to work on /home/airflow/.local/lib/python3.12/site-packages/airflow/example_dags/example_branch_datetime_operator.py
[2026-06-19T17:10:01.275+0000] {processor.py:914} INFO - Processing file /home/airflow/.local/lib/python3.12/site-packages/airflow/example_dags/example_branch_datetime_operator.py for tasks to queue
[2026-06-19T17:10:01.282+0000] {logging_mixin.py:190} INFO - [2026-06-19T17:10:01.281+0000] {dagbag.py:588} INFO - Filling up the DagBag from /home/airflow/.local/lib/python3.12/site-packages/airflow/example_dags/example_branch_datetime_operator.py
[2026-06-19T17:10:01.312+0000] {processor.py:925} INFO - DAG(s) 'example_branch_datetime_operator_2', 'example_branch_datetime_operator_3', 'example_branch_datetime_operator' retrieved from /home/airflow/.local/lib/python3.12/site-packages/airflow/example_dags/example_branch_datetime_operator.py
[2026-06-19T17:10:01.376+0000] {logging_mixin.py:190} INFO - [2026-06-19T17:10:01.376+0000] {dag.py:3239} INFO - Sync 3 DAGs
[2026-06-19T17:10:01.441+0000] {logging_mixin.py:190} INFO - [2026-06-19T17:10:01.440+0000] {dag.py:4180} INFO - Setting next_dagrun for example_branch_datetime_operator to 2026-06-18 00:00:00+00:00, run_after=2026-06-19 00:00:00+00:00
[2026-06-19T17:10:01.461+0000] {logging_mixin.py:190} INFO - [2026-06-19T17:10:01.461+0000] {dag.py:4180} INFO - Setting next_dagrun for example_branch_datetime_operator_2 to 2026-06-18 00:00:00+00:00, run_after=2026-06-19 00:00:00+00:00
[2026-06-19T17:10:01.468+0000] {logging_mixin.py:190} INFO - [2026-06-19T17:10:01.468+0000] {dag.py:4180} INFO - Setting next_dagrun for example_branch_datetime_operator_3 to 2026-06-18 00:00:00+00:00, run_after=2026-06-19 00:00:00+00:00
[2026-06-19T17:10:01.521+0000] {processor.py:208} INFO - Processing /home/airflow/.local/lib/python3.12/site-packages/airflow/example_dags/example_branch_datetime_operator.py took 0.264 seconds
[2026-06-19T17:10:31.577+0000] {processor.py:186} INFO - Started process (PID=395) to work on /home/airflow/.local/lib/python3.12/site-packages/airflow/example_dags/example_branch_datetime_operator.py
[2026-06-19T17:10:31.579+0000] {processor.py:914} INFO - Processing file /home/airflow/.local/lib/python3.12/site-packages/airflow/example_dags/example_branch_datetime_operator.py for tasks to queue
[2026-06-19T17:10:31.583+0000] {logging_mixin.py:190} INFO - [2026-06-19T17:10:31.583+0000] {dagbag.py:588} INFO - Filling up the DagBag from /home/airflow/.local/lib/python3.12/site-packages/airflow/example_dags/example_branch_datetime_operator.py
[2026-06-19T17:10:31.596+0000] {processor.py:925} INFO - DAG(s) 'example_branch_datetime_operator_3', 'example_branch_datetime_operator', 'example_branch_datetime_operator_2' retrieved from /home/airflow/.local/lib/python3.12/site-packages/airflow/example_dags/example_branch_datetime_operator.py
[2026-06-19T17:10:31.629+0000] {logging_mixin.py:190} INFO - [2026-06-19T17:10:31.628+0000] {dag.py:3239} INFO - Sync 3 DAGs
[2026-06-19T17:10:31.653+0000] {logging_mixin.py:190} INFO - [2026-06-19T17:10:31.653+0000] {dag.py:4180} INFO - Setting next_dagrun for example_branch_datetime_operator to 2026-06-18 00:00:00+00:00, run_after=2026-06-19 00:00:00+00:00
[2026-06-19T17:10:31.662+0000] {logging_mixin.py:190} INFO - [2026-06-19T17:10:31.662+0000] {dag.py:4180} INFO - Setting next_dagrun for example_branch_datetime_operator_2 to 2026-06-18 00:00:00+00:00, run_after=2026-06-19 00:00:00+00:00
[2026-06-19T17:10:31.666+0000] {logging_mixin.py:190} INFO - [2026-06-19T17:10:31.666+0000] {dag.py:4180} INFO - Setting next_dagrun for example_branch_datetime_operator_3 to 2026-06-18 00:00:00+00:00, run_after=2026-06-19 00:00:00+00:00
[2026-06-19T17:10:31.684+0000] {processor.py:208} INFO - Processing /home/airflow/.local/lib/python3.12/site-packages/airflow/example_dags/example_branch_datetime_operator.py took 0.113 seconds
[2026-06-19T17:11:01.905+0000] {processor.py:186} INFO - Started process (PID=459) to work on /home/airflow/.local/lib/python3.12/site-packages/airflow/example_dags/example_branch_datetime_operator.py
[2026-06-19T17:11:01.907+0000] {processor.py:914} INFO - Processing file /home/airflow/.local/lib/python3.12/site-packages/airflow/example_dags/example_branch_datetime_operator.py for tasks to queue
[2026-06-19T17:11:01.911+0000] {logging_mixin.py:190} INFO - [2026-06-19T17:11:01.910+0000] {dagbag.py:588} INFO - Filling up the DagBag from /home/airflow/.local/lib/python3.12/site-packages/airflow/example_dags/example_branch_datetime_operator.py
[2026-06-19T17:11:01.927+0000] {processor.py:925} INFO - DAG(s) 'example_branch_datetime_operator_2', 'example_branch_datetime_operator_3', 'example_branch_datetime_operator' retrieved from /home/airflow/.local/lib/python3.12/site-packages/airflow/example_dags/example_branch_datetime_operator.py
[2026-06-19T17:11:01.959+0000] {logging_mixin.py:190} INFO - [2026-06-19T17:11:01.959+0000] {dag.py:3239} INFO - Sync 3 DAGs
[2026-06-19T17:11:01.986+0000] {logging_mixin.py:190} INFO - [2026-06-19T17:11:01.986+0000] {dag.py:4180} INFO - Setting next_dagrun for example_branch_datetime_operator to 2026-06-18 00:00:00+00:00, run_after=2026-06-19 00:00:00+00:00
[2026-06-19T17:11:01.992+0000] {logging_mixin.py:190} INFO - [2026-06-19T17:11:01.992+0000] {dag.py:4180} INFO - Setting next_dagrun for example_branch_datetime_operator_2 to 2026-06-18 00:00:00+00:00, run_after=2026-06-19 00:00:00+00:00
[2026-06-19T17:11:01.997+0000] {logging_mixin.py:190} INFO - [2026-06-19T17:11:01.997+0000] {dag.py:4180} INFO - Setting next_dagrun for example_branch_datetime_operator_3 to 2026-06-18 00:00:00+00:00, run_after=2026-06-19 00:00:00+00:00
[2026-06-19T17:11:02.021+0000] {processor.py:208} INFO - Processing /home/airflow/.local/lib/python3.12/site-packages/airflow/example_dags/example_branch_datetime_operator.py took 0.122 seconds
[2026-06-19T17:11:32.162+0000] {processor.py:186} INFO - Started process (PID=523) to work on /home/airflow/.local/lib/python3.12/site-packages/airflow/example_dags/example_branch_datetime_operator.py
[2026-06-19T17:11:32.177+0000] {processor.py:914} INFO - Processing file /home/airflow/.local/lib/python3.12/site-packages/airflow/example_dags/example_branch_datetime_operator.py for tasks to queue
[2026-06-19T17:11:32.181+0000] {logging_mixin.py:190} INFO - [2026-06-19T17:11:32.180+0000] {dagbag.py:588} INFO - Filling up the DagBag from /home/airflow/.local/lib/python3.12/site-packages/airflow/example_dags/example_branch_datetime_operator.py
[2026-06-19T17:11:32.202+0000] {processor.py:925} INFO - DAG(s) 'example_branch_datetime_operator', 'example_branch_datetime_operator_3', 'example_branch_datetime_operator_2' retrieved from /home/airflow/.local/lib/python3.12/site-packages/airflow/example_dags/example_branch_datetime_operator.py
[2026-06-19T17:11:32.237+0000] {logging_mixin.py:190} INFO - [2026-06-19T17:11:32.236+0000] {dag.py:3239} INFO - Sync 3 DAGs
[2026-06-19T17:11:32.266+0000] {logging_mixin.py:190} INFO - [2026-06-19T17:11:32.266+0000] {dag.py:4180} INFO - Setting next_dagrun for example_branch_datetime_operator to 2026-06-18 00:00:00+00:00, run_after=2026-06-19 00:00:00+00:00
[2026-06-19T17:11:32.274+0000] {logging_mixin.py:190} INFO - [2026-06-19T17:11:32.274+0000] {dag.py:4180} INFO - Setting next_dagrun for example_branch_datetime_operator_2 to 2026-06-18 00:00:00+00:00, run_after=2026-06-19 00:00:00+00:00
[2026-06-19T17:11:32.278+0000] {logging_mixin.py:190} INFO - [2026-06-19T17:11:32.278+0000] {dag.py:4180} INFO - Setting next_dagrun for example_branch_datetime_operator_3 to 2026-06-18 00:00:00+00:00, run_after=2026-06-19 00:00:00+00:00
[2026-06-19T17:11:32.298+0000] {processor.py:208} INFO - Processing /home/airflow/.local/lib/python3.12/site-packages/airflow/example_dags/example_branch_datetime_operator.py took 0.141 seconds
[2026-06-19T17:12:03.203+0000] {processor.py:186} INFO - Started process (PID=587) to work on /home/airflow/.local/lib/python3.12/site-packages/airflow/example_dags/example_branch_datetime_operator.py
[2026-06-19T17:12:03.210+0000] {processor.py:914} INFO - Processing file /home/airflow/.local/lib/python3.12/site-packages/airflow/example_dags/example_branch_datetime_operator.py for tasks to queue
[2026-06-19T17:12:03.223+0000] {logging_mixin.py:190} INFO - [2026-06-19T17:12:03.221+0000] {dagbag.py:588} INFO - Filling up the DagBag from /home/airflow/.local/lib/python3.12/site-packages/airflow/example_dags/example_branch_datetime_operator.py
[2026-06-19T17:12:03.276+0000] {processor.py:925} INFO - DAG(s) 'example_branch_datetime_operator_2', 'example_branch_datetime_operator_3', 'example_branch_datetime_operator' retrieved from /home/airflow/.local/lib/python3.12/site-packages/airflow/example_dags/example_branch_datetime_operator.py
[2026-06-19T17:12:03.368+0000] {logging_mixin.py:190} INFO - [2026-06-19T17:12:03.368+0000] {dag.py:3239} INFO - Sync 3 DAGs
[2026-06-19T17:12:03.446+0000] {logging_mixin.py:190} INFO - [2026-06-19T17:12:03.445+0000] {dag.py:4180} INFO - Setting next_dagrun for example_branch_datetime_operator to 2026-06-18 00:00:00+00:00, run_after=2026-06-19 00:00:00+00:00
[2026-06-19T17:12:03.479+0000] {logging_mixin.py:190} INFO - [2026-06-19T17:12:03.478+0000] {dag.py:4180} INFO - Setting next_dagrun for example_branch_datetime_operator_2 to 2026-06-18 00:00:00+00:00, run_after=2026-06-19 00:00:00+00:00
[2026-06-19T17:12:03.504+0000] {logging_mixin.py:190} INFO - [2026-06-19T17:12:03.504+0000] {dag.py:4180} INFO - Setting next_dagrun for example_branch_datetime_operator_3 to 2026-06-18 00:00:00+00:00, run_after=2026-06-19 00:00:00+00:00
[2026-06-19T17:12:03.672+0000] {processor.py:208} INFO - Processing /home/airflow/.local/lib/python3.12/site-packages/airflow/example_dags/example_branch_datetime_operator.py took 0.495 seconds
[2026-06-19T17:12:34.451+0000] {processor.py:186} INFO - Started process (PID=651) to work on /home/airflow/.local/lib/python3.12/site-packages/airflow/example_dags/example_branch_datetime_operator.py
[2026-06-19T17:12:34.454+0000] {processor.py:914} INFO - Processing file /home/airflow/.local/lib/python3.12/site-packages/airflow/example_dags/example_branch_datetime_operator.py for tasks to queue
[2026-06-19T17:12:34.458+0000] {logging_mixin.py:190} INFO - [2026-06-19T17:12:34.458+0000] {dagbag.py:588} INFO - Filling up the DagBag from /home/airflow/.local/lib/python3.12/site-packages/airflow/example_dags/example_branch_datetime_operator.py
[2026-06-19T17:12:34.483+0000] {processor.py:925} INFO - DAG(s) 'example_branch_datetime_operator_3', 'example_branch_datetime_operator_2', 'example_branch_datetime_operator' retrieved from /home/airflow/.local/lib/python3.12/site-packages/airflow/example_dags/example_branch_datetime_operator.py
[2026-06-19T17:12:34.550+0000] {logging_mixin.py:190} INFO - [2026-06-19T17:12:34.549+0000] {dag.py:3239} INFO - Sync 3 DAGs
[2026-06-19T17:12:34.657+0000] {logging_mixin.py:190} INFO - [2026-06-19T17:12:34.657+0000] {dag.py:4180} INFO - Setting next_dagrun for example_branch_datetime_operator to 2026-06-18 00:00:00+00:00, run_after=2026-06-19 00:00:00+00:00
[2026-06-19T17:12:34.731+0000] {logging_mixin.py:190} INFO - [2026-06-19T17:12:34.720+0000] {dag.py:4180} INFO - Setting next_dagrun for example_branch_datetime_operator_2 to 2026-06-18 00:00:00+00:00, run_after=2026-06-19 00:00:00+00:00
[2026-06-19T17:12:34.757+0000] {logging_mixin.py:190} INFO - [2026-06-19T17:12:34.756+0000] {dag.py:4180} INFO - Setting next_dagrun for example_branch_datetime_operator_3 to 2026-06-18 00:00:00+00:00, run_after=2026-06-19 00:00:00+00:00
[2026-06-19T17:12:34.865+0000] {processor.py:208} INFO - Processing /home/airflow/.local/lib/python3.12/site-packages/airflow/example_dags/example_branch_datetime_operator.py took 0.420 seconds
[2026-06-19T17:13:05.754+0000] {processor.py:186} INFO - Started process (PID=715) to work on /home/airflow/.local/lib/python3.12/site-packages/airflow/example_dags/example_branch_datetime_operator.py
[2026-06-19T17:13:05.757+0000] {processor.py:914} INFO - Processing file /home/airflow/.local/lib/python3.12/site-packages/airflow/example_dags/example_branch_datetime_operator.py for tasks to queue
[2026-06-19T17:13:05.760+0000] {logging_mixin.py:190} INFO - [2026-06-19T17:13:05.759+0000] {dagbag.py:588} INFO - Filling up the DagBag from /home/airflow/.local/lib/python3.12/site-packages/airflow/example_dags/example_branch_datetime_operator.py
[2026-06-19T17:13:05.773+0000] {processor.py:925} INFO - DAG(s) 'example_branch_datetime_operator_3', 'example_branch_datetime_operator_2', 'example_branch_datetime_operator' retrieved from /home/airflow/.local/lib/python3.12/site-packages/airflow/example_dags/example_branch_datetime_operator.py
[2026-06-19T17:13:05.806+0000] {logging_mixin.py:190} INFO - [2026-06-19T17:13:05.806+0000] {dag.py:3239} INFO - Sync 3 DAGs
[2026-06-19T17:13:05.838+0000] {logging_mixin.py:190} INFO - [2026-06-19T17:13:05.838+0000] {dag.py:4180} INFO - Setting next_dagrun for example_branch_datetime_operator to 2026-06-18 00:00:00+00:00, run_after=2026-06-19 00:00:00+00:00
[2026-06-19T17:13:05.850+0000] {logging_mixin.py:190} INFO - [2026-06-19T17:13:05.849+0000] {dag.py:4180} INFO - Setting next_dagrun for example_branch_datetime_operator_2 to 2026-06-18 00:00:00+00:00, run_after=2026-06-19 00:00:00+00:00
[2026-06-19T17:13:05.856+0000] {logging_mixin.py:190} INFO - [2026-06-19T17:13:05.855+0000] {dag.py:4180} INFO - Setting next_dagrun for example_branch_datetime_operator_3 to 2026-06-18 00:00:00+00:00, run_after=2026-06-19 00:00:00+00:00
[2026-06-19T17:13:05.882+0000] {processor.py:208} INFO - Processing /home/airflow/.local/lib/python3.12/site-packages/airflow/example_dags/example_branch_datetime_operator.py took 0.134 seconds
[2026-06-19T17:13:39.564+0000] {processor.py:186} INFO - Started process (PID=784) to work on /home/airflow/.local/lib/python3.12/site-packages/airflow/example_dags/example_branch_datetime_operator.py
[2026-06-19T17:13:39.575+0000] {processor.py:914} INFO - Processing file /home/airflow/.local/lib/python3.12/site-packages/airflow/example_dags/example_branch_datetime_operator.py for tasks to queue
[2026-06-19T17:13:39.584+0000] {logging_mixin.py:190} INFO - [2026-06-19T17:13:39.583+0000] {dagbag.py:588} INFO - Filling up the DagBag from /home/airflow/.local/lib/python3.12/site-packages/airflow/example_dags/example_branch_datetime_operator.py
[2026-06-19T17:13:39.653+0000] {processor.py:925} INFO - DAG(s) 'example_branch_datetime_operator_3', 'example_branch_datetime_operator', 'example_branch_datetime_operator_2' retrieved from /home/airflow/.local/lib/python3.12/site-packages/airflow/example_dags/example_branch_datetime_operator.py
[2026-06-19T17:13:39.797+0000] {logging_mixin.py:190} INFO - [2026-06-19T17:13:39.796+0000] {dag.py:3239} INFO - Sync 3 DAGs
[2026-06-19T17:13:39.930+0000] {logging_mixin.py:190} INFO - [2026-06-19T17:13:39.929+0000] {dag.py:4180} INFO - Setting next_dagrun for example_branch_datetime_operator to 2026-06-18 00:00:00+00:00, run_after=2026-06-19 00:00:00+00:00
[2026-06-19T17:13:39.959+0000] {logging_mixin.py:190} INFO - [2026-06-19T17:13:39.958+0000] {dag.py:4180} INFO - Setting next_dagrun for example_branch_datetime_operator_2 to 2026-06-18 00:00:00+00:00, run_after=2026-06-19 00:00:00+00:00
[2026-06-19T17:13:39.988+0000] {logging_mixin.py:190} INFO - [2026-06-19T17:13:39.987+0000] {dag.py:4180} INFO - Setting next_dagrun for example_branch_datetime_operator_3 to 2026-06-18 00:00:00+00:00, run_after=2026-06-19 00:00:00+00:00
[2026-06-19T17:13:40.129+0000] {processor.py:208} INFO - Processing /home/airflow/.local/lib/python3.12/site-packages/airflow/example_dags/example_branch_datetime_operator.py took 0.595 seconds
[2026-06-19T17:14:11.177+0000] {processor.py:186} INFO - Started process (PID=842) to work on /home/airflow/.local/lib/python3.12/site-packages/airflow/example_dags/example_branch_datetime_operator.py
[2026-06-19T17:14:11.188+0000] {processor.py:914} INFO - Processing file /home/airflow/.local/lib/python3.12/site-packages/airflow/example_dags/example_branch_datetime_operator.py for tasks to queue
[2026-06-19T17:14:11.202+0000] {logging_mixin.py:190} INFO - [2026-06-19T17:14:11.198+0000] {dagbag.py:588} INFO - Filling up the DagBag from /home/airflow/.local/lib/python3.12/site-packages/airflow/example_dags/example_branch_datetime_operator.py
[2026-06-19T17:14:11.269+0000] {processor.py:925} INFO - DAG(s) 'example_branch_datetime_operator', 'example_branch_datetime_operator_3', 'example_branch_datetime_operator_2' retrieved from /home/airflow/.local/lib/python3.12/site-packages/airflow/example_dags/example_branch_datetime_operator.py
[2026-06-19T17:14:11.397+0000] {logging_mixin.py:190} INFO - [2026-06-19T17:14:11.397+0000] {dag.py:3239} INFO - Sync 3 DAGs
[2026-06-19T17:14:11.573+0000] {logging_mixin.py:190} INFO - [2026-06-19T17:14:11.572+0000] {dag.py:4180} INFO - Setting next_dagrun for example_branch_datetime_operator to 2026-06-18 00:00:00+00:00, run_after=2026-06-19 00:00:00+00:00
[2026-06-19T17:14:11.592+0000] {logging_mixin.py:190} INFO - [2026-06-19T17:14:11.592+0000] {dag.py:4180} INFO - Setting next_dagrun for example_branch_datetime_operator_2 to 2026-06-18 00:00:00+00:00, run_after=2026-06-19 00:00:00+00:00
[2026-06-19T17:14:11.604+0000] {logging_mixin.py:190} INFO - [2026-06-19T17:14:11.604+0000] {dag.py:4180} INFO - Setting next_dagrun for example_branch_datetime_operator_3 to 2026-06-18 00:00:00+00:00, run_after=2026-06-19 00:00:00+00:00
[2026-06-19T17:14:11.659+0000] {processor.py:208} INFO - Processing /home/airflow/.local/lib/python3.12/site-packages/airflow/example_dags/example_branch_datetime_operator.py took 0.506 seconds
[2026-06-19T17:14:44.768+0000] {processor.py:186} INFO - Started process (PID=906) to work on /home/airflow/.local/lib/python3.12/site-packages/airflow/example_dags/example_branch_datetime_operator.py
[2026-06-19T17:14:44.776+0000] {processor.py:914} INFO - Processing file /home/airflow/.local/lib/python3.12/site-packages/airflow/example_dags/example_branch_datetime_operator.py for tasks to queue
[2026-06-19T17:14:44.790+0000] {logging_mixin.py:190} INFO - [2026-06-19T17:14:44.789+0000] {dagbag.py:588} INFO - Filling up the DagBag from /home/airflow/.local/lib/python3.12/site-packages/airflow/example_dags/example_branch_datetime_operator.py
[2026-06-19T17:14:44.893+0000] {processor.py:925} INFO - DAG(s) 'example_branch_datetime_operator_3', 'example_branch_datetime_operator', 'example_branch_datetime_operator_2' retrieved from /home/airflow/.local/lib/python3.12/site-packages/airflow/example_dags/example_branch_datetime_operator.py
[2026-06-19T17:14:45.060+0000] {logging_mixin.py:190} INFO - [2026-06-19T17:14:45.060+0000] {dag.py:3239} INFO - Sync 3 DAGs
[2026-06-19T17:14:45.210+0000] {logging_mixin.py:190} INFO - [2026-06-19T17:14:45.209+0000] {dag.py:4180} INFO - Setting next_dagrun for example_branch_datetime_operator to 2026-06-18 00:00:00+00:00, run_after=2026-06-19 00:00:00+00:00
[2026-06-19T17:14:45.243+0000] {logging_mixin.py:190} INFO - [2026-06-19T17:14:45.243+0000] {dag.py:4180} INFO - Setting next_dagrun for example_branch_datetime_operator_2 to 2026-06-18 00:00:00+00:00, run_after=2026-06-19 00:00:00+00:00
[2026-06-19T17:14:45.262+0000] {logging_mixin.py:190} INFO - [2026-06-19T17:14:45.262+0000] {dag.py:4180} INFO - Setting next_dagrun for example_branch_datetime_operator_3 to 2026-06-18 00:00:00+00:00, run_after=2026-06-19 00:00:00+00:00
[2026-06-19T17:14:45.385+0000] {processor.py:208} INFO - Processing /home/airflow/.local/lib/python3.12/site-packages/airflow/example_dags/example_branch_datetime_operator.py took 0.648 seconds
[2026-06-19T17:15:15.542+0000] {processor.py:186} INFO - Started process (PID=969) to work on /home/airflow/.local/lib/python3.12/site-packages/airflow/example_dags/example_branch_datetime_operator.py
[2026-06-19T17:15:15.547+0000] {processor.py:914} INFO - Processing file /home/airflow/.local/lib/python3.12/site-packages/airflow/example_dags/example_branch_datetime_operator.py for tasks to queue
[2026-06-19T17:15:15.554+0000] {logging_mixin.py:190} INFO - [2026-06-19T17:15:15.553+0000] {dagbag.py:588} INFO - Filling up the DagBag from /home/airflow/.local/lib/python3.12/site-packages/airflow/example_dags/example_branch_datetime_operator.py
[2026-06-19T17:15:15.579+0000] {processor.py:925} INFO - DAG(s) 'example_branch_datetime_operator_3', 'example_branch_datetime_operator', 'example_branch_datetime_operator_2' retrieved from /home/airflow/.local/lib/python3.12/site-packages/airflow/example_dags/example_branch_datetime_operator.py
[2026-06-19T17:15:15.636+0000] {logging_mixin.py:190} INFO - [2026-06-19T17:15:15.636+0000] {dag.py:3239} INFO - Sync 3 DAGs
[2026-06-19T17:15:15.684+0000] {logging_mixin.py:190} INFO - [2026-06-19T17:15:15.683+0000] {dag.py:4180} INFO - Setting next_dagrun for example_branch_datetime_operator to 2026-06-18 00:00:00+00:00, run_after=2026-06-19 00:00:00+00:00
[2026-06-19T17:15:15.694+0000] {logging_mixin.py:190} INFO - [2026-06-19T17:15:15.694+0000] {dag.py:4180} INFO - Setting next_dagrun for example_branch_datetime_operator_2 to 2026-06-18 00:00:00+00:00, run_after=2026-06-19 00:00:00+00:00
[2026-06-19T17:15:15.701+0000] {logging_mixin.py:190} INFO - [2026-06-19T17:15:15.701+0000] {dag.py:4180} INFO - Setting next_dagrun for example_branch_datetime_operator_3 to 2026-06-18 00:00:00+00:00, run_after=2026-06-19 00:00:00+00:00
[2026-06-19T17:15:15.736+0000] {processor.py:208} INFO - Processing /home/airflow/.local/lib/python3.12/site-packages/airflow/example_dags/example_branch_datetime_operator.py took 0.209 seconds
[2026-06-19T17:15:46.367+0000] {processor.py:186} INFO - Started process (PID=1033) to work on /home/airflow/.local/lib/python3.12/site-packages/airflow/example_dags/example_branch_datetime_operator.py
[2026-06-19T17:15:46.373+0000] {processor.py:914} INFO - Processing file /home/airflow/.local/lib/python3.12/site-packages/airflow/example_dags/example_branch_datetime_operator.py for tasks to queue
[2026-06-19T17:15:46.379+0000] {logging_mixin.py:190} INFO - [2026-06-19T17:15:46.378+0000] {dagbag.py:588} INFO - Filling up the DagBag from /home/airflow/.local/lib/python3.12/site-packages/airflow/example_dags/example_branch_datetime_operator.py
[2026-06-19T17:15:46.405+0000] {processor.py:925} INFO - DAG(s) 'example_branch_datetime_operator_3', 'example_branch_datetime_operator', 'example_branch_datetime_operator_2' retrieved from /home/airflow/.local/lib/python3.12/site-packages/airflow/example_dags/example_branch_datetime_operator.py
[2026-06-19T17:15:46.459+0000] {logging_mixin.py:190} INFO - [2026-06-19T17:15:46.459+0000] {dag.py:3239} INFO - Sync 3 DAGs
[2026-06-19T17:15:46.503+0000] {logging_mixin.py:190} INFO - [2026-06-19T17:15:46.503+0000] {dag.py:4180} INFO - Setting next_dagrun for example_branch_datetime_operator to 2026-06-18 00:00:00+00:00, run_after=2026-06-19 00:00:00+00:00
[2026-06-19T17:15:46.515+0000] {logging_mixin.py:190} INFO - [2026-06-19T17:15:46.515+0000] {dag.py:4180} INFO - Setting next_dagrun for example_branch_datetime_operator_2 to 2026-06-18 00:00:00+00:00, run_after=2026-06-19 00:00:00+00:00
[2026-06-19T17:15:46.522+0000] {logging_mixin.py:190} INFO - [2026-06-19T17:15:46.522+0000] {dag.py:4180} INFO - Setting next_dagrun for example_branch_datetime_operator_3 to 2026-06-18 00:00:00+00:00, run_after=2026-06-19 00:00:00+00:00
[2026-06-19T17:15:46.551+0000] {processor.py:208} INFO - Processing /home/airflow/.local/lib/python3.12/site-packages/airflow/example_dags/example_branch_datetime_operator.py took 0.199 seconds
[2026-06-19T17:16:16.935+0000] {processor.py:186} INFO - Started process (PID=1098) to work on /home/airflow/.local/lib/python3.12/site-packages/airflow/example_dags/example_branch_datetime_operator.py
[2026-06-19T17:16:16.939+0000] {processor.py:914} INFO - Processing file /home/airflow/.local/lib/python3.12/site-packages/airflow/example_dags/example_branch_datetime_operator.py for tasks to queue
[2026-06-19T17:16:16.947+0000] {logging_mixin.py:190} INFO - [2026-06-19T17:16:16.945+0000] {dagbag.py:588} INFO - Filling up the DagBag from /home/airflow/.local/lib/python3.12/site-packages/airflow/example_dags/example_branch_datetime_operator.py
[2026-06-19T17:16:16.976+0000] {processor.py:925} INFO - DAG(s) 'example_branch_datetime_operator_2', 'example_branch_datetime_operator', 'example_branch_datetime_operator_3' retrieved from /home/airflow/.local/lib/python3.12/site-packages/airflow/example_dags/example_branch_datetime_operator.py
[2026-06-19T17:16:17.036+0000] {logging_mixin.py:190} INFO - [2026-06-19T17:16:17.036+0000] {dag.py:3239} INFO - Sync 3 DAGs
[2026-06-19T17:16:17.085+0000] {logging_mixin.py:190} INFO - [2026-06-19T17:16:17.085+0000] {dag.py:4180} INFO - Setting next_dagrun for example_branch_datetime_operator to 2026-06-18 00:00:00+00:00, run_after=2026-06-19 00:00:00+00:00
[2026-06-19T17:16:17.097+0000] {logging_mixin.py:190} INFO - [2026-06-19T17:16:17.097+0000] {dag.py:4180} INFO - Setting next_dagrun for example_branch_datetime_operator_2 to 2026-06-18 00:00:00+00:00, run_after=2026-06-19 00:00:00+00:00
[2026-06-19T17:16:17.109+0000] {logging_mixin.py:190} INFO - [2026-06-19T17:16:17.108+0000] {dag.py:4180} INFO - Setting next_dagrun for example_branch_datetime_operator_3 to 2026-06-18 00:00:00+00:00, run_after=2026-06-19 00:00:00+00:00
[2026-06-19T17:16:17.145+0000] {processor.py:208} INFO - Processing /home/airflow/.local/lib/python3.12/site-packages/airflow/example_dags/example_branch_datetime_operator.py took 0.223 seconds
[2026-06-19T17:16:47.400+0000] {processor.py:186} INFO - Started process (PID=1161) to work on /home/airflow/.local/lib/python3.12/site-packages/airflow/example_dags/example_branch_datetime_operator.py
[2026-06-19T17:16:47.408+0000] {processor.py:914} INFO - Processing file /home/airflow/.local/lib/python3.12/site-packages/airflow/example_dags/example_branch_datetime_operator.py for tasks to queue
[2026-06-19T17:16:47.429+0000] {logging_mixin.py:190} INFO - [2026-06-19T17:16:47.428+0000] {dagbag.py:588} INFO - Filling up the DagBag from /home/airflow/.local/lib/python3.12/site-packages/airflow/example_dags/example_branch_datetime_operator.py
[2026-06-19T17:16:47.515+0000] {processor.py:925} INFO - DAG(s) 'example_branch_datetime_operator_3', 'example_branch_datetime_operator', 'example_branch_datetime_operator_2' retrieved from /home/airflow/.local/lib/python3.12/site-packages/airflow/example_dags/example_branch_datetime_operator.py
[2026-06-19T17:16:47.679+0000] {logging_mixin.py:190} INFO - [2026-06-19T17:16:47.679+0000] {dag.py:3239} INFO - Sync 3 DAGs
[2026-06-19T17:16:47.769+0000] {logging_mixin.py:190} INFO - [2026-06-19T17:16:47.768+0000] {dag.py:4180} INFO - Setting next_dagrun for example_branch_datetime_operator to 2026-06-18 00:00:00+00:00, run_after=2026-06-19 00:00:00+00:00
[2026-06-19T17:16:47.790+0000] {logging_mixin.py:190} INFO - [2026-06-19T17:16:47.789+0000] {dag.py:4180} INFO - Setting next_dagrun for example_branch_datetime_operator_2 to 2026-06-18 00:00:00+00:00, run_after=2026-06-19 00:00:00+00:00
[2026-06-19T17:16:47.798+0000] {logging_mixin.py:190} INFO - [2026-06-19T17:16:47.797+0000] {dag.py:4180} INFO - Setting next_dagrun for example_branch_datetime_operator_3 to 2026-06-18 00:00:00+00:00, run_after=2026-06-19 00:00:00+00:00
[2026-06-19T17:16:47.837+0000] {processor.py:208} INFO - Processing /home/airflow/.local/lib/python3.12/site-packages/airflow/example_dags/example_branch_datetime_operator.py took 0.476 seconds
[2026-06-19T17:17:18.371+0000] {processor.py:186} INFO - Started process (PID=1225) to work on /home/airflow/.local/lib/python3.12/site-packages/airflow/example_dags/example_branch_datetime_operator.py
[2026-06-19T17:17:18.377+0000] {processor.py:914} INFO - Processing file /home/airflow/.local/lib/python3.12/site-packages/airflow/example_dags/example_branch_datetime_operator.py for tasks to queue
[2026-06-19T17:17:18.397+0000] {logging_mixin.py:190} INFO - [2026-06-19T17:17:18.395+0000] {dagbag.py:588} INFO - Filling up the DagBag from /home/airflow/.local/lib/python3.12/site-packages/airflow/example_dags/example_branch_datetime_operator.py
[2026-06-19T17:17:18.442+0000] {processor.py:925} INFO - DAG(s) 'example_branch_datetime_operator', 'example_branch_datetime_operator_2', 'example_branch_datetime_operator_3' retrieved from /home/airflow/.local/lib/python3.12/site-packages/airflow/example_dags/example_branch_datetime_operator.py
[2026-06-19T17:17:18.528+0000] {logging_mixin.py:190} INFO - [2026-06-19T17:17:18.527+0000] {dag.py:3239} INFO - Sync 3 DAGs
[2026-06-19T17:17:18.625+0000] {logging_mixin.py:190} INFO - [2026-06-19T17:17:18.624+0000] {dag.py:4180} INFO - Setting next_dagrun for example_branch_datetime_operator to 2026-06-18 00:00:00+00:00, run_after=2026-06-19 00:00:00+00:00
[2026-06-19T17:17:18.642+0000] {logging_mixin.py:190} INFO - [2026-06-19T17:17:18.641+0000] {dag.py:4180} INFO - Setting next_dagrun for example_branch_datetime_operator_2 to 2026-06-18 00:00:00+00:00, run_after=2026-06-19 00:00:00+00:00
[2026-06-19T17:17:18.652+0000] {logging_mixin.py:190} INFO - [2026-06-19T17:17:18.651+0000] {dag.py:4180} INFO - Setting next_dagrun for example_branch_datetime_operator_3 to 2026-06-18 00:00:00+00:00, run_after=2026-06-19 00:00:00+00:00
[2026-06-19T17:17:18.700+0000] {processor.py:208} INFO - Processing /home/airflow/.local/lib/python3.12/site-packages/airflow/example_dags/example_branch_datetime_operator.py took 0.353 seconds
[2026-06-19T17:17:49.271+0000] {processor.py:186} INFO - Started process (PID=1288) to work on /home/airflow/.local/lib/python3.12/site-packages/airflow/example_dags/example_branch_datetime_operator.py
[2026-06-19T17:17:49.321+0000] {processor.py:914} INFO - Processing file /home/airflow/.local/lib/python3.12/site-packages/airflow/example_dags/example_branch_datetime_operator.py for tasks to queue
[2026-06-19T17:17:49.401+0000] {logging_mixin.py:190} INFO - [2026-06-19T17:17:49.400+0000] {dagbag.py:588} INFO - Filling up the DagBag from /home/airflow/.local/lib/python3.12/site-packages/airflow/example_dags/example_branch_datetime_operator.py
[2026-06-19T17:17:49.528+0000] {processor.py:925} INFO - DAG(s) 'example_branch_datetime_operator_3', 'example_branch_datetime_operator', 'example_branch_datetime_operator_2' retrieved from /home/airflow/.local/lib/python3.12/site-packages/airflow/example_dags/example_branch_datetime_operator.py
[2026-06-19T17:17:49.701+0000] {logging_mixin.py:190} INFO - [2026-06-19T17:17:49.700+0000] {dag.py:3239} INFO - Sync 3 DAGs
[2026-06-19T17:17:49.827+0000] {logging_mixin.py:190} INFO - [2026-06-19T17:17:49.826+0000] {dag.py:4180} INFO - Setting next_dagrun for example_branch_datetime_operator to 2026-06-18 00:00:00+00:00, run_after=2026-06-19 00:00:00+00:00
[2026-06-19T17:17:49.876+0000] {logging_mixin.py:190} INFO - [2026-06-19T17:17:49.875+0000] {dag.py:4180} INFO - Setting next_dagrun for example_branch_datetime_operator_2 to 2026-06-18 00:00:00+00:00, run_after=2026-06-19 00:00:00+00:00
[2026-06-19T17:17:49.923+0000] {logging_mixin.py:190} INFO - [2026-06-19T17:17:49.912+0000] {dag.py:4180} INFO - Setting next_dagrun for example_branch_datetime_operator_3 to 2026-06-18 00:00:00+00:00, run_after=2026-06-19 00:00:00+00:00
[2026-06-19T17:17:50.043+0000] {processor.py:208} INFO - Processing /home/airflow/.local/lib/python3.12/site-packages/airflow/example_dags/example_branch_datetime_operator.py took 0.821 seconds
