[2026-06-19T16:38:51.460+0000] {processor.py:186} INFO - Started process (PID=106) to work on /home/airflow/.local/lib/python3.12/site-packages/airflow/example_dags/example_external_task_marker_dag.py
[2026-06-19T16:38:51.462+0000] {processor.py:914} INFO - Processing file /home/airflow/.local/lib/python3.12/site-packages/airflow/example_dags/example_external_task_marker_dag.py for tasks to queue
[2026-06-19T16:38:51.467+0000] {logging_mixin.py:190} INFO - [2026-06-19T16:38:51.466+0000] {dagbag.py:588} INFO - Filling up the DagBag from /home/airflow/.local/lib/python3.12/site-packages/airflow/example_dags/example_external_task_marker_dag.py
[2026-06-19T16:38:51.483+0000] {processor.py:925} INFO - DAG(s) 'example_external_task_marker_parent', 'example_external_task_marker_child' retrieved from /home/airflow/.local/lib/python3.12/site-packages/airflow/example_dags/example_external_task_marker_dag.py
[2026-06-19T16:38:51.523+0000] {logging_mixin.py:190} INFO - [2026-06-19T16:38:51.522+0000] {dag.py:3239} INFO - Sync 2 DAGs
[2026-06-19T16:38:51.551+0000] {logging_mixin.py:190} INFO - [2026-06-19T16:38:51.551+0000] {dag.py:4180} INFO - Setting next_dagrun for example_external_task_marker_child to None, run_after=None
[2026-06-19T16:38:51.565+0000] {logging_mixin.py:190} INFO - [2026-06-19T16:38:51.564+0000] {dag.py:4180} INFO - Setting next_dagrun for example_external_task_marker_parent to None, run_after=None
[2026-06-19T16:38:51.604+0000] {processor.py:208} INFO - Processing /home/airflow/.local/lib/python3.12/site-packages/airflow/example_dags/example_external_task_marker_dag.py took 0.154 seconds
[2026-06-19T16:39:24.208+0000] {processor.py:186} INFO - Started process (PID=169) to work on /home/airflow/.local/lib/python3.12/site-packages/airflow/example_dags/example_external_task_marker_dag.py
[2026-06-19T16:39:24.214+0000] {processor.py:914} INFO - Processing file /home/airflow/.local/lib/python3.12/site-packages/airflow/example_dags/example_external_task_marker_dag.py for tasks to queue
[2026-06-19T16:39:24.231+0000] {logging_mixin.py:190} INFO - [2026-06-19T16:39:24.230+0000] {dagbag.py:588} INFO - Filling up the DagBag from /home/airflow/.local/lib/python3.12/site-packages/airflow/example_dags/example_external_task_marker_dag.py
[2026-06-19T16:39:24.283+0000] {processor.py:925} INFO - DAG(s) 'example_external_task_marker_parent', 'example_external_task_marker_child' retrieved from /home/airflow/.local/lib/python3.12/site-packages/airflow/example_dags/example_external_task_marker_dag.py
[2026-06-19T16:39:24.369+0000] {logging_mixin.py:190} INFO - [2026-06-19T16:39:24.368+0000] {dag.py:3239} INFO - Sync 2 DAGs
[2026-06-19T16:39:24.434+0000] {logging_mixin.py:190} INFO - [2026-06-19T16:39:24.433+0000] {dag.py:4180} INFO - Setting next_dagrun for example_external_task_marker_child to None, run_after=None
[2026-06-19T16:39:24.452+0000] {logging_mixin.py:190} INFO - [2026-06-19T16:39:24.451+0000] {dag.py:4180} INFO - Setting next_dagrun for example_external_task_marker_parent to None, run_after=None
[2026-06-19T16:39:24.522+0000] {processor.py:208} INFO - Processing /home/airflow/.local/lib/python3.12/site-packages/airflow/example_dags/example_external_task_marker_dag.py took 0.338 seconds
[2026-06-19T16:39:55.445+0000] {processor.py:186} INFO - Started process (PID=233) to work on /home/airflow/.local/lib/python3.12/site-packages/airflow/example_dags/example_external_task_marker_dag.py
[2026-06-19T16:39:55.450+0000] {processor.py:914} INFO - Processing file /home/airflow/.local/lib/python3.12/site-packages/airflow/example_dags/example_external_task_marker_dag.py for tasks to queue
[2026-06-19T16:39:55.459+0000] {logging_mixin.py:190} INFO - [2026-06-19T16:39:55.458+0000] {dagbag.py:588} INFO - Filling up the DagBag from /home/airflow/.local/lib/python3.12/site-packages/airflow/example_dags/example_external_task_marker_dag.py
[2026-06-19T16:39:55.486+0000] {processor.py:925} INFO - DAG(s) 'example_external_task_marker_parent', 'example_external_task_marker_child' retrieved from /home/airflow/.local/lib/python3.12/site-packages/airflow/example_dags/example_external_task_marker_dag.py
[2026-06-19T16:39:55.536+0000] {logging_mixin.py:190} INFO - [2026-06-19T16:39:55.535+0000] {dag.py:3239} INFO - Sync 2 DAGs
[2026-06-19T16:39:55.566+0000] {logging_mixin.py:190} INFO - [2026-06-19T16:39:55.566+0000] {dag.py:4180} INFO - Setting next_dagrun for example_external_task_marker_child to None, run_after=None
[2026-06-19T16:39:55.576+0000] {logging_mixin.py:190} INFO - [2026-06-19T16:39:55.575+0000] {dag.py:4180} INFO - Setting next_dagrun for example_external_task_marker_parent to None, run_after=None
[2026-06-19T16:39:55.609+0000] {processor.py:208} INFO - Processing /home/airflow/.local/lib/python3.12/site-packages/airflow/example_dags/example_external_task_marker_dag.py took 0.190 seconds
[2026-06-19T16:42:17.607+0000] {processor.py:186} INFO - Started process (PID=117) to work on /home/airflow/.local/lib/python3.12/site-packages/airflow/example_dags/example_external_task_marker_dag.py
[2026-06-19T16:42:17.612+0000] {processor.py:914} INFO - Processing file /home/airflow/.local/lib/python3.12/site-packages/airflow/example_dags/example_external_task_marker_dag.py for tasks to queue
[2026-06-19T16:42:17.620+0000] {logging_mixin.py:190} INFO - [2026-06-19T16:42:17.620+0000] {dagbag.py:588} INFO - Filling up the DagBag from /home/airflow/.local/lib/python3.12/site-packages/airflow/example_dags/example_external_task_marker_dag.py
[2026-06-19T16:42:17.648+0000] {processor.py:925} INFO - DAG(s) 'example_external_task_marker_parent', 'example_external_task_marker_child' retrieved from /home/airflow/.local/lib/python3.12/site-packages/airflow/example_dags/example_external_task_marker_dag.py
[2026-06-19T16:42:17.717+0000] {logging_mixin.py:190} INFO - [2026-06-19T16:42:17.716+0000] {dag.py:3239} INFO - Sync 2 DAGs
[2026-06-19T16:42:17.769+0000] {logging_mixin.py:190} INFO - [2026-06-19T16:42:17.768+0000] {dag.py:4180} INFO - Setting next_dagrun for example_external_task_marker_child to None, run_after=None
[2026-06-19T16:42:17.783+0000] {logging_mixin.py:190} INFO - [2026-06-19T16:42:17.780+0000] {dag.py:4180} INFO - Setting next_dagrun for example_external_task_marker_parent to None, run_after=None
[2026-06-19T16:42:17.914+0000] {processor.py:208} INFO - Processing /home/airflow/.local/lib/python3.12/site-packages/airflow/example_dags/example_external_task_marker_dag.py took 0.337 seconds
[2026-06-19T16:43:18.629+0000] {processor.py:186} INFO - Started process (PID=205) to work on /home/airflow/.local/lib/python3.12/site-packages/airflow/example_dags/example_external_task_marker_dag.py
[2026-06-19T16:43:18.642+0000] {processor.py:914} INFO - Processing file /home/airflow/.local/lib/python3.12/site-packages/airflow/example_dags/example_external_task_marker_dag.py for tasks to queue
[2026-06-19T16:43:18.650+0000] {logging_mixin.py:190} INFO - [2026-06-19T16:43:18.650+0000] {dagbag.py:588} INFO - Filling up the DagBag from /home/airflow/.local/lib/python3.12/site-packages/airflow/example_dags/example_external_task_marker_dag.py
[2026-06-19T16:43:18.687+0000] {processor.py:925} INFO - DAG(s) 'example_external_task_marker_parent', 'example_external_task_marker_child' retrieved from /home/airflow/.local/lib/python3.12/site-packages/airflow/example_dags/example_external_task_marker_dag.py
[2026-06-19T16:43:18.808+0000] {logging_mixin.py:190} INFO - [2026-06-19T16:43:18.808+0000] {dag.py:3239} INFO - Sync 2 DAGs
[2026-06-19T16:43:18.917+0000] {logging_mixin.py:190} INFO - [2026-06-19T16:43:18.917+0000] {dag.py:4180} INFO - Setting next_dagrun for example_external_task_marker_child to None, run_after=None
[2026-06-19T16:43:18.930+0000] {logging_mixin.py:190} INFO - [2026-06-19T16:43:18.930+0000] {dag.py:4180} INFO - Setting next_dagrun for example_external_task_marker_parent to None, run_after=None
[2026-06-19T16:43:19.033+0000] {processor.py:208} INFO - Processing /home/airflow/.local/lib/python3.12/site-packages/airflow/example_dags/example_external_task_marker_dag.py took 0.438 seconds
[2026-06-19T16:43:56.245+0000] {processor.py:186} INFO - Started process (PID=269) to work on /home/airflow/.local/lib/python3.12/site-packages/airflow/example_dags/example_external_task_marker_dag.py
[2026-06-19T16:43:56.273+0000] {processor.py:914} INFO - Processing file /home/airflow/.local/lib/python3.12/site-packages/airflow/example_dags/example_external_task_marker_dag.py for tasks to queue
[2026-06-19T16:43:56.292+0000] {logging_mixin.py:190} INFO - [2026-06-19T16:43:56.291+0000] {dagbag.py:588} INFO - Filling up the DagBag from /home/airflow/.local/lib/python3.12/site-packages/airflow/example_dags/example_external_task_marker_dag.py
[2026-06-19T16:43:56.373+0000] {processor.py:925} INFO - DAG(s) 'example_external_task_marker_parent', 'example_external_task_marker_child' retrieved from /home/airflow/.local/lib/python3.12/site-packages/airflow/example_dags/example_external_task_marker_dag.py
[2026-06-19T16:43:56.688+0000] {logging_mixin.py:190} INFO - [2026-06-19T16:43:56.676+0000] {dag.py:3239} INFO - Sync 2 DAGs
[2026-06-19T16:43:56.873+0000] {logging_mixin.py:190} INFO - [2026-06-19T16:43:56.872+0000] {dag.py:4180} INFO - Setting next_dagrun for example_external_task_marker_child to None, run_after=None
[2026-06-19T16:43:56.910+0000] {logging_mixin.py:190} INFO - [2026-06-19T16:43:56.909+0000] {dag.py:4180} INFO - Setting next_dagrun for example_external_task_marker_parent to None, run_after=None
[2026-06-19T16:43:57.096+0000] {processor.py:208} INFO - Processing /home/airflow/.local/lib/python3.12/site-packages/airflow/example_dags/example_external_task_marker_dag.py took 0.902 seconds
[2026-06-19T16:44:32.270+0000] {processor.py:186} INFO - Started process (PID=337) to work on /home/airflow/.local/lib/python3.12/site-packages/airflow/example_dags/example_external_task_marker_dag.py
[2026-06-19T16:44:32.274+0000] {processor.py:914} INFO - Processing file /home/airflow/.local/lib/python3.12/site-packages/airflow/example_dags/example_external_task_marker_dag.py for tasks to queue
[2026-06-19T16:44:32.282+0000] {logging_mixin.py:190} INFO - [2026-06-19T16:44:32.281+0000] {dagbag.py:588} INFO - Filling up the DagBag from /home/airflow/.local/lib/python3.12/site-packages/airflow/example_dags/example_external_task_marker_dag.py
[2026-06-19T16:44:32.316+0000] {processor.py:925} INFO - DAG(s) 'example_external_task_marker_parent', 'example_external_task_marker_child' retrieved from /home/airflow/.local/lib/python3.12/site-packages/airflow/example_dags/example_external_task_marker_dag.py
[2026-06-19T16:44:32.396+0000] {logging_mixin.py:190} INFO - [2026-06-19T16:44:32.395+0000] {dag.py:3239} INFO - Sync 2 DAGs
[2026-06-19T16:44:32.438+0000] {logging_mixin.py:190} INFO - [2026-06-19T16:44:32.437+0000] {dag.py:4180} INFO - Setting next_dagrun for example_external_task_marker_child to None, run_after=None
[2026-06-19T16:44:32.451+0000] {logging_mixin.py:190} INFO - [2026-06-19T16:44:32.450+0000] {dag.py:4180} INFO - Setting next_dagrun for example_external_task_marker_parent to None, run_after=None
[2026-06-19T16:44:32.499+0000] {processor.py:208} INFO - Processing /home/airflow/.local/lib/python3.12/site-packages/airflow/example_dags/example_external_task_marker_dag.py took 0.251 seconds
[2026-06-19T16:45:06.797+0000] {processor.py:186} INFO - Started process (PID=402) to work on /home/airflow/.local/lib/python3.12/site-packages/airflow/example_dags/example_external_task_marker_dag.py
[2026-06-19T16:45:06.805+0000] {processor.py:914} INFO - Processing file /home/airflow/.local/lib/python3.12/site-packages/airflow/example_dags/example_external_task_marker_dag.py for tasks to queue
[2026-06-19T16:45:06.827+0000] {logging_mixin.py:190} INFO - [2026-06-19T16:45:06.821+0000] {dagbag.py:588} INFO - Filling up the DagBag from /home/airflow/.local/lib/python3.12/site-packages/airflow/example_dags/example_external_task_marker_dag.py
[2026-06-19T16:45:06.876+0000] {processor.py:925} INFO - DAG(s) 'example_external_task_marker_parent', 'example_external_task_marker_child' retrieved from /home/airflow/.local/lib/python3.12/site-packages/airflow/example_dags/example_external_task_marker_dag.py
[2026-06-19T16:45:07.037+0000] {logging_mixin.py:190} INFO - [2026-06-19T16:45:07.026+0000] {dag.py:3239} INFO - Sync 2 DAGs
[2026-06-19T16:45:07.186+0000] {logging_mixin.py:190} INFO - [2026-06-19T16:45:07.185+0000] {dag.py:4180} INFO - Setting next_dagrun for example_external_task_marker_child to None, run_after=None
[2026-06-19T16:45:07.223+0000] {logging_mixin.py:190} INFO - [2026-06-19T16:45:07.222+0000] {dag.py:4180} INFO - Setting next_dagrun for example_external_task_marker_parent to None, run_after=None
[2026-06-19T16:45:07.363+0000] {processor.py:208} INFO - Processing /home/airflow/.local/lib/python3.12/site-packages/airflow/example_dags/example_external_task_marker_dag.py took 0.603 seconds
[2026-06-19T16:45:37.612+0000] {processor.py:186} INFO - Started process (PID=465) to work on /home/airflow/.local/lib/python3.12/site-packages/airflow/example_dags/example_external_task_marker_dag.py
[2026-06-19T16:45:37.618+0000] {processor.py:914} INFO - Processing file /home/airflow/.local/lib/python3.12/site-packages/airflow/example_dags/example_external_task_marker_dag.py for tasks to queue
[2026-06-19T16:45:37.630+0000] {logging_mixin.py:190} INFO - [2026-06-19T16:45:37.629+0000] {dagbag.py:588} INFO - Filling up the DagBag from /home/airflow/.local/lib/python3.12/site-packages/airflow/example_dags/example_external_task_marker_dag.py
[2026-06-19T16:45:37.654+0000] {processor.py:925} INFO - DAG(s) 'example_external_task_marker_parent', 'example_external_task_marker_child' retrieved from /home/airflow/.local/lib/python3.12/site-packages/airflow/example_dags/example_external_task_marker_dag.py
[2026-06-19T16:45:37.724+0000] {logging_mixin.py:190} INFO - [2026-06-19T16:45:37.723+0000] {dag.py:3239} INFO - Sync 2 DAGs
[2026-06-19T16:45:37.770+0000] {logging_mixin.py:190} INFO - [2026-06-19T16:45:37.770+0000] {dag.py:4180} INFO - Setting next_dagrun for example_external_task_marker_child to None, run_after=None
[2026-06-19T16:45:37.782+0000] {logging_mixin.py:190} INFO - [2026-06-19T16:45:37.781+0000] {dag.py:4180} INFO - Setting next_dagrun for example_external_task_marker_parent to None, run_after=None
[2026-06-19T16:45:37.827+0000] {processor.py:208} INFO - Processing /home/airflow/.local/lib/python3.12/site-packages/airflow/example_dags/example_external_task_marker_dag.py took 0.233 seconds
[2026-06-19T16:46:08.518+0000] {processor.py:186} INFO - Started process (PID=529) to work on /home/airflow/.local/lib/python3.12/site-packages/airflow/example_dags/example_external_task_marker_dag.py
[2026-06-19T16:46:08.536+0000] {processor.py:914} INFO - Processing file /home/airflow/.local/lib/python3.12/site-packages/airflow/example_dags/example_external_task_marker_dag.py for tasks to queue
[2026-06-19T16:46:08.558+0000] {logging_mixin.py:190} INFO - [2026-06-19T16:46:08.556+0000] {dagbag.py:588} INFO - Filling up the DagBag from /home/airflow/.local/lib/python3.12/site-packages/airflow/example_dags/example_external_task_marker_dag.py
[2026-06-19T16:46:08.642+0000] {processor.py:925} INFO - DAG(s) 'example_external_task_marker_child', 'example_external_task_marker_parent' retrieved from /home/airflow/.local/lib/python3.12/site-packages/airflow/example_dags/example_external_task_marker_dag.py
[2026-06-19T16:46:08.789+0000] {logging_mixin.py:190} INFO - [2026-06-19T16:46:08.789+0000] {dag.py:3239} INFO - Sync 2 DAGs
[2026-06-19T16:46:08.878+0000] {logging_mixin.py:190} INFO - [2026-06-19T16:46:08.877+0000] {dag.py:4180} INFO - Setting next_dagrun for example_external_task_marker_child to None, run_after=None
[2026-06-19T16:46:08.912+0000] {logging_mixin.py:190} INFO - [2026-06-19T16:46:08.911+0000] {dag.py:4180} INFO - Setting next_dagrun for example_external_task_marker_parent to None, run_after=None
[2026-06-19T16:46:09.074+0000] {processor.py:208} INFO - Processing /home/airflow/.local/lib/python3.12/site-packages/airflow/example_dags/example_external_task_marker_dag.py took 0.610 seconds
[2026-06-19T16:46:41.541+0000] {processor.py:186} INFO - Started process (PID=593) to work on /home/airflow/.local/lib/python3.12/site-packages/airflow/example_dags/example_external_task_marker_dag.py
[2026-06-19T16:46:41.551+0000] {processor.py:914} INFO - Processing file /home/airflow/.local/lib/python3.12/site-packages/airflow/example_dags/example_external_task_marker_dag.py for tasks to queue
[2026-06-19T16:46:41.569+0000] {logging_mixin.py:190} INFO - [2026-06-19T16:46:41.567+0000] {dagbag.py:588} INFO - Filling up the DagBag from /home/airflow/.local/lib/python3.12/site-packages/airflow/example_dags/example_external_task_marker_dag.py
[2026-06-19T16:46:41.621+0000] {processor.py:925} INFO - DAG(s) 'example_external_task_marker_child', 'example_external_task_marker_parent' retrieved from /home/airflow/.local/lib/python3.12/site-packages/airflow/example_dags/example_external_task_marker_dag.py
[2026-06-19T16:46:41.717+0000] {logging_mixin.py:190} INFO - [2026-06-19T16:46:41.717+0000] {dag.py:3239} INFO - Sync 2 DAGs
[2026-06-19T16:46:41.784+0000] {logging_mixin.py:190} INFO - [2026-06-19T16:46:41.783+0000] {dag.py:4180} INFO - Setting next_dagrun for example_external_task_marker_child to None, run_after=None
[2026-06-19T16:46:41.797+0000] {logging_mixin.py:190} INFO - [2026-06-19T16:46:41.796+0000] {dag.py:4180} INFO - Setting next_dagrun for example_external_task_marker_parent to None, run_after=None
[2026-06-19T16:46:41.851+0000] {processor.py:208} INFO - Processing /home/airflow/.local/lib/python3.12/site-packages/airflow/example_dags/example_external_task_marker_dag.py took 0.346 seconds
[2026-06-19T16:47:12.443+0000] {processor.py:186} INFO - Started process (PID=656) to work on /home/airflow/.local/lib/python3.12/site-packages/airflow/example_dags/example_external_task_marker_dag.py
[2026-06-19T16:47:12.447+0000] {processor.py:914} INFO - Processing file /home/airflow/.local/lib/python3.12/site-packages/airflow/example_dags/example_external_task_marker_dag.py for tasks to queue
[2026-06-19T16:47:12.456+0000] {logging_mixin.py:190} INFO - [2026-06-19T16:47:12.455+0000] {dagbag.py:588} INFO - Filling up the DagBag from /home/airflow/.local/lib/python3.12/site-packages/airflow/example_dags/example_external_task_marker_dag.py
[2026-06-19T16:47:12.480+0000] {processor.py:925} INFO - DAG(s) 'example_external_task_marker_parent', 'example_external_task_marker_child' retrieved from /home/airflow/.local/lib/python3.12/site-packages/airflow/example_dags/example_external_task_marker_dag.py
[2026-06-19T16:47:12.556+0000] {logging_mixin.py:190} INFO - [2026-06-19T16:47:12.556+0000] {dag.py:3239} INFO - Sync 2 DAGs
[2026-06-19T16:47:12.598+0000] {logging_mixin.py:190} INFO - [2026-06-19T16:47:12.598+0000] {dag.py:4180} INFO - Setting next_dagrun for example_external_task_marker_child to None, run_after=None
[2026-06-19T16:47:12.608+0000] {logging_mixin.py:190} INFO - [2026-06-19T16:47:12.608+0000] {dag.py:4180} INFO - Setting next_dagrun for example_external_task_marker_parent to None, run_after=None
[2026-06-19T16:47:12.654+0000] {processor.py:208} INFO - Processing /home/airflow/.local/lib/python3.12/site-packages/airflow/example_dags/example_external_task_marker_dag.py took 0.231 seconds
[2026-06-19T16:47:43.399+0000] {processor.py:186} INFO - Started process (PID=720) to work on /home/airflow/.local/lib/python3.12/site-packages/airflow/example_dags/example_external_task_marker_dag.py
[2026-06-19T16:47:43.404+0000] {processor.py:914} INFO - Processing file /home/airflow/.local/lib/python3.12/site-packages/airflow/example_dags/example_external_task_marker_dag.py for tasks to queue
[2026-06-19T16:47:43.410+0000] {logging_mixin.py:190} INFO - [2026-06-19T16:47:43.409+0000] {dagbag.py:588} INFO - Filling up the DagBag from /home/airflow/.local/lib/python3.12/site-packages/airflow/example_dags/example_external_task_marker_dag.py
[2026-06-19T16:47:43.431+0000] {processor.py:925} INFO - DAG(s) 'example_external_task_marker_parent', 'example_external_task_marker_child' retrieved from /home/airflow/.local/lib/python3.12/site-packages/airflow/example_dags/example_external_task_marker_dag.py
[2026-06-19T16:47:43.484+0000] {logging_mixin.py:190} INFO - [2026-06-19T16:47:43.483+0000] {dag.py:3239} INFO - Sync 2 DAGs
[2026-06-19T16:47:43.550+0000] {logging_mixin.py:190} INFO - [2026-06-19T16:47:43.549+0000] {dag.py:4180} INFO - Setting next_dagrun for example_external_task_marker_child to None, run_after=None
[2026-06-19T16:47:43.569+0000] {logging_mixin.py:190} INFO - [2026-06-19T16:47:43.568+0000] {dag.py:4180} INFO - Setting next_dagrun for example_external_task_marker_parent to None, run_after=None
[2026-06-19T16:47:43.640+0000] {processor.py:208} INFO - Processing /home/airflow/.local/lib/python3.12/site-packages/airflow/example_dags/example_external_task_marker_dag.py took 0.254 seconds
[2026-06-19T16:48:14.231+0000] {processor.py:186} INFO - Started process (PID=783) to work on /home/airflow/.local/lib/python3.12/site-packages/airflow/example_dags/example_external_task_marker_dag.py
[2026-06-19T16:48:14.250+0000] {processor.py:914} INFO - Processing file /home/airflow/.local/lib/python3.12/site-packages/airflow/example_dags/example_external_task_marker_dag.py for tasks to queue
[2026-06-19T16:48:14.268+0000] {logging_mixin.py:190} INFO - [2026-06-19T16:48:14.267+0000] {dagbag.py:588} INFO - Filling up the DagBag from /home/airflow/.local/lib/python3.12/site-packages/airflow/example_dags/example_external_task_marker_dag.py
[2026-06-19T16:48:14.296+0000] {processor.py:925} INFO - DAG(s) 'example_external_task_marker_parent', 'example_external_task_marker_child' retrieved from /home/airflow/.local/lib/python3.12/site-packages/airflow/example_dags/example_external_task_marker_dag.py
[2026-06-19T16:48:14.390+0000] {logging_mixin.py:190} INFO - [2026-06-19T16:48:14.389+0000] {dag.py:3239} INFO - Sync 2 DAGs
[2026-06-19T16:48:14.454+0000] {logging_mixin.py:190} INFO - [2026-06-19T16:48:14.454+0000] {dag.py:4180} INFO - Setting next_dagrun for example_external_task_marker_child to None, run_after=None
[2026-06-19T16:48:14.472+0000] {logging_mixin.py:190} INFO - [2026-06-19T16:48:14.470+0000] {dag.py:4180} INFO - Setting next_dagrun for example_external_task_marker_parent to None, run_after=None
[2026-06-19T16:48:14.535+0000] {processor.py:208} INFO - Processing /home/airflow/.local/lib/python3.12/site-packages/airflow/example_dags/example_external_task_marker_dag.py took 0.321 seconds
[2026-06-19T16:48:45.500+0000] {processor.py:186} INFO - Started process (PID=848) to work on /home/airflow/.local/lib/python3.12/site-packages/airflow/example_dags/example_external_task_marker_dag.py
[2026-06-19T16:48:45.506+0000] {processor.py:914} INFO - Processing file /home/airflow/.local/lib/python3.12/site-packages/airflow/example_dags/example_external_task_marker_dag.py for tasks to queue
[2026-06-19T16:48:45.527+0000] {logging_mixin.py:190} INFO - [2026-06-19T16:48:45.525+0000] {dagbag.py:588} INFO - Filling up the DagBag from /home/airflow/.local/lib/python3.12/site-packages/airflow/example_dags/example_external_task_marker_dag.py
[2026-06-19T16:48:45.618+0000] {processor.py:925} INFO - DAG(s) 'example_external_task_marker_parent', 'example_external_task_marker_child' retrieved from /home/airflow/.local/lib/python3.12/site-packages/airflow/example_dags/example_external_task_marker_dag.py
[2026-06-19T16:48:45.837+0000] {logging_mixin.py:190} INFO - [2026-06-19T16:48:45.836+0000] {dag.py:3239} INFO - Sync 2 DAGs
[2026-06-19T16:48:45.937+0000] {logging_mixin.py:190} INFO - [2026-06-19T16:48:45.936+0000] {dag.py:4180} INFO - Setting next_dagrun for example_external_task_marker_child to None, run_after=None
[2026-06-19T16:48:45.954+0000] {logging_mixin.py:190} INFO - [2026-06-19T16:48:45.953+0000] {dag.py:4180} INFO - Setting next_dagrun for example_external_task_marker_parent to None, run_after=None
[2026-06-19T16:48:46.017+0000] {processor.py:208} INFO - Processing /home/airflow/.local/lib/python3.12/site-packages/airflow/example_dags/example_external_task_marker_dag.py took 0.540 seconds
[2026-06-19T16:49:18.136+0000] {processor.py:186} INFO - Started process (PID=913) to work on /home/airflow/.local/lib/python3.12/site-packages/airflow/example_dags/example_external_task_marker_dag.py
[2026-06-19T16:49:18.142+0000] {processor.py:914} INFO - Processing file /home/airflow/.local/lib/python3.12/site-packages/airflow/example_dags/example_external_task_marker_dag.py for tasks to queue
[2026-06-19T16:49:18.151+0000] {logging_mixin.py:190} INFO - [2026-06-19T16:49:18.150+0000] {dagbag.py:588} INFO - Filling up the DagBag from /home/airflow/.local/lib/python3.12/site-packages/airflow/example_dags/example_external_task_marker_dag.py
[2026-06-19T16:49:18.181+0000] {processor.py:925} INFO - DAG(s) 'example_external_task_marker_parent', 'example_external_task_marker_child' retrieved from /home/airflow/.local/lib/python3.12/site-packages/airflow/example_dags/example_external_task_marker_dag.py
[2026-06-19T16:49:18.281+0000] {logging_mixin.py:190} INFO - [2026-06-19T16:49:18.280+0000] {dag.py:3239} INFO - Sync 2 DAGs
[2026-06-19T16:49:18.344+0000] {logging_mixin.py:190} INFO - [2026-06-19T16:49:18.344+0000] {dag.py:4180} INFO - Setting next_dagrun for example_external_task_marker_child to None, run_after=None
[2026-06-19T16:49:18.364+0000] {logging_mixin.py:190} INFO - [2026-06-19T16:49:18.364+0000] {dag.py:4180} INFO - Setting next_dagrun for example_external_task_marker_parent to None, run_after=None
[2026-06-19T16:49:18.432+0000] {processor.py:208} INFO - Processing /home/airflow/.local/lib/python3.12/site-packages/airflow/example_dags/example_external_task_marker_dag.py took 0.319 seconds
[2026-06-19T16:49:49.705+0000] {processor.py:186} INFO - Started process (PID=976) to work on /home/airflow/.local/lib/python3.12/site-packages/airflow/example_dags/example_external_task_marker_dag.py
[2026-06-19T16:49:49.712+0000] {processor.py:914} INFO - Processing file /home/airflow/.local/lib/python3.12/site-packages/airflow/example_dags/example_external_task_marker_dag.py for tasks to queue
[2026-06-19T16:49:49.726+0000] {logging_mixin.py:190} INFO - [2026-06-19T16:49:49.725+0000] {dagbag.py:588} INFO - Filling up the DagBag from /home/airflow/.local/lib/python3.12/site-packages/airflow/example_dags/example_external_task_marker_dag.py
[2026-06-19T16:49:49.764+0000] {processor.py:925} INFO - DAG(s) 'example_external_task_marker_child', 'example_external_task_marker_parent' retrieved from /home/airflow/.local/lib/python3.12/site-packages/airflow/example_dags/example_external_task_marker_dag.py
[2026-06-19T16:49:49.856+0000] {logging_mixin.py:190} INFO - [2026-06-19T16:49:49.855+0000] {dag.py:3239} INFO - Sync 2 DAGs
[2026-06-19T16:49:49.908+0000] {logging_mixin.py:190} INFO - [2026-06-19T16:49:49.907+0000] {dag.py:4180} INFO - Setting next_dagrun for example_external_task_marker_child to None, run_after=None
[2026-06-19T16:49:49.923+0000] {logging_mixin.py:190} INFO - [2026-06-19T16:49:49.922+0000] {dag.py:4180} INFO - Setting next_dagrun for example_external_task_marker_parent to None, run_after=None
[2026-06-19T16:49:49.979+0000] {processor.py:208} INFO - Processing /home/airflow/.local/lib/python3.12/site-packages/airflow/example_dags/example_external_task_marker_dag.py took 0.294 seconds
[2026-06-19T16:50:21.934+0000] {processor.py:186} INFO - Started process (PID=1041) to work on /home/airflow/.local/lib/python3.12/site-packages/airflow/example_dags/example_external_task_marker_dag.py
[2026-06-19T16:50:21.939+0000] {processor.py:914} INFO - Processing file /home/airflow/.local/lib/python3.12/site-packages/airflow/example_dags/example_external_task_marker_dag.py for tasks to queue
[2026-06-19T16:50:21.950+0000] {logging_mixin.py:190} INFO - [2026-06-19T16:50:21.949+0000] {dagbag.py:588} INFO - Filling up the DagBag from /home/airflow/.local/lib/python3.12/site-packages/airflow/example_dags/example_external_task_marker_dag.py
[2026-06-19T16:50:21.983+0000] {processor.py:925} INFO - DAG(s) 'example_external_task_marker_child', 'example_external_task_marker_parent' retrieved from /home/airflow/.local/lib/python3.12/site-packages/airflow/example_dags/example_external_task_marker_dag.py
[2026-06-19T16:50:22.070+0000] {logging_mixin.py:190} INFO - [2026-06-19T16:50:22.070+0000] {dag.py:3239} INFO - Sync 2 DAGs
[2026-06-19T16:50:22.106+0000] {logging_mixin.py:190} INFO - [2026-06-19T16:50:22.106+0000] {dag.py:4180} INFO - Setting next_dagrun for example_external_task_marker_child to None, run_after=None
[2026-06-19T16:50:22.120+0000] {logging_mixin.py:190} INFO - [2026-06-19T16:50:22.120+0000] {dag.py:4180} INFO - Setting next_dagrun for example_external_task_marker_parent to None, run_after=None
[2026-06-19T16:50:22.160+0000] {processor.py:208} INFO - Processing /home/airflow/.local/lib/python3.12/site-packages/airflow/example_dags/example_external_task_marker_dag.py took 0.245 seconds
[2026-06-19T16:50:52.712+0000] {processor.py:186} INFO - Started process (PID=1105) to work on /home/airflow/.local/lib/python3.12/site-packages/airflow/example_dags/example_external_task_marker_dag.py
[2026-06-19T16:50:52.718+0000] {processor.py:914} INFO - Processing file /home/airflow/.local/lib/python3.12/site-packages/airflow/example_dags/example_external_task_marker_dag.py for tasks to queue
[2026-06-19T16:50:52.726+0000] {logging_mixin.py:190} INFO - [2026-06-19T16:50:52.725+0000] {dagbag.py:588} INFO - Filling up the DagBag from /home/airflow/.local/lib/python3.12/site-packages/airflow/example_dags/example_external_task_marker_dag.py
[2026-06-19T16:50:52.758+0000] {processor.py:925} INFO - DAG(s) 'example_external_task_marker_child', 'example_external_task_marker_parent' retrieved from /home/airflow/.local/lib/python3.12/site-packages/airflow/example_dags/example_external_task_marker_dag.py
[2026-06-19T16:50:52.850+0000] {logging_mixin.py:190} INFO - [2026-06-19T16:50:52.849+0000] {dag.py:3239} INFO - Sync 2 DAGs
[2026-06-19T16:50:52.900+0000] {logging_mixin.py:190} INFO - [2026-06-19T16:50:52.900+0000] {dag.py:4180} INFO - Setting next_dagrun for example_external_task_marker_child to None, run_after=None
[2026-06-19T16:50:52.914+0000] {logging_mixin.py:190} INFO - [2026-06-19T16:50:52.913+0000] {dag.py:4180} INFO - Setting next_dagrun for example_external_task_marker_parent to None, run_after=None
[2026-06-19T16:50:52.964+0000] {processor.py:208} INFO - Processing /home/airflow/.local/lib/python3.12/site-packages/airflow/example_dags/example_external_task_marker_dag.py took 0.270 seconds
[2026-06-19T16:51:23.083+0000] {processor.py:186} INFO - Started process (PID=1168) to work on /home/airflow/.local/lib/python3.12/site-packages/airflow/example_dags/example_external_task_marker_dag.py
[2026-06-19T16:51:23.088+0000] {processor.py:914} INFO - Processing file /home/airflow/.local/lib/python3.12/site-packages/airflow/example_dags/example_external_task_marker_dag.py for tasks to queue
[2026-06-19T16:51:23.097+0000] {logging_mixin.py:190} INFO - [2026-06-19T16:51:23.095+0000] {dagbag.py:588} INFO - Filling up the DagBag from /home/airflow/.local/lib/python3.12/site-packages/airflow/example_dags/example_external_task_marker_dag.py
[2026-06-19T16:51:23.125+0000] {processor.py:925} INFO - DAG(s) 'example_external_task_marker_child', 'example_external_task_marker_parent' retrieved from /home/airflow/.local/lib/python3.12/site-packages/airflow/example_dags/example_external_task_marker_dag.py
[2026-06-19T16:51:23.197+0000] {logging_mixin.py:190} INFO - [2026-06-19T16:51:23.196+0000] {dag.py:3239} INFO - Sync 2 DAGs
[2026-06-19T16:51:23.241+0000] {logging_mixin.py:190} INFO - [2026-06-19T16:51:23.241+0000] {dag.py:4180} INFO - Setting next_dagrun for example_external_task_marker_child to None, run_after=None
[2026-06-19T16:51:23.253+0000] {logging_mixin.py:190} INFO - [2026-06-19T16:51:23.252+0000] {dag.py:4180} INFO - Setting next_dagrun for example_external_task_marker_parent to None, run_after=None
[2026-06-19T16:51:23.299+0000] {processor.py:208} INFO - Processing /home/airflow/.local/lib/python3.12/site-packages/airflow/example_dags/example_external_task_marker_dag.py took 0.232 seconds
[2026-06-19T16:51:54.181+0000] {processor.py:186} INFO - Started process (PID=1232) to work on /home/airflow/.local/lib/python3.12/site-packages/airflow/example_dags/example_external_task_marker_dag.py
[2026-06-19T16:51:54.185+0000] {processor.py:914} INFO - Processing file /home/airflow/.local/lib/python3.12/site-packages/airflow/example_dags/example_external_task_marker_dag.py for tasks to queue
[2026-06-19T16:51:54.194+0000] {logging_mixin.py:190} INFO - [2026-06-19T16:51:54.193+0000] {dagbag.py:588} INFO - Filling up the DagBag from /home/airflow/.local/lib/python3.12/site-packages/airflow/example_dags/example_external_task_marker_dag.py
[2026-06-19T16:51:54.218+0000] {processor.py:925} INFO - DAG(s) 'example_external_task_marker_parent', 'example_external_task_marker_child' retrieved from /home/airflow/.local/lib/python3.12/site-packages/airflow/example_dags/example_external_task_marker_dag.py
[2026-06-19T16:51:54.279+0000] {logging_mixin.py:190} INFO - [2026-06-19T16:51:54.279+0000] {dag.py:3239} INFO - Sync 2 DAGs
[2026-06-19T16:51:54.317+0000] {logging_mixin.py:190} INFO - [2026-06-19T16:51:54.316+0000] {dag.py:4180} INFO - Setting next_dagrun for example_external_task_marker_child to None, run_after=None
[2026-06-19T16:51:54.330+0000] {logging_mixin.py:190} INFO - [2026-06-19T16:51:54.330+0000] {dag.py:4180} INFO - Setting next_dagrun for example_external_task_marker_parent to None, run_after=None
[2026-06-19T16:51:54.366+0000] {processor.py:208} INFO - Processing /home/airflow/.local/lib/python3.12/site-packages/airflow/example_dags/example_external_task_marker_dag.py took 0.200 seconds
[2026-06-19T16:52:24.563+0000] {processor.py:186} INFO - Started process (PID=1295) to work on /home/airflow/.local/lib/python3.12/site-packages/airflow/example_dags/example_external_task_marker_dag.py
[2026-06-19T16:52:24.568+0000] {processor.py:914} INFO - Processing file /home/airflow/.local/lib/python3.12/site-packages/airflow/example_dags/example_external_task_marker_dag.py for tasks to queue
[2026-06-19T16:52:24.579+0000] {logging_mixin.py:190} INFO - [2026-06-19T16:52:24.578+0000] {dagbag.py:588} INFO - Filling up the DagBag from /home/airflow/.local/lib/python3.12/site-packages/airflow/example_dags/example_external_task_marker_dag.py
[2026-06-19T16:52:24.615+0000] {processor.py:925} INFO - DAG(s) 'example_external_task_marker_child', 'example_external_task_marker_parent' retrieved from /home/airflow/.local/lib/python3.12/site-packages/airflow/example_dags/example_external_task_marker_dag.py
[2026-06-19T16:52:24.697+0000] {logging_mixin.py:190} INFO - [2026-06-19T16:52:24.696+0000] {dag.py:3239} INFO - Sync 2 DAGs
[2026-06-19T16:52:24.740+0000] {logging_mixin.py:190} INFO - [2026-06-19T16:52:24.740+0000] {dag.py:4180} INFO - Setting next_dagrun for example_external_task_marker_child to None, run_after=None
[2026-06-19T16:52:24.755+0000] {logging_mixin.py:190} INFO - [2026-06-19T16:52:24.754+0000] {dag.py:4180} INFO - Setting next_dagrun for example_external_task_marker_parent to None, run_after=None
[2026-06-19T16:52:24.802+0000] {processor.py:208} INFO - Processing /home/airflow/.local/lib/python3.12/site-packages/airflow/example_dags/example_external_task_marker_dag.py took 0.263 seconds
[2026-06-19T16:52:55.586+0000] {processor.py:186} INFO - Started process (PID=1359) to work on /home/airflow/.local/lib/python3.12/site-packages/airflow/example_dags/example_external_task_marker_dag.py
[2026-06-19T16:52:55.593+0000] {processor.py:914} INFO - Processing file /home/airflow/.local/lib/python3.12/site-packages/airflow/example_dags/example_external_task_marker_dag.py for tasks to queue
[2026-06-19T16:52:55.601+0000] {logging_mixin.py:190} INFO - [2026-06-19T16:52:55.600+0000] {dagbag.py:588} INFO - Filling up the DagBag from /home/airflow/.local/lib/python3.12/site-packages/airflow/example_dags/example_external_task_marker_dag.py
[2026-06-19T16:52:55.631+0000] {processor.py:925} INFO - DAG(s) 'example_external_task_marker_parent', 'example_external_task_marker_child' retrieved from /home/airflow/.local/lib/python3.12/site-packages/airflow/example_dags/example_external_task_marker_dag.py
[2026-06-19T16:52:55.701+0000] {logging_mixin.py:190} INFO - [2026-06-19T16:52:55.701+0000] {dag.py:3239} INFO - Sync 2 DAGs
[2026-06-19T16:52:55.755+0000] {logging_mixin.py:190} INFO - [2026-06-19T16:52:55.754+0000] {dag.py:4180} INFO - Setting next_dagrun for example_external_task_marker_child to None, run_after=None
[2026-06-19T16:52:55.769+0000] {logging_mixin.py:190} INFO - [2026-06-19T16:52:55.768+0000] {dag.py:4180} INFO - Setting next_dagrun for example_external_task_marker_parent to None, run_after=None
[2026-06-19T16:52:55.830+0000] {processor.py:208} INFO - Processing /home/airflow/.local/lib/python3.12/site-packages/airflow/example_dags/example_external_task_marker_dag.py took 0.263 seconds
[2026-06-19T16:53:27.855+0000] {processor.py:186} INFO - Started process (PID=1424) to work on /home/airflow/.local/lib/python3.12/site-packages/airflow/example_dags/example_external_task_marker_dag.py
[2026-06-19T16:53:27.858+0000] {processor.py:914} INFO - Processing file /home/airflow/.local/lib/python3.12/site-packages/airflow/example_dags/example_external_task_marker_dag.py for tasks to queue
[2026-06-19T16:53:27.866+0000] {logging_mixin.py:190} INFO - [2026-06-19T16:53:27.865+0000] {dagbag.py:588} INFO - Filling up the DagBag from /home/airflow/.local/lib/python3.12/site-packages/airflow/example_dags/example_external_task_marker_dag.py
[2026-06-19T16:53:27.917+0000] {processor.py:925} INFO - DAG(s) 'example_external_task_marker_parent', 'example_external_task_marker_child' retrieved from /home/airflow/.local/lib/python3.12/site-packages/airflow/example_dags/example_external_task_marker_dag.py
[2026-06-19T16:53:28.039+0000] {logging_mixin.py:190} INFO - [2026-06-19T16:53:28.039+0000] {dag.py:3239} INFO - Sync 2 DAGs
[2026-06-19T16:53:28.160+0000] {logging_mixin.py:190} INFO - [2026-06-19T16:53:28.159+0000] {dag.py:4180} INFO - Setting next_dagrun for example_external_task_marker_child to None, run_after=None
[2026-06-19T16:53:28.207+0000] {logging_mixin.py:190} INFO - [2026-06-19T16:53:28.205+0000] {dag.py:4180} INFO - Setting next_dagrun for example_external_task_marker_parent to None, run_after=None
[2026-06-19T16:53:28.326+0000] {processor.py:208} INFO - Processing /home/airflow/.local/lib/python3.12/site-packages/airflow/example_dags/example_external_task_marker_dag.py took 0.497 seconds
[2026-06-19T16:53:59.099+0000] {processor.py:186} INFO - Started process (PID=1488) to work on /home/airflow/.local/lib/python3.12/site-packages/airflow/example_dags/example_external_task_marker_dag.py
[2026-06-19T16:53:59.109+0000] {processor.py:914} INFO - Processing file /home/airflow/.local/lib/python3.12/site-packages/airflow/example_dags/example_external_task_marker_dag.py for tasks to queue
[2026-06-19T16:53:59.129+0000] {logging_mixin.py:190} INFO - [2026-06-19T16:53:59.128+0000] {dagbag.py:588} INFO - Filling up the DagBag from /home/airflow/.local/lib/python3.12/site-packages/airflow/example_dags/example_external_task_marker_dag.py
[2026-06-19T16:53:59.194+0000] {processor.py:925} INFO - DAG(s) 'example_external_task_marker_parent', 'example_external_task_marker_child' retrieved from /home/airflow/.local/lib/python3.12/site-packages/airflow/example_dags/example_external_task_marker_dag.py
[2026-06-19T16:53:59.318+0000] {logging_mixin.py:190} INFO - [2026-06-19T16:53:59.318+0000] {dag.py:3239} INFO - Sync 2 DAGs
[2026-06-19T16:53:59.414+0000] {logging_mixin.py:190} INFO - [2026-06-19T16:53:59.413+0000] {dag.py:4180} INFO - Setting next_dagrun for example_external_task_marker_child to None, run_after=None
[2026-06-19T16:53:59.433+0000] {logging_mixin.py:190} INFO - [2026-06-19T16:53:59.433+0000] {dag.py:4180} INFO - Setting next_dagrun for example_external_task_marker_parent to None, run_after=None
[2026-06-19T16:53:59.515+0000] {processor.py:208} INFO - Processing /home/airflow/.local/lib/python3.12/site-packages/airflow/example_dags/example_external_task_marker_dag.py took 0.451 seconds
[2026-06-19T16:54:29.747+0000] {processor.py:186} INFO - Started process (PID=1551) to work on /home/airflow/.local/lib/python3.12/site-packages/airflow/example_dags/example_external_task_marker_dag.py
[2026-06-19T16:54:29.752+0000] {processor.py:914} INFO - Processing file /home/airflow/.local/lib/python3.12/site-packages/airflow/example_dags/example_external_task_marker_dag.py for tasks to queue
[2026-06-19T16:54:29.760+0000] {logging_mixin.py:190} INFO - [2026-06-19T16:54:29.760+0000] {dagbag.py:588} INFO - Filling up the DagBag from /home/airflow/.local/lib/python3.12/site-packages/airflow/example_dags/example_external_task_marker_dag.py
[2026-06-19T16:54:29.785+0000] {processor.py:925} INFO - DAG(s) 'example_external_task_marker_child', 'example_external_task_marker_parent' retrieved from /home/airflow/.local/lib/python3.12/site-packages/airflow/example_dags/example_external_task_marker_dag.py
[2026-06-19T16:54:29.834+0000] {logging_mixin.py:190} INFO - [2026-06-19T16:54:29.834+0000] {dag.py:3239} INFO - Sync 2 DAGs
[2026-06-19T16:54:29.863+0000] {logging_mixin.py:190} INFO - [2026-06-19T16:54:29.863+0000] {dag.py:4180} INFO - Setting next_dagrun for example_external_task_marker_child to None, run_after=None
[2026-06-19T16:54:29.870+0000] {logging_mixin.py:190} INFO - [2026-06-19T16:54:29.870+0000] {dag.py:4180} INFO - Setting next_dagrun for example_external_task_marker_parent to None, run_after=None
[2026-06-19T16:54:29.899+0000] {processor.py:208} INFO - Processing /home/airflow/.local/lib/python3.12/site-packages/airflow/example_dags/example_external_task_marker_dag.py took 0.172 seconds
[2026-06-19T16:55:00.565+0000] {processor.py:186} INFO - Started process (PID=1615) to work on /home/airflow/.local/lib/python3.12/site-packages/airflow/example_dags/example_external_task_marker_dag.py
[2026-06-19T16:55:00.612+0000] {processor.py:914} INFO - Processing file /home/airflow/.local/lib/python3.12/site-packages/airflow/example_dags/example_external_task_marker_dag.py for tasks to queue
[2026-06-19T16:55:00.625+0000] {logging_mixin.py:190} INFO - [2026-06-19T16:55:00.624+0000] {dagbag.py:588} INFO - Filling up the DagBag from /home/airflow/.local/lib/python3.12/site-packages/airflow/example_dags/example_external_task_marker_dag.py
[2026-06-19T16:55:00.670+0000] {processor.py:925} INFO - DAG(s) 'example_external_task_marker_child', 'example_external_task_marker_parent' retrieved from /home/airflow/.local/lib/python3.12/site-packages/airflow/example_dags/example_external_task_marker_dag.py
[2026-06-19T16:55:00.804+0000] {logging_mixin.py:190} INFO - [2026-06-19T16:55:00.803+0000] {dag.py:3239} INFO - Sync 2 DAGs
[2026-06-19T16:55:00.882+0000] {logging_mixin.py:190} INFO - [2026-06-19T16:55:00.881+0000] {dag.py:4180} INFO - Setting next_dagrun for example_external_task_marker_child to None, run_after=None
[2026-06-19T16:55:00.899+0000] {logging_mixin.py:190} INFO - [2026-06-19T16:55:00.899+0000] {dag.py:4180} INFO - Setting next_dagrun for example_external_task_marker_parent to None, run_after=None
[2026-06-19T16:55:00.998+0000] {processor.py:208} INFO - Processing /home/airflow/.local/lib/python3.12/site-packages/airflow/example_dags/example_external_task_marker_dag.py took 0.478 seconds
[2026-06-19T16:55:31.311+0000] {processor.py:186} INFO - Started process (PID=1679) to work on /home/airflow/.local/lib/python3.12/site-packages/airflow/example_dags/example_external_task_marker_dag.py
[2026-06-19T16:55:31.316+0000] {processor.py:914} INFO - Processing file /home/airflow/.local/lib/python3.12/site-packages/airflow/example_dags/example_external_task_marker_dag.py for tasks to queue
[2026-06-19T16:55:31.325+0000] {logging_mixin.py:190} INFO - [2026-06-19T16:55:31.323+0000] {dagbag.py:588} INFO - Filling up the DagBag from /home/airflow/.local/lib/python3.12/site-packages/airflow/example_dags/example_external_task_marker_dag.py
[2026-06-19T16:55:31.348+0000] {processor.py:925} INFO - DAG(s) 'example_external_task_marker_parent', 'example_external_task_marker_child' retrieved from /home/airflow/.local/lib/python3.12/site-packages/airflow/example_dags/example_external_task_marker_dag.py
[2026-06-19T16:55:31.404+0000] {logging_mixin.py:190} INFO - [2026-06-19T16:55:31.403+0000] {dag.py:3239} INFO - Sync 2 DAGs
[2026-06-19T16:55:31.439+0000] {logging_mixin.py:190} INFO - [2026-06-19T16:55:31.439+0000] {dag.py:4180} INFO - Setting next_dagrun for example_external_task_marker_child to None, run_after=None
[2026-06-19T16:55:31.449+0000] {logging_mixin.py:190} INFO - [2026-06-19T16:55:31.449+0000] {dag.py:4180} INFO - Setting next_dagrun for example_external_task_marker_parent to None, run_after=None
[2026-06-19T16:55:31.485+0000] {processor.py:208} INFO - Processing /home/airflow/.local/lib/python3.12/site-packages/airflow/example_dags/example_external_task_marker_dag.py took 0.191 seconds
[2026-06-19T16:56:01.597+0000] {processor.py:186} INFO - Started process (PID=1743) to work on /home/airflow/.local/lib/python3.12/site-packages/airflow/example_dags/example_external_task_marker_dag.py
[2026-06-19T16:56:01.612+0000] {processor.py:914} INFO - Processing file /home/airflow/.local/lib/python3.12/site-packages/airflow/example_dags/example_external_task_marker_dag.py for tasks to queue
[2026-06-19T16:56:01.617+0000] {logging_mixin.py:190} INFO - [2026-06-19T16:56:01.617+0000] {dagbag.py:588} INFO - Filling up the DagBag from /home/airflow/.local/lib/python3.12/site-packages/airflow/example_dags/example_external_task_marker_dag.py
[2026-06-19T16:56:01.630+0000] {processor.py:925} INFO - DAG(s) 'example_external_task_marker_child', 'example_external_task_marker_parent' retrieved from /home/airflow/.local/lib/python3.12/site-packages/airflow/example_dags/example_external_task_marker_dag.py
[2026-06-19T16:56:01.672+0000] {logging_mixin.py:190} INFO - [2026-06-19T16:56:01.672+0000] {dag.py:3239} INFO - Sync 2 DAGs
[2026-06-19T16:56:01.701+0000] {logging_mixin.py:190} INFO - [2026-06-19T16:56:01.700+0000] {dag.py:4180} INFO - Setting next_dagrun for example_external_task_marker_child to None, run_after=None
[2026-06-19T16:56:01.710+0000] {logging_mixin.py:190} INFO - [2026-06-19T16:56:01.709+0000] {dag.py:4180} INFO - Setting next_dagrun for example_external_task_marker_parent to None, run_after=None
[2026-06-19T16:56:01.745+0000] {processor.py:208} INFO - Processing /home/airflow/.local/lib/python3.12/site-packages/airflow/example_dags/example_external_task_marker_dag.py took 0.161 seconds
[2026-06-19T16:56:32.344+0000] {processor.py:186} INFO - Started process (PID=1813) to work on /home/airflow/.local/lib/python3.12/site-packages/airflow/example_dags/example_external_task_marker_dag.py
[2026-06-19T16:56:32.346+0000] {processor.py:914} INFO - Processing file /home/airflow/.local/lib/python3.12/site-packages/airflow/example_dags/example_external_task_marker_dag.py for tasks to queue
[2026-06-19T16:56:32.349+0000] {logging_mixin.py:190} INFO - [2026-06-19T16:56:32.349+0000] {dagbag.py:588} INFO - Filling up the DagBag from /home/airflow/.local/lib/python3.12/site-packages/airflow/example_dags/example_external_task_marker_dag.py
[2026-06-19T16:56:32.359+0000] {processor.py:925} INFO - DAG(s) 'example_external_task_marker_parent', 'example_external_task_marker_child' retrieved from /home/airflow/.local/lib/python3.12/site-packages/airflow/example_dags/example_external_task_marker_dag.py
[2026-06-19T16:56:32.381+0000] {logging_mixin.py:190} INFO - [2026-06-19T16:56:32.380+0000] {dag.py:3239} INFO - Sync 2 DAGs
[2026-06-19T16:56:32.395+0000] {logging_mixin.py:190} INFO - [2026-06-19T16:56:32.395+0000] {dag.py:4180} INFO - Setting next_dagrun for example_external_task_marker_child to None, run_after=None
[2026-06-19T16:56:32.400+0000] {logging_mixin.py:190} INFO - [2026-06-19T16:56:32.400+0000] {dag.py:4180} INFO - Setting next_dagrun for example_external_task_marker_parent to None, run_after=None
[2026-06-19T16:56:32.430+0000] {processor.py:208} INFO - Processing /home/airflow/.local/lib/python3.12/site-packages/airflow/example_dags/example_external_task_marker_dag.py took 0.093 seconds
[2026-06-19T16:57:02.540+0000] {processor.py:186} INFO - Started process (PID=1877) to work on /home/airflow/.local/lib/python3.12/site-packages/airflow/example_dags/example_external_task_marker_dag.py
[2026-06-19T16:57:02.542+0000] {processor.py:914} INFO - Processing file /home/airflow/.local/lib/python3.12/site-packages/airflow/example_dags/example_external_task_marker_dag.py for tasks to queue
[2026-06-19T16:57:02.545+0000] {logging_mixin.py:190} INFO - [2026-06-19T16:57:02.544+0000] {dagbag.py:588} INFO - Filling up the DagBag from /home/airflow/.local/lib/python3.12/site-packages/airflow/example_dags/example_external_task_marker_dag.py
[2026-06-19T16:57:02.552+0000] {processor.py:925} INFO - DAG(s) 'example_external_task_marker_child', 'example_external_task_marker_parent' retrieved from /home/airflow/.local/lib/python3.12/site-packages/airflow/example_dags/example_external_task_marker_dag.py
[2026-06-19T16:57:02.575+0000] {logging_mixin.py:190} INFO - [2026-06-19T16:57:02.575+0000] {dag.py:3239} INFO - Sync 2 DAGs
[2026-06-19T16:57:02.590+0000] {logging_mixin.py:190} INFO - [2026-06-19T16:57:02.589+0000] {dag.py:4180} INFO - Setting next_dagrun for example_external_task_marker_child to None, run_after=None
[2026-06-19T16:57:02.593+0000] {logging_mixin.py:190} INFO - [2026-06-19T16:57:02.593+0000] {dag.py:4180} INFO - Setting next_dagrun for example_external_task_marker_parent to None, run_after=None
[2026-06-19T16:57:02.609+0000] {processor.py:208} INFO - Processing /home/airflow/.local/lib/python3.12/site-packages/airflow/example_dags/example_external_task_marker_dag.py took 0.075 seconds
[2026-06-19T16:57:32.854+0000] {processor.py:186} INFO - Started process (PID=1941) to work on /home/airflow/.local/lib/python3.12/site-packages/airflow/example_dags/example_external_task_marker_dag.py
[2026-06-19T16:57:32.857+0000] {processor.py:914} INFO - Processing file /home/airflow/.local/lib/python3.12/site-packages/airflow/example_dags/example_external_task_marker_dag.py for tasks to queue
[2026-06-19T16:57:32.863+0000] {logging_mixin.py:190} INFO - [2026-06-19T16:57:32.863+0000] {dagbag.py:588} INFO - Filling up the DagBag from /home/airflow/.local/lib/python3.12/site-packages/airflow/example_dags/example_external_task_marker_dag.py
[2026-06-19T16:57:32.877+0000] {processor.py:925} INFO - DAG(s) 'example_external_task_marker_parent', 'example_external_task_marker_child' retrieved from /home/airflow/.local/lib/python3.12/site-packages/airflow/example_dags/example_external_task_marker_dag.py
[2026-06-19T16:57:32.912+0000] {logging_mixin.py:190} INFO - [2026-06-19T16:57:32.912+0000] {dag.py:3239} INFO - Sync 2 DAGs
[2026-06-19T16:57:32.937+0000] {logging_mixin.py:190} INFO - [2026-06-19T16:57:32.937+0000] {dag.py:4180} INFO - Setting next_dagrun for example_external_task_marker_child to None, run_after=None
[2026-06-19T16:57:32.944+0000] {logging_mixin.py:190} INFO - [2026-06-19T16:57:32.943+0000] {dag.py:4180} INFO - Setting next_dagrun for example_external_task_marker_parent to None, run_after=None
[2026-06-19T16:57:32.965+0000] {processor.py:208} INFO - Processing /home/airflow/.local/lib/python3.12/site-packages/airflow/example_dags/example_external_task_marker_dag.py took 0.121 seconds
[2026-06-19T16:58:03.403+0000] {processor.py:186} INFO - Started process (PID=2006) to work on /home/airflow/.local/lib/python3.12/site-packages/airflow/example_dags/example_external_task_marker_dag.py
[2026-06-19T16:58:03.409+0000] {processor.py:914} INFO - Processing file /home/airflow/.local/lib/python3.12/site-packages/airflow/example_dags/example_external_task_marker_dag.py for tasks to queue
[2026-06-19T16:58:03.417+0000] {logging_mixin.py:190} INFO - [2026-06-19T16:58:03.416+0000] {dagbag.py:588} INFO - Filling up the DagBag from /home/airflow/.local/lib/python3.12/site-packages/airflow/example_dags/example_external_task_marker_dag.py
[2026-06-19T16:58:03.439+0000] {processor.py:925} INFO - DAG(s) 'example_external_task_marker_parent', 'example_external_task_marker_child' retrieved from /home/airflow/.local/lib/python3.12/site-packages/airflow/example_dags/example_external_task_marker_dag.py
[2026-06-19T16:58:03.490+0000] {logging_mixin.py:190} INFO - [2026-06-19T16:58:03.490+0000] {dag.py:3239} INFO - Sync 2 DAGs
[2026-06-19T16:58:03.523+0000] {logging_mixin.py:190} INFO - [2026-06-19T16:58:03.523+0000] {dag.py:4180} INFO - Setting next_dagrun for example_external_task_marker_child to None, run_after=None
[2026-06-19T16:58:03.533+0000] {logging_mixin.py:190} INFO - [2026-06-19T16:58:03.532+0000] {dag.py:4180} INFO - Setting next_dagrun for example_external_task_marker_parent to None, run_after=None
[2026-06-19T16:58:03.567+0000] {processor.py:208} INFO - Processing /home/airflow/.local/lib/python3.12/site-packages/airflow/example_dags/example_external_task_marker_dag.py took 0.181 seconds
[2026-06-19T16:58:33.890+0000] {processor.py:186} INFO - Started process (PID=2070) to work on /home/airflow/.local/lib/python3.12/site-packages/airflow/example_dags/example_external_task_marker_dag.py
[2026-06-19T16:58:33.894+0000] {processor.py:914} INFO - Processing file /home/airflow/.local/lib/python3.12/site-packages/airflow/example_dags/example_external_task_marker_dag.py for tasks to queue
[2026-06-19T16:58:33.900+0000] {logging_mixin.py:190} INFO - [2026-06-19T16:58:33.899+0000] {dagbag.py:588} INFO - Filling up the DagBag from /home/airflow/.local/lib/python3.12/site-packages/airflow/example_dags/example_external_task_marker_dag.py
[2026-06-19T16:58:33.919+0000] {processor.py:925} INFO - DAG(s) 'example_external_task_marker_child', 'example_external_task_marker_parent' retrieved from /home/airflow/.local/lib/python3.12/site-packages/airflow/example_dags/example_external_task_marker_dag.py
[2026-06-19T16:58:33.969+0000] {logging_mixin.py:190} INFO - [2026-06-19T16:58:33.968+0000] {dag.py:3239} INFO - Sync 2 DAGs
[2026-06-19T16:58:33.998+0000] {logging_mixin.py:190} INFO - [2026-06-19T16:58:33.998+0000] {dag.py:4180} INFO - Setting next_dagrun for example_external_task_marker_child to None, run_after=None
[2026-06-19T16:58:34.009+0000] {logging_mixin.py:190} INFO - [2026-06-19T16:58:34.008+0000] {dag.py:4180} INFO - Setting next_dagrun for example_external_task_marker_parent to None, run_after=None
[2026-06-19T16:58:34.047+0000] {processor.py:208} INFO - Processing /home/airflow/.local/lib/python3.12/site-packages/airflow/example_dags/example_external_task_marker_dag.py took 0.168 seconds
[2026-06-19T16:59:04.908+0000] {processor.py:186} INFO - Started process (PID=2134) to work on /home/airflow/.local/lib/python3.12/site-packages/airflow/example_dags/example_external_task_marker_dag.py
[2026-06-19T16:59:04.911+0000] {processor.py:914} INFO - Processing file /home/airflow/.local/lib/python3.12/site-packages/airflow/example_dags/example_external_task_marker_dag.py for tasks to queue
[2026-06-19T16:59:04.917+0000] {logging_mixin.py:190} INFO - [2026-06-19T16:59:04.917+0000] {dagbag.py:588} INFO - Filling up the DagBag from /home/airflow/.local/lib/python3.12/site-packages/airflow/example_dags/example_external_task_marker_dag.py
[2026-06-19T16:59:04.939+0000] {processor.py:925} INFO - DAG(s) 'example_external_task_marker_child', 'example_external_task_marker_parent' retrieved from /home/airflow/.local/lib/python3.12/site-packages/airflow/example_dags/example_external_task_marker_dag.py
[2026-06-19T16:59:04.982+0000] {logging_mixin.py:190} INFO - [2026-06-19T16:59:04.982+0000] {dag.py:3239} INFO - Sync 2 DAGs
[2026-06-19T16:59:05.016+0000] {logging_mixin.py:190} INFO - [2026-06-19T16:59:05.016+0000] {dag.py:4180} INFO - Setting next_dagrun for example_external_task_marker_child to None, run_after=None
[2026-06-19T16:59:05.026+0000] {logging_mixin.py:190} INFO - [2026-06-19T16:59:05.025+0000] {dag.py:4180} INFO - Setting next_dagrun for example_external_task_marker_parent to None, run_after=None
[2026-06-19T16:59:05.061+0000] {processor.py:208} INFO - Processing /home/airflow/.local/lib/python3.12/site-packages/airflow/example_dags/example_external_task_marker_dag.py took 0.164 seconds
[2026-06-19T16:59:35.371+0000] {processor.py:186} INFO - Started process (PID=2197) to work on /home/airflow/.local/lib/python3.12/site-packages/airflow/example_dags/example_external_task_marker_dag.py
[2026-06-19T16:59:35.376+0000] {processor.py:914} INFO - Processing file /home/airflow/.local/lib/python3.12/site-packages/airflow/example_dags/example_external_task_marker_dag.py for tasks to queue
[2026-06-19T16:59:35.385+0000] {logging_mixin.py:190} INFO - [2026-06-19T16:59:35.384+0000] {dagbag.py:588} INFO - Filling up the DagBag from /home/airflow/.local/lib/python3.12/site-packages/airflow/example_dags/example_external_task_marker_dag.py
[2026-06-19T16:59:35.429+0000] {processor.py:925} INFO - DAG(s) 'example_external_task_marker_parent', 'example_external_task_marker_child' retrieved from /home/airflow/.local/lib/python3.12/site-packages/airflow/example_dags/example_external_task_marker_dag.py
[2026-06-19T16:59:35.512+0000] {logging_mixin.py:190} INFO - [2026-06-19T16:59:35.511+0000] {dag.py:3239} INFO - Sync 2 DAGs
[2026-06-19T16:59:35.570+0000] {logging_mixin.py:190} INFO - [2026-06-19T16:59:35.569+0000] {dag.py:4180} INFO - Setting next_dagrun for example_external_task_marker_child to None, run_after=None
[2026-06-19T16:59:35.589+0000] {logging_mixin.py:190} INFO - [2026-06-19T16:59:35.588+0000] {dag.py:4180} INFO - Setting next_dagrun for example_external_task_marker_parent to None, run_after=None
[2026-06-19T16:59:35.635+0000] {processor.py:208} INFO - Processing /home/airflow/.local/lib/python3.12/site-packages/airflow/example_dags/example_external_task_marker_dag.py took 0.283 seconds
[2026-06-19T17:00:06.108+0000] {processor.py:186} INFO - Started process (PID=2261) to work on /home/airflow/.local/lib/python3.12/site-packages/airflow/example_dags/example_external_task_marker_dag.py
[2026-06-19T17:00:06.112+0000] {processor.py:914} INFO - Processing file /home/airflow/.local/lib/python3.12/site-packages/airflow/example_dags/example_external_task_marker_dag.py for tasks to queue
[2026-06-19T17:00:06.117+0000] {logging_mixin.py:190} INFO - [2026-06-19T17:00:06.116+0000] {dagbag.py:588} INFO - Filling up the DagBag from /home/airflow/.local/lib/python3.12/site-packages/airflow/example_dags/example_external_task_marker_dag.py
[2026-06-19T17:00:06.134+0000] {processor.py:925} INFO - DAG(s) 'example_external_task_marker_child', 'example_external_task_marker_parent' retrieved from /home/airflow/.local/lib/python3.12/site-packages/airflow/example_dags/example_external_task_marker_dag.py
[2026-06-19T17:00:06.173+0000] {logging_mixin.py:190} INFO - [2026-06-19T17:00:06.173+0000] {dag.py:3239} INFO - Sync 2 DAGs
[2026-06-19T17:00:06.195+0000] {logging_mixin.py:190} INFO - [2026-06-19T17:00:06.195+0000] {dag.py:4180} INFO - Setting next_dagrun for example_external_task_marker_child to None, run_after=None
[2026-06-19T17:00:06.202+0000] {logging_mixin.py:190} INFO - [2026-06-19T17:00:06.201+0000] {dag.py:4180} INFO - Setting next_dagrun for example_external_task_marker_parent to None, run_after=None
[2026-06-19T17:00:06.228+0000] {processor.py:208} INFO - Processing /home/airflow/.local/lib/python3.12/site-packages/airflow/example_dags/example_external_task_marker_dag.py took 0.131 seconds
[2026-06-19T17:00:36.983+0000] {processor.py:186} INFO - Started process (PID=2324) to work on /home/airflow/.local/lib/python3.12/site-packages/airflow/example_dags/example_external_task_marker_dag.py
[2026-06-19T17:00:36.989+0000] {processor.py:914} INFO - Processing file /home/airflow/.local/lib/python3.12/site-packages/airflow/example_dags/example_external_task_marker_dag.py for tasks to queue
[2026-06-19T17:00:36.999+0000] {logging_mixin.py:190} INFO - [2026-06-19T17:00:36.998+0000] {dagbag.py:588} INFO - Filling up the DagBag from /home/airflow/.local/lib/python3.12/site-packages/airflow/example_dags/example_external_task_marker_dag.py
[2026-06-19T17:00:37.032+0000] {processor.py:925} INFO - DAG(s) 'example_external_task_marker_parent', 'example_external_task_marker_child' retrieved from /home/airflow/.local/lib/python3.12/site-packages/airflow/example_dags/example_external_task_marker_dag.py
[2026-06-19T17:00:37.092+0000] {logging_mixin.py:190} INFO - [2026-06-19T17:00:37.091+0000] {dag.py:3239} INFO - Sync 2 DAGs
[2026-06-19T17:00:37.129+0000] {logging_mixin.py:190} INFO - [2026-06-19T17:00:37.129+0000] {dag.py:4180} INFO - Setting next_dagrun for example_external_task_marker_child to None, run_after=None
[2026-06-19T17:00:37.140+0000] {logging_mixin.py:190} INFO - [2026-06-19T17:00:37.139+0000] {dag.py:4180} INFO - Setting next_dagrun for example_external_task_marker_parent to None, run_after=None
[2026-06-19T17:00:37.177+0000] {processor.py:208} INFO - Processing /home/airflow/.local/lib/python3.12/site-packages/airflow/example_dags/example_external_task_marker_dag.py took 0.216 seconds
[2026-06-19T17:01:07.872+0000] {processor.py:186} INFO - Started process (PID=2388) to work on /home/airflow/.local/lib/python3.12/site-packages/airflow/example_dags/example_external_task_marker_dag.py
[2026-06-19T17:01:07.874+0000] {processor.py:914} INFO - Processing file /home/airflow/.local/lib/python3.12/site-packages/airflow/example_dags/example_external_task_marker_dag.py for tasks to queue
[2026-06-19T17:01:07.880+0000] {logging_mixin.py:190} INFO - [2026-06-19T17:01:07.879+0000] {dagbag.py:588} INFO - Filling up the DagBag from /home/airflow/.local/lib/python3.12/site-packages/airflow/example_dags/example_external_task_marker_dag.py
[2026-06-19T17:01:07.897+0000] {processor.py:925} INFO - DAG(s) 'example_external_task_marker_parent', 'example_external_task_marker_child' retrieved from /home/airflow/.local/lib/python3.12/site-packages/airflow/example_dags/example_external_task_marker_dag.py
[2026-06-19T17:01:07.946+0000] {logging_mixin.py:190} INFO - [2026-06-19T17:01:07.945+0000] {dag.py:3239} INFO - Sync 2 DAGs
[2026-06-19T17:01:07.982+0000] {logging_mixin.py:190} INFO - [2026-06-19T17:01:07.982+0000] {dag.py:4180} INFO - Setting next_dagrun for example_external_task_marker_child to None, run_after=None
[2026-06-19T17:01:07.993+0000] {logging_mixin.py:190} INFO - [2026-06-19T17:01:07.993+0000] {dag.py:4180} INFO - Setting next_dagrun for example_external_task_marker_parent to None, run_after=None
[2026-06-19T17:01:08.028+0000] {processor.py:208} INFO - Processing /home/airflow/.local/lib/python3.12/site-packages/airflow/example_dags/example_external_task_marker_dag.py took 0.165 seconds
[2026-06-19T17:01:38.914+0000] {processor.py:186} INFO - Started process (PID=2452) to work on /home/airflow/.local/lib/python3.12/site-packages/airflow/example_dags/example_external_task_marker_dag.py
[2026-06-19T17:01:38.919+0000] {processor.py:914} INFO - Processing file /home/airflow/.local/lib/python3.12/site-packages/airflow/example_dags/example_external_task_marker_dag.py for tasks to queue
[2026-06-19T17:01:38.930+0000] {logging_mixin.py:190} INFO - [2026-06-19T17:01:38.929+0000] {dagbag.py:588} INFO - Filling up the DagBag from /home/airflow/.local/lib/python3.12/site-packages/airflow/example_dags/example_external_task_marker_dag.py
[2026-06-19T17:01:38.962+0000] {processor.py:925} INFO - DAG(s) 'example_external_task_marker_child', 'example_external_task_marker_parent' retrieved from /home/airflow/.local/lib/python3.12/site-packages/airflow/example_dags/example_external_task_marker_dag.py
[2026-06-19T17:01:39.047+0000] {logging_mixin.py:190} INFO - [2026-06-19T17:01:39.047+0000] {dag.py:3239} INFO - Sync 2 DAGs
[2026-06-19T17:01:39.120+0000] {logging_mixin.py:190} INFO - [2026-06-19T17:01:39.119+0000] {dag.py:4180} INFO - Setting next_dagrun for example_external_task_marker_child to None, run_after=None
[2026-06-19T17:01:39.146+0000] {logging_mixin.py:190} INFO - [2026-06-19T17:01:39.145+0000] {dag.py:4180} INFO - Setting next_dagrun for example_external_task_marker_parent to None, run_after=None
[2026-06-19T17:01:39.229+0000] {processor.py:208} INFO - Processing /home/airflow/.local/lib/python3.12/site-packages/airflow/example_dags/example_external_task_marker_dag.py took 0.342 seconds
[2026-06-19T17:02:09.657+0000] {processor.py:186} INFO - Started process (PID=2515) to work on /home/airflow/.local/lib/python3.12/site-packages/airflow/example_dags/example_external_task_marker_dag.py
[2026-06-19T17:02:09.662+0000] {processor.py:914} INFO - Processing file /home/airflow/.local/lib/python3.12/site-packages/airflow/example_dags/example_external_task_marker_dag.py for tasks to queue
[2026-06-19T17:02:09.672+0000] {logging_mixin.py:190} INFO - [2026-06-19T17:02:09.671+0000] {dagbag.py:588} INFO - Filling up the DagBag from /home/airflow/.local/lib/python3.12/site-packages/airflow/example_dags/example_external_task_marker_dag.py
[2026-06-19T17:02:09.698+0000] {processor.py:925} INFO - DAG(s) 'example_external_task_marker_child', 'example_external_task_marker_parent' retrieved from /home/airflow/.local/lib/python3.12/site-packages/airflow/example_dags/example_external_task_marker_dag.py
[2026-06-19T17:02:09.759+0000] {logging_mixin.py:190} INFO - [2026-06-19T17:02:09.759+0000] {dag.py:3239} INFO - Sync 2 DAGs
[2026-06-19T17:02:09.786+0000] {logging_mixin.py:190} INFO - [2026-06-19T17:02:09.786+0000] {dag.py:4180} INFO - Setting next_dagrun for example_external_task_marker_child to None, run_after=None
[2026-06-19T17:02:09.824+0000] {logging_mixin.py:190} INFO - [2026-06-19T17:02:09.823+0000] {dag.py:4180} INFO - Setting next_dagrun for example_external_task_marker_parent to None, run_after=None
[2026-06-19T17:02:09.889+0000] {processor.py:208} INFO - Processing /home/airflow/.local/lib/python3.12/site-packages/airflow/example_dags/example_external_task_marker_dag.py took 0.244 seconds
[2026-06-19T17:02:41.021+0000] {processor.py:186} INFO - Started process (PID=2580) to work on /home/airflow/.local/lib/python3.12/site-packages/airflow/example_dags/example_external_task_marker_dag.py
[2026-06-19T17:02:41.025+0000] {processor.py:914} INFO - Processing file /home/airflow/.local/lib/python3.12/site-packages/airflow/example_dags/example_external_task_marker_dag.py for tasks to queue
[2026-06-19T17:02:41.032+0000] {logging_mixin.py:190} INFO - [2026-06-19T17:02:41.032+0000] {dagbag.py:588} INFO - Filling up the DagBag from /home/airflow/.local/lib/python3.12/site-packages/airflow/example_dags/example_external_task_marker_dag.py
[2026-06-19T17:02:41.074+0000] {processor.py:925} INFO - DAG(s) 'example_external_task_marker_child', 'example_external_task_marker_parent' retrieved from /home/airflow/.local/lib/python3.12/site-packages/airflow/example_dags/example_external_task_marker_dag.py
[2026-06-19T17:02:41.153+0000] {logging_mixin.py:190} INFO - [2026-06-19T17:02:41.152+0000] {dag.py:3239} INFO - Sync 2 DAGs
[2026-06-19T17:02:41.227+0000] {logging_mixin.py:190} INFO - [2026-06-19T17:02:41.221+0000] {dag.py:4180} INFO - Setting next_dagrun for example_external_task_marker_child to None, run_after=None
[2026-06-19T17:02:41.249+0000] {logging_mixin.py:190} INFO - [2026-06-19T17:02:41.248+0000] {dag.py:4180} INFO - Setting next_dagrun for example_external_task_marker_parent to None, run_after=None
[2026-06-19T17:02:41.324+0000] {processor.py:208} INFO - Processing /home/airflow/.local/lib/python3.12/site-packages/airflow/example_dags/example_external_task_marker_dag.py took 0.325 seconds
[2026-06-19T17:04:32.589+0000] {processor.py:186} INFO - Started process (PID=111) to work on /home/airflow/.local/lib/python3.12/site-packages/airflow/example_dags/example_external_task_marker_dag.py
[2026-06-19T17:04:32.595+0000] {processor.py:914} INFO - Processing file /home/airflow/.local/lib/python3.12/site-packages/airflow/example_dags/example_external_task_marker_dag.py for tasks to queue
[2026-06-19T17:04:32.606+0000] {logging_mixin.py:190} INFO - [2026-06-19T17:04:32.605+0000] {dagbag.py:588} INFO - Filling up the DagBag from /home/airflow/.local/lib/python3.12/site-packages/airflow/example_dags/example_external_task_marker_dag.py
[2026-06-19T17:04:32.629+0000] {processor.py:925} INFO - DAG(s) 'example_external_task_marker_parent', 'example_external_task_marker_child' retrieved from /home/airflow/.local/lib/python3.12/site-packages/airflow/example_dags/example_external_task_marker_dag.py
[2026-06-19T17:04:32.682+0000] {logging_mixin.py:190} INFO - [2026-06-19T17:04:32.682+0000] {dag.py:3239} INFO - Sync 2 DAGs
[2026-06-19T17:04:32.716+0000] {logging_mixin.py:190} INFO - [2026-06-19T17:04:32.715+0000] {dag.py:4180} INFO - Setting next_dagrun for example_external_task_marker_child to None, run_after=None
[2026-06-19T17:04:32.725+0000] {logging_mixin.py:190} INFO - [2026-06-19T17:04:32.725+0000] {dag.py:4180} INFO - Setting next_dagrun for example_external_task_marker_parent to None, run_after=None
[2026-06-19T17:04:32.762+0000] {processor.py:208} INFO - Processing /home/airflow/.local/lib/python3.12/site-packages/airflow/example_dags/example_external_task_marker_dag.py took 0.186 seconds
[2026-06-19T17:05:04.163+0000] {processor.py:186} INFO - Started process (PID=174) to work on /home/airflow/.local/lib/python3.12/site-packages/airflow/example_dags/example_external_task_marker_dag.py
[2026-06-19T17:05:04.169+0000] {processor.py:914} INFO - Processing file /home/airflow/.local/lib/python3.12/site-packages/airflow/example_dags/example_external_task_marker_dag.py for tasks to queue
[2026-06-19T17:05:04.175+0000] {logging_mixin.py:190} INFO - [2026-06-19T17:05:04.175+0000] {dagbag.py:588} INFO - Filling up the DagBag from /home/airflow/.local/lib/python3.12/site-packages/airflow/example_dags/example_external_task_marker_dag.py
[2026-06-19T17:05:04.191+0000] {processor.py:925} INFO - DAG(s) 'example_external_task_marker_parent', 'example_external_task_marker_child' retrieved from /home/airflow/.local/lib/python3.12/site-packages/airflow/example_dags/example_external_task_marker_dag.py
[2026-06-19T17:05:04.234+0000] {logging_mixin.py:190} INFO - [2026-06-19T17:05:04.234+0000] {dag.py:3239} INFO - Sync 2 DAGs
[2026-06-19T17:05:04.261+0000] {logging_mixin.py:190} INFO - [2026-06-19T17:05:04.261+0000] {dag.py:4180} INFO - Setting next_dagrun for example_external_task_marker_child to None, run_after=None
[2026-06-19T17:05:04.272+0000] {logging_mixin.py:190} INFO - [2026-06-19T17:05:04.271+0000] {dag.py:4180} INFO - Setting next_dagrun for example_external_task_marker_parent to None, run_after=None
[2026-06-19T17:05:04.303+0000] {processor.py:208} INFO - Processing /home/airflow/.local/lib/python3.12/site-packages/airflow/example_dags/example_external_task_marker_dag.py took 0.151 seconds
[2026-06-19T17:05:34.677+0000] {processor.py:186} INFO - Started process (PID=238) to work on /home/airflow/.local/lib/python3.12/site-packages/airflow/example_dags/example_external_task_marker_dag.py
[2026-06-19T17:05:34.681+0000] {processor.py:914} INFO - Processing file /home/airflow/.local/lib/python3.12/site-packages/airflow/example_dags/example_external_task_marker_dag.py for tasks to queue
[2026-06-19T17:05:34.686+0000] {logging_mixin.py:190} INFO - [2026-06-19T17:05:34.686+0000] {dagbag.py:588} INFO - Filling up the DagBag from /home/airflow/.local/lib/python3.12/site-packages/airflow/example_dags/example_external_task_marker_dag.py
[2026-06-19T17:05:34.701+0000] {processor.py:925} INFO - DAG(s) 'example_external_task_marker_child', 'example_external_task_marker_parent' retrieved from /home/airflow/.local/lib/python3.12/site-packages/airflow/example_dags/example_external_task_marker_dag.py
[2026-06-19T17:05:34.743+0000] {logging_mixin.py:190} INFO - [2026-06-19T17:05:34.742+0000] {dag.py:3239} INFO - Sync 2 DAGs
[2026-06-19T17:05:34.775+0000] {logging_mixin.py:190} INFO - [2026-06-19T17:05:34.775+0000] {dag.py:4180} INFO - Setting next_dagrun for example_external_task_marker_child to None, run_after=None
[2026-06-19T17:05:34.783+0000] {logging_mixin.py:190} INFO - [2026-06-19T17:05:34.783+0000] {dag.py:4180} INFO - Setting next_dagrun for example_external_task_marker_parent to None, run_after=None
[2026-06-19T17:05:34.812+0000] {processor.py:208} INFO - Processing /home/airflow/.local/lib/python3.12/site-packages/airflow/example_dags/example_external_task_marker_dag.py took 0.145 seconds
[2026-06-19T17:06:11.248+0000] {processor.py:186} INFO - Started process (PID=308) to work on /home/airflow/.local/lib/python3.12/site-packages/airflow/example_dags/example_external_task_marker_dag.py
[2026-06-19T17:06:11.253+0000] {processor.py:914} INFO - Processing file /home/airflow/.local/lib/python3.12/site-packages/airflow/example_dags/example_external_task_marker_dag.py for tasks to queue
[2026-06-19T17:06:11.262+0000] {logging_mixin.py:190} INFO - [2026-06-19T17:06:11.261+0000] {dagbag.py:588} INFO - Filling up the DagBag from /home/airflow/.local/lib/python3.12/site-packages/airflow/example_dags/example_external_task_marker_dag.py
[2026-06-19T17:06:11.282+0000] {processor.py:925} INFO - DAG(s) 'example_external_task_marker_child', 'example_external_task_marker_parent' retrieved from /home/airflow/.local/lib/python3.12/site-packages/airflow/example_dags/example_external_task_marker_dag.py
[2026-06-19T17:06:11.329+0000] {logging_mixin.py:190} INFO - [2026-06-19T17:06:11.329+0000] {dag.py:3239} INFO - Sync 2 DAGs
[2026-06-19T17:06:11.369+0000] {logging_mixin.py:190} INFO - [2026-06-19T17:06:11.368+0000] {dag.py:4180} INFO - Setting next_dagrun for example_external_task_marker_child to None, run_after=None
[2026-06-19T17:06:11.380+0000] {logging_mixin.py:190} INFO - [2026-06-19T17:06:11.379+0000] {dag.py:4180} INFO - Setting next_dagrun for example_external_task_marker_parent to None, run_after=None
[2026-06-19T17:06:11.429+0000] {processor.py:208} INFO - Processing /home/airflow/.local/lib/python3.12/site-packages/airflow/example_dags/example_external_task_marker_dag.py took 0.202 seconds
[2026-06-19T17:08:08.415+0000] {processor.py:186} INFO - Started process (PID=117) to work on /home/airflow/.local/lib/python3.12/site-packages/airflow/example_dags/example_external_task_marker_dag.py
[2026-06-19T17:08:08.421+0000] {processor.py:914} INFO - Processing file /home/airflow/.local/lib/python3.12/site-packages/airflow/example_dags/example_external_task_marker_dag.py for tasks to queue
[2026-06-19T17:08:08.444+0000] {logging_mixin.py:190} INFO - [2026-06-19T17:08:08.442+0000] {dagbag.py:588} INFO - Filling up the DagBag from /home/airflow/.local/lib/python3.12/site-packages/airflow/example_dags/example_external_task_marker_dag.py
[2026-06-19T17:08:08.496+0000] {processor.py:925} INFO - DAG(s) 'example_external_task_marker_child', 'example_external_task_marker_parent' retrieved from /home/airflow/.local/lib/python3.12/site-packages/airflow/example_dags/example_external_task_marker_dag.py
[2026-06-19T17:08:08.619+0000] {logging_mixin.py:190} INFO - [2026-06-19T17:08:08.618+0000] {dag.py:3239} INFO - Sync 2 DAGs
[2026-06-19T17:08:08.692+0000] {logging_mixin.py:190} INFO - [2026-06-19T17:08:08.692+0000] {dag.py:4180} INFO - Setting next_dagrun for example_external_task_marker_child to None, run_after=None
[2026-06-19T17:08:08.709+0000] {logging_mixin.py:190} INFO - [2026-06-19T17:08:08.708+0000] {dag.py:4180} INFO - Setting next_dagrun for example_external_task_marker_parent to None, run_after=None
[2026-06-19T17:08:08.767+0000] {processor.py:208} INFO - Processing /home/airflow/.local/lib/python3.12/site-packages/airflow/example_dags/example_external_task_marker_dag.py took 0.381 seconds
[2026-06-19T17:08:39.180+0000] {processor.py:186} INFO - Started process (PID=180) to work on /home/airflow/.local/lib/python3.12/site-packages/airflow/example_dags/example_external_task_marker_dag.py
[2026-06-19T17:08:39.186+0000] {processor.py:914} INFO - Processing file /home/airflow/.local/lib/python3.12/site-packages/airflow/example_dags/example_external_task_marker_dag.py for tasks to queue
[2026-06-19T17:08:39.195+0000] {logging_mixin.py:190} INFO - [2026-06-19T17:08:39.194+0000] {dagbag.py:588} INFO - Filling up the DagBag from /home/airflow/.local/lib/python3.12/site-packages/airflow/example_dags/example_external_task_marker_dag.py
[2026-06-19T17:08:39.224+0000] {processor.py:925} INFO - DAG(s) 'example_external_task_marker_child', 'example_external_task_marker_parent' retrieved from /home/airflow/.local/lib/python3.12/site-packages/airflow/example_dags/example_external_task_marker_dag.py
[2026-06-19T17:08:39.281+0000] {logging_mixin.py:190} INFO - [2026-06-19T17:08:39.281+0000] {dag.py:3239} INFO - Sync 2 DAGs
[2026-06-19T17:08:39.318+0000] {logging_mixin.py:190} INFO - [2026-06-19T17:08:39.318+0000] {dag.py:4180} INFO - Setting next_dagrun for example_external_task_marker_child to None, run_after=None
[2026-06-19T17:08:39.327+0000] {logging_mixin.py:190} INFO - [2026-06-19T17:08:39.326+0000] {dag.py:4180} INFO - Setting next_dagrun for example_external_task_marker_parent to None, run_after=None
[2026-06-19T17:08:39.357+0000] {processor.py:208} INFO - Processing /home/airflow/.local/lib/python3.12/site-packages/airflow/example_dags/example_external_task_marker_dag.py took 0.210 seconds
[2026-06-19T17:09:09.469+0000] {processor.py:186} INFO - Started process (PID=244) to work on /home/airflow/.local/lib/python3.12/site-packages/airflow/example_dags/example_external_task_marker_dag.py
[2026-06-19T17:09:09.473+0000] {processor.py:914} INFO - Processing file /home/airflow/.local/lib/python3.12/site-packages/airflow/example_dags/example_external_task_marker_dag.py for tasks to queue
[2026-06-19T17:09:09.480+0000] {logging_mixin.py:190} INFO - [2026-06-19T17:09:09.480+0000] {dagbag.py:588} INFO - Filling up the DagBag from /home/airflow/.local/lib/python3.12/site-packages/airflow/example_dags/example_external_task_marker_dag.py
[2026-06-19T17:09:09.491+0000] {processor.py:925} INFO - DAG(s) 'example_external_task_marker_parent', 'example_external_task_marker_child' retrieved from /home/airflow/.local/lib/python3.12/site-packages/airflow/example_dags/example_external_task_marker_dag.py
[2026-06-19T17:09:09.530+0000] {logging_mixin.py:190} INFO - [2026-06-19T17:09:09.530+0000] {dag.py:3239} INFO - Sync 2 DAGs
[2026-06-19T17:09:09.554+0000] {logging_mixin.py:190} INFO - [2026-06-19T17:09:09.554+0000] {dag.py:4180} INFO - Setting next_dagrun for example_external_task_marker_child to None, run_after=None
[2026-06-19T17:09:09.563+0000] {logging_mixin.py:190} INFO - [2026-06-19T17:09:09.562+0000] {dag.py:4180} INFO - Setting next_dagrun for example_external_task_marker_parent to None, run_after=None
[2026-06-19T17:09:09.589+0000] {processor.py:208} INFO - Processing /home/airflow/.local/lib/python3.12/site-packages/airflow/example_dags/example_external_task_marker_dag.py took 0.130 seconds
[2026-06-19T17:09:41.812+0000] {processor.py:186} INFO - Started process (PID=308) to work on /home/airflow/.local/lib/python3.12/site-packages/airflow/example_dags/example_external_task_marker_dag.py
[2026-06-19T17:09:41.818+0000] {processor.py:914} INFO - Processing file /home/airflow/.local/lib/python3.12/site-packages/airflow/example_dags/example_external_task_marker_dag.py for tasks to queue
[2026-06-19T17:09:41.827+0000] {logging_mixin.py:190} INFO - [2026-06-19T17:09:41.826+0000] {dagbag.py:588} INFO - Filling up the DagBag from /home/airflow/.local/lib/python3.12/site-packages/airflow/example_dags/example_external_task_marker_dag.py
[2026-06-19T17:09:41.852+0000] {processor.py:925} INFO - DAG(s) 'example_external_task_marker_child', 'example_external_task_marker_parent' retrieved from /home/airflow/.local/lib/python3.12/site-packages/airflow/example_dags/example_external_task_marker_dag.py
[2026-06-19T17:09:41.928+0000] {logging_mixin.py:190} INFO - [2026-06-19T17:09:41.927+0000] {dag.py:3239} INFO - Sync 2 DAGs
[2026-06-19T17:09:41.993+0000] {logging_mixin.py:190} INFO - [2026-06-19T17:09:41.993+0000] {dag.py:4180} INFO - Setting next_dagrun for example_external_task_marker_child to None, run_after=None
[2026-06-19T17:09:42.010+0000] {logging_mixin.py:190} INFO - [2026-06-19T17:09:42.010+0000] {dag.py:4180} INFO - Setting next_dagrun for example_external_task_marker_parent to None, run_after=None
[2026-06-19T17:09:42.061+0000] {processor.py:208} INFO - Processing /home/airflow/.local/lib/python3.12/site-packages/airflow/example_dags/example_external_task_marker_dag.py took 0.271 seconds
[2026-06-19T17:10:18.395+0000] {processor.py:186} INFO - Started process (PID=373) to work on /home/airflow/.local/lib/python3.12/site-packages/airflow/example_dags/example_external_task_marker_dag.py
[2026-06-19T17:10:18.403+0000] {processor.py:914} INFO - Processing file /home/airflow/.local/lib/python3.12/site-packages/airflow/example_dags/example_external_task_marker_dag.py for tasks to queue
[2026-06-19T17:10:18.414+0000] {logging_mixin.py:190} INFO - [2026-06-19T17:10:18.413+0000] {dagbag.py:588} INFO - Filling up the DagBag from /home/airflow/.local/lib/python3.12/site-packages/airflow/example_dags/example_external_task_marker_dag.py
[2026-06-19T17:10:18.444+0000] {processor.py:925} INFO - DAG(s) 'example_external_task_marker_parent', 'example_external_task_marker_child' retrieved from /home/airflow/.local/lib/python3.12/site-packages/airflow/example_dags/example_external_task_marker_dag.py
[2026-06-19T17:10:18.562+0000] {logging_mixin.py:190} INFO - [2026-06-19T17:10:18.561+0000] {dag.py:3239} INFO - Sync 2 DAGs
[2026-06-19T17:10:18.863+0000] {logging_mixin.py:190} INFO - [2026-06-19T17:10:18.852+0000] {dag.py:4180} INFO - Setting next_dagrun for example_external_task_marker_child to None, run_after=None
[2026-06-19T17:10:18.888+0000] {logging_mixin.py:190} INFO - [2026-06-19T17:10:18.888+0000] {dag.py:4180} INFO - Setting next_dagrun for example_external_task_marker_parent to None, run_after=None
[2026-06-19T17:10:19.027+0000] {processor.py:208} INFO - Processing /home/airflow/.local/lib/python3.12/site-packages/airflow/example_dags/example_external_task_marker_dag.py took 0.661 seconds
[2026-06-19T17:10:49.252+0000] {processor.py:186} INFO - Started process (PID=437) to work on /home/airflow/.local/lib/python3.12/site-packages/airflow/example_dags/example_external_task_marker_dag.py
[2026-06-19T17:10:49.257+0000] {processor.py:914} INFO - Processing file /home/airflow/.local/lib/python3.12/site-packages/airflow/example_dags/example_external_task_marker_dag.py for tasks to queue
[2026-06-19T17:10:49.263+0000] {logging_mixin.py:190} INFO - [2026-06-19T17:10:49.263+0000] {dagbag.py:588} INFO - Filling up the DagBag from /home/airflow/.local/lib/python3.12/site-packages/airflow/example_dags/example_external_task_marker_dag.py
[2026-06-19T17:10:49.280+0000] {processor.py:925} INFO - DAG(s) 'example_external_task_marker_parent', 'example_external_task_marker_child' retrieved from /home/airflow/.local/lib/python3.12/site-packages/airflow/example_dags/example_external_task_marker_dag.py
[2026-06-19T17:10:49.319+0000] {logging_mixin.py:190} INFO - [2026-06-19T17:10:49.319+0000] {dag.py:3239} INFO - Sync 2 DAGs
[2026-06-19T17:10:49.349+0000] {logging_mixin.py:190} INFO - [2026-06-19T17:10:49.349+0000] {dag.py:4180} INFO - Setting next_dagrun for example_external_task_marker_child to None, run_after=None
[2026-06-19T17:10:49.359+0000] {logging_mixin.py:190} INFO - [2026-06-19T17:10:49.358+0000] {dag.py:4180} INFO - Setting next_dagrun for example_external_task_marker_parent to None, run_after=None
[2026-06-19T17:10:49.388+0000] {processor.py:208} INFO - Processing /home/airflow/.local/lib/python3.12/site-packages/airflow/example_dags/example_external_task_marker_dag.py took 0.146 seconds
[2026-06-19T17:11:21.111+0000] {processor.py:186} INFO - Started process (PID=501) to work on /home/airflow/.local/lib/python3.12/site-packages/airflow/example_dags/example_external_task_marker_dag.py
[2026-06-19T17:11:21.117+0000] {processor.py:914} INFO - Processing file /home/airflow/.local/lib/python3.12/site-packages/airflow/example_dags/example_external_task_marker_dag.py for tasks to queue
[2026-06-19T17:11:21.134+0000] {logging_mixin.py:190} INFO - [2026-06-19T17:11:21.133+0000] {dagbag.py:588} INFO - Filling up the DagBag from /home/airflow/.local/lib/python3.12/site-packages/airflow/example_dags/example_external_task_marker_dag.py
[2026-06-19T17:11:21.163+0000] {processor.py:925} INFO - DAG(s) 'example_external_task_marker_parent', 'example_external_task_marker_child' retrieved from /home/airflow/.local/lib/python3.12/site-packages/airflow/example_dags/example_external_task_marker_dag.py
[2026-06-19T17:11:21.274+0000] {logging_mixin.py:190} INFO - [2026-06-19T17:11:21.273+0000] {dag.py:3239} INFO - Sync 2 DAGs
[2026-06-19T17:11:21.325+0000] {logging_mixin.py:190} INFO - [2026-06-19T17:11:21.324+0000] {dag.py:4180} INFO - Setting next_dagrun for example_external_task_marker_child to None, run_after=None
[2026-06-19T17:11:21.337+0000] {logging_mixin.py:190} INFO - [2026-06-19T17:11:21.336+0000] {dag.py:4180} INFO - Setting next_dagrun for example_external_task_marker_parent to None, run_after=None
[2026-06-19T17:11:21.382+0000] {processor.py:208} INFO - Processing /home/airflow/.local/lib/python3.12/site-packages/airflow/example_dags/example_external_task_marker_dag.py took 0.294 seconds
[2026-06-19T17:11:51.598+0000] {processor.py:186} INFO - Started process (PID=564) to work on /home/airflow/.local/lib/python3.12/site-packages/airflow/example_dags/example_external_task_marker_dag.py
[2026-06-19T17:11:51.601+0000] {processor.py:914} INFO - Processing file /home/airflow/.local/lib/python3.12/site-packages/airflow/example_dags/example_external_task_marker_dag.py for tasks to queue
[2026-06-19T17:11:51.609+0000] {logging_mixin.py:190} INFO - [2026-06-19T17:11:51.608+0000] {dagbag.py:588} INFO - Filling up the DagBag from /home/airflow/.local/lib/python3.12/site-packages/airflow/example_dags/example_external_task_marker_dag.py
[2026-06-19T17:11:51.632+0000] {processor.py:925} INFO - DAG(s) 'example_external_task_marker_child', 'example_external_task_marker_parent' retrieved from /home/airflow/.local/lib/python3.12/site-packages/airflow/example_dags/example_external_task_marker_dag.py
[2026-06-19T17:11:51.685+0000] {logging_mixin.py:190} INFO - [2026-06-19T17:11:51.684+0000] {dag.py:3239} INFO - Sync 2 DAGs
[2026-06-19T17:11:51.714+0000] {logging_mixin.py:190} INFO - [2026-06-19T17:11:51.714+0000] {dag.py:4180} INFO - Setting next_dagrun for example_external_task_marker_child to None, run_after=None
[2026-06-19T17:11:51.722+0000] {logging_mixin.py:190} INFO - [2026-06-19T17:11:51.721+0000] {dag.py:4180} INFO - Setting next_dagrun for example_external_task_marker_parent to None, run_after=None
[2026-06-19T17:11:51.748+0000] {processor.py:208} INFO - Processing /home/airflow/.local/lib/python3.12/site-packages/airflow/example_dags/example_external_task_marker_dag.py took 0.161 seconds
[2026-06-19T17:12:24.048+0000] {processor.py:186} INFO - Started process (PID=628) to work on /home/airflow/.local/lib/python3.12/site-packages/airflow/example_dags/example_external_task_marker_dag.py
[2026-06-19T17:12:24.064+0000] {processor.py:914} INFO - Processing file /home/airflow/.local/lib/python3.12/site-packages/airflow/example_dags/example_external_task_marker_dag.py for tasks to queue
[2026-06-19T17:12:24.078+0000] {logging_mixin.py:190} INFO - [2026-06-19T17:12:24.077+0000] {dagbag.py:588} INFO - Filling up the DagBag from /home/airflow/.local/lib/python3.12/site-packages/airflow/example_dags/example_external_task_marker_dag.py
[2026-06-19T17:12:24.129+0000] {processor.py:925} INFO - DAG(s) 'example_external_task_marker_parent', 'example_external_task_marker_child' retrieved from /home/airflow/.local/lib/python3.12/site-packages/airflow/example_dags/example_external_task_marker_dag.py
[2026-06-19T17:12:24.225+0000] {logging_mixin.py:190} INFO - [2026-06-19T17:12:24.224+0000] {dag.py:3239} INFO - Sync 2 DAGs
[2026-06-19T17:12:24.270+0000] {logging_mixin.py:190} INFO - [2026-06-19T17:12:24.269+0000] {dag.py:4180} INFO - Setting next_dagrun for example_external_task_marker_child to None, run_after=None
[2026-06-19T17:12:24.285+0000] {logging_mixin.py:190} INFO - [2026-06-19T17:12:24.284+0000] {dag.py:4180} INFO - Setting next_dagrun for example_external_task_marker_parent to None, run_after=None
[2026-06-19T17:12:24.343+0000] {processor.py:208} INFO - Processing /home/airflow/.local/lib/python3.12/site-packages/airflow/example_dags/example_external_task_marker_dag.py took 0.318 seconds
[2026-06-19T17:12:54.991+0000] {processor.py:186} INFO - Started process (PID=692) to work on /home/airflow/.local/lib/python3.12/site-packages/airflow/example_dags/example_external_task_marker_dag.py
[2026-06-19T17:12:54.995+0000] {processor.py:914} INFO - Processing file /home/airflow/.local/lib/python3.12/site-packages/airflow/example_dags/example_external_task_marker_dag.py for tasks to queue
[2026-06-19T17:12:54.999+0000] {logging_mixin.py:190} INFO - [2026-06-19T17:12:54.999+0000] {dagbag.py:588} INFO - Filling up the DagBag from /home/airflow/.local/lib/python3.12/site-packages/airflow/example_dags/example_external_task_marker_dag.py
[2026-06-19T17:12:55.015+0000] {processor.py:925} INFO - DAG(s) 'example_external_task_marker_parent', 'example_external_task_marker_child' retrieved from /home/airflow/.local/lib/python3.12/site-packages/airflow/example_dags/example_external_task_marker_dag.py
[2026-06-19T17:12:55.051+0000] {logging_mixin.py:190} INFO - [2026-06-19T17:12:55.051+0000] {dag.py:3239} INFO - Sync 2 DAGs
[2026-06-19T17:12:55.070+0000] {logging_mixin.py:190} INFO - [2026-06-19T17:12:55.069+0000] {dag.py:4180} INFO - Setting next_dagrun for example_external_task_marker_child to None, run_after=None
[2026-06-19T17:12:55.077+0000] {logging_mixin.py:190} INFO - [2026-06-19T17:12:55.077+0000] {dag.py:4180} INFO - Setting next_dagrun for example_external_task_marker_parent to None, run_after=None
[2026-06-19T17:12:55.103+0000] {processor.py:208} INFO - Processing /home/airflow/.local/lib/python3.12/site-packages/airflow/example_dags/example_external_task_marker_dag.py took 0.119 seconds
[2026-06-19T17:13:26.149+0000] {processor.py:186} INFO - Started process (PID=755) to work on /home/airflow/.local/lib/python3.12/site-packages/airflow/example_dags/example_external_task_marker_dag.py
[2026-06-19T17:13:26.153+0000] {processor.py:914} INFO - Processing file /home/airflow/.local/lib/python3.12/site-packages/airflow/example_dags/example_external_task_marker_dag.py for tasks to queue
[2026-06-19T17:13:26.168+0000] {logging_mixin.py:190} INFO - [2026-06-19T17:13:26.167+0000] {dagbag.py:588} INFO - Filling up the DagBag from /home/airflow/.local/lib/python3.12/site-packages/airflow/example_dags/example_external_task_marker_dag.py
[2026-06-19T17:13:26.197+0000] {processor.py:925} INFO - DAG(s) 'example_external_task_marker_child', 'example_external_task_marker_parent' retrieved from /home/airflow/.local/lib/python3.12/site-packages/airflow/example_dags/example_external_task_marker_dag.py
[2026-06-19T17:13:26.323+0000] {logging_mixin.py:190} INFO - [2026-06-19T17:13:26.321+0000] {dag.py:3239} INFO - Sync 2 DAGs
[2026-06-19T17:13:26.406+0000] {logging_mixin.py:190} INFO - [2026-06-19T17:13:26.406+0000] {dag.py:4180} INFO - Setting next_dagrun for example_external_task_marker_child to None, run_after=None
[2026-06-19T17:13:26.423+0000] {logging_mixin.py:190} INFO - [2026-06-19T17:13:26.422+0000] {dag.py:4180} INFO - Setting next_dagrun for example_external_task_marker_parent to None, run_after=None
[2026-06-19T17:13:26.512+0000] {processor.py:208} INFO - Processing /home/airflow/.local/lib/python3.12/site-packages/airflow/example_dags/example_external_task_marker_dag.py took 0.382 seconds
[2026-06-19T17:13:58.821+0000] {processor.py:186} INFO - Started process (PID=819) to work on /home/airflow/.local/lib/python3.12/site-packages/airflow/example_dags/example_external_task_marker_dag.py
[2026-06-19T17:13:58.858+0000] {processor.py:914} INFO - Processing file /home/airflow/.local/lib/python3.12/site-packages/airflow/example_dags/example_external_task_marker_dag.py for tasks to queue
[2026-06-19T17:13:58.921+0000] {logging_mixin.py:190} INFO - [2026-06-19T17:13:58.920+0000] {dagbag.py:588} INFO - Filling up the DagBag from /home/airflow/.local/lib/python3.12/site-packages/airflow/example_dags/example_external_task_marker_dag.py
[2026-06-19T17:13:58.987+0000] {processor.py:925} INFO - DAG(s) 'example_external_task_marker_parent', 'example_external_task_marker_child' retrieved from /home/airflow/.local/lib/python3.12/site-packages/airflow/example_dags/example_external_task_marker_dag.py
[2026-06-19T17:13:59.146+0000] {logging_mixin.py:190} INFO - [2026-06-19T17:13:59.145+0000] {dag.py:3239} INFO - Sync 2 DAGs
[2026-06-19T17:13:59.224+0000] {logging_mixin.py:190} INFO - [2026-06-19T17:13:59.223+0000] {dag.py:4180} INFO - Setting next_dagrun for example_external_task_marker_child to None, run_after=None
[2026-06-19T17:13:59.247+0000] {logging_mixin.py:190} INFO - [2026-06-19T17:13:59.246+0000] {dag.py:4180} INFO - Setting next_dagrun for example_external_task_marker_parent to None, run_after=None
[2026-06-19T17:13:59.380+0000] {processor.py:208} INFO - Processing /home/airflow/.local/lib/python3.12/site-packages/airflow/example_dags/example_external_task_marker_dag.py took 0.602 seconds
[2026-06-19T17:14:29.700+0000] {processor.py:186} INFO - Started process (PID=882) to work on /home/airflow/.local/lib/python3.12/site-packages/airflow/example_dags/example_external_task_marker_dag.py
[2026-06-19T17:14:29.704+0000] {processor.py:914} INFO - Processing file /home/airflow/.local/lib/python3.12/site-packages/airflow/example_dags/example_external_task_marker_dag.py for tasks to queue
[2026-06-19T17:14:29.710+0000] {logging_mixin.py:190} INFO - [2026-06-19T17:14:29.709+0000] {dagbag.py:588} INFO - Filling up the DagBag from /home/airflow/.local/lib/python3.12/site-packages/airflow/example_dags/example_external_task_marker_dag.py
[2026-06-19T17:14:29.724+0000] {processor.py:925} INFO - DAG(s) 'example_external_task_marker_parent', 'example_external_task_marker_child' retrieved from /home/airflow/.local/lib/python3.12/site-packages/airflow/example_dags/example_external_task_marker_dag.py
[2026-06-19T17:14:29.767+0000] {logging_mixin.py:190} INFO - [2026-06-19T17:14:29.767+0000] {dag.py:3239} INFO - Sync 2 DAGs
[2026-06-19T17:14:29.802+0000] {logging_mixin.py:190} INFO - [2026-06-19T17:14:29.801+0000] {dag.py:4180} INFO - Setting next_dagrun for example_external_task_marker_child to None, run_after=None
[2026-06-19T17:14:29.811+0000] {logging_mixin.py:190} INFO - [2026-06-19T17:14:29.811+0000] {dag.py:4180} INFO - Setting next_dagrun for example_external_task_marker_parent to None, run_after=None
[2026-06-19T17:14:29.841+0000] {processor.py:208} INFO - Processing /home/airflow/.local/lib/python3.12/site-packages/airflow/example_dags/example_external_task_marker_dag.py took 0.154 seconds
[2026-06-19T17:15:00.388+0000] {processor.py:186} INFO - Started process (PID=946) to work on /home/airflow/.local/lib/python3.12/site-packages/airflow/example_dags/example_external_task_marker_dag.py
[2026-06-19T17:15:00.392+0000] {processor.py:914} INFO - Processing file /home/airflow/.local/lib/python3.12/site-packages/airflow/example_dags/example_external_task_marker_dag.py for tasks to queue
[2026-06-19T17:15:00.398+0000] {logging_mixin.py:190} INFO - [2026-06-19T17:15:00.397+0000] {dagbag.py:588} INFO - Filling up the DagBag from /home/airflow/.local/lib/python3.12/site-packages/airflow/example_dags/example_external_task_marker_dag.py
[2026-06-19T17:15:00.414+0000] {processor.py:925} INFO - DAG(s) 'example_external_task_marker_parent', 'example_external_task_marker_child' retrieved from /home/airflow/.local/lib/python3.12/site-packages/airflow/example_dags/example_external_task_marker_dag.py
[2026-06-19T17:15:00.452+0000] {logging_mixin.py:190} INFO - [2026-06-19T17:15:00.451+0000] {dag.py:3239} INFO - Sync 2 DAGs
[2026-06-19T17:15:00.480+0000] {logging_mixin.py:190} INFO - [2026-06-19T17:15:00.480+0000] {dag.py:4180} INFO - Setting next_dagrun for example_external_task_marker_child to None, run_after=None
[2026-06-19T17:15:00.487+0000] {logging_mixin.py:190} INFO - [2026-06-19T17:15:00.487+0000] {dag.py:4180} INFO - Setting next_dagrun for example_external_task_marker_parent to None, run_after=None
[2026-06-19T17:15:00.518+0000] {processor.py:208} INFO - Processing /home/airflow/.local/lib/python3.12/site-packages/airflow/example_dags/example_external_task_marker_dag.py took 0.142 seconds
[2026-06-19T17:15:30.992+0000] {processor.py:186} INFO - Started process (PID=1010) to work on /home/airflow/.local/lib/python3.12/site-packages/airflow/example_dags/example_external_task_marker_dag.py
[2026-06-19T17:15:30.996+0000] {processor.py:914} INFO - Processing file /home/airflow/.local/lib/python3.12/site-packages/airflow/example_dags/example_external_task_marker_dag.py for tasks to queue
[2026-06-19T17:15:31.003+0000] {logging_mixin.py:190} INFO - [2026-06-19T17:15:31.003+0000] {dagbag.py:588} INFO - Filling up the DagBag from /home/airflow/.local/lib/python3.12/site-packages/airflow/example_dags/example_external_task_marker_dag.py
[2026-06-19T17:15:31.020+0000] {processor.py:925} INFO - DAG(s) 'example_external_task_marker_child', 'example_external_task_marker_parent' retrieved from /home/airflow/.local/lib/python3.12/site-packages/airflow/example_dags/example_external_task_marker_dag.py
[2026-06-19T17:15:31.064+0000] {logging_mixin.py:190} INFO - [2026-06-19T17:15:31.063+0000] {dag.py:3239} INFO - Sync 2 DAGs
[2026-06-19T17:15:31.090+0000] {logging_mixin.py:190} INFO - [2026-06-19T17:15:31.090+0000] {dag.py:4180} INFO - Setting next_dagrun for example_external_task_marker_child to None, run_after=None
[2026-06-19T17:15:31.099+0000] {logging_mixin.py:190} INFO - [2026-06-19T17:15:31.098+0000] {dag.py:4180} INFO - Setting next_dagrun for example_external_task_marker_parent to None, run_after=None
[2026-06-19T17:15:31.125+0000] {processor.py:208} INFO - Processing /home/airflow/.local/lib/python3.12/site-packages/airflow/example_dags/example_external_task_marker_dag.py took 0.145 seconds
[2026-06-19T17:16:01.709+0000] {processor.py:186} INFO - Started process (PID=1074) to work on /home/airflow/.local/lib/python3.12/site-packages/airflow/example_dags/example_external_task_marker_dag.py
[2026-06-19T17:16:01.718+0000] {processor.py:914} INFO - Processing file /home/airflow/.local/lib/python3.12/site-packages/airflow/example_dags/example_external_task_marker_dag.py for tasks to queue
[2026-06-19T17:16:01.732+0000] {logging_mixin.py:190} INFO - [2026-06-19T17:16:01.730+0000] {dagbag.py:588} INFO - Filling up the DagBag from /home/airflow/.local/lib/python3.12/site-packages/airflow/example_dags/example_external_task_marker_dag.py
[2026-06-19T17:16:01.812+0000] {processor.py:925} INFO - DAG(s) 'example_external_task_marker_child', 'example_external_task_marker_parent' retrieved from /home/airflow/.local/lib/python3.12/site-packages/airflow/example_dags/example_external_task_marker_dag.py
[2026-06-19T17:16:01.985+0000] {logging_mixin.py:190} INFO - [2026-06-19T17:16:01.984+0000] {dag.py:3239} INFO - Sync 2 DAGs
[2026-06-19T17:16:02.096+0000] {logging_mixin.py:190} INFO - [2026-06-19T17:16:02.085+0000] {dag.py:4180} INFO - Setting next_dagrun for example_external_task_marker_child to None, run_after=None
[2026-06-19T17:16:02.130+0000] {logging_mixin.py:190} INFO - [2026-06-19T17:16:02.129+0000] {dag.py:4180} INFO - Setting next_dagrun for example_external_task_marker_parent to None, run_after=None
[2026-06-19T17:16:02.204+0000] {processor.py:208} INFO - Processing /home/airflow/.local/lib/python3.12/site-packages/airflow/example_dags/example_external_task_marker_dag.py took 0.508 seconds
[2026-06-19T17:16:32.592+0000] {processor.py:186} INFO - Started process (PID=1138) to work on /home/airflow/.local/lib/python3.12/site-packages/airflow/example_dags/example_external_task_marker_dag.py
[2026-06-19T17:16:32.596+0000] {processor.py:914} INFO - Processing file /home/airflow/.local/lib/python3.12/site-packages/airflow/example_dags/example_external_task_marker_dag.py for tasks to queue
[2026-06-19T17:16:32.602+0000] {logging_mixin.py:190} INFO - [2026-06-19T17:16:32.601+0000] {dagbag.py:588} INFO - Filling up the DagBag from /home/airflow/.local/lib/python3.12/site-packages/airflow/example_dags/example_external_task_marker_dag.py
[2026-06-19T17:16:32.622+0000] {processor.py:925} INFO - DAG(s) 'example_external_task_marker_parent', 'example_external_task_marker_child' retrieved from /home/airflow/.local/lib/python3.12/site-packages/airflow/example_dags/example_external_task_marker_dag.py
[2026-06-19T17:16:32.663+0000] {logging_mixin.py:190} INFO - [2026-06-19T17:16:32.663+0000] {dag.py:3239} INFO - Sync 2 DAGs
[2026-06-19T17:16:32.692+0000] {logging_mixin.py:190} INFO - [2026-06-19T17:16:32.692+0000] {dag.py:4180} INFO - Setting next_dagrun for example_external_task_marker_child to None, run_after=None
[2026-06-19T17:16:32.701+0000] {logging_mixin.py:190} INFO - [2026-06-19T17:16:32.701+0000] {dag.py:4180} INFO - Setting next_dagrun for example_external_task_marker_parent to None, run_after=None
[2026-06-19T17:16:32.735+0000] {processor.py:208} INFO - Processing /home/airflow/.local/lib/python3.12/site-packages/airflow/example_dags/example_external_task_marker_dag.py took 0.153 seconds
[2026-06-19T17:17:03.045+0000] {processor.py:186} INFO - Started process (PID=1201) to work on /home/airflow/.local/lib/python3.12/site-packages/airflow/example_dags/example_external_task_marker_dag.py
[2026-06-19T17:17:03.049+0000] {processor.py:914} INFO - Processing file /home/airflow/.local/lib/python3.12/site-packages/airflow/example_dags/example_external_task_marker_dag.py for tasks to queue
[2026-06-19T17:17:03.055+0000] {logging_mixin.py:190} INFO - [2026-06-19T17:17:03.055+0000] {dagbag.py:588} INFO - Filling up the DagBag from /home/airflow/.local/lib/python3.12/site-packages/airflow/example_dags/example_external_task_marker_dag.py
[2026-06-19T17:17:03.074+0000] {processor.py:925} INFO - DAG(s) 'example_external_task_marker_parent', 'example_external_task_marker_child' retrieved from /home/airflow/.local/lib/python3.12/site-packages/airflow/example_dags/example_external_task_marker_dag.py
[2026-06-19T17:17:03.125+0000] {logging_mixin.py:190} INFO - [2026-06-19T17:17:03.124+0000] {dag.py:3239} INFO - Sync 2 DAGs
[2026-06-19T17:17:03.158+0000] {logging_mixin.py:190} INFO - [2026-06-19T17:17:03.157+0000] {dag.py:4180} INFO - Setting next_dagrun for example_external_task_marker_child to None, run_after=None
[2026-06-19T17:17:03.167+0000] {logging_mixin.py:190} INFO - [2026-06-19T17:17:03.167+0000] {dag.py:4180} INFO - Setting next_dagrun for example_external_task_marker_parent to None, run_after=None
[2026-06-19T17:17:03.204+0000] {processor.py:208} INFO - Processing /home/airflow/.local/lib/python3.12/site-packages/airflow/example_dags/example_external_task_marker_dag.py took 0.170 seconds
[2026-06-19T17:17:33.855+0000] {processor.py:186} INFO - Started process (PID=1265) to work on /home/airflow/.local/lib/python3.12/site-packages/airflow/example_dags/example_external_task_marker_dag.py
[2026-06-19T17:17:33.860+0000] {processor.py:914} INFO - Processing file /home/airflow/.local/lib/python3.12/site-packages/airflow/example_dags/example_external_task_marker_dag.py for tasks to queue
[2026-06-19T17:17:33.863+0000] {logging_mixin.py:190} INFO - [2026-06-19T17:17:33.863+0000] {dagbag.py:588} INFO - Filling up the DagBag from /home/airflow/.local/lib/python3.12/site-packages/airflow/example_dags/example_external_task_marker_dag.py
[2026-06-19T17:17:33.874+0000] {processor.py:925} INFO - DAG(s) 'example_external_task_marker_child', 'example_external_task_marker_parent' retrieved from /home/airflow/.local/lib/python3.12/site-packages/airflow/example_dags/example_external_task_marker_dag.py
[2026-06-19T17:17:33.900+0000] {logging_mixin.py:190} INFO - [2026-06-19T17:17:33.899+0000] {dag.py:3239} INFO - Sync 2 DAGs
[2026-06-19T17:17:33.915+0000] {logging_mixin.py:190} INFO - [2026-06-19T17:17:33.915+0000] {dag.py:4180} INFO - Setting next_dagrun for example_external_task_marker_child to None, run_after=None
[2026-06-19T17:17:33.920+0000] {logging_mixin.py:190} INFO - [2026-06-19T17:17:33.920+0000] {dag.py:4180} INFO - Setting next_dagrun for example_external_task_marker_parent to None, run_after=None
[2026-06-19T17:17:33.936+0000] {processor.py:208} INFO - Processing /home/airflow/.local/lib/python3.12/site-packages/airflow/example_dags/example_external_task_marker_dag.py took 0.088 seconds
[2026-06-19T17:18:04.893+0000] {processor.py:186} INFO - Started process (PID=1330) to work on /home/airflow/.local/lib/python3.12/site-packages/airflow/example_dags/example_external_task_marker_dag.py
[2026-06-19T17:18:04.900+0000] {processor.py:914} INFO - Processing file /home/airflow/.local/lib/python3.12/site-packages/airflow/example_dags/example_external_task_marker_dag.py for tasks to queue
[2026-06-19T17:18:04.909+0000] {logging_mixin.py:190} INFO - [2026-06-19T17:18:04.908+0000] {dagbag.py:588} INFO - Filling up the DagBag from /home/airflow/.local/lib/python3.12/site-packages/airflow/example_dags/example_external_task_marker_dag.py
[2026-06-19T17:18:04.926+0000] {processor.py:925} INFO - DAG(s) 'example_external_task_marker_child', 'example_external_task_marker_parent' retrieved from /home/airflow/.local/lib/python3.12/site-packages/airflow/example_dags/example_external_task_marker_dag.py
[2026-06-19T17:18:04.968+0000] {logging_mixin.py:190} INFO - [2026-06-19T17:18:04.967+0000] {dag.py:3239} INFO - Sync 2 DAGs
[2026-06-19T17:18:04.999+0000] {logging_mixin.py:190} INFO - [2026-06-19T17:18:04.999+0000] {dag.py:4180} INFO - Setting next_dagrun for example_external_task_marker_child to None, run_after=None
[2026-06-19T17:18:05.008+0000] {logging_mixin.py:190} INFO - [2026-06-19T17:18:05.007+0000] {dag.py:4180} INFO - Setting next_dagrun for example_external_task_marker_parent to None, run_after=None
[2026-06-19T17:18:05.041+0000] {processor.py:208} INFO - Processing /home/airflow/.local/lib/python3.12/site-packages/airflow/example_dags/example_external_task_marker_dag.py took 0.160 seconds
