[2026-06-19T16:38:48.032+0000] {processor.py:186} INFO - Started process (PID=90) to work on /home/airflow/.local/lib/python3.12/site-packages/airflow/example_dags/example_subdag_operator.py
[2026-06-19T16:38:48.034+0000] {processor.py:914} INFO - Processing file /home/airflow/.local/lib/python3.12/site-packages/airflow/example_dags/example_subdag_operator.py for tasks to queue
[2026-06-19T16:38:48.040+0000] {logging_mixin.py:190} INFO - [2026-06-19T16:38:48.040+0000] {dagbag.py:588} INFO - Filling up the DagBag from /home/airflow/.local/lib/python3.12/site-packages/airflow/example_dags/example_subdag_operator.py
[2026-06-19T16:38:48.084+0000] {processor.py:925} INFO - DAG(s) 'example_subdag_operator.section-1', 'example_subdag_operator.section-2', 'example_subdag_operator' retrieved from /home/airflow/.local/lib/python3.12/site-packages/airflow/example_dags/example_subdag_operator.py
[2026-06-19T16:38:48.108+0000] {logging_mixin.py:190} INFO - [2026-06-19T16:38:48.107+0000] {dag.py:3239} INFO - Sync 3 DAGs
[2026-06-19T16:38:48.141+0000] {logging_mixin.py:190} INFO - [2026-06-19T16:38:48.141+0000] {dag.py:4180} INFO - Setting next_dagrun for example_subdag_operator to 2022-01-01 00:00:00+00:00, run_after=2022-01-01 00:00:00+00:00
[2026-06-19T16:38:48.146+0000] {logging_mixin.py:190} INFO - [2026-06-19T16:38:48.146+0000] {dag.py:4180} INFO - Setting next_dagrun for example_subdag_operator.section-1 to None, run_after=None
[2026-06-19T16:38:48.149+0000] {logging_mixin.py:190} INFO - [2026-06-19T16:38:48.148+0000] {dag.py:4180} INFO - Setting next_dagrun for example_subdag_operator.section-2 to None, run_after=None
[2026-06-19T16:38:48.158+0000] {logging_mixin.py:190} INFO - [2026-06-19T16:38:48.157+0000] {dag.py:3239} INFO - Sync 2 DAGs
[2026-06-19T16:38:48.164+0000] {logging_mixin.py:190} INFO - [2026-06-19T16:38:48.164+0000] {dag.py:4180} INFO - Setting next_dagrun for example_subdag_operator.section-1 to None, run_after=None
[2026-06-19T16:38:48.166+0000] {logging_mixin.py:190} INFO - [2026-06-19T16:38:48.165+0000] {dag.py:4180} INFO - Setting next_dagrun for example_subdag_operator.section-2 to None, run_after=None
[2026-06-19T16:38:48.179+0000] {processor.py:208} INFO - Processing /home/airflow/.local/lib/python3.12/site-packages/airflow/example_dags/example_subdag_operator.py took 0.158 seconds
[2026-06-19T16:39:18.873+0000] {processor.py:186} INFO - Started process (PID=153) to work on /home/airflow/.local/lib/python3.12/site-packages/airflow/example_dags/example_subdag_operator.py
[2026-06-19T16:39:18.876+0000] {processor.py:914} INFO - Processing file /home/airflow/.local/lib/python3.12/site-packages/airflow/example_dags/example_subdag_operator.py for tasks to queue
[2026-06-19T16:39:18.883+0000] {logging_mixin.py:190} INFO - [2026-06-19T16:39:18.882+0000] {dagbag.py:588} INFO - Filling up the DagBag from /home/airflow/.local/lib/python3.12/site-packages/airflow/example_dags/example_subdag_operator.py
[2026-06-19T16:39:18.932+0000] {processor.py:925} INFO - DAG(s) 'example_subdag_operator.section-1', 'example_subdag_operator.section-2', 'example_subdag_operator' retrieved from /home/airflow/.local/lib/python3.12/site-packages/airflow/example_dags/example_subdag_operator.py
[2026-06-19T16:39:18.964+0000] {logging_mixin.py:190} INFO - [2026-06-19T16:39:18.963+0000] {dag.py:3239} INFO - Sync 3 DAGs
[2026-06-19T16:39:19.008+0000] {logging_mixin.py:190} INFO - [2026-06-19T16:39:19.008+0000] {dag.py:4180} INFO - Setting next_dagrun for example_subdag_operator to 2022-01-01 00:00:00+00:00, run_after=2022-01-01 00:00:00+00:00
[2026-06-19T16:39:19.016+0000] {logging_mixin.py:190} INFO - [2026-06-19T16:39:19.015+0000] {dag.py:4180} INFO - Setting next_dagrun for example_subdag_operator.section-1 to None, run_after=None
[2026-06-19T16:39:19.019+0000] {logging_mixin.py:190} INFO - [2026-06-19T16:39:19.018+0000] {dag.py:4180} INFO - Setting next_dagrun for example_subdag_operator.section-2 to None, run_after=None
[2026-06-19T16:39:19.032+0000] {logging_mixin.py:190} INFO - [2026-06-19T16:39:19.031+0000] {dag.py:3239} INFO - Sync 2 DAGs
[2026-06-19T16:39:19.044+0000] {logging_mixin.py:190} INFO - [2026-06-19T16:39:19.044+0000] {dag.py:4180} INFO - Setting next_dagrun for example_subdag_operator.section-1 to None, run_after=None
[2026-06-19T16:39:19.048+0000] {logging_mixin.py:190} INFO - [2026-06-19T16:39:19.048+0000] {dag.py:4180} INFO - Setting next_dagrun for example_subdag_operator.section-2 to None, run_after=None
[2026-06-19T16:39:19.073+0000] {processor.py:208} INFO - Processing /home/airflow/.local/lib/python3.12/site-packages/airflow/example_dags/example_subdag_operator.py took 0.214 seconds
[2026-06-19T16:39:49.704+0000] {processor.py:186} INFO - Started process (PID=217) to work on /home/airflow/.local/lib/python3.12/site-packages/airflow/example_dags/example_subdag_operator.py
[2026-06-19T16:39:49.711+0000] {processor.py:914} INFO - Processing file /home/airflow/.local/lib/python3.12/site-packages/airflow/example_dags/example_subdag_operator.py for tasks to queue
[2026-06-19T16:39:49.723+0000] {logging_mixin.py:190} INFO - [2026-06-19T16:39:49.722+0000] {dagbag.py:588} INFO - Filling up the DagBag from /home/airflow/.local/lib/python3.12/site-packages/airflow/example_dags/example_subdag_operator.py
[2026-06-19T16:39:49.804+0000] {processor.py:925} INFO - DAG(s) 'example_subdag_operator.section-1', 'example_subdag_operator.section-2', 'example_subdag_operator' retrieved from /home/airflow/.local/lib/python3.12/site-packages/airflow/example_dags/example_subdag_operator.py
[2026-06-19T16:39:49.886+0000] {logging_mixin.py:190} INFO - [2026-06-19T16:39:49.885+0000] {dag.py:3239} INFO - Sync 3 DAGs
[2026-06-19T16:39:50.002+0000] {logging_mixin.py:190} INFO - [2026-06-19T16:39:50.002+0000] {dag.py:4180} INFO - Setting next_dagrun for example_subdag_operator to 2022-01-01 00:00:00+00:00, run_after=2022-01-01 00:00:00+00:00
[2026-06-19T16:39:50.016+0000] {logging_mixin.py:190} INFO - [2026-06-19T16:39:50.015+0000] {dag.py:4180} INFO - Setting next_dagrun for example_subdag_operator.section-1 to None, run_after=None
[2026-06-19T16:39:50.022+0000] {logging_mixin.py:190} INFO - [2026-06-19T16:39:50.022+0000] {dag.py:4180} INFO - Setting next_dagrun for example_subdag_operator.section-2 to None, run_after=None
[2026-06-19T16:39:50.047+0000] {logging_mixin.py:190} INFO - [2026-06-19T16:39:50.046+0000] {dag.py:3239} INFO - Sync 2 DAGs
[2026-06-19T16:39:50.069+0000] {logging_mixin.py:190} INFO - [2026-06-19T16:39:50.068+0000] {dag.py:4180} INFO - Setting next_dagrun for example_subdag_operator.section-1 to None, run_after=None
[2026-06-19T16:39:50.073+0000] {logging_mixin.py:190} INFO - [2026-06-19T16:39:50.072+0000] {dag.py:4180} INFO - Setting next_dagrun for example_subdag_operator.section-2 to None, run_after=None
[2026-06-19T16:39:50.133+0000] {processor.py:208} INFO - Processing /home/airflow/.local/lib/python3.12/site-packages/airflow/example_dags/example_subdag_operator.py took 0.450 seconds
[2026-06-19T16:42:07.933+0000] {processor.py:186} INFO - Started process (PID=101) to work on /home/airflow/.local/lib/python3.12/site-packages/airflow/example_dags/example_subdag_operator.py
[2026-06-19T16:42:07.942+0000] {processor.py:914} INFO - Processing file /home/airflow/.local/lib/python3.12/site-packages/airflow/example_dags/example_subdag_operator.py for tasks to queue
[2026-06-19T16:42:07.961+0000] {logging_mixin.py:190} INFO - [2026-06-19T16:42:07.954+0000] {dagbag.py:588} INFO - Filling up the DagBag from /home/airflow/.local/lib/python3.12/site-packages/airflow/example_dags/example_subdag_operator.py
[2026-06-19T16:42:08.142+0000] {processor.py:925} INFO - DAG(s) 'example_subdag_operator.section-1', 'example_subdag_operator.section-2', 'example_subdag_operator' retrieved from /home/airflow/.local/lib/python3.12/site-packages/airflow/example_dags/example_subdag_operator.py
[2026-06-19T16:42:08.245+0000] {logging_mixin.py:190} INFO - [2026-06-19T16:42:08.245+0000] {dag.py:3239} INFO - Sync 3 DAGs
[2026-06-19T16:42:08.328+0000] {logging_mixin.py:190} INFO - [2026-06-19T16:42:08.327+0000] {dag.py:4180} INFO - Setting next_dagrun for example_subdag_operator to 2022-01-01 00:00:00+00:00, run_after=2022-01-01 00:00:00+00:00
[2026-06-19T16:42:08.343+0000] {logging_mixin.py:190} INFO - [2026-06-19T16:42:08.343+0000] {dag.py:4180} INFO - Setting next_dagrun for example_subdag_operator.section-1 to None, run_after=None
[2026-06-19T16:42:08.349+0000] {logging_mixin.py:190} INFO - [2026-06-19T16:42:08.348+0000] {dag.py:4180} INFO - Setting next_dagrun for example_subdag_operator.section-2 to None, run_after=None
[2026-06-19T16:42:08.387+0000] {logging_mixin.py:190} INFO - [2026-06-19T16:42:08.386+0000] {dag.py:3239} INFO - Sync 2 DAGs
[2026-06-19T16:42:08.408+0000] {logging_mixin.py:190} INFO - [2026-06-19T16:42:08.408+0000] {dag.py:4180} INFO - Setting next_dagrun for example_subdag_operator.section-1 to None, run_after=None
[2026-06-19T16:42:08.412+0000] {logging_mixin.py:190} INFO - [2026-06-19T16:42:08.412+0000] {dag.py:4180} INFO - Setting next_dagrun for example_subdag_operator.section-2 to None, run_after=None
[2026-06-19T16:42:08.488+0000] {processor.py:208} INFO - Processing /home/airflow/.local/lib/python3.12/site-packages/airflow/example_dags/example_subdag_operator.py took 0.603 seconds
[2026-06-19T16:42:39.350+0000] {processor.py:186} INFO - Started process (PID=165) to work on /home/airflow/.local/lib/python3.12/site-packages/airflow/example_dags/example_subdag_operator.py
[2026-06-19T16:42:39.694+0000] {processor.py:914} INFO - Processing file /home/airflow/.local/lib/python3.12/site-packages/airflow/example_dags/example_subdag_operator.py for tasks to queue
[2026-06-19T16:42:39.723+0000] {logging_mixin.py:190} INFO - [2026-06-19T16:42:39.721+0000] {dagbag.py:588} INFO - Filling up the DagBag from /home/airflow/.local/lib/python3.12/site-packages/airflow/example_dags/example_subdag_operator.py
[2026-06-19T16:42:40.034+0000] {processor.py:925} INFO - DAG(s) 'example_subdag_operator.section-1', 'example_subdag_operator.section-2', 'example_subdag_operator' retrieved from /home/airflow/.local/lib/python3.12/site-packages/airflow/example_dags/example_subdag_operator.py
[2026-06-19T16:42:40.142+0000] {logging_mixin.py:190} INFO - [2026-06-19T16:42:40.141+0000] {dag.py:3239} INFO - Sync 3 DAGs
[2026-06-19T16:42:40.322+0000] {logging_mixin.py:190} INFO - [2026-06-19T16:42:40.321+0000] {dag.py:4180} INFO - Setting next_dagrun for example_subdag_operator to 2022-01-01 00:00:00+00:00, run_after=2022-01-01 00:00:00+00:00
[2026-06-19T16:42:40.359+0000] {logging_mixin.py:190} INFO - [2026-06-19T16:42:40.358+0000] {dag.py:4180} INFO - Setting next_dagrun for example_subdag_operator.section-1 to None, run_after=None
[2026-06-19T16:42:40.375+0000] {logging_mixin.py:190} INFO - [2026-06-19T16:42:40.375+0000] {dag.py:4180} INFO - Setting next_dagrun for example_subdag_operator.section-2 to None, run_after=None
[2026-06-19T16:42:40.408+0000] {logging_mixin.py:190} INFO - [2026-06-19T16:42:40.408+0000] {dag.py:3239} INFO - Sync 2 DAGs
[2026-06-19T16:42:40.436+0000] {logging_mixin.py:190} INFO - [2026-06-19T16:42:40.435+0000] {dag.py:4180} INFO - Setting next_dagrun for example_subdag_operator.section-1 to None, run_after=None
[2026-06-19T16:42:40.448+0000] {logging_mixin.py:190} INFO - [2026-06-19T16:42:40.441+0000] {dag.py:4180} INFO - Setting next_dagrun for example_subdag_operator.section-2 to None, run_after=None
[2026-06-19T16:42:40.545+0000] {processor.py:208} INFO - Processing /home/airflow/.local/lib/python3.12/site-packages/airflow/example_dags/example_subdag_operator.py took 1.344 seconds
[2026-06-19T16:43:36.944+0000] {processor.py:186} INFO - Started process (PID=236) to work on /home/airflow/.local/lib/python3.12/site-packages/airflow/example_dags/example_subdag_operator.py
[2026-06-19T16:43:36.960+0000] {processor.py:914} INFO - Processing file /home/airflow/.local/lib/python3.12/site-packages/airflow/example_dags/example_subdag_operator.py for tasks to queue
[2026-06-19T16:43:36.974+0000] {logging_mixin.py:190} INFO - [2026-06-19T16:43:36.973+0000] {dagbag.py:588} INFO - Filling up the DagBag from /home/airflow/.local/lib/python3.12/site-packages/airflow/example_dags/example_subdag_operator.py
[2026-06-19T16:43:37.171+0000] {processor.py:925} INFO - DAG(s) 'example_subdag_operator.section-1', 'example_subdag_operator.section-2', 'example_subdag_operator' retrieved from /home/airflow/.local/lib/python3.12/site-packages/airflow/example_dags/example_subdag_operator.py
[2026-06-19T16:43:37.336+0000] {logging_mixin.py:190} INFO - [2026-06-19T16:43:37.335+0000] {dag.py:3239} INFO - Sync 3 DAGs
[2026-06-19T16:43:37.593+0000] {logging_mixin.py:190} INFO - [2026-06-19T16:43:37.592+0000] {dag.py:4180} INFO - Setting next_dagrun for example_subdag_operator to 2022-01-01 00:00:00+00:00, run_after=2022-01-01 00:00:00+00:00
[2026-06-19T16:43:37.617+0000] {logging_mixin.py:190} INFO - [2026-06-19T16:43:37.616+0000] {dag.py:4180} INFO - Setting next_dagrun for example_subdag_operator.section-1 to None, run_after=None
[2026-06-19T16:43:37.633+0000] {logging_mixin.py:190} INFO - [2026-06-19T16:43:37.633+0000] {dag.py:4180} INFO - Setting next_dagrun for example_subdag_operator.section-2 to None, run_after=None
[2026-06-19T16:43:37.677+0000] {logging_mixin.py:190} INFO - [2026-06-19T16:43:37.676+0000] {dag.py:3239} INFO - Sync 2 DAGs
[2026-06-19T16:43:37.717+0000] {logging_mixin.py:190} INFO - [2026-06-19T16:43:37.716+0000] {dag.py:4180} INFO - Setting next_dagrun for example_subdag_operator.section-1 to None, run_after=None
[2026-06-19T16:43:37.720+0000] {logging_mixin.py:190} INFO - [2026-06-19T16:43:37.719+0000] {dag.py:4180} INFO - Setting next_dagrun for example_subdag_operator.section-2 to None, run_after=None
[2026-06-19T16:43:37.764+0000] {processor.py:208} INFO - Processing /home/airflow/.local/lib/python3.12/site-packages/airflow/example_dags/example_subdag_operator.py took 0.858 seconds
[2026-06-19T16:44:21.715+0000] {processor.py:186} INFO - Started process (PID=308) to work on /home/airflow/.local/lib/python3.12/site-packages/airflow/example_dags/example_subdag_operator.py
[2026-06-19T16:44:21.737+0000] {processor.py:914} INFO - Processing file /home/airflow/.local/lib/python3.12/site-packages/airflow/example_dags/example_subdag_operator.py for tasks to queue
[2026-06-19T16:44:21.746+0000] {logging_mixin.py:190} INFO - [2026-06-19T16:44:21.745+0000] {dagbag.py:588} INFO - Filling up the DagBag from /home/airflow/.local/lib/python3.12/site-packages/airflow/example_dags/example_subdag_operator.py
[2026-06-19T16:44:21.951+0000] {processor.py:925} INFO - DAG(s) 'example_subdag_operator.section-1', 'example_subdag_operator.section-2', 'example_subdag_operator' retrieved from /home/airflow/.local/lib/python3.12/site-packages/airflow/example_dags/example_subdag_operator.py
[2026-06-19T16:44:22.120+0000] {logging_mixin.py:190} INFO - [2026-06-19T16:44:22.119+0000] {dag.py:3239} INFO - Sync 3 DAGs
[2026-06-19T16:44:22.323+0000] {logging_mixin.py:190} INFO - [2026-06-19T16:44:22.322+0000] {dag.py:4180} INFO - Setting next_dagrun for example_subdag_operator to 2022-01-01 00:00:00+00:00, run_after=2022-01-01 00:00:00+00:00
[2026-06-19T16:44:22.357+0000] {logging_mixin.py:190} INFO - [2026-06-19T16:44:22.355+0000] {dag.py:4180} INFO - Setting next_dagrun for example_subdag_operator.section-1 to None, run_after=None
[2026-06-19T16:44:22.365+0000] {logging_mixin.py:190} INFO - [2026-06-19T16:44:22.364+0000] {dag.py:4180} INFO - Setting next_dagrun for example_subdag_operator.section-2 to None, run_after=None
[2026-06-19T16:44:22.411+0000] {logging_mixin.py:190} INFO - [2026-06-19T16:44:22.410+0000] {dag.py:3239} INFO - Sync 2 DAGs
[2026-06-19T16:44:22.437+0000] {logging_mixin.py:190} INFO - [2026-06-19T16:44:22.437+0000] {dag.py:4180} INFO - Setting next_dagrun for example_subdag_operator.section-1 to None, run_after=None
[2026-06-19T16:44:22.440+0000] {logging_mixin.py:190} INFO - [2026-06-19T16:44:22.440+0000] {dag.py:4180} INFO - Setting next_dagrun for example_subdag_operator.section-2 to None, run_after=None
[2026-06-19T16:44:22.519+0000] {processor.py:208} INFO - Processing /home/airflow/.local/lib/python3.12/site-packages/airflow/example_dags/example_subdag_operator.py took 0.834 seconds
[2026-06-19T16:44:52.989+0000] {processor.py:186} INFO - Started process (PID=370) to work on /home/airflow/.local/lib/python3.12/site-packages/airflow/example_dags/example_subdag_operator.py
[2026-06-19T16:44:52.993+0000] {processor.py:914} INFO - Processing file /home/airflow/.local/lib/python3.12/site-packages/airflow/example_dags/example_subdag_operator.py for tasks to queue
[2026-06-19T16:44:53.004+0000] {logging_mixin.py:190} INFO - [2026-06-19T16:44:53.002+0000] {dagbag.py:588} INFO - Filling up the DagBag from /home/airflow/.local/lib/python3.12/site-packages/airflow/example_dags/example_subdag_operator.py
[2026-06-19T16:44:53.088+0000] {processor.py:925} INFO - DAG(s) 'example_subdag_operator.section-1', 'example_subdag_operator.section-2', 'example_subdag_operator' retrieved from /home/airflow/.local/lib/python3.12/site-packages/airflow/example_dags/example_subdag_operator.py
[2026-06-19T16:44:53.130+0000] {logging_mixin.py:190} INFO - [2026-06-19T16:44:53.129+0000] {dag.py:3239} INFO - Sync 3 DAGs
[2026-06-19T16:44:53.201+0000] {logging_mixin.py:190} INFO - [2026-06-19T16:44:53.200+0000] {dag.py:4180} INFO - Setting next_dagrun for example_subdag_operator to 2022-01-01 00:00:00+00:00, run_after=2022-01-01 00:00:00+00:00
[2026-06-19T16:44:53.212+0000] {logging_mixin.py:190} INFO - [2026-06-19T16:44:53.212+0000] {dag.py:4180} INFO - Setting next_dagrun for example_subdag_operator.section-1 to None, run_after=None
[2026-06-19T16:44:53.217+0000] {logging_mixin.py:190} INFO - [2026-06-19T16:44:53.217+0000] {dag.py:4180} INFO - Setting next_dagrun for example_subdag_operator.section-2 to None, run_after=None
[2026-06-19T16:44:53.241+0000] {logging_mixin.py:190} INFO - [2026-06-19T16:44:53.240+0000] {dag.py:3239} INFO - Sync 2 DAGs
[2026-06-19T16:44:53.257+0000] {logging_mixin.py:190} INFO - [2026-06-19T16:44:53.256+0000] {dag.py:4180} INFO - Setting next_dagrun for example_subdag_operator.section-1 to None, run_after=None
[2026-06-19T16:44:53.259+0000] {logging_mixin.py:190} INFO - [2026-06-19T16:44:53.259+0000] {dag.py:4180} INFO - Setting next_dagrun for example_subdag_operator.section-2 to None, run_after=None
[2026-06-19T16:44:53.290+0000] {processor.py:208} INFO - Processing /home/airflow/.local/lib/python3.12/site-packages/airflow/example_dags/example_subdag_operator.py took 0.322 seconds
[2026-06-19T16:45:23.720+0000] {processor.py:186} INFO - Started process (PID=434) to work on /home/airflow/.local/lib/python3.12/site-packages/airflow/example_dags/example_subdag_operator.py
[2026-06-19T16:45:23.725+0000] {processor.py:914} INFO - Processing file /home/airflow/.local/lib/python3.12/site-packages/airflow/example_dags/example_subdag_operator.py for tasks to queue
[2026-06-19T16:45:23.734+0000] {logging_mixin.py:190} INFO - [2026-06-19T16:45:23.733+0000] {dagbag.py:588} INFO - Filling up the DagBag from /home/airflow/.local/lib/python3.12/site-packages/airflow/example_dags/example_subdag_operator.py
[2026-06-19T16:45:23.819+0000] {processor.py:925} INFO - DAG(s) 'example_subdag_operator.section-1', 'example_subdag_operator.section-2', 'example_subdag_operator' retrieved from /home/airflow/.local/lib/python3.12/site-packages/airflow/example_dags/example_subdag_operator.py
[2026-06-19T16:45:23.872+0000] {logging_mixin.py:190} INFO - [2026-06-19T16:45:23.871+0000] {dag.py:3239} INFO - Sync 3 DAGs
[2026-06-19T16:45:23.934+0000] {logging_mixin.py:190} INFO - [2026-06-19T16:45:23.933+0000] {dag.py:4180} INFO - Setting next_dagrun for example_subdag_operator to 2022-01-01 00:00:00+00:00, run_after=2022-01-01 00:00:00+00:00
[2026-06-19T16:45:23.944+0000] {logging_mixin.py:190} INFO - [2026-06-19T16:45:23.943+0000] {dag.py:4180} INFO - Setting next_dagrun for example_subdag_operator.section-1 to None, run_after=None
[2026-06-19T16:45:23.951+0000] {logging_mixin.py:190} INFO - [2026-06-19T16:45:23.950+0000] {dag.py:4180} INFO - Setting next_dagrun for example_subdag_operator.section-2 to None, run_after=None
[2026-06-19T16:45:23.974+0000] {logging_mixin.py:190} INFO - [2026-06-19T16:45:23.973+0000] {dag.py:3239} INFO - Sync 2 DAGs
[2026-06-19T16:45:23.994+0000] {logging_mixin.py:190} INFO - [2026-06-19T16:45:23.994+0000] {dag.py:4180} INFO - Setting next_dagrun for example_subdag_operator.section-1 to None, run_after=None
[2026-06-19T16:45:23.996+0000] {logging_mixin.py:190} INFO - [2026-06-19T16:45:23.996+0000] {dag.py:4180} INFO - Setting next_dagrun for example_subdag_operator.section-2 to None, run_after=None
[2026-06-19T16:45:24.025+0000] {processor.py:208} INFO - Processing /home/airflow/.local/lib/python3.12/site-packages/airflow/example_dags/example_subdag_operator.py took 0.328 seconds
[2026-06-19T16:45:54.259+0000] {processor.py:186} INFO - Started process (PID=498) to work on /home/airflow/.local/lib/python3.12/site-packages/airflow/example_dags/example_subdag_operator.py
[2026-06-19T16:45:54.264+0000] {processor.py:914} INFO - Processing file /home/airflow/.local/lib/python3.12/site-packages/airflow/example_dags/example_subdag_operator.py for tasks to queue
[2026-06-19T16:45:54.271+0000] {logging_mixin.py:190} INFO - [2026-06-19T16:45:54.270+0000] {dagbag.py:588} INFO - Filling up the DagBag from /home/airflow/.local/lib/python3.12/site-packages/airflow/example_dags/example_subdag_operator.py
[2026-06-19T16:45:54.326+0000] {processor.py:925} INFO - DAG(s) 'example_subdag_operator.section-1', 'example_subdag_operator.section-2', 'example_subdag_operator' retrieved from /home/airflow/.local/lib/python3.12/site-packages/airflow/example_dags/example_subdag_operator.py
[2026-06-19T16:45:54.361+0000] {logging_mixin.py:190} INFO - [2026-06-19T16:45:54.361+0000] {dag.py:3239} INFO - Sync 3 DAGs
[2026-06-19T16:45:54.410+0000] {logging_mixin.py:190} INFO - [2026-06-19T16:45:54.410+0000] {dag.py:4180} INFO - Setting next_dagrun for example_subdag_operator to 2022-01-01 00:00:00+00:00, run_after=2022-01-01 00:00:00+00:00
[2026-06-19T16:45:54.423+0000] {logging_mixin.py:190} INFO - [2026-06-19T16:45:54.422+0000] {dag.py:4180} INFO - Setting next_dagrun for example_subdag_operator.section-1 to None, run_after=None
[2026-06-19T16:45:54.427+0000] {logging_mixin.py:190} INFO - [2026-06-19T16:45:54.427+0000] {dag.py:4180} INFO - Setting next_dagrun for example_subdag_operator.section-2 to None, run_after=None
[2026-06-19T16:45:54.444+0000] {logging_mixin.py:190} INFO - [2026-06-19T16:45:54.444+0000] {dag.py:3239} INFO - Sync 2 DAGs
[2026-06-19T16:45:54.458+0000] {logging_mixin.py:190} INFO - [2026-06-19T16:45:54.457+0000] {dag.py:4180} INFO - Setting next_dagrun for example_subdag_operator.section-1 to None, run_after=None
[2026-06-19T16:45:54.461+0000] {logging_mixin.py:190} INFO - [2026-06-19T16:45:54.461+0000] {dag.py:4180} INFO - Setting next_dagrun for example_subdag_operator.section-2 to None, run_after=None
[2026-06-19T16:45:54.486+0000] {processor.py:208} INFO - Processing /home/airflow/.local/lib/python3.12/site-packages/airflow/example_dags/example_subdag_operator.py took 0.239 seconds
[2026-06-19T16:46:24.845+0000] {processor.py:186} INFO - Started process (PID=562) to work on /home/airflow/.local/lib/python3.12/site-packages/airflow/example_dags/example_subdag_operator.py
[2026-06-19T16:46:24.853+0000] {processor.py:914} INFO - Processing file /home/airflow/.local/lib/python3.12/site-packages/airflow/example_dags/example_subdag_operator.py for tasks to queue
[2026-06-19T16:46:24.865+0000] {logging_mixin.py:190} INFO - [2026-06-19T16:46:24.864+0000] {dagbag.py:588} INFO - Filling up the DagBag from /home/airflow/.local/lib/python3.12/site-packages/airflow/example_dags/example_subdag_operator.py
[2026-06-19T16:46:24.983+0000] {processor.py:925} INFO - DAG(s) 'example_subdag_operator.section-1', 'example_subdag_operator.section-2', 'example_subdag_operator' retrieved from /home/airflow/.local/lib/python3.12/site-packages/airflow/example_dags/example_subdag_operator.py
[2026-06-19T16:46:25.043+0000] {logging_mixin.py:190} INFO - [2026-06-19T16:46:25.042+0000] {dag.py:3239} INFO - Sync 3 DAGs
[2026-06-19T16:46:25.137+0000] {logging_mixin.py:190} INFO - [2026-06-19T16:46:25.136+0000] {dag.py:4180} INFO - Setting next_dagrun for example_subdag_operator to 2022-01-01 00:00:00+00:00, run_after=2022-01-01 00:00:00+00:00
[2026-06-19T16:46:25.149+0000] {logging_mixin.py:190} INFO - [2026-06-19T16:46:25.148+0000] {dag.py:4180} INFO - Setting next_dagrun for example_subdag_operator.section-1 to None, run_after=None
[2026-06-19T16:46:25.154+0000] {logging_mixin.py:190} INFO - [2026-06-19T16:46:25.154+0000] {dag.py:4180} INFO - Setting next_dagrun for example_subdag_operator.section-2 to None, run_after=None
[2026-06-19T16:46:25.174+0000] {logging_mixin.py:190} INFO - [2026-06-19T16:46:25.173+0000] {dag.py:3239} INFO - Sync 2 DAGs
[2026-06-19T16:46:25.188+0000] {logging_mixin.py:190} INFO - [2026-06-19T16:46:25.187+0000] {dag.py:4180} INFO - Setting next_dagrun for example_subdag_operator.section-1 to None, run_after=None
[2026-06-19T16:46:25.190+0000] {logging_mixin.py:190} INFO - [2026-06-19T16:46:25.190+0000] {dag.py:4180} INFO - Setting next_dagrun for example_subdag_operator.section-2 to None, run_after=None
[2026-06-19T16:46:25.218+0000] {processor.py:208} INFO - Processing /home/airflow/.local/lib/python3.12/site-packages/airflow/example_dags/example_subdag_operator.py took 0.417 seconds
[2026-06-19T16:46:58.253+0000] {processor.py:186} INFO - Started process (PID=626) to work on /home/airflow/.local/lib/python3.12/site-packages/airflow/example_dags/example_subdag_operator.py
[2026-06-19T16:46:58.260+0000] {processor.py:914} INFO - Processing file /home/airflow/.local/lib/python3.12/site-packages/airflow/example_dags/example_subdag_operator.py for tasks to queue
[2026-06-19T16:46:58.273+0000] {logging_mixin.py:190} INFO - [2026-06-19T16:46:58.272+0000] {dagbag.py:588} INFO - Filling up the DagBag from /home/airflow/.local/lib/python3.12/site-packages/airflow/example_dags/example_subdag_operator.py
[2026-06-19T16:46:58.371+0000] {processor.py:925} INFO - DAG(s) 'example_subdag_operator.section-1', 'example_subdag_operator.section-2', 'example_subdag_operator' retrieved from /home/airflow/.local/lib/python3.12/site-packages/airflow/example_dags/example_subdag_operator.py
[2026-06-19T16:46:58.431+0000] {logging_mixin.py:190} INFO - [2026-06-19T16:46:58.431+0000] {dag.py:3239} INFO - Sync 3 DAGs
[2026-06-19T16:46:58.531+0000] {logging_mixin.py:190} INFO - [2026-06-19T16:46:58.530+0000] {dag.py:4180} INFO - Setting next_dagrun for example_subdag_operator to 2022-01-01 00:00:00+00:00, run_after=2022-01-01 00:00:00+00:00
[2026-06-19T16:46:58.553+0000] {logging_mixin.py:190} INFO - [2026-06-19T16:46:58.553+0000] {dag.py:4180} INFO - Setting next_dagrun for example_subdag_operator.section-1 to None, run_after=None
[2026-06-19T16:46:58.565+0000] {logging_mixin.py:190} INFO - [2026-06-19T16:46:58.565+0000] {dag.py:4180} INFO - Setting next_dagrun for example_subdag_operator.section-2 to None, run_after=None
[2026-06-19T16:46:58.597+0000] {logging_mixin.py:190} INFO - [2026-06-19T16:46:58.596+0000] {dag.py:3239} INFO - Sync 2 DAGs
[2026-06-19T16:46:58.618+0000] {logging_mixin.py:190} INFO - [2026-06-19T16:46:58.617+0000] {dag.py:4180} INFO - Setting next_dagrun for example_subdag_operator.section-1 to None, run_after=None
[2026-06-19T16:46:58.621+0000] {logging_mixin.py:190} INFO - [2026-06-19T16:46:58.621+0000] {dag.py:4180} INFO - Setting next_dagrun for example_subdag_operator.section-2 to None, run_after=None
[2026-06-19T16:46:58.663+0000] {processor.py:208} INFO - Processing /home/airflow/.local/lib/python3.12/site-packages/airflow/example_dags/example_subdag_operator.py took 0.447 seconds
[2026-06-19T16:47:28.988+0000] {processor.py:186} INFO - Started process (PID=689) to work on /home/airflow/.local/lib/python3.12/site-packages/airflow/example_dags/example_subdag_operator.py
[2026-06-19T16:47:28.993+0000] {processor.py:914} INFO - Processing file /home/airflow/.local/lib/python3.12/site-packages/airflow/example_dags/example_subdag_operator.py for tasks to queue
[2026-06-19T16:47:29.001+0000] {logging_mixin.py:190} INFO - [2026-06-19T16:47:29.000+0000] {dagbag.py:588} INFO - Filling up the DagBag from /home/airflow/.local/lib/python3.12/site-packages/airflow/example_dags/example_subdag_operator.py
[2026-06-19T16:47:29.118+0000] {processor.py:925} INFO - DAG(s) 'example_subdag_operator.section-1', 'example_subdag_operator.section-2', 'example_subdag_operator' retrieved from /home/airflow/.local/lib/python3.12/site-packages/airflow/example_dags/example_subdag_operator.py
[2026-06-19T16:47:29.174+0000] {logging_mixin.py:190} INFO - [2026-06-19T16:47:29.173+0000] {dag.py:3239} INFO - Sync 3 DAGs
[2026-06-19T16:47:29.265+0000] {logging_mixin.py:190} INFO - [2026-06-19T16:47:29.264+0000] {dag.py:4180} INFO - Setting next_dagrun for example_subdag_operator to 2022-01-01 00:00:00+00:00, run_after=2022-01-01 00:00:00+00:00
[2026-06-19T16:47:29.280+0000] {logging_mixin.py:190} INFO - [2026-06-19T16:47:29.280+0000] {dag.py:4180} INFO - Setting next_dagrun for example_subdag_operator.section-1 to None, run_after=None
[2026-06-19T16:47:29.287+0000] {logging_mixin.py:190} INFO - [2026-06-19T16:47:29.287+0000] {dag.py:4180} INFO - Setting next_dagrun for example_subdag_operator.section-2 to None, run_after=None
[2026-06-19T16:47:29.312+0000] {logging_mixin.py:190} INFO - [2026-06-19T16:47:29.312+0000] {dag.py:3239} INFO - Sync 2 DAGs
[2026-06-19T16:47:29.331+0000] {logging_mixin.py:190} INFO - [2026-06-19T16:47:29.330+0000] {dag.py:4180} INFO - Setting next_dagrun for example_subdag_operator.section-1 to None, run_after=None
[2026-06-19T16:47:29.333+0000] {logging_mixin.py:190} INFO - [2026-06-19T16:47:29.332+0000] {dag.py:4180} INFO - Setting next_dagrun for example_subdag_operator.section-2 to None, run_after=None
[2026-06-19T16:47:29.366+0000] {processor.py:208} INFO - Processing /home/airflow/.local/lib/python3.12/site-packages/airflow/example_dags/example_subdag_operator.py took 0.393 seconds
[2026-06-19T16:48:00.974+0000] {processor.py:186} INFO - Started process (PID=759) to work on /home/airflow/.local/lib/python3.12/site-packages/airflow/example_dags/example_subdag_operator.py
[2026-06-19T16:48:00.982+0000] {processor.py:914} INFO - Processing file /home/airflow/.local/lib/python3.12/site-packages/airflow/example_dags/example_subdag_operator.py for tasks to queue
[2026-06-19T16:48:01.001+0000] {logging_mixin.py:190} INFO - [2026-06-19T16:48:01.000+0000] {dagbag.py:588} INFO - Filling up the DagBag from /home/airflow/.local/lib/python3.12/site-packages/airflow/example_dags/example_subdag_operator.py
[2026-06-19T16:48:01.156+0000] {processor.py:925} INFO - DAG(s) 'example_subdag_operator.section-1', 'example_subdag_operator.section-2', 'example_subdag_operator' retrieved from /home/airflow/.local/lib/python3.12/site-packages/airflow/example_dags/example_subdag_operator.py
[2026-06-19T16:48:01.265+0000] {logging_mixin.py:190} INFO - [2026-06-19T16:48:01.261+0000] {dag.py:3239} INFO - Sync 3 DAGs
[2026-06-19T16:48:01.431+0000] {logging_mixin.py:190} INFO - [2026-06-19T16:48:01.430+0000] {dag.py:4180} INFO - Setting next_dagrun for example_subdag_operator to 2022-01-01 00:00:00+00:00, run_after=2022-01-01 00:00:00+00:00
[2026-06-19T16:48:01.470+0000] {logging_mixin.py:190} INFO - [2026-06-19T16:48:01.469+0000] {dag.py:4180} INFO - Setting next_dagrun for example_subdag_operator.section-1 to None, run_after=None
[2026-06-19T16:48:01.490+0000] {logging_mixin.py:190} INFO - [2026-06-19T16:48:01.490+0000] {dag.py:4180} INFO - Setting next_dagrun for example_subdag_operator.section-2 to None, run_after=None
[2026-06-19T16:48:01.562+0000] {logging_mixin.py:190} INFO - [2026-06-19T16:48:01.561+0000] {dag.py:3239} INFO - Sync 2 DAGs
[2026-06-19T16:48:01.616+0000] {logging_mixin.py:190} INFO - [2026-06-19T16:48:01.615+0000] {dag.py:4180} INFO - Setting next_dagrun for example_subdag_operator.section-1 to None, run_after=None
[2026-06-19T16:48:01.641+0000] {logging_mixin.py:190} INFO - [2026-06-19T16:48:01.640+0000] {dag.py:4180} INFO - Setting next_dagrun for example_subdag_operator.section-2 to None, run_after=None
[2026-06-19T16:48:01.708+0000] {processor.py:208} INFO - Processing /home/airflow/.local/lib/python3.12/site-packages/airflow/example_dags/example_subdag_operator.py took 0.768 seconds
[2026-06-19T16:48:33.389+0000] {processor.py:186} INFO - Started process (PID=824) to work on /home/airflow/.local/lib/python3.12/site-packages/airflow/example_dags/example_subdag_operator.py
[2026-06-19T16:48:33.427+0000] {processor.py:914} INFO - Processing file /home/airflow/.local/lib/python3.12/site-packages/airflow/example_dags/example_subdag_operator.py for tasks to queue
[2026-06-19T16:48:33.445+0000] {logging_mixin.py:190} INFO - [2026-06-19T16:48:33.443+0000] {dagbag.py:588} INFO - Filling up the DagBag from /home/airflow/.local/lib/python3.12/site-packages/airflow/example_dags/example_subdag_operator.py
[2026-06-19T16:48:33.642+0000] {processor.py:925} INFO - DAG(s) 'example_subdag_operator.section-1', 'example_subdag_operator.section-2', 'example_subdag_operator' retrieved from /home/airflow/.local/lib/python3.12/site-packages/airflow/example_dags/example_subdag_operator.py
[2026-06-19T16:48:33.803+0000] {logging_mixin.py:190} INFO - [2026-06-19T16:48:33.791+0000] {dag.py:3239} INFO - Sync 3 DAGs
[2026-06-19T16:48:33.994+0000] {logging_mixin.py:190} INFO - [2026-06-19T16:48:33.993+0000] {dag.py:4180} INFO - Setting next_dagrun for example_subdag_operator to 2022-01-01 00:00:00+00:00, run_after=2022-01-01 00:00:00+00:00
[2026-06-19T16:48:34.029+0000] {logging_mixin.py:190} INFO - [2026-06-19T16:48:34.028+0000] {dag.py:4180} INFO - Setting next_dagrun for example_subdag_operator.section-1 to None, run_after=None
[2026-06-19T16:48:34.044+0000] {logging_mixin.py:190} INFO - [2026-06-19T16:48:34.044+0000] {dag.py:4180} INFO - Setting next_dagrun for example_subdag_operator.section-2 to None, run_after=None
[2026-06-19T16:48:34.090+0000] {logging_mixin.py:190} INFO - [2026-06-19T16:48:34.089+0000] {dag.py:3239} INFO - Sync 2 DAGs
[2026-06-19T16:48:34.116+0000] {logging_mixin.py:190} INFO - [2026-06-19T16:48:34.115+0000] {dag.py:4180} INFO - Setting next_dagrun for example_subdag_operator.section-1 to None, run_after=None
[2026-06-19T16:48:34.120+0000] {logging_mixin.py:190} INFO - [2026-06-19T16:48:34.119+0000] {dag.py:4180} INFO - Setting next_dagrun for example_subdag_operator.section-2 to None, run_after=None
[2026-06-19T16:48:34.176+0000] {processor.py:208} INFO - Processing /home/airflow/.local/lib/python3.12/site-packages/airflow/example_dags/example_subdag_operator.py took 0.839 seconds
[2026-06-19T16:49:05.266+0000] {processor.py:186} INFO - Started process (PID=889) to work on /home/airflow/.local/lib/python3.12/site-packages/airflow/example_dags/example_subdag_operator.py
[2026-06-19T16:49:05.272+0000] {processor.py:914} INFO - Processing file /home/airflow/.local/lib/python3.12/site-packages/airflow/example_dags/example_subdag_operator.py for tasks to queue
[2026-06-19T16:49:05.280+0000] {logging_mixin.py:190} INFO - [2026-06-19T16:49:05.279+0000] {dagbag.py:588} INFO - Filling up the DagBag from /home/airflow/.local/lib/python3.12/site-packages/airflow/example_dags/example_subdag_operator.py
[2026-06-19T16:49:05.499+0000] {processor.py:925} INFO - DAG(s) 'example_subdag_operator.section-1', 'example_subdag_operator.section-2', 'example_subdag_operator' retrieved from /home/airflow/.local/lib/python3.12/site-packages/airflow/example_dags/example_subdag_operator.py
[2026-06-19T16:49:05.631+0000] {logging_mixin.py:190} INFO - [2026-06-19T16:49:05.630+0000] {dag.py:3239} INFO - Sync 3 DAGs
[2026-06-19T16:49:05.864+0000] {logging_mixin.py:190} INFO - [2026-06-19T16:49:05.863+0000] {dag.py:4180} INFO - Setting next_dagrun for example_subdag_operator to 2022-01-01 00:00:00+00:00, run_after=2022-01-01 00:00:00+00:00
[2026-06-19T16:49:05.890+0000] {logging_mixin.py:190} INFO - [2026-06-19T16:49:05.889+0000] {dag.py:4180} INFO - Setting next_dagrun for example_subdag_operator.section-1 to None, run_after=None
[2026-06-19T16:49:05.909+0000] {logging_mixin.py:190} INFO - [2026-06-19T16:49:05.908+0000] {dag.py:4180} INFO - Setting next_dagrun for example_subdag_operator.section-2 to None, run_after=None
[2026-06-19T16:49:05.950+0000] {logging_mixin.py:190} INFO - [2026-06-19T16:49:05.950+0000] {dag.py:3239} INFO - Sync 2 DAGs
[2026-06-19T16:49:05.996+0000] {logging_mixin.py:190} INFO - [2026-06-19T16:49:05.995+0000] {dag.py:4180} INFO - Setting next_dagrun for example_subdag_operator.section-1 to None, run_after=None
[2026-06-19T16:49:06.012+0000] {logging_mixin.py:190} INFO - [2026-06-19T16:49:06.011+0000] {dag.py:4180} INFO - Setting next_dagrun for example_subdag_operator.section-2 to None, run_after=None
[2026-06-19T16:49:06.124+0000] {processor.py:208} INFO - Processing /home/airflow/.local/lib/python3.12/site-packages/airflow/example_dags/example_subdag_operator.py took 0.916 seconds
[2026-06-19T16:49:36.717+0000] {processor.py:186} INFO - Started process (PID=953) to work on /home/airflow/.local/lib/python3.12/site-packages/airflow/example_dags/example_subdag_operator.py
[2026-06-19T16:49:36.722+0000] {processor.py:914} INFO - Processing file /home/airflow/.local/lib/python3.12/site-packages/airflow/example_dags/example_subdag_operator.py for tasks to queue
[2026-06-19T16:49:36.736+0000] {logging_mixin.py:190} INFO - [2026-06-19T16:49:36.734+0000] {dagbag.py:588} INFO - Filling up the DagBag from /home/airflow/.local/lib/python3.12/site-packages/airflow/example_dags/example_subdag_operator.py
[2026-06-19T16:49:36.848+0000] {processor.py:925} INFO - DAG(s) 'example_subdag_operator.section-1', 'example_subdag_operator.section-2', 'example_subdag_operator' retrieved from /home/airflow/.local/lib/python3.12/site-packages/airflow/example_dags/example_subdag_operator.py
[2026-06-19T16:49:36.899+0000] {logging_mixin.py:190} INFO - [2026-06-19T16:49:36.898+0000] {dag.py:3239} INFO - Sync 3 DAGs
[2026-06-19T16:49:36.969+0000] {logging_mixin.py:190} INFO - [2026-06-19T16:49:36.968+0000] {dag.py:4180} INFO - Setting next_dagrun for example_subdag_operator to 2022-01-01 00:00:00+00:00, run_after=2022-01-01 00:00:00+00:00
[2026-06-19T16:49:36.983+0000] {logging_mixin.py:190} INFO - [2026-06-19T16:49:36.982+0000] {dag.py:4180} INFO - Setting next_dagrun for example_subdag_operator.section-1 to None, run_after=None
[2026-06-19T16:49:36.989+0000] {logging_mixin.py:190} INFO - [2026-06-19T16:49:36.988+0000] {dag.py:4180} INFO - Setting next_dagrun for example_subdag_operator.section-2 to None, run_after=None
[2026-06-19T16:49:37.009+0000] {logging_mixin.py:190} INFO - [2026-06-19T16:49:37.008+0000] {dag.py:3239} INFO - Sync 2 DAGs
[2026-06-19T16:49:37.027+0000] {logging_mixin.py:190} INFO - [2026-06-19T16:49:37.026+0000] {dag.py:4180} INFO - Setting next_dagrun for example_subdag_operator.section-1 to None, run_after=None
[2026-06-19T16:49:37.031+0000] {logging_mixin.py:190} INFO - [2026-06-19T16:49:37.030+0000] {dag.py:4180} INFO - Setting next_dagrun for example_subdag_operator.section-2 to None, run_after=None
[2026-06-19T16:49:37.065+0000] {processor.py:208} INFO - Processing /home/airflow/.local/lib/python3.12/site-packages/airflow/example_dags/example_subdag_operator.py took 0.371 seconds
[2026-06-19T16:50:07.187+0000] {processor.py:186} INFO - Started process (PID=1017) to work on /home/airflow/.local/lib/python3.12/site-packages/airflow/example_dags/example_subdag_operator.py
[2026-06-19T16:50:07.192+0000] {processor.py:914} INFO - Processing file /home/airflow/.local/lib/python3.12/site-packages/airflow/example_dags/example_subdag_operator.py for tasks to queue
[2026-06-19T16:50:07.200+0000] {logging_mixin.py:190} INFO - [2026-06-19T16:50:07.199+0000] {dagbag.py:588} INFO - Filling up the DagBag from /home/airflow/.local/lib/python3.12/site-packages/airflow/example_dags/example_subdag_operator.py
[2026-06-19T16:50:07.304+0000] {processor.py:925} INFO - DAG(s) 'example_subdag_operator.section-1', 'example_subdag_operator.section-2', 'example_subdag_operator' retrieved from /home/airflow/.local/lib/python3.12/site-packages/airflow/example_dags/example_subdag_operator.py
[2026-06-19T16:50:07.367+0000] {logging_mixin.py:190} INFO - [2026-06-19T16:50:07.366+0000] {dag.py:3239} INFO - Sync 3 DAGs
[2026-06-19T16:50:07.463+0000] {logging_mixin.py:190} INFO - [2026-06-19T16:50:07.462+0000] {dag.py:4180} INFO - Setting next_dagrun for example_subdag_operator to 2022-01-01 00:00:00+00:00, run_after=2022-01-01 00:00:00+00:00
[2026-06-19T16:50:07.488+0000] {logging_mixin.py:190} INFO - [2026-06-19T16:50:07.488+0000] {dag.py:4180} INFO - Setting next_dagrun for example_subdag_operator.section-1 to None, run_after=None
[2026-06-19T16:50:07.527+0000] {logging_mixin.py:190} INFO - [2026-06-19T16:50:07.527+0000] {dag.py:4180} INFO - Setting next_dagrun for example_subdag_operator.section-2 to None, run_after=None
[2026-06-19T16:50:07.561+0000] {logging_mixin.py:190} INFO - [2026-06-19T16:50:07.560+0000] {dag.py:3239} INFO - Sync 2 DAGs
[2026-06-19T16:50:07.594+0000] {logging_mixin.py:190} INFO - [2026-06-19T16:50:07.593+0000] {dag.py:4180} INFO - Setting next_dagrun for example_subdag_operator.section-1 to None, run_after=None
[2026-06-19T16:50:07.597+0000] {logging_mixin.py:190} INFO - [2026-06-19T16:50:07.597+0000] {dag.py:4180} INFO - Setting next_dagrun for example_subdag_operator.section-2 to None, run_after=None
[2026-06-19T16:50:07.648+0000] {processor.py:208} INFO - Processing /home/airflow/.local/lib/python3.12/site-packages/airflow/example_dags/example_subdag_operator.py took 0.479 seconds
[2026-06-19T16:50:37.828+0000] {processor.py:186} INFO - Started process (PID=1080) to work on /home/airflow/.local/lib/python3.12/site-packages/airflow/example_dags/example_subdag_operator.py
[2026-06-19T16:50:37.837+0000] {processor.py:914} INFO - Processing file /home/airflow/.local/lib/python3.12/site-packages/airflow/example_dags/example_subdag_operator.py for tasks to queue
[2026-06-19T16:50:37.848+0000] {logging_mixin.py:190} INFO - [2026-06-19T16:50:37.847+0000] {dagbag.py:588} INFO - Filling up the DagBag from /home/airflow/.local/lib/python3.12/site-packages/airflow/example_dags/example_subdag_operator.py
[2026-06-19T16:50:37.933+0000] {processor.py:925} INFO - DAG(s) 'example_subdag_operator.section-1', 'example_subdag_operator.section-2', 'example_subdag_operator' retrieved from /home/airflow/.local/lib/python3.12/site-packages/airflow/example_dags/example_subdag_operator.py
[2026-06-19T16:50:37.997+0000] {logging_mixin.py:190} INFO - [2026-06-19T16:50:37.997+0000] {dag.py:3239} INFO - Sync 3 DAGs
[2026-06-19T16:50:38.117+0000] {logging_mixin.py:190} INFO - [2026-06-19T16:50:38.117+0000] {dag.py:4180} INFO - Setting next_dagrun for example_subdag_operator to 2022-01-01 00:00:00+00:00, run_after=2022-01-01 00:00:00+00:00
[2026-06-19T16:50:38.135+0000] {logging_mixin.py:190} INFO - [2026-06-19T16:50:38.135+0000] {dag.py:4180} INFO - Setting next_dagrun for example_subdag_operator.section-1 to None, run_after=None
[2026-06-19T16:50:38.141+0000] {logging_mixin.py:190} INFO - [2026-06-19T16:50:38.141+0000] {dag.py:4180} INFO - Setting next_dagrun for example_subdag_operator.section-2 to None, run_after=None
[2026-06-19T16:50:38.176+0000] {logging_mixin.py:190} INFO - [2026-06-19T16:50:38.176+0000] {dag.py:3239} INFO - Sync 2 DAGs
[2026-06-19T16:50:38.212+0000] {logging_mixin.py:190} INFO - [2026-06-19T16:50:38.212+0000] {dag.py:4180} INFO - Setting next_dagrun for example_subdag_operator.section-1 to None, run_after=None
[2026-06-19T16:50:38.216+0000] {logging_mixin.py:190} INFO - [2026-06-19T16:50:38.215+0000] {dag.py:4180} INFO - Setting next_dagrun for example_subdag_operator.section-2 to None, run_after=None
[2026-06-19T16:50:38.251+0000] {processor.py:208} INFO - Processing /home/airflow/.local/lib/python3.12/site-packages/airflow/example_dags/example_subdag_operator.py took 0.443 seconds
[2026-06-19T16:51:08.550+0000] {processor.py:186} INFO - Started process (PID=1144) to work on /home/airflow/.local/lib/python3.12/site-packages/airflow/example_dags/example_subdag_operator.py
[2026-06-19T16:51:08.553+0000] {processor.py:914} INFO - Processing file /home/airflow/.local/lib/python3.12/site-packages/airflow/example_dags/example_subdag_operator.py for tasks to queue
[2026-06-19T16:51:08.561+0000] {logging_mixin.py:190} INFO - [2026-06-19T16:51:08.559+0000] {dagbag.py:588} INFO - Filling up the DagBag from /home/airflow/.local/lib/python3.12/site-packages/airflow/example_dags/example_subdag_operator.py
[2026-06-19T16:51:08.644+0000] {processor.py:925} INFO - DAG(s) 'example_subdag_operator.section-1', 'example_subdag_operator.section-2', 'example_subdag_operator' retrieved from /home/airflow/.local/lib/python3.12/site-packages/airflow/example_dags/example_subdag_operator.py
[2026-06-19T16:51:08.712+0000] {logging_mixin.py:190} INFO - [2026-06-19T16:51:08.712+0000] {dag.py:3239} INFO - Sync 3 DAGs
[2026-06-19T16:51:08.799+0000] {logging_mixin.py:190} INFO - [2026-06-19T16:51:08.798+0000] {dag.py:4180} INFO - Setting next_dagrun for example_subdag_operator to 2022-01-01 00:00:00+00:00, run_after=2022-01-01 00:00:00+00:00
[2026-06-19T16:51:08.812+0000] {logging_mixin.py:190} INFO - [2026-06-19T16:51:08.812+0000] {dag.py:4180} INFO - Setting next_dagrun for example_subdag_operator.section-1 to None, run_after=None
[2026-06-19T16:51:08.817+0000] {logging_mixin.py:190} INFO - [2026-06-19T16:51:08.816+0000] {dag.py:4180} INFO - Setting next_dagrun for example_subdag_operator.section-2 to None, run_after=None
[2026-06-19T16:51:08.842+0000] {logging_mixin.py:190} INFO - [2026-06-19T16:51:08.841+0000] {dag.py:3239} INFO - Sync 2 DAGs
[2026-06-19T16:51:08.868+0000] {logging_mixin.py:190} INFO - [2026-06-19T16:51:08.868+0000] {dag.py:4180} INFO - Setting next_dagrun for example_subdag_operator.section-1 to None, run_after=None
[2026-06-19T16:51:08.871+0000] {logging_mixin.py:190} INFO - [2026-06-19T16:51:08.871+0000] {dag.py:4180} INFO - Setting next_dagrun for example_subdag_operator.section-2 to None, run_after=None
[2026-06-19T16:51:08.918+0000] {processor.py:208} INFO - Processing /home/airflow/.local/lib/python3.12/site-packages/airflow/example_dags/example_subdag_operator.py took 0.382 seconds
[2026-06-19T16:51:39.249+0000] {processor.py:186} INFO - Started process (PID=1208) to work on /home/airflow/.local/lib/python3.12/site-packages/airflow/example_dags/example_subdag_operator.py
[2026-06-19T16:51:39.253+0000] {processor.py:914} INFO - Processing file /home/airflow/.local/lib/python3.12/site-packages/airflow/example_dags/example_subdag_operator.py for tasks to queue
[2026-06-19T16:51:39.262+0000] {logging_mixin.py:190} INFO - [2026-06-19T16:51:39.261+0000] {dagbag.py:588} INFO - Filling up the DagBag from /home/airflow/.local/lib/python3.12/site-packages/airflow/example_dags/example_subdag_operator.py
[2026-06-19T16:51:39.332+0000] {processor.py:925} INFO - DAG(s) 'example_subdag_operator.section-1', 'example_subdag_operator.section-2', 'example_subdag_operator' retrieved from /home/airflow/.local/lib/python3.12/site-packages/airflow/example_dags/example_subdag_operator.py
[2026-06-19T16:51:39.365+0000] {logging_mixin.py:190} INFO - [2026-06-19T16:51:39.364+0000] {dag.py:3239} INFO - Sync 3 DAGs
[2026-06-19T16:51:39.430+0000] {logging_mixin.py:190} INFO - [2026-06-19T16:51:39.430+0000] {dag.py:4180} INFO - Setting next_dagrun for example_subdag_operator to 2022-01-01 00:00:00+00:00, run_after=2022-01-01 00:00:00+00:00
[2026-06-19T16:51:39.441+0000] {logging_mixin.py:190} INFO - [2026-06-19T16:51:39.440+0000] {dag.py:4180} INFO - Setting next_dagrun for example_subdag_operator.section-1 to None, run_after=None
[2026-06-19T16:51:39.445+0000] {logging_mixin.py:190} INFO - [2026-06-19T16:51:39.445+0000] {dag.py:4180} INFO - Setting next_dagrun for example_subdag_operator.section-2 to None, run_after=None
[2026-06-19T16:51:39.467+0000] {logging_mixin.py:190} INFO - [2026-06-19T16:51:39.467+0000] {dag.py:3239} INFO - Sync 2 DAGs
[2026-06-19T16:51:39.481+0000] {logging_mixin.py:190} INFO - [2026-06-19T16:51:39.481+0000] {dag.py:4180} INFO - Setting next_dagrun for example_subdag_operator.section-1 to None, run_after=None
[2026-06-19T16:51:39.486+0000] {logging_mixin.py:190} INFO - [2026-06-19T16:51:39.485+0000] {dag.py:4180} INFO - Setting next_dagrun for example_subdag_operator.section-2 to None, run_after=None
[2026-06-19T16:51:39.514+0000] {processor.py:208} INFO - Processing /home/airflow/.local/lib/python3.12/site-packages/airflow/example_dags/example_subdag_operator.py took 0.279 seconds
[2026-06-19T16:52:09.871+0000] {processor.py:186} INFO - Started process (PID=1272) to work on /home/airflow/.local/lib/python3.12/site-packages/airflow/example_dags/example_subdag_operator.py
[2026-06-19T16:52:09.878+0000] {processor.py:914} INFO - Processing file /home/airflow/.local/lib/python3.12/site-packages/airflow/example_dags/example_subdag_operator.py for tasks to queue
[2026-06-19T16:52:09.888+0000] {logging_mixin.py:190} INFO - [2026-06-19T16:52:09.886+0000] {dagbag.py:588} INFO - Filling up the DagBag from /home/airflow/.local/lib/python3.12/site-packages/airflow/example_dags/example_subdag_operator.py
[2026-06-19T16:52:09.970+0000] {processor.py:925} INFO - DAG(s) 'example_subdag_operator.section-1', 'example_subdag_operator.section-2', 'example_subdag_operator' retrieved from /home/airflow/.local/lib/python3.12/site-packages/airflow/example_dags/example_subdag_operator.py
[2026-06-19T16:52:10.010+0000] {logging_mixin.py:190} INFO - [2026-06-19T16:52:10.009+0000] {dag.py:3239} INFO - Sync 3 DAGs
[2026-06-19T16:52:10.083+0000] {logging_mixin.py:190} INFO - [2026-06-19T16:52:10.082+0000] {dag.py:4180} INFO - Setting next_dagrun for example_subdag_operator to 2022-01-01 00:00:00+00:00, run_after=2022-01-01 00:00:00+00:00
[2026-06-19T16:52:10.095+0000] {logging_mixin.py:190} INFO - [2026-06-19T16:52:10.095+0000] {dag.py:4180} INFO - Setting next_dagrun for example_subdag_operator.section-1 to None, run_after=None
[2026-06-19T16:52:10.104+0000] {logging_mixin.py:190} INFO - [2026-06-19T16:52:10.104+0000] {dag.py:4180} INFO - Setting next_dagrun for example_subdag_operator.section-2 to None, run_after=None
[2026-06-19T16:52:10.128+0000] {logging_mixin.py:190} INFO - [2026-06-19T16:52:10.127+0000] {dag.py:3239} INFO - Sync 2 DAGs
[2026-06-19T16:52:10.143+0000] {logging_mixin.py:190} INFO - [2026-06-19T16:52:10.142+0000] {dag.py:4180} INFO - Setting next_dagrun for example_subdag_operator.section-1 to None, run_after=None
[2026-06-19T16:52:10.147+0000] {logging_mixin.py:190} INFO - [2026-06-19T16:52:10.146+0000] {dag.py:4180} INFO - Setting next_dagrun for example_subdag_operator.section-2 to None, run_after=None
[2026-06-19T16:52:10.178+0000] {processor.py:208} INFO - Processing /home/airflow/.local/lib/python3.12/site-packages/airflow/example_dags/example_subdag_operator.py took 0.326 seconds
[2026-06-19T16:52:40.334+0000] {processor.py:186} INFO - Started process (PID=1335) to work on /home/airflow/.local/lib/python3.12/site-packages/airflow/example_dags/example_subdag_operator.py
[2026-06-19T16:52:40.341+0000] {processor.py:914} INFO - Processing file /home/airflow/.local/lib/python3.12/site-packages/airflow/example_dags/example_subdag_operator.py for tasks to queue
[2026-06-19T16:52:40.350+0000] {logging_mixin.py:190} INFO - [2026-06-19T16:52:40.349+0000] {dagbag.py:588} INFO - Filling up the DagBag from /home/airflow/.local/lib/python3.12/site-packages/airflow/example_dags/example_subdag_operator.py
[2026-06-19T16:52:40.420+0000] {processor.py:925} INFO - DAG(s) 'example_subdag_operator.section-1', 'example_subdag_operator.section-2', 'example_subdag_operator' retrieved from /home/airflow/.local/lib/python3.12/site-packages/airflow/example_dags/example_subdag_operator.py
[2026-06-19T16:52:40.461+0000] {logging_mixin.py:190} INFO - [2026-06-19T16:52:40.460+0000] {dag.py:3239} INFO - Sync 3 DAGs
[2026-06-19T16:52:40.518+0000] {logging_mixin.py:190} INFO - [2026-06-19T16:52:40.517+0000] {dag.py:4180} INFO - Setting next_dagrun for example_subdag_operator to 2022-01-01 00:00:00+00:00, run_after=2022-01-01 00:00:00+00:00
[2026-06-19T16:52:40.527+0000] {logging_mixin.py:190} INFO - [2026-06-19T16:52:40.527+0000] {dag.py:4180} INFO - Setting next_dagrun for example_subdag_operator.section-1 to None, run_after=None
[2026-06-19T16:52:40.532+0000] {logging_mixin.py:190} INFO - [2026-06-19T16:52:40.532+0000] {dag.py:4180} INFO - Setting next_dagrun for example_subdag_operator.section-2 to None, run_after=None
[2026-06-19T16:52:40.546+0000] {logging_mixin.py:190} INFO - [2026-06-19T16:52:40.546+0000] {dag.py:3239} INFO - Sync 2 DAGs
[2026-06-19T16:52:40.556+0000] {logging_mixin.py:190} INFO - [2026-06-19T16:52:40.556+0000] {dag.py:4180} INFO - Setting next_dagrun for example_subdag_operator.section-1 to None, run_after=None
[2026-06-19T16:52:40.557+0000] {logging_mixin.py:190} INFO - [2026-06-19T16:52:40.557+0000] {dag.py:4180} INFO - Setting next_dagrun for example_subdag_operator.section-2 to None, run_after=None
[2026-06-19T16:52:40.574+0000] {processor.py:208} INFO - Processing /home/airflow/.local/lib/python3.12/site-packages/airflow/example_dags/example_subdag_operator.py took 0.259 seconds
[2026-06-19T16:53:11.927+0000] {processor.py:186} INFO - Started process (PID=1399) to work on /home/airflow/.local/lib/python3.12/site-packages/airflow/example_dags/example_subdag_operator.py
[2026-06-19T16:53:11.945+0000] {processor.py:914} INFO - Processing file /home/airflow/.local/lib/python3.12/site-packages/airflow/example_dags/example_subdag_operator.py for tasks to queue
[2026-06-19T16:53:11.962+0000] {logging_mixin.py:190} INFO - [2026-06-19T16:53:11.961+0000] {dagbag.py:588} INFO - Filling up the DagBag from /home/airflow/.local/lib/python3.12/site-packages/airflow/example_dags/example_subdag_operator.py
[2026-06-19T16:53:12.114+0000] {processor.py:925} INFO - DAG(s) 'example_subdag_operator.section-1', 'example_subdag_operator.section-2', 'example_subdag_operator' retrieved from /home/airflow/.local/lib/python3.12/site-packages/airflow/example_dags/example_subdag_operator.py
[2026-06-19T16:53:12.169+0000] {logging_mixin.py:190} INFO - [2026-06-19T16:53:12.169+0000] {dag.py:3239} INFO - Sync 3 DAGs
[2026-06-19T16:53:12.238+0000] {logging_mixin.py:190} INFO - [2026-06-19T16:53:12.238+0000] {dag.py:4180} INFO - Setting next_dagrun for example_subdag_operator to 2022-01-01 00:00:00+00:00, run_after=2022-01-01 00:00:00+00:00
[2026-06-19T16:53:12.252+0000] {logging_mixin.py:190} INFO - [2026-06-19T16:53:12.251+0000] {dag.py:4180} INFO - Setting next_dagrun for example_subdag_operator.section-1 to None, run_after=None
[2026-06-19T16:53:12.257+0000] {logging_mixin.py:190} INFO - [2026-06-19T16:53:12.257+0000] {dag.py:4180} INFO - Setting next_dagrun for example_subdag_operator.section-2 to None, run_after=None
[2026-06-19T16:53:12.279+0000] {logging_mixin.py:190} INFO - [2026-06-19T16:53:12.278+0000] {dag.py:3239} INFO - Sync 2 DAGs
[2026-06-19T16:53:12.295+0000] {logging_mixin.py:190} INFO - [2026-06-19T16:53:12.295+0000] {dag.py:4180} INFO - Setting next_dagrun for example_subdag_operator.section-1 to None, run_after=None
[2026-06-19T16:53:12.299+0000] {logging_mixin.py:190} INFO - [2026-06-19T16:53:12.298+0000] {dag.py:4180} INFO - Setting next_dagrun for example_subdag_operator.section-2 to None, run_after=None
[2026-06-19T16:53:12.331+0000] {processor.py:208} INFO - Processing /home/airflow/.local/lib/python3.12/site-packages/airflow/example_dags/example_subdag_operator.py took 0.435 seconds
[2026-06-19T16:53:42.489+0000] {processor.py:186} INFO - Started process (PID=1462) to work on /home/airflow/.local/lib/python3.12/site-packages/airflow/example_dags/example_subdag_operator.py
[2026-06-19T16:53:42.497+0000] {processor.py:914} INFO - Processing file /home/airflow/.local/lib/python3.12/site-packages/airflow/example_dags/example_subdag_operator.py for tasks to queue
[2026-06-19T16:53:42.505+0000] {logging_mixin.py:190} INFO - [2026-06-19T16:53:42.504+0000] {dagbag.py:588} INFO - Filling up the DagBag from /home/airflow/.local/lib/python3.12/site-packages/airflow/example_dags/example_subdag_operator.py
[2026-06-19T16:53:42.591+0000] {processor.py:925} INFO - DAG(s) 'example_subdag_operator.section-1', 'example_subdag_operator.section-2', 'example_subdag_operator' retrieved from /home/airflow/.local/lib/python3.12/site-packages/airflow/example_dags/example_subdag_operator.py
[2026-06-19T16:53:42.663+0000] {logging_mixin.py:190} INFO - [2026-06-19T16:53:42.660+0000] {dag.py:3239} INFO - Sync 3 DAGs
[2026-06-19T16:53:42.751+0000] {logging_mixin.py:190} INFO - [2026-06-19T16:53:42.751+0000] {dag.py:4180} INFO - Setting next_dagrun for example_subdag_operator to 2022-01-01 00:00:00+00:00, run_after=2022-01-01 00:00:00+00:00
[2026-06-19T16:53:42.767+0000] {logging_mixin.py:190} INFO - [2026-06-19T16:53:42.766+0000] {dag.py:4180} INFO - Setting next_dagrun for example_subdag_operator.section-1 to None, run_after=None
[2026-06-19T16:53:42.775+0000] {logging_mixin.py:190} INFO - [2026-06-19T16:53:42.774+0000] {dag.py:4180} INFO - Setting next_dagrun for example_subdag_operator.section-2 to None, run_after=None
[2026-06-19T16:53:42.798+0000] {logging_mixin.py:190} INFO - [2026-06-19T16:53:42.797+0000] {dag.py:3239} INFO - Sync 2 DAGs
[2026-06-19T16:53:42.817+0000] {logging_mixin.py:190} INFO - [2026-06-19T16:53:42.817+0000] {dag.py:4180} INFO - Setting next_dagrun for example_subdag_operator.section-1 to None, run_after=None
[2026-06-19T16:53:42.820+0000] {logging_mixin.py:190} INFO - [2026-06-19T16:53:42.819+0000] {dag.py:4180} INFO - Setting next_dagrun for example_subdag_operator.section-2 to None, run_after=None
[2026-06-19T16:53:42.854+0000] {processor.py:208} INFO - Processing /home/airflow/.local/lib/python3.12/site-packages/airflow/example_dags/example_subdag_operator.py took 0.383 seconds
[2026-06-19T16:54:13.510+0000] {processor.py:186} INFO - Started process (PID=1526) to work on /home/airflow/.local/lib/python3.12/site-packages/airflow/example_dags/example_subdag_operator.py
[2026-06-19T16:54:13.513+0000] {processor.py:914} INFO - Processing file /home/airflow/.local/lib/python3.12/site-packages/airflow/example_dags/example_subdag_operator.py for tasks to queue
[2026-06-19T16:54:13.522+0000] {logging_mixin.py:190} INFO - [2026-06-19T16:54:13.521+0000] {dagbag.py:588} INFO - Filling up the DagBag from /home/airflow/.local/lib/python3.12/site-packages/airflow/example_dags/example_subdag_operator.py
[2026-06-19T16:54:13.592+0000] {processor.py:925} INFO - DAG(s) 'example_subdag_operator.section-1', 'example_subdag_operator.section-2', 'example_subdag_operator' retrieved from /home/airflow/.local/lib/python3.12/site-packages/airflow/example_dags/example_subdag_operator.py
[2026-06-19T16:54:13.628+0000] {logging_mixin.py:190} INFO - [2026-06-19T16:54:13.628+0000] {dag.py:3239} INFO - Sync 3 DAGs
[2026-06-19T16:54:13.688+0000] {logging_mixin.py:190} INFO - [2026-06-19T16:54:13.687+0000] {dag.py:4180} INFO - Setting next_dagrun for example_subdag_operator to 2022-01-01 00:00:00+00:00, run_after=2022-01-01 00:00:00+00:00
[2026-06-19T16:54:13.696+0000] {logging_mixin.py:190} INFO - [2026-06-19T16:54:13.696+0000] {dag.py:4180} INFO - Setting next_dagrun for example_subdag_operator.section-1 to None, run_after=None
[2026-06-19T16:54:13.702+0000] {logging_mixin.py:190} INFO - [2026-06-19T16:54:13.701+0000] {dag.py:4180} INFO - Setting next_dagrun for example_subdag_operator.section-2 to None, run_after=None
[2026-06-19T16:54:13.724+0000] {logging_mixin.py:190} INFO - [2026-06-19T16:54:13.723+0000] {dag.py:3239} INFO - Sync 2 DAGs
[2026-06-19T16:54:13.737+0000] {logging_mixin.py:190} INFO - [2026-06-19T16:54:13.736+0000] {dag.py:4180} INFO - Setting next_dagrun for example_subdag_operator.section-1 to None, run_after=None
[2026-06-19T16:54:13.739+0000] {logging_mixin.py:190} INFO - [2026-06-19T16:54:13.739+0000] {dag.py:4180} INFO - Setting next_dagrun for example_subdag_operator.section-2 to None, run_after=None
[2026-06-19T16:54:14.271+0000] {processor.py:208} INFO - Processing /home/airflow/.local/lib/python3.12/site-packages/airflow/example_dags/example_subdag_operator.py took 0.777 seconds
[2026-06-19T16:54:44.519+0000] {processor.py:186} INFO - Started process (PID=1589) to work on /home/airflow/.local/lib/python3.12/site-packages/airflow/example_dags/example_subdag_operator.py
[2026-06-19T16:54:44.524+0000] {processor.py:914} INFO - Processing file /home/airflow/.local/lib/python3.12/site-packages/airflow/example_dags/example_subdag_operator.py for tasks to queue
[2026-06-19T16:54:44.534+0000] {logging_mixin.py:190} INFO - [2026-06-19T16:54:44.533+0000] {dagbag.py:588} INFO - Filling up the DagBag from /home/airflow/.local/lib/python3.12/site-packages/airflow/example_dags/example_subdag_operator.py
[2026-06-19T16:54:44.608+0000] {processor.py:925} INFO - DAG(s) 'example_subdag_operator.section-1', 'example_subdag_operator.section-2', 'example_subdag_operator' retrieved from /home/airflow/.local/lib/python3.12/site-packages/airflow/example_dags/example_subdag_operator.py
[2026-06-19T16:54:44.656+0000] {logging_mixin.py:190} INFO - [2026-06-19T16:54:44.656+0000] {dag.py:3239} INFO - Sync 3 DAGs
[2026-06-19T16:54:44.734+0000] {logging_mixin.py:190} INFO - [2026-06-19T16:54:44.729+0000] {dag.py:4180} INFO - Setting next_dagrun for example_subdag_operator to 2022-01-01 00:00:00+00:00, run_after=2022-01-01 00:00:00+00:00
[2026-06-19T16:54:44.748+0000] {logging_mixin.py:190} INFO - [2026-06-19T16:54:44.748+0000] {dag.py:4180} INFO - Setting next_dagrun for example_subdag_operator.section-1 to None, run_after=None
[2026-06-19T16:54:44.754+0000] {logging_mixin.py:190} INFO - [2026-06-19T16:54:44.753+0000] {dag.py:4180} INFO - Setting next_dagrun for example_subdag_operator.section-2 to None, run_after=None
[2026-06-19T16:54:44.770+0000] {logging_mixin.py:190} INFO - [2026-06-19T16:54:44.770+0000] {dag.py:3239} INFO - Sync 2 DAGs
[2026-06-19T16:54:44.785+0000] {logging_mixin.py:190} INFO - [2026-06-19T16:54:44.785+0000] {dag.py:4180} INFO - Setting next_dagrun for example_subdag_operator.section-1 to None, run_after=None
[2026-06-19T16:54:44.787+0000] {logging_mixin.py:190} INFO - [2026-06-19T16:54:44.787+0000] {dag.py:4180} INFO - Setting next_dagrun for example_subdag_operator.section-2 to None, run_after=None
[2026-06-19T16:54:44.821+0000] {processor.py:208} INFO - Processing /home/airflow/.local/lib/python3.12/site-packages/airflow/example_dags/example_subdag_operator.py took 0.319 seconds
[2026-06-19T16:55:16.365+0000] {processor.py:186} INFO - Started process (PID=1651) to work on /home/airflow/.local/lib/python3.12/site-packages/airflow/example_dags/example_subdag_operator.py
[2026-06-19T16:55:16.384+0000] {processor.py:914} INFO - Processing file /home/airflow/.local/lib/python3.12/site-packages/airflow/example_dags/example_subdag_operator.py for tasks to queue
[2026-06-19T16:55:16.397+0000] {logging_mixin.py:190} INFO - [2026-06-19T16:55:16.396+0000] {dagbag.py:588} INFO - Filling up the DagBag from /home/airflow/.local/lib/python3.12/site-packages/airflow/example_dags/example_subdag_operator.py
[2026-06-19T16:55:16.494+0000] {processor.py:925} INFO - DAG(s) 'example_subdag_operator.section-1', 'example_subdag_operator.section-2', 'example_subdag_operator' retrieved from /home/airflow/.local/lib/python3.12/site-packages/airflow/example_dags/example_subdag_operator.py
[2026-06-19T16:55:16.553+0000] {logging_mixin.py:190} INFO - [2026-06-19T16:55:16.552+0000] {dag.py:3239} INFO - Sync 3 DAGs
[2026-06-19T16:55:16.677+0000] {logging_mixin.py:190} INFO - [2026-06-19T16:55:16.676+0000] {dag.py:4180} INFO - Setting next_dagrun for example_subdag_operator to 2022-01-01 00:00:00+00:00, run_after=2022-01-01 00:00:00+00:00
[2026-06-19T16:55:16.691+0000] {logging_mixin.py:190} INFO - [2026-06-19T16:55:16.690+0000] {dag.py:4180} INFO - Setting next_dagrun for example_subdag_operator.section-1 to None, run_after=None
[2026-06-19T16:55:16.700+0000] {logging_mixin.py:190} INFO - [2026-06-19T16:55:16.699+0000] {dag.py:4180} INFO - Setting next_dagrun for example_subdag_operator.section-2 to None, run_after=None
[2026-06-19T16:55:16.732+0000] {logging_mixin.py:190} INFO - [2026-06-19T16:55:16.731+0000] {dag.py:3239} INFO - Sync 2 DAGs
[2026-06-19T16:55:16.753+0000] {logging_mixin.py:190} INFO - [2026-06-19T16:55:16.753+0000] {dag.py:4180} INFO - Setting next_dagrun for example_subdag_operator.section-1 to None, run_after=None
[2026-06-19T16:55:16.757+0000] {logging_mixin.py:190} INFO - [2026-06-19T16:55:16.756+0000] {dag.py:4180} INFO - Setting next_dagrun for example_subdag_operator.section-2 to None, run_after=None
[2026-06-19T16:55:16.786+0000] {processor.py:208} INFO - Processing /home/airflow/.local/lib/python3.12/site-packages/airflow/example_dags/example_subdag_operator.py took 0.445 seconds
[2026-06-19T16:55:47.184+0000] {processor.py:186} INFO - Started process (PID=1715) to work on /home/airflow/.local/lib/python3.12/site-packages/airflow/example_dags/example_subdag_operator.py
[2026-06-19T16:55:47.187+0000] {processor.py:914} INFO - Processing file /home/airflow/.local/lib/python3.12/site-packages/airflow/example_dags/example_subdag_operator.py for tasks to queue
[2026-06-19T16:55:47.192+0000] {logging_mixin.py:190} INFO - [2026-06-19T16:55:47.191+0000] {dagbag.py:588} INFO - Filling up the DagBag from /home/airflow/.local/lib/python3.12/site-packages/airflow/example_dags/example_subdag_operator.py
[2026-06-19T16:55:47.236+0000] {processor.py:925} INFO - DAG(s) 'example_subdag_operator.section-1', 'example_subdag_operator.section-2', 'example_subdag_operator' retrieved from /home/airflow/.local/lib/python3.12/site-packages/airflow/example_dags/example_subdag_operator.py
[2026-06-19T16:55:47.262+0000] {logging_mixin.py:190} INFO - [2026-06-19T16:55:47.261+0000] {dag.py:3239} INFO - Sync 3 DAGs
[2026-06-19T16:55:47.299+0000] {logging_mixin.py:190} INFO - [2026-06-19T16:55:47.299+0000] {dag.py:4180} INFO - Setting next_dagrun for example_subdag_operator to 2022-01-01 00:00:00+00:00, run_after=2022-01-01 00:00:00+00:00
[2026-06-19T16:55:47.308+0000] {logging_mixin.py:190} INFO - [2026-06-19T16:55:47.307+0000] {dag.py:4180} INFO - Setting next_dagrun for example_subdag_operator.section-1 to None, run_after=None
[2026-06-19T16:55:47.311+0000] {logging_mixin.py:190} INFO - [2026-06-19T16:55:47.311+0000] {dag.py:4180} INFO - Setting next_dagrun for example_subdag_operator.section-2 to None, run_after=None
[2026-06-19T16:55:47.324+0000] {logging_mixin.py:190} INFO - [2026-06-19T16:55:47.323+0000] {dag.py:3239} INFO - Sync 2 DAGs
[2026-06-19T16:55:47.334+0000] {logging_mixin.py:190} INFO - [2026-06-19T16:55:47.333+0000] {dag.py:4180} INFO - Setting next_dagrun for example_subdag_operator.section-1 to None, run_after=None
[2026-06-19T16:55:47.336+0000] {logging_mixin.py:190} INFO - [2026-06-19T16:55:47.336+0000] {dag.py:4180} INFO - Setting next_dagrun for example_subdag_operator.section-2 to None, run_after=None
[2026-06-19T16:55:47.353+0000] {processor.py:208} INFO - Processing /home/airflow/.local/lib/python3.12/site-packages/airflow/example_dags/example_subdag_operator.py took 0.178 seconds
[2026-06-19T16:56:17.530+0000] {processor.py:186} INFO - Started process (PID=1779) to work on /home/airflow/.local/lib/python3.12/site-packages/airflow/example_dags/example_subdag_operator.py
[2026-06-19T16:56:17.536+0000] {processor.py:914} INFO - Processing file /home/airflow/.local/lib/python3.12/site-packages/airflow/example_dags/example_subdag_operator.py for tasks to queue
[2026-06-19T16:56:17.547+0000] {logging_mixin.py:190} INFO - [2026-06-19T16:56:17.545+0000] {dagbag.py:588} INFO - Filling up the DagBag from /home/airflow/.local/lib/python3.12/site-packages/airflow/example_dags/example_subdag_operator.py
[2026-06-19T16:56:17.627+0000] {processor.py:925} INFO - DAG(s) 'example_subdag_operator.section-1', 'example_subdag_operator.section-2', 'example_subdag_operator' retrieved from /home/airflow/.local/lib/python3.12/site-packages/airflow/example_dags/example_subdag_operator.py
[2026-06-19T16:56:17.676+0000] {logging_mixin.py:190} INFO - [2026-06-19T16:56:17.675+0000] {dag.py:3239} INFO - Sync 3 DAGs
[2026-06-19T16:56:17.755+0000] {logging_mixin.py:190} INFO - [2026-06-19T16:56:17.755+0000] {dag.py:4180} INFO - Setting next_dagrun for example_subdag_operator to 2022-01-01 00:00:00+00:00, run_after=2022-01-01 00:00:00+00:00
[2026-06-19T16:56:17.769+0000] {logging_mixin.py:190} INFO - [2026-06-19T16:56:17.768+0000] {dag.py:4180} INFO - Setting next_dagrun for example_subdag_operator.section-1 to None, run_after=None
[2026-06-19T16:56:17.775+0000] {logging_mixin.py:190} INFO - [2026-06-19T16:56:17.775+0000] {dag.py:4180} INFO - Setting next_dagrun for example_subdag_operator.section-2 to None, run_after=None
[2026-06-19T16:56:17.803+0000] {logging_mixin.py:190} INFO - [2026-06-19T16:56:17.803+0000] {dag.py:3239} INFO - Sync 2 DAGs
[2026-06-19T16:56:17.824+0000] {logging_mixin.py:190} INFO - [2026-06-19T16:56:17.823+0000] {dag.py:4180} INFO - Setting next_dagrun for example_subdag_operator.section-1 to None, run_after=None
[2026-06-19T16:56:17.827+0000] {logging_mixin.py:190} INFO - [2026-06-19T16:56:17.827+0000] {dag.py:4180} INFO - Setting next_dagrun for example_subdag_operator.section-2 to None, run_after=None
[2026-06-19T16:56:17.859+0000] {processor.py:208} INFO - Processing /home/airflow/.local/lib/python3.12/site-packages/airflow/example_dags/example_subdag_operator.py took 0.341 seconds
[2026-06-19T16:56:48.415+0000] {processor.py:186} INFO - Started process (PID=1843) to work on /home/airflow/.local/lib/python3.12/site-packages/airflow/example_dags/example_subdag_operator.py
[2026-06-19T16:56:48.419+0000] {processor.py:914} INFO - Processing file /home/airflow/.local/lib/python3.12/site-packages/airflow/example_dags/example_subdag_operator.py for tasks to queue
[2026-06-19T16:56:48.426+0000] {logging_mixin.py:190} INFO - [2026-06-19T16:56:48.425+0000] {dagbag.py:588} INFO - Filling up the DagBag from /home/airflow/.local/lib/python3.12/site-packages/airflow/example_dags/example_subdag_operator.py
[2026-06-19T16:56:48.490+0000] {processor.py:925} INFO - DAG(s) 'example_subdag_operator.section-1', 'example_subdag_operator.section-2', 'example_subdag_operator' retrieved from /home/airflow/.local/lib/python3.12/site-packages/airflow/example_dags/example_subdag_operator.py
[2026-06-19T16:56:48.528+0000] {logging_mixin.py:190} INFO - [2026-06-19T16:56:48.527+0000] {dag.py:3239} INFO - Sync 3 DAGs
[2026-06-19T16:56:48.582+0000] {logging_mixin.py:190} INFO - [2026-06-19T16:56:48.581+0000] {dag.py:4180} INFO - Setting next_dagrun for example_subdag_operator to 2022-01-01 00:00:00+00:00, run_after=2022-01-01 00:00:00+00:00
[2026-06-19T16:56:48.593+0000] {logging_mixin.py:190} INFO - [2026-06-19T16:56:48.592+0000] {dag.py:4180} INFO - Setting next_dagrun for example_subdag_operator.section-1 to None, run_after=None
[2026-06-19T16:56:48.597+0000] {logging_mixin.py:190} INFO - [2026-06-19T16:56:48.596+0000] {dag.py:4180} INFO - Setting next_dagrun for example_subdag_operator.section-2 to None, run_after=None
[2026-06-19T16:56:48.613+0000] {logging_mixin.py:190} INFO - [2026-06-19T16:56:48.612+0000] {dag.py:3239} INFO - Sync 2 DAGs
[2026-06-19T16:56:48.630+0000] {logging_mixin.py:190} INFO - [2026-06-19T16:56:48.630+0000] {dag.py:4180} INFO - Setting next_dagrun for example_subdag_operator.section-1 to None, run_after=None
[2026-06-19T16:56:48.634+0000] {logging_mixin.py:190} INFO - [2026-06-19T16:56:48.634+0000] {dag.py:4180} INFO - Setting next_dagrun for example_subdag_operator.section-2 to None, run_after=None
[2026-06-19T16:56:48.658+0000] {processor.py:208} INFO - Processing /home/airflow/.local/lib/python3.12/site-packages/airflow/example_dags/example_subdag_operator.py took 0.255 seconds
[2026-06-19T16:57:19.757+0000] {processor.py:186} INFO - Started process (PID=1907) to work on /home/airflow/.local/lib/python3.12/site-packages/airflow/example_dags/example_subdag_operator.py
[2026-06-19T16:57:19.761+0000] {processor.py:914} INFO - Processing file /home/airflow/.local/lib/python3.12/site-packages/airflow/example_dags/example_subdag_operator.py for tasks to queue
[2026-06-19T16:57:19.768+0000] {logging_mixin.py:190} INFO - [2026-06-19T16:57:19.767+0000] {dagbag.py:588} INFO - Filling up the DagBag from /home/airflow/.local/lib/python3.12/site-packages/airflow/example_dags/example_subdag_operator.py
[2026-06-19T16:57:19.839+0000] {processor.py:925} INFO - DAG(s) 'example_subdag_operator.section-1', 'example_subdag_operator.section-2', 'example_subdag_operator' retrieved from /home/airflow/.local/lib/python3.12/site-packages/airflow/example_dags/example_subdag_operator.py
[2026-06-19T16:57:19.880+0000] {logging_mixin.py:190} INFO - [2026-06-19T16:57:19.879+0000] {dag.py:3239} INFO - Sync 3 DAGs
[2026-06-19T16:57:19.943+0000] {logging_mixin.py:190} INFO - [2026-06-19T16:57:19.943+0000] {dag.py:4180} INFO - Setting next_dagrun for example_subdag_operator to 2022-01-01 00:00:00+00:00, run_after=2022-01-01 00:00:00+00:00
[2026-06-19T16:57:19.958+0000] {logging_mixin.py:190} INFO - [2026-06-19T16:57:19.957+0000] {dag.py:4180} INFO - Setting next_dagrun for example_subdag_operator.section-1 to None, run_after=None
[2026-06-19T16:57:19.964+0000] {logging_mixin.py:190} INFO - [2026-06-19T16:57:19.963+0000] {dag.py:4180} INFO - Setting next_dagrun for example_subdag_operator.section-2 to None, run_after=None
[2026-06-19T16:57:19.987+0000] {logging_mixin.py:190} INFO - [2026-06-19T16:57:19.986+0000] {dag.py:3239} INFO - Sync 2 DAGs
[2026-06-19T16:57:20.005+0000] {logging_mixin.py:190} INFO - [2026-06-19T16:57:20.005+0000] {dag.py:4180} INFO - Setting next_dagrun for example_subdag_operator.section-1 to None, run_after=None
[2026-06-19T16:57:20.008+0000] {logging_mixin.py:190} INFO - [2026-06-19T16:57:20.008+0000] {dag.py:4180} INFO - Setting next_dagrun for example_subdag_operator.section-2 to None, run_after=None
[2026-06-19T16:57:20.035+0000] {processor.py:208} INFO - Processing /home/airflow/.local/lib/python3.12/site-packages/airflow/example_dags/example_subdag_operator.py took 0.293 seconds
[2026-06-19T16:57:50.098+0000] {processor.py:186} INFO - Started process (PID=1970) to work on /home/airflow/.local/lib/python3.12/site-packages/airflow/example_dags/example_subdag_operator.py
[2026-06-19T16:57:50.100+0000] {processor.py:914} INFO - Processing file /home/airflow/.local/lib/python3.12/site-packages/airflow/example_dags/example_subdag_operator.py for tasks to queue
[2026-06-19T16:57:50.104+0000] {logging_mixin.py:190} INFO - [2026-06-19T16:57:50.103+0000] {dagbag.py:588} INFO - Filling up the DagBag from /home/airflow/.local/lib/python3.12/site-packages/airflow/example_dags/example_subdag_operator.py
[2026-06-19T16:57:50.140+0000] {processor.py:925} INFO - DAG(s) 'example_subdag_operator.section-1', 'example_subdag_operator.section-2', 'example_subdag_operator' retrieved from /home/airflow/.local/lib/python3.12/site-packages/airflow/example_dags/example_subdag_operator.py
[2026-06-19T16:57:50.159+0000] {logging_mixin.py:190} INFO - [2026-06-19T16:57:50.158+0000] {dag.py:3239} INFO - Sync 3 DAGs
[2026-06-19T16:57:50.188+0000] {logging_mixin.py:190} INFO - [2026-06-19T16:57:50.188+0000] {dag.py:4180} INFO - Setting next_dagrun for example_subdag_operator to 2022-01-01 00:00:00+00:00, run_after=2022-01-01 00:00:00+00:00
[2026-06-19T16:57:50.195+0000] {logging_mixin.py:190} INFO - [2026-06-19T16:57:50.195+0000] {dag.py:4180} INFO - Setting next_dagrun for example_subdag_operator.section-1 to None, run_after=None
[2026-06-19T16:57:50.198+0000] {logging_mixin.py:190} INFO - [2026-06-19T16:57:50.198+0000] {dag.py:4180} INFO - Setting next_dagrun for example_subdag_operator.section-2 to None, run_after=None
[2026-06-19T16:57:50.207+0000] {logging_mixin.py:190} INFO - [2026-06-19T16:57:50.207+0000] {dag.py:3239} INFO - Sync 2 DAGs
[2026-06-19T16:57:50.215+0000] {logging_mixin.py:190} INFO - [2026-06-19T16:57:50.214+0000] {dag.py:4180} INFO - Setting next_dagrun for example_subdag_operator.section-1 to None, run_after=None
[2026-06-19T16:57:50.216+0000] {logging_mixin.py:190} INFO - [2026-06-19T16:57:50.216+0000] {dag.py:4180} INFO - Setting next_dagrun for example_subdag_operator.section-2 to None, run_after=None
[2026-06-19T16:57:50.232+0000] {processor.py:208} INFO - Processing /home/airflow/.local/lib/python3.12/site-packages/airflow/example_dags/example_subdag_operator.py took 0.141 seconds
[2026-06-19T16:58:20.847+0000] {processor.py:186} INFO - Started process (PID=2034) to work on /home/airflow/.local/lib/python3.12/site-packages/airflow/example_dags/example_subdag_operator.py
[2026-06-19T16:58:20.852+0000] {processor.py:914} INFO - Processing file /home/airflow/.local/lib/python3.12/site-packages/airflow/example_dags/example_subdag_operator.py for tasks to queue
[2026-06-19T16:58:20.860+0000] {logging_mixin.py:190} INFO - [2026-06-19T16:58:20.859+0000] {dagbag.py:588} INFO - Filling up the DagBag from /home/airflow/.local/lib/python3.12/site-packages/airflow/example_dags/example_subdag_operator.py
[2026-06-19T16:58:20.952+0000] {processor.py:925} INFO - DAG(s) 'example_subdag_operator.section-1', 'example_subdag_operator.section-2', 'example_subdag_operator' retrieved from /home/airflow/.local/lib/python3.12/site-packages/airflow/example_dags/example_subdag_operator.py
[2026-06-19T16:58:21.018+0000] {logging_mixin.py:190} INFO - [2026-06-19T16:58:21.017+0000] {dag.py:3239} INFO - Sync 3 DAGs
[2026-06-19T16:58:21.086+0000] {logging_mixin.py:190} INFO - [2026-06-19T16:58:21.086+0000] {dag.py:4180} INFO - Setting next_dagrun for example_subdag_operator to 2022-01-01 00:00:00+00:00, run_after=2022-01-01 00:00:00+00:00
[2026-06-19T16:58:21.095+0000] {logging_mixin.py:190} INFO - [2026-06-19T16:58:21.094+0000] {dag.py:4180} INFO - Setting next_dagrun for example_subdag_operator.section-1 to None, run_after=None
[2026-06-19T16:58:21.100+0000] {logging_mixin.py:190} INFO - [2026-06-19T16:58:21.099+0000] {dag.py:4180} INFO - Setting next_dagrun for example_subdag_operator.section-2 to None, run_after=None
[2026-06-19T16:58:21.120+0000] {logging_mixin.py:190} INFO - [2026-06-19T16:58:21.119+0000] {dag.py:3239} INFO - Sync 2 DAGs
[2026-06-19T16:58:21.133+0000] {logging_mixin.py:190} INFO - [2026-06-19T16:58:21.133+0000] {dag.py:4180} INFO - Setting next_dagrun for example_subdag_operator.section-1 to None, run_after=None
[2026-06-19T16:58:21.136+0000] {logging_mixin.py:190} INFO - [2026-06-19T16:58:21.136+0000] {dag.py:4180} INFO - Setting next_dagrun for example_subdag_operator.section-2 to None, run_after=None
[2026-06-19T16:58:21.169+0000] {processor.py:208} INFO - Processing /home/airflow/.local/lib/python3.12/site-packages/airflow/example_dags/example_subdag_operator.py took 0.334 seconds
[2026-06-19T16:58:52.022+0000] {processor.py:186} INFO - Started process (PID=2098) to work on /home/airflow/.local/lib/python3.12/site-packages/airflow/example_dags/example_subdag_operator.py
[2026-06-19T16:58:52.025+0000] {processor.py:914} INFO - Processing file /home/airflow/.local/lib/python3.12/site-packages/airflow/example_dags/example_subdag_operator.py for tasks to queue
[2026-06-19T16:58:52.029+0000] {logging_mixin.py:190} INFO - [2026-06-19T16:58:52.029+0000] {dagbag.py:588} INFO - Filling up the DagBag from /home/airflow/.local/lib/python3.12/site-packages/airflow/example_dags/example_subdag_operator.py
[2026-06-19T16:58:52.067+0000] {processor.py:925} INFO - DAG(s) 'example_subdag_operator.section-1', 'example_subdag_operator.section-2', 'example_subdag_operator' retrieved from /home/airflow/.local/lib/python3.12/site-packages/airflow/example_dags/example_subdag_operator.py
[2026-06-19T16:58:52.087+0000] {logging_mixin.py:190} INFO - [2026-06-19T16:58:52.086+0000] {dag.py:3239} INFO - Sync 3 DAGs
[2026-06-19T16:58:52.119+0000] {logging_mixin.py:190} INFO - [2026-06-19T16:58:52.119+0000] {dag.py:4180} INFO - Setting next_dagrun for example_subdag_operator to 2022-01-01 00:00:00+00:00, run_after=2022-01-01 00:00:00+00:00
[2026-06-19T16:58:52.125+0000] {logging_mixin.py:190} INFO - [2026-06-19T16:58:52.125+0000] {dag.py:4180} INFO - Setting next_dagrun for example_subdag_operator.section-1 to None, run_after=None
[2026-06-19T16:58:52.128+0000] {logging_mixin.py:190} INFO - [2026-06-19T16:58:52.127+0000] {dag.py:4180} INFO - Setting next_dagrun for example_subdag_operator.section-2 to None, run_after=None
[2026-06-19T16:58:52.138+0000] {logging_mixin.py:190} INFO - [2026-06-19T16:58:52.137+0000] {dag.py:3239} INFO - Sync 2 DAGs
[2026-06-19T16:58:52.145+0000] {logging_mixin.py:190} INFO - [2026-06-19T16:58:52.145+0000] {dag.py:4180} INFO - Setting next_dagrun for example_subdag_operator.section-1 to None, run_after=None
[2026-06-19T16:58:52.147+0000] {logging_mixin.py:190} INFO - [2026-06-19T16:58:52.147+0000] {dag.py:4180} INFO - Setting next_dagrun for example_subdag_operator.section-2 to None, run_after=None
[2026-06-19T16:58:52.161+0000] {processor.py:208} INFO - Processing /home/airflow/.local/lib/python3.12/site-packages/airflow/example_dags/example_subdag_operator.py took 0.146 seconds
[2026-06-19T16:59:22.908+0000] {processor.py:186} INFO - Started process (PID=2162) to work on /home/airflow/.local/lib/python3.12/site-packages/airflow/example_dags/example_subdag_operator.py
[2026-06-19T16:59:22.910+0000] {processor.py:914} INFO - Processing file /home/airflow/.local/lib/python3.12/site-packages/airflow/example_dags/example_subdag_operator.py for tasks to queue
[2026-06-19T16:59:22.915+0000] {logging_mixin.py:190} INFO - [2026-06-19T16:59:22.915+0000] {dagbag.py:588} INFO - Filling up the DagBag from /home/airflow/.local/lib/python3.12/site-packages/airflow/example_dags/example_subdag_operator.py
[2026-06-19T16:59:22.944+0000] {processor.py:925} INFO - DAG(s) 'example_subdag_operator.section-1', 'example_subdag_operator.section-2', 'example_subdag_operator' retrieved from /home/airflow/.local/lib/python3.12/site-packages/airflow/example_dags/example_subdag_operator.py
[2026-06-19T16:59:22.962+0000] {logging_mixin.py:190} INFO - [2026-06-19T16:59:22.962+0000] {dag.py:3239} INFO - Sync 3 DAGs
[2026-06-19T16:59:22.990+0000] {logging_mixin.py:190} INFO - [2026-06-19T16:59:22.989+0000] {dag.py:4180} INFO - Setting next_dagrun for example_subdag_operator to 2022-01-01 00:00:00+00:00, run_after=2022-01-01 00:00:00+00:00
[2026-06-19T16:59:22.994+0000] {logging_mixin.py:190} INFO - [2026-06-19T16:59:22.994+0000] {dag.py:4180} INFO - Setting next_dagrun for example_subdag_operator.section-1 to None, run_after=None
[2026-06-19T16:59:22.998+0000] {logging_mixin.py:190} INFO - [2026-06-19T16:59:22.997+0000] {dag.py:4180} INFO - Setting next_dagrun for example_subdag_operator.section-2 to None, run_after=None
[2026-06-19T16:59:23.006+0000] {logging_mixin.py:190} INFO - [2026-06-19T16:59:23.006+0000] {dag.py:3239} INFO - Sync 2 DAGs
[2026-06-19T16:59:23.014+0000] {logging_mixin.py:190} INFO - [2026-06-19T16:59:23.014+0000] {dag.py:4180} INFO - Setting next_dagrun for example_subdag_operator.section-1 to None, run_after=None
[2026-06-19T16:59:23.016+0000] {logging_mixin.py:190} INFO - [2026-06-19T16:59:23.016+0000] {dag.py:4180} INFO - Setting next_dagrun for example_subdag_operator.section-2 to None, run_after=None
[2026-06-19T16:59:23.029+0000] {processor.py:208} INFO - Processing /home/airflow/.local/lib/python3.12/site-packages/airflow/example_dags/example_subdag_operator.py took 0.130 seconds
[2026-06-19T16:59:53.123+0000] {processor.py:186} INFO - Started process (PID=2226) to work on /home/airflow/.local/lib/python3.12/site-packages/airflow/example_dags/example_subdag_operator.py
[2026-06-19T16:59:53.127+0000] {processor.py:914} INFO - Processing file /home/airflow/.local/lib/python3.12/site-packages/airflow/example_dags/example_subdag_operator.py for tasks to queue
[2026-06-19T16:59:53.133+0000] {logging_mixin.py:190} INFO - [2026-06-19T16:59:53.133+0000] {dagbag.py:588} INFO - Filling up the DagBag from /home/airflow/.local/lib/python3.12/site-packages/airflow/example_dags/example_subdag_operator.py
[2026-06-19T16:59:53.177+0000] {processor.py:925} INFO - DAG(s) 'example_subdag_operator.section-1', 'example_subdag_operator.section-2', 'example_subdag_operator' retrieved from /home/airflow/.local/lib/python3.12/site-packages/airflow/example_dags/example_subdag_operator.py
[2026-06-19T16:59:53.201+0000] {logging_mixin.py:190} INFO - [2026-06-19T16:59:53.201+0000] {dag.py:3239} INFO - Sync 3 DAGs
[2026-06-19T16:59:53.245+0000] {logging_mixin.py:190} INFO - [2026-06-19T16:59:53.244+0000] {dag.py:4180} INFO - Setting next_dagrun for example_subdag_operator to 2022-01-01 00:00:00+00:00, run_after=2022-01-01 00:00:00+00:00
[2026-06-19T16:59:53.253+0000] {logging_mixin.py:190} INFO - [2026-06-19T16:59:53.253+0000] {dag.py:4180} INFO - Setting next_dagrun for example_subdag_operator.section-1 to None, run_after=None
[2026-06-19T16:59:53.258+0000] {logging_mixin.py:190} INFO - [2026-06-19T16:59:53.257+0000] {dag.py:4180} INFO - Setting next_dagrun for example_subdag_operator.section-2 to None, run_after=None
[2026-06-19T16:59:53.271+0000] {logging_mixin.py:190} INFO - [2026-06-19T16:59:53.271+0000] {dag.py:3239} INFO - Sync 2 DAGs
[2026-06-19T16:59:53.282+0000] {logging_mixin.py:190} INFO - [2026-06-19T16:59:53.282+0000] {dag.py:4180} INFO - Setting next_dagrun for example_subdag_operator.section-1 to None, run_after=None
[2026-06-19T16:59:53.285+0000] {logging_mixin.py:190} INFO - [2026-06-19T16:59:53.284+0000] {dag.py:4180} INFO - Setting next_dagrun for example_subdag_operator.section-2 to None, run_after=None
[2026-06-19T16:59:53.310+0000] {processor.py:208} INFO - Processing /home/airflow/.local/lib/python3.12/site-packages/airflow/example_dags/example_subdag_operator.py took 0.196 seconds
[2026-06-19T17:00:23.864+0000] {processor.py:186} INFO - Started process (PID=2290) to work on /home/airflow/.local/lib/python3.12/site-packages/airflow/example_dags/example_subdag_operator.py
[2026-06-19T17:00:23.870+0000] {processor.py:914} INFO - Processing file /home/airflow/.local/lib/python3.12/site-packages/airflow/example_dags/example_subdag_operator.py for tasks to queue
[2026-06-19T17:00:23.880+0000] {logging_mixin.py:190} INFO - [2026-06-19T17:00:23.879+0000] {dagbag.py:588} INFO - Filling up the DagBag from /home/airflow/.local/lib/python3.12/site-packages/airflow/example_dags/example_subdag_operator.py
[2026-06-19T17:00:23.992+0000] {processor.py:925} INFO - DAG(s) 'example_subdag_operator.section-1', 'example_subdag_operator.section-2', 'example_subdag_operator' retrieved from /home/airflow/.local/lib/python3.12/site-packages/airflow/example_dags/example_subdag_operator.py
[2026-06-19T17:00:24.047+0000] {logging_mixin.py:190} INFO - [2026-06-19T17:00:24.047+0000] {dag.py:3239} INFO - Sync 3 DAGs
[2026-06-19T17:00:24.128+0000] {logging_mixin.py:190} INFO - [2026-06-19T17:00:24.127+0000] {dag.py:4180} INFO - Setting next_dagrun for example_subdag_operator to 2022-01-01 00:00:00+00:00, run_after=2022-01-01 00:00:00+00:00
[2026-06-19T17:00:24.141+0000] {logging_mixin.py:190} INFO - [2026-06-19T17:00:24.140+0000] {dag.py:4180} INFO - Setting next_dagrun for example_subdag_operator.section-1 to None, run_after=None
[2026-06-19T17:00:24.147+0000] {logging_mixin.py:190} INFO - [2026-06-19T17:00:24.146+0000] {dag.py:4180} INFO - Setting next_dagrun for example_subdag_operator.section-2 to None, run_after=None
[2026-06-19T17:00:24.163+0000] {logging_mixin.py:190} INFO - [2026-06-19T17:00:24.163+0000] {dag.py:3239} INFO - Sync 2 DAGs
[2026-06-19T17:00:24.179+0000] {logging_mixin.py:190} INFO - [2026-06-19T17:00:24.178+0000] {dag.py:4180} INFO - Setting next_dagrun for example_subdag_operator.section-1 to None, run_after=None
[2026-06-19T17:00:24.181+0000] {logging_mixin.py:190} INFO - [2026-06-19T17:00:24.181+0000] {dag.py:4180} INFO - Setting next_dagrun for example_subdag_operator.section-2 to None, run_after=None
[2026-06-19T17:00:24.212+0000] {processor.py:208} INFO - Processing /home/airflow/.local/lib/python3.12/site-packages/airflow/example_dags/example_subdag_operator.py took 0.372 seconds
[2026-06-19T17:00:54.402+0000] {processor.py:186} INFO - Started process (PID=2353) to work on /home/airflow/.local/lib/python3.12/site-packages/airflow/example_dags/example_subdag_operator.py
[2026-06-19T17:00:54.404+0000] {processor.py:914} INFO - Processing file /home/airflow/.local/lib/python3.12/site-packages/airflow/example_dags/example_subdag_operator.py for tasks to queue
[2026-06-19T17:00:54.410+0000] {logging_mixin.py:190} INFO - [2026-06-19T17:00:54.409+0000] {dagbag.py:588} INFO - Filling up the DagBag from /home/airflow/.local/lib/python3.12/site-packages/airflow/example_dags/example_subdag_operator.py
[2026-06-19T17:00:54.458+0000] {processor.py:925} INFO - DAG(s) 'example_subdag_operator.section-1', 'example_subdag_operator.section-2', 'example_subdag_operator' retrieved from /home/airflow/.local/lib/python3.12/site-packages/airflow/example_dags/example_subdag_operator.py
[2026-06-19T17:00:54.484+0000] {logging_mixin.py:190} INFO - [2026-06-19T17:00:54.484+0000] {dag.py:3239} INFO - Sync 3 DAGs
[2026-06-19T17:00:54.521+0000] {logging_mixin.py:190} INFO - [2026-06-19T17:00:54.521+0000] {dag.py:4180} INFO - Setting next_dagrun for example_subdag_operator to 2022-01-01 00:00:00+00:00, run_after=2022-01-01 00:00:00+00:00
[2026-06-19T17:00:54.529+0000] {logging_mixin.py:190} INFO - [2026-06-19T17:00:54.529+0000] {dag.py:4180} INFO - Setting next_dagrun for example_subdag_operator.section-1 to None, run_after=None
[2026-06-19T17:00:54.533+0000] {logging_mixin.py:190} INFO - [2026-06-19T17:00:54.532+0000] {dag.py:4180} INFO - Setting next_dagrun for example_subdag_operator.section-2 to None, run_after=None
[2026-06-19T17:00:54.544+0000] {logging_mixin.py:190} INFO - [2026-06-19T17:00:54.544+0000] {dag.py:3239} INFO - Sync 2 DAGs
[2026-06-19T17:00:54.553+0000] {logging_mixin.py:190} INFO - [2026-06-19T17:00:54.553+0000] {dag.py:4180} INFO - Setting next_dagrun for example_subdag_operator.section-1 to None, run_after=None
[2026-06-19T17:00:54.555+0000] {logging_mixin.py:190} INFO - [2026-06-19T17:00:54.555+0000] {dag.py:4180} INFO - Setting next_dagrun for example_subdag_operator.section-2 to None, run_after=None
[2026-06-19T17:00:54.570+0000] {processor.py:208} INFO - Processing /home/airflow/.local/lib/python3.12/site-packages/airflow/example_dags/example_subdag_operator.py took 0.178 seconds
[2026-06-19T17:01:24.754+0000] {processor.py:186} INFO - Started process (PID=2417) to work on /home/airflow/.local/lib/python3.12/site-packages/airflow/example_dags/example_subdag_operator.py
[2026-06-19T17:01:24.758+0000] {processor.py:914} INFO - Processing file /home/airflow/.local/lib/python3.12/site-packages/airflow/example_dags/example_subdag_operator.py for tasks to queue
[2026-06-19T17:01:24.767+0000] {logging_mixin.py:190} INFO - [2026-06-19T17:01:24.766+0000] {dagbag.py:588} INFO - Filling up the DagBag from /home/airflow/.local/lib/python3.12/site-packages/airflow/example_dags/example_subdag_operator.py
[2026-06-19T17:01:24.830+0000] {processor.py:925} INFO - DAG(s) 'example_subdag_operator.section-1', 'example_subdag_operator.section-2', 'example_subdag_operator' retrieved from /home/airflow/.local/lib/python3.12/site-packages/airflow/example_dags/example_subdag_operator.py
[2026-06-19T17:01:24.864+0000] {logging_mixin.py:190} INFO - [2026-06-19T17:01:24.863+0000] {dag.py:3239} INFO - Sync 3 DAGs
[2026-06-19T17:01:24.917+0000] {logging_mixin.py:190} INFO - [2026-06-19T17:01:24.916+0000] {dag.py:4180} INFO - Setting next_dagrun for example_subdag_operator to 2022-01-01 00:00:00+00:00, run_after=2022-01-01 00:00:00+00:00
[2026-06-19T17:01:24.929+0000] {logging_mixin.py:190} INFO - [2026-06-19T17:01:24.928+0000] {dag.py:4180} INFO - Setting next_dagrun for example_subdag_operator.section-1 to None, run_after=None
[2026-06-19T17:01:24.934+0000] {logging_mixin.py:190} INFO - [2026-06-19T17:01:24.933+0000] {dag.py:4180} INFO - Setting next_dagrun for example_subdag_operator.section-2 to None, run_after=None
[2026-06-19T17:01:24.962+0000] {logging_mixin.py:190} INFO - [2026-06-19T17:01:24.961+0000] {dag.py:3239} INFO - Sync 2 DAGs
[2026-06-19T17:01:24.983+0000] {logging_mixin.py:190} INFO - [2026-06-19T17:01:24.983+0000] {dag.py:4180} INFO - Setting next_dagrun for example_subdag_operator.section-1 to None, run_after=None
[2026-06-19T17:01:24.995+0000] {logging_mixin.py:190} INFO - [2026-06-19T17:01:24.994+0000] {dag.py:4180} INFO - Setting next_dagrun for example_subdag_operator.section-2 to None, run_after=None
[2026-06-19T17:01:25.046+0000] {processor.py:208} INFO - Processing /home/airflow/.local/lib/python3.12/site-packages/airflow/example_dags/example_subdag_operator.py took 0.312 seconds
[2026-06-19T17:01:55.363+0000] {processor.py:186} INFO - Started process (PID=2481) to work on /home/airflow/.local/lib/python3.12/site-packages/airflow/example_dags/example_subdag_operator.py
[2026-06-19T17:01:55.367+0000] {processor.py:914} INFO - Processing file /home/airflow/.local/lib/python3.12/site-packages/airflow/example_dags/example_subdag_operator.py for tasks to queue
[2026-06-19T17:01:55.375+0000] {logging_mixin.py:190} INFO - [2026-06-19T17:01:55.374+0000] {dagbag.py:588} INFO - Filling up the DagBag from /home/airflow/.local/lib/python3.12/site-packages/airflow/example_dags/example_subdag_operator.py
[2026-06-19T17:01:55.447+0000] {processor.py:925} INFO - DAG(s) 'example_subdag_operator.section-1', 'example_subdag_operator.section-2', 'example_subdag_operator' retrieved from /home/airflow/.local/lib/python3.12/site-packages/airflow/example_dags/example_subdag_operator.py
[2026-06-19T17:01:55.492+0000] {logging_mixin.py:190} INFO - [2026-06-19T17:01:55.491+0000] {dag.py:3239} INFO - Sync 3 DAGs
[2026-06-19T17:01:55.548+0000] {logging_mixin.py:190} INFO - [2026-06-19T17:01:55.547+0000] {dag.py:4180} INFO - Setting next_dagrun for example_subdag_operator to 2022-01-01 00:00:00+00:00, run_after=2022-01-01 00:00:00+00:00
[2026-06-19T17:01:55.557+0000] {logging_mixin.py:190} INFO - [2026-06-19T17:01:55.557+0000] {dag.py:4180} INFO - Setting next_dagrun for example_subdag_operator.section-1 to None, run_after=None
[2026-06-19T17:01:55.563+0000] {logging_mixin.py:190} INFO - [2026-06-19T17:01:55.563+0000] {dag.py:4180} INFO - Setting next_dagrun for example_subdag_operator.section-2 to None, run_after=None
[2026-06-19T17:01:55.582+0000] {logging_mixin.py:190} INFO - [2026-06-19T17:01:55.582+0000] {dag.py:3239} INFO - Sync 2 DAGs
[2026-06-19T17:01:55.595+0000] {logging_mixin.py:190} INFO - [2026-06-19T17:01:55.595+0000] {dag.py:4180} INFO - Setting next_dagrun for example_subdag_operator.section-1 to None, run_after=None
[2026-06-19T17:01:55.597+0000] {logging_mixin.py:190} INFO - [2026-06-19T17:01:55.597+0000] {dag.py:4180} INFO - Setting next_dagrun for example_subdag_operator.section-2 to None, run_after=None
[2026-06-19T17:01:55.620+0000] {processor.py:208} INFO - Processing /home/airflow/.local/lib/python3.12/site-packages/airflow/example_dags/example_subdag_operator.py took 0.272 seconds
[2026-06-19T17:02:25.875+0000] {processor.py:186} INFO - Started process (PID=2545) to work on /home/airflow/.local/lib/python3.12/site-packages/airflow/example_dags/example_subdag_operator.py
[2026-06-19T17:02:25.879+0000] {processor.py:914} INFO - Processing file /home/airflow/.local/lib/python3.12/site-packages/airflow/example_dags/example_subdag_operator.py for tasks to queue
[2026-06-19T17:02:25.887+0000] {logging_mixin.py:190} INFO - [2026-06-19T17:02:25.886+0000] {dagbag.py:588} INFO - Filling up the DagBag from /home/airflow/.local/lib/python3.12/site-packages/airflow/example_dags/example_subdag_operator.py
[2026-06-19T17:02:25.928+0000] {processor.py:925} INFO - DAG(s) 'example_subdag_operator.section-1', 'example_subdag_operator.section-2', 'example_subdag_operator' retrieved from /home/airflow/.local/lib/python3.12/site-packages/airflow/example_dags/example_subdag_operator.py
[2026-06-19T17:02:25.953+0000] {logging_mixin.py:190} INFO - [2026-06-19T17:02:25.953+0000] {dag.py:3239} INFO - Sync 3 DAGs
[2026-06-19T17:02:25.994+0000] {logging_mixin.py:190} INFO - [2026-06-19T17:02:25.993+0000] {dag.py:4180} INFO - Setting next_dagrun for example_subdag_operator to 2022-01-01 00:00:00+00:00, run_after=2022-01-01 00:00:00+00:00
[2026-06-19T17:02:26.003+0000] {logging_mixin.py:190} INFO - [2026-06-19T17:02:26.002+0000] {dag.py:4180} INFO - Setting next_dagrun for example_subdag_operator.section-1 to None, run_after=None
[2026-06-19T17:02:26.007+0000] {logging_mixin.py:190} INFO - [2026-06-19T17:02:26.006+0000] {dag.py:4180} INFO - Setting next_dagrun for example_subdag_operator.section-2 to None, run_after=None
[2026-06-19T17:02:26.019+0000] {logging_mixin.py:190} INFO - [2026-06-19T17:02:26.018+0000] {dag.py:3239} INFO - Sync 2 DAGs
[2026-06-19T17:02:26.027+0000] {logging_mixin.py:190} INFO - [2026-06-19T17:02:26.027+0000] {dag.py:4180} INFO - Setting next_dagrun for example_subdag_operator.section-1 to None, run_after=None
[2026-06-19T17:02:26.030+0000] {logging_mixin.py:190} INFO - [2026-06-19T17:02:26.030+0000] {dag.py:4180} INFO - Setting next_dagrun for example_subdag_operator.section-2 to None, run_after=None
[2026-06-19T17:02:26.050+0000] {processor.py:208} INFO - Processing /home/airflow/.local/lib/python3.12/site-packages/airflow/example_dags/example_subdag_operator.py took 0.185 seconds
[2026-06-19T17:04:28.735+0000] {processor.py:186} INFO - Started process (PID=95) to work on /home/airflow/.local/lib/python3.12/site-packages/airflow/example_dags/example_subdag_operator.py
[2026-06-19T17:04:28.739+0000] {processor.py:914} INFO - Processing file /home/airflow/.local/lib/python3.12/site-packages/airflow/example_dags/example_subdag_operator.py for tasks to queue
[2026-06-19T17:04:28.746+0000] {logging_mixin.py:190} INFO - [2026-06-19T17:04:28.745+0000] {dagbag.py:588} INFO - Filling up the DagBag from /home/airflow/.local/lib/python3.12/site-packages/airflow/example_dags/example_subdag_operator.py
[2026-06-19T17:04:28.799+0000] {processor.py:925} INFO - DAG(s) 'example_subdag_operator.section-1', 'example_subdag_operator.section-2', 'example_subdag_operator' retrieved from /home/airflow/.local/lib/python3.12/site-packages/airflow/example_dags/example_subdag_operator.py
[2026-06-19T17:04:28.830+0000] {logging_mixin.py:190} INFO - [2026-06-19T17:04:28.829+0000] {dag.py:3239} INFO - Sync 3 DAGs
[2026-06-19T17:04:28.889+0000] {logging_mixin.py:190} INFO - [2026-06-19T17:04:28.888+0000] {dag.py:4180} INFO - Setting next_dagrun for example_subdag_operator to 2022-01-01 00:00:00+00:00, run_after=2022-01-01 00:00:00+00:00
[2026-06-19T17:04:28.898+0000] {logging_mixin.py:190} INFO - [2026-06-19T17:04:28.897+0000] {dag.py:4180} INFO - Setting next_dagrun for example_subdag_operator.section-1 to None, run_after=None
[2026-06-19T17:04:28.903+0000] {logging_mixin.py:190} INFO - [2026-06-19T17:04:28.902+0000] {dag.py:4180} INFO - Setting next_dagrun for example_subdag_operator.section-2 to None, run_after=None
[2026-06-19T17:04:28.920+0000] {logging_mixin.py:190} INFO - [2026-06-19T17:04:28.920+0000] {dag.py:3239} INFO - Sync 2 DAGs
[2026-06-19T17:04:28.933+0000] {logging_mixin.py:190} INFO - [2026-06-19T17:04:28.933+0000] {dag.py:4180} INFO - Setting next_dagrun for example_subdag_operator.section-1 to None, run_after=None
[2026-06-19T17:04:28.935+0000] {logging_mixin.py:190} INFO - [2026-06-19T17:04:28.935+0000] {dag.py:4180} INFO - Setting next_dagrun for example_subdag_operator.section-2 to None, run_after=None
[2026-06-19T17:04:28.958+0000] {processor.py:208} INFO - Processing /home/airflow/.local/lib/python3.12/site-packages/airflow/example_dags/example_subdag_operator.py took 0.239 seconds
[2026-06-19T17:04:59.502+0000] {processor.py:186} INFO - Started process (PID=158) to work on /home/airflow/.local/lib/python3.12/site-packages/airflow/example_dags/example_subdag_operator.py
[2026-06-19T17:04:59.506+0000] {processor.py:914} INFO - Processing file /home/airflow/.local/lib/python3.12/site-packages/airflow/example_dags/example_subdag_operator.py for tasks to queue
[2026-06-19T17:04:59.513+0000] {logging_mixin.py:190} INFO - [2026-06-19T17:04:59.512+0000] {dagbag.py:588} INFO - Filling up the DagBag from /home/airflow/.local/lib/python3.12/site-packages/airflow/example_dags/example_subdag_operator.py
[2026-06-19T17:04:59.622+0000] {processor.py:925} INFO - DAG(s) 'example_subdag_operator.section-1', 'example_subdag_operator.section-2', 'example_subdag_operator' retrieved from /home/airflow/.local/lib/python3.12/site-packages/airflow/example_dags/example_subdag_operator.py
[2026-06-19T17:04:59.657+0000] {logging_mixin.py:190} INFO - [2026-06-19T17:04:59.657+0000] {dag.py:3239} INFO - Sync 3 DAGs
[2026-06-19T17:04:59.734+0000] {logging_mixin.py:190} INFO - [2026-06-19T17:04:59.733+0000] {dag.py:4180} INFO - Setting next_dagrun for example_subdag_operator to 2022-01-01 00:00:00+00:00, run_after=2022-01-01 00:00:00+00:00
[2026-06-19T17:04:59.750+0000] {logging_mixin.py:190} INFO - [2026-06-19T17:04:59.749+0000] {dag.py:4180} INFO - Setting next_dagrun for example_subdag_operator.section-1 to None, run_after=None
[2026-06-19T17:04:59.754+0000] {logging_mixin.py:190} INFO - [2026-06-19T17:04:59.754+0000] {dag.py:4180} INFO - Setting next_dagrun for example_subdag_operator.section-2 to None, run_after=None
[2026-06-19T17:04:59.776+0000] {logging_mixin.py:190} INFO - [2026-06-19T17:04:59.775+0000] {dag.py:3239} INFO - Sync 2 DAGs
[2026-06-19T17:04:59.791+0000] {logging_mixin.py:190} INFO - [2026-06-19T17:04:59.791+0000] {dag.py:4180} INFO - Setting next_dagrun for example_subdag_operator.section-1 to None, run_after=None
[2026-06-19T17:04:59.793+0000] {logging_mixin.py:190} INFO - [2026-06-19T17:04:59.792+0000] {dag.py:4180} INFO - Setting next_dagrun for example_subdag_operator.section-2 to None, run_after=None
[2026-06-19T17:04:59.822+0000] {processor.py:208} INFO - Processing /home/airflow/.local/lib/python3.12/site-packages/airflow/example_dags/example_subdag_operator.py took 0.331 seconds
[2026-06-19T17:05:29.911+0000] {processor.py:186} INFO - Started process (PID=221) to work on /home/airflow/.local/lib/python3.12/site-packages/airflow/example_dags/example_subdag_operator.py
[2026-06-19T17:05:29.913+0000] {processor.py:914} INFO - Processing file /home/airflow/.local/lib/python3.12/site-packages/airflow/example_dags/example_subdag_operator.py for tasks to queue
[2026-06-19T17:05:29.916+0000] {logging_mixin.py:190} INFO - [2026-06-19T17:05:29.915+0000] {dagbag.py:588} INFO - Filling up the DagBag from /home/airflow/.local/lib/python3.12/site-packages/airflow/example_dags/example_subdag_operator.py
[2026-06-19T17:05:29.942+0000] {processor.py:925} INFO - DAG(s) 'example_subdag_operator.section-1', 'example_subdag_operator.section-2', 'example_subdag_operator' retrieved from /home/airflow/.local/lib/python3.12/site-packages/airflow/example_dags/example_subdag_operator.py
[2026-06-19T17:05:29.959+0000] {logging_mixin.py:190} INFO - [2026-06-19T17:05:29.958+0000] {dag.py:3239} INFO - Sync 3 DAGs
[2026-06-19T17:05:29.983+0000] {logging_mixin.py:190} INFO - [2026-06-19T17:05:29.982+0000] {dag.py:4180} INFO - Setting next_dagrun for example_subdag_operator to 2022-01-01 00:00:00+00:00, run_after=2022-01-01 00:00:00+00:00
[2026-06-19T17:05:29.989+0000] {logging_mixin.py:190} INFO - [2026-06-19T17:05:29.989+0000] {dag.py:4180} INFO - Setting next_dagrun for example_subdag_operator.section-1 to None, run_after=None
[2026-06-19T17:05:29.992+0000] {logging_mixin.py:190} INFO - [2026-06-19T17:05:29.991+0000] {dag.py:4180} INFO - Setting next_dagrun for example_subdag_operator.section-2 to None, run_after=None
[2026-06-19T17:05:30.001+0000] {logging_mixin.py:190} INFO - [2026-06-19T17:05:30.001+0000] {dag.py:3239} INFO - Sync 2 DAGs
[2026-06-19T17:05:30.009+0000] {logging_mixin.py:190} INFO - [2026-06-19T17:05:30.009+0000] {dag.py:4180} INFO - Setting next_dagrun for example_subdag_operator.section-1 to None, run_after=None
[2026-06-19T17:05:30.010+0000] {logging_mixin.py:190} INFO - [2026-06-19T17:05:30.010+0000] {dag.py:4180} INFO - Setting next_dagrun for example_subdag_operator.section-2 to None, run_after=None
[2026-06-19T17:05:30.022+0000] {processor.py:208} INFO - Processing /home/airflow/.local/lib/python3.12/site-packages/airflow/example_dags/example_subdag_operator.py took 0.118 seconds
[2026-06-19T17:06:02.572+0000] {processor.py:186} INFO - Started process (PID=285) to work on /home/airflow/.local/lib/python3.12/site-packages/airflow/example_dags/example_subdag_operator.py
[2026-06-19T17:06:02.578+0000] {processor.py:914} INFO - Processing file /home/airflow/.local/lib/python3.12/site-packages/airflow/example_dags/example_subdag_operator.py for tasks to queue
[2026-06-19T17:06:02.588+0000] {logging_mixin.py:190} INFO - [2026-06-19T17:06:02.587+0000] {dagbag.py:588} INFO - Filling up the DagBag from /home/airflow/.local/lib/python3.12/site-packages/airflow/example_dags/example_subdag_operator.py
[2026-06-19T17:06:02.735+0000] {processor.py:925} INFO - DAG(s) 'example_subdag_operator.section-1', 'example_subdag_operator.section-2', 'example_subdag_operator' retrieved from /home/airflow/.local/lib/python3.12/site-packages/airflow/example_dags/example_subdag_operator.py
[2026-06-19T17:06:02.834+0000] {logging_mixin.py:190} INFO - [2026-06-19T17:06:02.833+0000] {dag.py:3239} INFO - Sync 3 DAGs
[2026-06-19T17:06:02.950+0000] {logging_mixin.py:190} INFO - [2026-06-19T17:06:02.948+0000] {dag.py:4180} INFO - Setting next_dagrun for example_subdag_operator to 2022-01-01 00:00:00+00:00, run_after=2022-01-01 00:00:00+00:00
[2026-06-19T17:06:02.968+0000] {logging_mixin.py:190} INFO - [2026-06-19T17:06:02.968+0000] {dag.py:4180} INFO - Setting next_dagrun for example_subdag_operator.section-1 to None, run_after=None
[2026-06-19T17:06:02.978+0000] {logging_mixin.py:190} INFO - [2026-06-19T17:06:02.977+0000] {dag.py:4180} INFO - Setting next_dagrun for example_subdag_operator.section-2 to None, run_after=None
[2026-06-19T17:06:03.019+0000] {logging_mixin.py:190} INFO - [2026-06-19T17:06:03.018+0000] {dag.py:3239} INFO - Sync 2 DAGs
[2026-06-19T17:06:03.044+0000] {logging_mixin.py:190} INFO - [2026-06-19T17:06:03.043+0000] {dag.py:4180} INFO - Setting next_dagrun for example_subdag_operator.section-1 to None, run_after=None
[2026-06-19T17:06:03.047+0000] {logging_mixin.py:190} INFO - [2026-06-19T17:06:03.046+0000] {dag.py:4180} INFO - Setting next_dagrun for example_subdag_operator.section-2 to None, run_after=None
[2026-06-19T17:06:03.083+0000] {processor.py:208} INFO - Processing /home/airflow/.local/lib/python3.12/site-packages/airflow/example_dags/example_subdag_operator.py took 0.531 seconds
[2026-06-19T17:08:03.696+0000] {processor.py:186} INFO - Started process (PID=95) to work on /home/airflow/.local/lib/python3.12/site-packages/airflow/example_dags/example_subdag_operator.py
[2026-06-19T17:08:03.699+0000] {processor.py:914} INFO - Processing file /home/airflow/.local/lib/python3.12/site-packages/airflow/example_dags/example_subdag_operator.py for tasks to queue
[2026-06-19T17:08:03.706+0000] {logging_mixin.py:190} INFO - [2026-06-19T17:08:03.705+0000] {dagbag.py:588} INFO - Filling up the DagBag from /home/airflow/.local/lib/python3.12/site-packages/airflow/example_dags/example_subdag_operator.py
[2026-06-19T17:08:03.766+0000] {processor.py:925} INFO - DAG(s) 'example_subdag_operator.section-1', 'example_subdag_operator.section-2', 'example_subdag_operator' retrieved from /home/airflow/.local/lib/python3.12/site-packages/airflow/example_dags/example_subdag_operator.py
[2026-06-19T17:08:03.802+0000] {logging_mixin.py:190} INFO - [2026-06-19T17:08:03.801+0000] {dag.py:3239} INFO - Sync 3 DAGs
[2026-06-19T17:08:03.848+0000] {logging_mixin.py:190} INFO - [2026-06-19T17:08:03.848+0000] {dag.py:4180} INFO - Setting next_dagrun for example_subdag_operator to 2022-01-01 00:00:00+00:00, run_after=2022-01-01 00:00:00+00:00
[2026-06-19T17:08:03.856+0000] {logging_mixin.py:190} INFO - [2026-06-19T17:08:03.855+0000] {dag.py:4180} INFO - Setting next_dagrun for example_subdag_operator.section-1 to None, run_after=None
[2026-06-19T17:08:03.860+0000] {logging_mixin.py:190} INFO - [2026-06-19T17:08:03.859+0000] {dag.py:4180} INFO - Setting next_dagrun for example_subdag_operator.section-2 to None, run_after=None
[2026-06-19T17:08:03.873+0000] {logging_mixin.py:190} INFO - [2026-06-19T17:08:03.873+0000] {dag.py:3239} INFO - Sync 2 DAGs
[2026-06-19T17:08:03.884+0000] {logging_mixin.py:190} INFO - [2026-06-19T17:08:03.883+0000] {dag.py:4180} INFO - Setting next_dagrun for example_subdag_operator.section-1 to None, run_after=None
[2026-06-19T17:08:03.886+0000] {logging_mixin.py:190} INFO - [2026-06-19T17:08:03.886+0000] {dag.py:4180} INFO - Setting next_dagrun for example_subdag_operator.section-2 to None, run_after=None
[2026-06-19T17:08:03.903+0000] {processor.py:208} INFO - Processing /home/airflow/.local/lib/python3.12/site-packages/airflow/example_dags/example_subdag_operator.py took 0.221 seconds
[2026-06-19T17:08:34.052+0000] {processor.py:186} INFO - Started process (PID=159) to work on /home/airflow/.local/lib/python3.12/site-packages/airflow/example_dags/example_subdag_operator.py
[2026-06-19T17:08:34.058+0000] {processor.py:914} INFO - Processing file /home/airflow/.local/lib/python3.12/site-packages/airflow/example_dags/example_subdag_operator.py for tasks to queue
[2026-06-19T17:08:34.063+0000] {logging_mixin.py:190} INFO - [2026-06-19T17:08:34.063+0000] {dagbag.py:588} INFO - Filling up the DagBag from /home/airflow/.local/lib/python3.12/site-packages/airflow/example_dags/example_subdag_operator.py
[2026-06-19T17:08:34.119+0000] {processor.py:925} INFO - DAG(s) 'example_subdag_operator.section-1', 'example_subdag_operator.section-2', 'example_subdag_operator' retrieved from /home/airflow/.local/lib/python3.12/site-packages/airflow/example_dags/example_subdag_operator.py
[2026-06-19T17:08:34.179+0000] {logging_mixin.py:190} INFO - [2026-06-19T17:08:34.178+0000] {dag.py:3239} INFO - Sync 3 DAGs
[2026-06-19T17:08:34.250+0000] {logging_mixin.py:190} INFO - [2026-06-19T17:08:34.249+0000] {dag.py:4180} INFO - Setting next_dagrun for example_subdag_operator to 2022-01-01 00:00:00+00:00, run_after=2022-01-01 00:00:00+00:00
[2026-06-19T17:08:34.261+0000] {logging_mixin.py:190} INFO - [2026-06-19T17:08:34.260+0000] {dag.py:4180} INFO - Setting next_dagrun for example_subdag_operator.section-1 to None, run_after=None
[2026-06-19T17:08:34.266+0000] {logging_mixin.py:190} INFO - [2026-06-19T17:08:34.266+0000] {dag.py:4180} INFO - Setting next_dagrun for example_subdag_operator.section-2 to None, run_after=None
[2026-06-19T17:08:34.281+0000] {logging_mixin.py:190} INFO - [2026-06-19T17:08:34.281+0000] {dag.py:3239} INFO - Sync 2 DAGs
[2026-06-19T17:08:34.293+0000] {logging_mixin.py:190} INFO - [2026-06-19T17:08:34.293+0000] {dag.py:4180} INFO - Setting next_dagrun for example_subdag_operator.section-1 to None, run_after=None
[2026-06-19T17:08:34.296+0000] {logging_mixin.py:190} INFO - [2026-06-19T17:08:34.295+0000] {dag.py:4180} INFO - Setting next_dagrun for example_subdag_operator.section-2 to None, run_after=None
[2026-06-19T17:08:34.316+0000] {processor.py:208} INFO - Processing /home/airflow/.local/lib/python3.12/site-packages/airflow/example_dags/example_subdag_operator.py took 0.275 seconds
[2026-06-19T17:09:05.088+0000] {processor.py:186} INFO - Started process (PID=222) to work on /home/airflow/.local/lib/python3.12/site-packages/airflow/example_dags/example_subdag_operator.py
[2026-06-19T17:09:05.091+0000] {processor.py:914} INFO - Processing file /home/airflow/.local/lib/python3.12/site-packages/airflow/example_dags/example_subdag_operator.py for tasks to queue
[2026-06-19T17:09:05.097+0000] {logging_mixin.py:190} INFO - [2026-06-19T17:09:05.096+0000] {dagbag.py:588} INFO - Filling up the DagBag from /home/airflow/.local/lib/python3.12/site-packages/airflow/example_dags/example_subdag_operator.py
[2026-06-19T17:09:05.143+0000] {processor.py:925} INFO - DAG(s) 'example_subdag_operator.section-1', 'example_subdag_operator.section-2', 'example_subdag_operator' retrieved from /home/airflow/.local/lib/python3.12/site-packages/airflow/example_dags/example_subdag_operator.py
[2026-06-19T17:09:05.175+0000] {logging_mixin.py:190} INFO - [2026-06-19T17:09:05.175+0000] {dag.py:3239} INFO - Sync 3 DAGs
[2026-06-19T17:09:05.221+0000] {logging_mixin.py:190} INFO - [2026-06-19T17:09:05.221+0000] {dag.py:4180} INFO - Setting next_dagrun for example_subdag_operator to 2022-01-01 00:00:00+00:00, run_after=2022-01-01 00:00:00+00:00
[2026-06-19T17:09:05.230+0000] {logging_mixin.py:190} INFO - [2026-06-19T17:09:05.230+0000] {dag.py:4180} INFO - Setting next_dagrun for example_subdag_operator.section-1 to None, run_after=None
[2026-06-19T17:09:05.235+0000] {logging_mixin.py:190} INFO - [2026-06-19T17:09:05.234+0000] {dag.py:4180} INFO - Setting next_dagrun for example_subdag_operator.section-2 to None, run_after=None
[2026-06-19T17:09:05.251+0000] {logging_mixin.py:190} INFO - [2026-06-19T17:09:05.251+0000] {dag.py:3239} INFO - Sync 2 DAGs
[2026-06-19T17:09:05.266+0000] {logging_mixin.py:190} INFO - [2026-06-19T17:09:05.265+0000] {dag.py:4180} INFO - Setting next_dagrun for example_subdag_operator.section-1 to None, run_after=None
[2026-06-19T17:09:05.271+0000] {logging_mixin.py:190} INFO - [2026-06-19T17:09:05.270+0000] {dag.py:4180} INFO - Setting next_dagrun for example_subdag_operator.section-2 to None, run_after=None
[2026-06-19T17:09:05.294+0000] {processor.py:208} INFO - Processing /home/airflow/.local/lib/python3.12/site-packages/airflow/example_dags/example_subdag_operator.py took 0.216 seconds
[2026-06-19T17:09:35.968+0000] {processor.py:186} INFO - Started process (PID=285) to work on /home/airflow/.local/lib/python3.12/site-packages/airflow/example_dags/example_subdag_operator.py
[2026-06-19T17:09:35.975+0000] {processor.py:914} INFO - Processing file /home/airflow/.local/lib/python3.12/site-packages/airflow/example_dags/example_subdag_operator.py for tasks to queue
[2026-06-19T17:09:35.992+0000] {logging_mixin.py:190} INFO - [2026-06-19T17:09:35.991+0000] {dagbag.py:588} INFO - Filling up the DagBag from /home/airflow/.local/lib/python3.12/site-packages/airflow/example_dags/example_subdag_operator.py
[2026-06-19T17:09:36.097+0000] {processor.py:925} INFO - DAG(s) 'example_subdag_operator.section-1', 'example_subdag_operator.section-2', 'example_subdag_operator' retrieved from /home/airflow/.local/lib/python3.12/site-packages/airflow/example_dags/example_subdag_operator.py
[2026-06-19T17:09:36.155+0000] {logging_mixin.py:190} INFO - [2026-06-19T17:09:36.154+0000] {dag.py:3239} INFO - Sync 3 DAGs
[2026-06-19T17:09:36.265+0000] {logging_mixin.py:190} INFO - [2026-06-19T17:09:36.264+0000] {dag.py:4180} INFO - Setting next_dagrun for example_subdag_operator to 2022-01-01 00:00:00+00:00, run_after=2022-01-01 00:00:00+00:00
[2026-06-19T17:09:36.282+0000] {logging_mixin.py:190} INFO - [2026-06-19T17:09:36.282+0000] {dag.py:4180} INFO - Setting next_dagrun for example_subdag_operator.section-1 to None, run_after=None
[2026-06-19T17:09:36.291+0000] {logging_mixin.py:190} INFO - [2026-06-19T17:09:36.290+0000] {dag.py:4180} INFO - Setting next_dagrun for example_subdag_operator.section-2 to None, run_after=None
[2026-06-19T17:09:36.332+0000] {logging_mixin.py:190} INFO - [2026-06-19T17:09:36.331+0000] {dag.py:3239} INFO - Sync 2 DAGs
[2026-06-19T17:09:36.392+0000] {logging_mixin.py:190} INFO - [2026-06-19T17:09:36.392+0000] {dag.py:4180} INFO - Setting next_dagrun for example_subdag_operator.section-1 to None, run_after=None
[2026-06-19T17:09:36.402+0000] {logging_mixin.py:190} INFO - [2026-06-19T17:09:36.401+0000] {dag.py:4180} INFO - Setting next_dagrun for example_subdag_operator.section-2 to None, run_after=None
[2026-06-19T17:09:36.458+0000] {processor.py:208} INFO - Processing /home/airflow/.local/lib/python3.12/site-packages/airflow/example_dags/example_subdag_operator.py took 0.527 seconds
[2026-06-19T17:10:07.468+0000] {processor.py:186} INFO - Started process (PID=357) to work on /home/airflow/.local/lib/python3.12/site-packages/airflow/example_dags/example_subdag_operator.py
[2026-06-19T17:10:07.486+0000] {processor.py:914} INFO - Processing file /home/airflow/.local/lib/python3.12/site-packages/airflow/example_dags/example_subdag_operator.py for tasks to queue
[2026-06-19T17:10:07.504+0000] {logging_mixin.py:190} INFO - [2026-06-19T17:10:07.503+0000] {dagbag.py:588} INFO - Filling up the DagBag from /home/airflow/.local/lib/python3.12/site-packages/airflow/example_dags/example_subdag_operator.py
[2026-06-19T17:10:07.665+0000] {processor.py:925} INFO - DAG(s) 'example_subdag_operator.section-1', 'example_subdag_operator.section-2', 'example_subdag_operator' retrieved from /home/airflow/.local/lib/python3.12/site-packages/airflow/example_dags/example_subdag_operator.py
[2026-06-19T17:10:07.783+0000] {logging_mixin.py:190} INFO - [2026-06-19T17:10:07.782+0000] {dag.py:3239} INFO - Sync 3 DAGs
[2026-06-19T17:10:07.957+0000] {logging_mixin.py:190} INFO - [2026-06-19T17:10:07.956+0000] {dag.py:4180} INFO - Setting next_dagrun for example_subdag_operator to 2022-01-01 00:00:00+00:00, run_after=2022-01-01 00:00:00+00:00
[2026-06-19T17:10:08.019+0000] {logging_mixin.py:190} INFO - [2026-06-19T17:10:08.018+0000] {dag.py:4180} INFO - Setting next_dagrun for example_subdag_operator.section-1 to None, run_after=None
[2026-06-19T17:10:08.038+0000] {logging_mixin.py:190} INFO - [2026-06-19T17:10:08.037+0000] {dag.py:4180} INFO - Setting next_dagrun for example_subdag_operator.section-2 to None, run_after=None
[2026-06-19T17:10:08.079+0000] {logging_mixin.py:190} INFO - [2026-06-19T17:10:08.077+0000] {dag.py:3239} INFO - Sync 2 DAGs
[2026-06-19T17:10:08.107+0000] {logging_mixin.py:190} INFO - [2026-06-19T17:10:08.106+0000] {dag.py:4180} INFO - Setting next_dagrun for example_subdag_operator.section-1 to None, run_after=None
[2026-06-19T17:10:08.110+0000] {logging_mixin.py:190} INFO - [2026-06-19T17:10:08.110+0000] {dag.py:4180} INFO - Setting next_dagrun for example_subdag_operator.section-2 to None, run_after=None
[2026-06-19T17:10:08.166+0000] {processor.py:208} INFO - Processing /home/airflow/.local/lib/python3.12/site-packages/airflow/example_dags/example_subdag_operator.py took 0.731 seconds
[2026-06-19T17:10:39.063+0000] {processor.py:186} INFO - Started process (PID=421) to work on /home/airflow/.local/lib/python3.12/site-packages/airflow/example_dags/example_subdag_operator.py
[2026-06-19T17:10:39.066+0000] {processor.py:914} INFO - Processing file /home/airflow/.local/lib/python3.12/site-packages/airflow/example_dags/example_subdag_operator.py for tasks to queue
[2026-06-19T17:10:39.068+0000] {logging_mixin.py:190} INFO - [2026-06-19T17:10:39.068+0000] {dagbag.py:588} INFO - Filling up the DagBag from /home/airflow/.local/lib/python3.12/site-packages/airflow/example_dags/example_subdag_operator.py
[2026-06-19T17:10:39.092+0000] {processor.py:925} INFO - DAG(s) 'example_subdag_operator.section-1', 'example_subdag_operator.section-2', 'example_subdag_operator' retrieved from /home/airflow/.local/lib/python3.12/site-packages/airflow/example_dags/example_subdag_operator.py
[2026-06-19T17:10:39.107+0000] {logging_mixin.py:190} INFO - [2026-06-19T17:10:39.107+0000] {dag.py:3239} INFO - Sync 3 DAGs
[2026-06-19T17:10:39.131+0000] {logging_mixin.py:190} INFO - [2026-06-19T17:10:39.131+0000] {dag.py:4180} INFO - Setting next_dagrun for example_subdag_operator to 2022-01-01 00:00:00+00:00, run_after=2022-01-01 00:00:00+00:00
[2026-06-19T17:10:39.135+0000] {logging_mixin.py:190} INFO - [2026-06-19T17:10:39.135+0000] {dag.py:4180} INFO - Setting next_dagrun for example_subdag_operator.section-1 to None, run_after=None
[2026-06-19T17:10:39.138+0000] {logging_mixin.py:190} INFO - [2026-06-19T17:10:39.137+0000] {dag.py:4180} INFO - Setting next_dagrun for example_subdag_operator.section-2 to None, run_after=None
[2026-06-19T17:10:39.148+0000] {logging_mixin.py:190} INFO - [2026-06-19T17:10:39.148+0000] {dag.py:3239} INFO - Sync 2 DAGs
[2026-06-19T17:10:39.156+0000] {logging_mixin.py:190} INFO - [2026-06-19T17:10:39.156+0000] {dag.py:4180} INFO - Setting next_dagrun for example_subdag_operator.section-1 to None, run_after=None
[2026-06-19T17:10:39.159+0000] {logging_mixin.py:190} INFO - [2026-06-19T17:10:39.159+0000] {dag.py:4180} INFO - Setting next_dagrun for example_subdag_operator.section-2 to None, run_after=None
[2026-06-19T17:10:39.173+0000] {processor.py:208} INFO - Processing /home/airflow/.local/lib/python3.12/site-packages/airflow/example_dags/example_subdag_operator.py took 0.115 seconds
[2026-06-19T17:11:09.399+0000] {processor.py:186} INFO - Started process (PID=485) to work on /home/airflow/.local/lib/python3.12/site-packages/airflow/example_dags/example_subdag_operator.py
[2026-06-19T17:11:09.403+0000] {processor.py:914} INFO - Processing file /home/airflow/.local/lib/python3.12/site-packages/airflow/example_dags/example_subdag_operator.py for tasks to queue
[2026-06-19T17:11:09.409+0000] {logging_mixin.py:190} INFO - [2026-06-19T17:11:09.409+0000] {dagbag.py:588} INFO - Filling up the DagBag from /home/airflow/.local/lib/python3.12/site-packages/airflow/example_dags/example_subdag_operator.py
[2026-06-19T17:11:09.450+0000] {processor.py:925} INFO - DAG(s) 'example_subdag_operator.section-1', 'example_subdag_operator.section-2', 'example_subdag_operator' retrieved from /home/airflow/.local/lib/python3.12/site-packages/airflow/example_dags/example_subdag_operator.py
[2026-06-19T17:11:09.474+0000] {logging_mixin.py:190} INFO - [2026-06-19T17:11:09.474+0000] {dag.py:3239} INFO - Sync 3 DAGs
[2026-06-19T17:11:09.506+0000] {logging_mixin.py:190} INFO - [2026-06-19T17:11:09.506+0000] {dag.py:4180} INFO - Setting next_dagrun for example_subdag_operator to 2022-01-01 00:00:00+00:00, run_after=2022-01-01 00:00:00+00:00
[2026-06-19T17:11:09.515+0000] {logging_mixin.py:190} INFO - [2026-06-19T17:11:09.515+0000] {dag.py:4180} INFO - Setting next_dagrun for example_subdag_operator.section-1 to None, run_after=None
[2026-06-19T17:11:09.519+0000] {logging_mixin.py:190} INFO - [2026-06-19T17:11:09.519+0000] {dag.py:4180} INFO - Setting next_dagrun for example_subdag_operator.section-2 to None, run_after=None
[2026-06-19T17:11:09.530+0000] {logging_mixin.py:190} INFO - [2026-06-19T17:11:09.530+0000] {dag.py:3239} INFO - Sync 2 DAGs
[2026-06-19T17:11:09.538+0000] {logging_mixin.py:190} INFO - [2026-06-19T17:11:09.538+0000] {dag.py:4180} INFO - Setting next_dagrun for example_subdag_operator.section-1 to None, run_after=None
[2026-06-19T17:11:09.540+0000] {logging_mixin.py:190} INFO - [2026-06-19T17:11:09.539+0000] {dag.py:4180} INFO - Setting next_dagrun for example_subdag_operator.section-2 to None, run_after=None
[2026-06-19T17:11:09.556+0000] {processor.py:208} INFO - Processing /home/airflow/.local/lib/python3.12/site-packages/airflow/example_dags/example_subdag_operator.py took 0.168 seconds
[2026-06-19T17:11:40.361+0000] {processor.py:186} INFO - Started process (PID=549) to work on /home/airflow/.local/lib/python3.12/site-packages/airflow/example_dags/example_subdag_operator.py
[2026-06-19T17:11:40.363+0000] {processor.py:914} INFO - Processing file /home/airflow/.local/lib/python3.12/site-packages/airflow/example_dags/example_subdag_operator.py for tasks to queue
[2026-06-19T17:11:40.366+0000] {logging_mixin.py:190} INFO - [2026-06-19T17:11:40.366+0000] {dagbag.py:588} INFO - Filling up the DagBag from /home/airflow/.local/lib/python3.12/site-packages/airflow/example_dags/example_subdag_operator.py
[2026-06-19T17:11:40.396+0000] {processor.py:925} INFO - DAG(s) 'example_subdag_operator.section-1', 'example_subdag_operator.section-2', 'example_subdag_operator' retrieved from /home/airflow/.local/lib/python3.12/site-packages/airflow/example_dags/example_subdag_operator.py
[2026-06-19T17:11:40.414+0000] {logging_mixin.py:190} INFO - [2026-06-19T17:11:40.414+0000] {dag.py:3239} INFO - Sync 3 DAGs
[2026-06-19T17:11:40.440+0000] {logging_mixin.py:190} INFO - [2026-06-19T17:11:40.439+0000] {dag.py:4180} INFO - Setting next_dagrun for example_subdag_operator to 2022-01-01 00:00:00+00:00, run_after=2022-01-01 00:00:00+00:00
[2026-06-19T17:11:40.445+0000] {logging_mixin.py:190} INFO - [2026-06-19T17:11:40.445+0000] {dag.py:4180} INFO - Setting next_dagrun for example_subdag_operator.section-1 to None, run_after=None
[2026-06-19T17:11:40.450+0000] {logging_mixin.py:190} INFO - [2026-06-19T17:11:40.450+0000] {dag.py:4180} INFO - Setting next_dagrun for example_subdag_operator.section-2 to None, run_after=None
[2026-06-19T17:11:40.463+0000] {logging_mixin.py:190} INFO - [2026-06-19T17:11:40.463+0000] {dag.py:3239} INFO - Sync 2 DAGs
[2026-06-19T17:11:40.472+0000] {logging_mixin.py:190} INFO - [2026-06-19T17:11:40.471+0000] {dag.py:4180} INFO - Setting next_dagrun for example_subdag_operator.section-1 to None, run_after=None
[2026-06-19T17:11:40.473+0000] {logging_mixin.py:190} INFO - [2026-06-19T17:11:40.473+0000] {dag.py:4180} INFO - Setting next_dagrun for example_subdag_operator.section-2 to None, run_after=None
[2026-06-19T17:11:40.494+0000] {processor.py:208} INFO - Processing /home/airflow/.local/lib/python3.12/site-packages/airflow/example_dags/example_subdag_operator.py took 0.139 seconds
[2026-06-19T17:12:11.126+0000] {processor.py:186} INFO - Started process (PID=613) to work on /home/airflow/.local/lib/python3.12/site-packages/airflow/example_dags/example_subdag_operator.py
[2026-06-19T17:12:11.130+0000] {processor.py:914} INFO - Processing file /home/airflow/.local/lib/python3.12/site-packages/airflow/example_dags/example_subdag_operator.py for tasks to queue
[2026-06-19T17:12:11.134+0000] {logging_mixin.py:190} INFO - [2026-06-19T17:12:11.133+0000] {dagbag.py:588} INFO - Filling up the DagBag from /home/airflow/.local/lib/python3.12/site-packages/airflow/example_dags/example_subdag_operator.py
[2026-06-19T17:12:11.176+0000] {processor.py:925} INFO - DAG(s) 'example_subdag_operator.section-1', 'example_subdag_operator.section-2', 'example_subdag_operator' retrieved from /home/airflow/.local/lib/python3.12/site-packages/airflow/example_dags/example_subdag_operator.py
[2026-06-19T17:12:11.201+0000] {logging_mixin.py:190} INFO - [2026-06-19T17:12:11.201+0000] {dag.py:3239} INFO - Sync 3 DAGs
[2026-06-19T17:12:11.235+0000] {logging_mixin.py:190} INFO - [2026-06-19T17:12:11.234+0000] {dag.py:4180} INFO - Setting next_dagrun for example_subdag_operator to 2022-01-01 00:00:00+00:00, run_after=2022-01-01 00:00:00+00:00
[2026-06-19T17:12:11.244+0000] {logging_mixin.py:190} INFO - [2026-06-19T17:12:11.244+0000] {dag.py:4180} INFO - Setting next_dagrun for example_subdag_operator.section-1 to None, run_after=None
[2026-06-19T17:12:11.248+0000] {logging_mixin.py:190} INFO - [2026-06-19T17:12:11.248+0000] {dag.py:4180} INFO - Setting next_dagrun for example_subdag_operator.section-2 to None, run_after=None
[2026-06-19T17:12:11.261+0000] {logging_mixin.py:190} INFO - [2026-06-19T17:12:11.261+0000] {dag.py:3239} INFO - Sync 2 DAGs
[2026-06-19T17:12:11.271+0000] {logging_mixin.py:190} INFO - [2026-06-19T17:12:11.270+0000] {dag.py:4180} INFO - Setting next_dagrun for example_subdag_operator.section-1 to None, run_after=None
[2026-06-19T17:12:11.272+0000] {logging_mixin.py:190} INFO - [2026-06-19T17:12:11.272+0000] {dag.py:4180} INFO - Setting next_dagrun for example_subdag_operator.section-2 to None, run_after=None
[2026-06-19T17:12:11.290+0000] {processor.py:208} INFO - Processing /home/airflow/.local/lib/python3.12/site-packages/airflow/example_dags/example_subdag_operator.py took 0.171 seconds
[2026-06-19T17:12:41.469+0000] {processor.py:186} INFO - Started process (PID=678) to work on /home/airflow/.local/lib/python3.12/site-packages/airflow/example_dags/example_subdag_operator.py
[2026-06-19T17:12:41.475+0000] {processor.py:914} INFO - Processing file /home/airflow/.local/lib/python3.12/site-packages/airflow/example_dags/example_subdag_operator.py for tasks to queue
[2026-06-19T17:12:41.485+0000] {logging_mixin.py:190} INFO - [2026-06-19T17:12:41.484+0000] {dagbag.py:588} INFO - Filling up the DagBag from /home/airflow/.local/lib/python3.12/site-packages/airflow/example_dags/example_subdag_operator.py
[2026-06-19T17:12:41.599+0000] {processor.py:925} INFO - DAG(s) 'example_subdag_operator.section-1', 'example_subdag_operator.section-2', 'example_subdag_operator' retrieved from /home/airflow/.local/lib/python3.12/site-packages/airflow/example_dags/example_subdag_operator.py
[2026-06-19T17:12:41.719+0000] {logging_mixin.py:190} INFO - [2026-06-19T17:12:41.711+0000] {dag.py:3239} INFO - Sync 3 DAGs
[2026-06-19T17:12:41.847+0000] {logging_mixin.py:190} INFO - [2026-06-19T17:12:41.847+0000] {dag.py:4180} INFO - Setting next_dagrun for example_subdag_operator to 2022-01-01 00:00:00+00:00, run_after=2022-01-01 00:00:00+00:00
[2026-06-19T17:12:41.867+0000] {logging_mixin.py:190} INFO - [2026-06-19T17:12:41.866+0000] {dag.py:4180} INFO - Setting next_dagrun for example_subdag_operator.section-1 to None, run_after=None
[2026-06-19T17:12:41.877+0000] {logging_mixin.py:190} INFO - [2026-06-19T17:12:41.876+0000] {dag.py:4180} INFO - Setting next_dagrun for example_subdag_operator.section-2 to None, run_after=None
[2026-06-19T17:12:41.903+0000] {logging_mixin.py:190} INFO - [2026-06-19T17:12:41.902+0000] {dag.py:3239} INFO - Sync 2 DAGs
[2026-06-19T17:12:41.927+0000] {logging_mixin.py:190} INFO - [2026-06-19T17:12:41.927+0000] {dag.py:4180} INFO - Setting next_dagrun for example_subdag_operator.section-1 to None, run_after=None
[2026-06-19T17:12:41.931+0000] {logging_mixin.py:190} INFO - [2026-06-19T17:12:41.930+0000] {dag.py:4180} INFO - Setting next_dagrun for example_subdag_operator.section-2 to None, run_after=None
[2026-06-19T17:12:41.964+0000] {processor.py:208} INFO - Processing /home/airflow/.local/lib/python3.12/site-packages/airflow/example_dags/example_subdag_operator.py took 0.513 seconds
[2026-06-19T17:13:12.540+0000] {processor.py:186} INFO - Started process (PID=741) to work on /home/airflow/.local/lib/python3.12/site-packages/airflow/example_dags/example_subdag_operator.py
[2026-06-19T17:13:12.543+0000] {processor.py:914} INFO - Processing file /home/airflow/.local/lib/python3.12/site-packages/airflow/example_dags/example_subdag_operator.py for tasks to queue
[2026-06-19T17:13:12.550+0000] {logging_mixin.py:190} INFO - [2026-06-19T17:13:12.549+0000] {dagbag.py:588} INFO - Filling up the DagBag from /home/airflow/.local/lib/python3.12/site-packages/airflow/example_dags/example_subdag_operator.py
[2026-06-19T17:13:12.596+0000] {processor.py:925} INFO - DAG(s) 'example_subdag_operator.section-1', 'example_subdag_operator.section-2', 'example_subdag_operator' retrieved from /home/airflow/.local/lib/python3.12/site-packages/airflow/example_dags/example_subdag_operator.py
[2026-06-19T17:13:12.628+0000] {logging_mixin.py:190} INFO - [2026-06-19T17:13:12.628+0000] {dag.py:3239} INFO - Sync 3 DAGs
[2026-06-19T17:13:12.671+0000] {logging_mixin.py:190} INFO - [2026-06-19T17:13:12.670+0000] {dag.py:4180} INFO - Setting next_dagrun for example_subdag_operator to 2022-01-01 00:00:00+00:00, run_after=2022-01-01 00:00:00+00:00
[2026-06-19T17:13:12.679+0000] {logging_mixin.py:190} INFO - [2026-06-19T17:13:12.679+0000] {dag.py:4180} INFO - Setting next_dagrun for example_subdag_operator.section-1 to None, run_after=None
[2026-06-19T17:13:12.685+0000] {logging_mixin.py:190} INFO - [2026-06-19T17:13:12.684+0000] {dag.py:4180} INFO - Setting next_dagrun for example_subdag_operator.section-2 to None, run_after=None
[2026-06-19T17:13:12.708+0000] {logging_mixin.py:190} INFO - [2026-06-19T17:13:12.708+0000] {dag.py:3239} INFO - Sync 2 DAGs
[2026-06-19T17:13:12.722+0000] {logging_mixin.py:190} INFO - [2026-06-19T17:13:12.722+0000] {dag.py:4180} INFO - Setting next_dagrun for example_subdag_operator.section-1 to None, run_after=None
[2026-06-19T17:13:12.728+0000] {logging_mixin.py:190} INFO - [2026-06-19T17:13:12.727+0000] {dag.py:4180} INFO - Setting next_dagrun for example_subdag_operator.section-2 to None, run_after=None
[2026-06-19T17:13:12.763+0000] {processor.py:208} INFO - Processing /home/airflow/.local/lib/python3.12/site-packages/airflow/example_dags/example_subdag_operator.py took 0.232 seconds
[2026-06-19T17:13:49.034+0000] {processor.py:186} INFO - Started process (PID=804) to work on /home/airflow/.local/lib/python3.12/site-packages/airflow/example_dags/example_subdag_operator.py
[2026-06-19T17:13:49.041+0000] {processor.py:914} INFO - Processing file /home/airflow/.local/lib/python3.12/site-packages/airflow/example_dags/example_subdag_operator.py for tasks to queue
[2026-06-19T17:13:49.052+0000] {logging_mixin.py:190} INFO - [2026-06-19T17:13:49.051+0000] {dagbag.py:588} INFO - Filling up the DagBag from /home/airflow/.local/lib/python3.12/site-packages/airflow/example_dags/example_subdag_operator.py
[2026-06-19T17:13:49.218+0000] {processor.py:925} INFO - DAG(s) 'example_subdag_operator.section-1', 'example_subdag_operator.section-2', 'example_subdag_operator' retrieved from /home/airflow/.local/lib/python3.12/site-packages/airflow/example_dags/example_subdag_operator.py
[2026-06-19T17:13:49.335+0000] {logging_mixin.py:190} INFO - [2026-06-19T17:13:49.334+0000] {dag.py:3239} INFO - Sync 3 DAGs
[2026-06-19T17:13:49.452+0000] {logging_mixin.py:190} INFO - [2026-06-19T17:13:49.452+0000] {dag.py:4180} INFO - Setting next_dagrun for example_subdag_operator to 2022-01-01 00:00:00+00:00, run_after=2022-01-01 00:00:00+00:00
[2026-06-19T17:13:49.483+0000] {logging_mixin.py:190} INFO - [2026-06-19T17:13:49.483+0000] {dag.py:4180} INFO - Setting next_dagrun for example_subdag_operator.section-1 to None, run_after=None
[2026-06-19T17:13:49.496+0000] {logging_mixin.py:190} INFO - [2026-06-19T17:13:49.495+0000] {dag.py:4180} INFO - Setting next_dagrun for example_subdag_operator.section-2 to None, run_after=None
[2026-06-19T17:13:49.525+0000] {logging_mixin.py:190} INFO - [2026-06-19T17:13:49.524+0000] {dag.py:3239} INFO - Sync 2 DAGs
[2026-06-19T17:13:49.546+0000] {logging_mixin.py:190} INFO - [2026-06-19T17:13:49.546+0000] {dag.py:4180} INFO - Setting next_dagrun for example_subdag_operator.section-1 to None, run_after=None
[2026-06-19T17:13:49.550+0000] {logging_mixin.py:190} INFO - [2026-06-19T17:13:49.550+0000] {dag.py:4180} INFO - Setting next_dagrun for example_subdag_operator.section-2 to None, run_after=None
[2026-06-19T17:13:49.590+0000] {processor.py:208} INFO - Processing /home/airflow/.local/lib/python3.12/site-packages/airflow/example_dags/example_subdag_operator.py took 0.586 seconds
[2026-06-19T17:14:20.680+0000] {processor.py:186} INFO - Started process (PID=868) to work on /home/airflow/.local/lib/python3.12/site-packages/airflow/example_dags/example_subdag_operator.py
[2026-06-19T17:14:20.693+0000] {processor.py:914} INFO - Processing file /home/airflow/.local/lib/python3.12/site-packages/airflow/example_dags/example_subdag_operator.py for tasks to queue
[2026-06-19T17:14:20.702+0000] {logging_mixin.py:190} INFO - [2026-06-19T17:14:20.701+0000] {dagbag.py:588} INFO - Filling up the DagBag from /home/airflow/.local/lib/python3.12/site-packages/airflow/example_dags/example_subdag_operator.py
[2026-06-19T17:14:20.800+0000] {processor.py:925} INFO - DAG(s) 'example_subdag_operator.section-1', 'example_subdag_operator.section-2', 'example_subdag_operator' retrieved from /home/airflow/.local/lib/python3.12/site-packages/airflow/example_dags/example_subdag_operator.py
[2026-06-19T17:14:20.837+0000] {logging_mixin.py:190} INFO - [2026-06-19T17:14:20.836+0000] {dag.py:3239} INFO - Sync 3 DAGs
[2026-06-19T17:14:20.903+0000] {logging_mixin.py:190} INFO - [2026-06-19T17:14:20.902+0000] {dag.py:4180} INFO - Setting next_dagrun for example_subdag_operator to 2022-01-01 00:00:00+00:00, run_after=2022-01-01 00:00:00+00:00
[2026-06-19T17:14:20.920+0000] {logging_mixin.py:190} INFO - [2026-06-19T17:14:20.919+0000] {dag.py:4180} INFO - Setting next_dagrun for example_subdag_operator.section-1 to None, run_after=None
[2026-06-19T17:14:20.928+0000] {logging_mixin.py:190} INFO - [2026-06-19T17:14:20.928+0000] {dag.py:4180} INFO - Setting next_dagrun for example_subdag_operator.section-2 to None, run_after=None
[2026-06-19T17:14:20.956+0000] {logging_mixin.py:190} INFO - [2026-06-19T17:14:20.955+0000] {dag.py:3239} INFO - Sync 2 DAGs
[2026-06-19T17:14:20.978+0000] {logging_mixin.py:190} INFO - [2026-06-19T17:14:20.977+0000] {dag.py:4180} INFO - Setting next_dagrun for example_subdag_operator.section-1 to None, run_after=None
[2026-06-19T17:14:20.985+0000] {logging_mixin.py:190} INFO - [2026-06-19T17:14:20.985+0000] {dag.py:4180} INFO - Setting next_dagrun for example_subdag_operator.section-2 to None, run_after=None
[2026-06-19T17:14:21.032+0000] {processor.py:208} INFO - Processing /home/airflow/.local/lib/python3.12/site-packages/airflow/example_dags/example_subdag_operator.py took 0.371 seconds
[2026-06-19T17:14:52.680+0000] {processor.py:186} INFO - Started process (PID=932) to work on /home/airflow/.local/lib/python3.12/site-packages/airflow/example_dags/example_subdag_operator.py
[2026-06-19T17:14:52.688+0000] {processor.py:914} INFO - Processing file /home/airflow/.local/lib/python3.12/site-packages/airflow/example_dags/example_subdag_operator.py for tasks to queue
[2026-06-19T17:14:52.701+0000] {logging_mixin.py:190} INFO - [2026-06-19T17:14:52.700+0000] {dagbag.py:588} INFO - Filling up the DagBag from /home/airflow/.local/lib/python3.12/site-packages/airflow/example_dags/example_subdag_operator.py
[2026-06-19T17:14:52.804+0000] {processor.py:925} INFO - DAG(s) 'example_subdag_operator.section-1', 'example_subdag_operator.section-2', 'example_subdag_operator' retrieved from /home/airflow/.local/lib/python3.12/site-packages/airflow/example_dags/example_subdag_operator.py
[2026-06-19T17:14:52.849+0000] {logging_mixin.py:190} INFO - [2026-06-19T17:14:52.849+0000] {dag.py:3239} INFO - Sync 3 DAGs
[2026-06-19T17:14:52.922+0000] {logging_mixin.py:190} INFO - [2026-06-19T17:14:52.921+0000] {dag.py:4180} INFO - Setting next_dagrun for example_subdag_operator to 2022-01-01 00:00:00+00:00, run_after=2022-01-01 00:00:00+00:00
[2026-06-19T17:14:52.937+0000] {logging_mixin.py:190} INFO - [2026-06-19T17:14:52.937+0000] {dag.py:4180} INFO - Setting next_dagrun for example_subdag_operator.section-1 to None, run_after=None
[2026-06-19T17:14:52.943+0000] {logging_mixin.py:190} INFO - [2026-06-19T17:14:52.943+0000] {dag.py:4180} INFO - Setting next_dagrun for example_subdag_operator.section-2 to None, run_after=None
[2026-06-19T17:14:52.969+0000] {logging_mixin.py:190} INFO - [2026-06-19T17:14:52.969+0000] {dag.py:3239} INFO - Sync 2 DAGs
[2026-06-19T17:14:52.988+0000] {logging_mixin.py:190} INFO - [2026-06-19T17:14:52.988+0000] {dag.py:4180} INFO - Setting next_dagrun for example_subdag_operator.section-1 to None, run_after=None
[2026-06-19T17:14:52.992+0000] {logging_mixin.py:190} INFO - [2026-06-19T17:14:52.991+0000] {dag.py:4180} INFO - Setting next_dagrun for example_subdag_operator.section-2 to None, run_after=None
[2026-06-19T17:14:53.027+0000] {processor.py:208} INFO - Processing /home/airflow/.local/lib/python3.12/site-packages/airflow/example_dags/example_subdag_operator.py took 0.379 seconds
[2026-06-19T17:15:24.073+0000] {processor.py:186} INFO - Started process (PID=995) to work on /home/airflow/.local/lib/python3.12/site-packages/airflow/example_dags/example_subdag_operator.py
[2026-06-19T17:15:24.077+0000] {processor.py:914} INFO - Processing file /home/airflow/.local/lib/python3.12/site-packages/airflow/example_dags/example_subdag_operator.py for tasks to queue
[2026-06-19T17:15:24.084+0000] {logging_mixin.py:190} INFO - [2026-06-19T17:15:24.083+0000] {dagbag.py:588} INFO - Filling up the DagBag from /home/airflow/.local/lib/python3.12/site-packages/airflow/example_dags/example_subdag_operator.py
[2026-06-19T17:15:24.139+0000] {processor.py:925} INFO - DAG(s) 'example_subdag_operator.section-1', 'example_subdag_operator.section-2', 'example_subdag_operator' retrieved from /home/airflow/.local/lib/python3.12/site-packages/airflow/example_dags/example_subdag_operator.py
[2026-06-19T17:15:24.166+0000] {logging_mixin.py:190} INFO - [2026-06-19T17:15:24.166+0000] {dag.py:3239} INFO - Sync 3 DAGs
[2026-06-19T17:15:24.215+0000] {logging_mixin.py:190} INFO - [2026-06-19T17:15:24.214+0000] {dag.py:4180} INFO - Setting next_dagrun for example_subdag_operator to 2022-01-01 00:00:00+00:00, run_after=2022-01-01 00:00:00+00:00
[2026-06-19T17:15:24.227+0000] {logging_mixin.py:190} INFO - [2026-06-19T17:15:24.226+0000] {dag.py:4180} INFO - Setting next_dagrun for example_subdag_operator.section-1 to None, run_after=None
[2026-06-19T17:15:24.232+0000] {logging_mixin.py:190} INFO - [2026-06-19T17:15:24.231+0000] {dag.py:4180} INFO - Setting next_dagrun for example_subdag_operator.section-2 to None, run_after=None
[2026-06-19T17:15:24.248+0000] {logging_mixin.py:190} INFO - [2026-06-19T17:15:24.247+0000] {dag.py:3239} INFO - Sync 2 DAGs
[2026-06-19T17:15:24.259+0000] {logging_mixin.py:190} INFO - [2026-06-19T17:15:24.259+0000] {dag.py:4180} INFO - Setting next_dagrun for example_subdag_operator.section-1 to None, run_after=None
[2026-06-19T17:15:24.261+0000] {logging_mixin.py:190} INFO - [2026-06-19T17:15:24.261+0000] {dag.py:4180} INFO - Setting next_dagrun for example_subdag_operator.section-2 to None, run_after=None
[2026-06-19T17:15:24.284+0000] {processor.py:208} INFO - Processing /home/airflow/.local/lib/python3.12/site-packages/airflow/example_dags/example_subdag_operator.py took 0.224 seconds
[2026-06-19T17:15:56.021+0000] {processor.py:186} INFO - Started process (PID=1059) to work on /home/airflow/.local/lib/python3.12/site-packages/airflow/example_dags/example_subdag_operator.py
[2026-06-19T17:15:56.029+0000] {processor.py:914} INFO - Processing file /home/airflow/.local/lib/python3.12/site-packages/airflow/example_dags/example_subdag_operator.py for tasks to queue
[2026-06-19T17:15:56.040+0000] {logging_mixin.py:190} INFO - [2026-06-19T17:15:56.039+0000] {dagbag.py:588} INFO - Filling up the DagBag from /home/airflow/.local/lib/python3.12/site-packages/airflow/example_dags/example_subdag_operator.py
[2026-06-19T17:15:56.131+0000] {processor.py:925} INFO - DAG(s) 'example_subdag_operator.section-1', 'example_subdag_operator.section-2', 'example_subdag_operator' retrieved from /home/airflow/.local/lib/python3.12/site-packages/airflow/example_dags/example_subdag_operator.py
[2026-06-19T17:15:56.232+0000] {logging_mixin.py:190} INFO - [2026-06-19T17:15:56.223+0000] {dag.py:3239} INFO - Sync 3 DAGs
[2026-06-19T17:15:56.445+0000] {logging_mixin.py:190} INFO - [2026-06-19T17:15:56.444+0000] {dag.py:4180} INFO - Setting next_dagrun for example_subdag_operator to 2022-01-01 00:00:00+00:00, run_after=2022-01-01 00:00:00+00:00
[2026-06-19T17:15:56.464+0000] {logging_mixin.py:190} INFO - [2026-06-19T17:15:56.463+0000] {dag.py:4180} INFO - Setting next_dagrun for example_subdag_operator.section-1 to None, run_after=None
[2026-06-19T17:15:56.471+0000] {logging_mixin.py:190} INFO - [2026-06-19T17:15:56.470+0000] {dag.py:4180} INFO - Setting next_dagrun for example_subdag_operator.section-2 to None, run_after=None
[2026-06-19T17:15:56.500+0000] {logging_mixin.py:190} INFO - [2026-06-19T17:15:56.499+0000] {dag.py:3239} INFO - Sync 2 DAGs
[2026-06-19T17:15:56.526+0000] {logging_mixin.py:190} INFO - [2026-06-19T17:15:56.525+0000] {dag.py:4180} INFO - Setting next_dagrun for example_subdag_operator.section-1 to None, run_after=None
[2026-06-19T17:15:56.531+0000] {logging_mixin.py:190} INFO - [2026-06-19T17:15:56.530+0000] {dag.py:4180} INFO - Setting next_dagrun for example_subdag_operator.section-2 to None, run_after=None
[2026-06-19T17:15:56.592+0000] {processor.py:208} INFO - Processing /home/airflow/.local/lib/python3.12/site-packages/airflow/example_dags/example_subdag_operator.py took 0.602 seconds
[2026-06-19T17:16:26.687+0000] {processor.py:186} INFO - Started process (PID=1124) to work on /home/airflow/.local/lib/python3.12/site-packages/airflow/example_dags/example_subdag_operator.py
[2026-06-19T17:16:26.694+0000] {processor.py:914} INFO - Processing file /home/airflow/.local/lib/python3.12/site-packages/airflow/example_dags/example_subdag_operator.py for tasks to queue
[2026-06-19T17:16:26.702+0000] {logging_mixin.py:190} INFO - [2026-06-19T17:16:26.701+0000] {dagbag.py:588} INFO - Filling up the DagBag from /home/airflow/.local/lib/python3.12/site-packages/airflow/example_dags/example_subdag_operator.py
[2026-06-19T17:16:26.747+0000] {processor.py:925} INFO - DAG(s) 'example_subdag_operator.section-1', 'example_subdag_operator.section-2', 'example_subdag_operator' retrieved from /home/airflow/.local/lib/python3.12/site-packages/airflow/example_dags/example_subdag_operator.py
[2026-06-19T17:16:26.768+0000] {logging_mixin.py:190} INFO - [2026-06-19T17:16:26.767+0000] {dag.py:3239} INFO - Sync 3 DAGs
[2026-06-19T17:16:26.799+0000] {logging_mixin.py:190} INFO - [2026-06-19T17:16:26.799+0000] {dag.py:4180} INFO - Setting next_dagrun for example_subdag_operator to 2022-01-01 00:00:00+00:00, run_after=2022-01-01 00:00:00+00:00
[2026-06-19T17:16:26.810+0000] {logging_mixin.py:190} INFO - [2026-06-19T17:16:26.809+0000] {dag.py:4180} INFO - Setting next_dagrun for example_subdag_operator.section-1 to None, run_after=None
[2026-06-19T17:16:26.821+0000] {logging_mixin.py:190} INFO - [2026-06-19T17:16:26.820+0000] {dag.py:4180} INFO - Setting next_dagrun for example_subdag_operator.section-2 to None, run_after=None
[2026-06-19T17:16:26.836+0000] {logging_mixin.py:190} INFO - [2026-06-19T17:16:26.835+0000] {dag.py:3239} INFO - Sync 2 DAGs
[2026-06-19T17:16:26.845+0000] {logging_mixin.py:190} INFO - [2026-06-19T17:16:26.845+0000] {dag.py:4180} INFO - Setting next_dagrun for example_subdag_operator.section-1 to None, run_after=None
[2026-06-19T17:16:26.847+0000] {logging_mixin.py:190} INFO - [2026-06-19T17:16:26.847+0000] {dag.py:4180} INFO - Setting next_dagrun for example_subdag_operator.section-2 to None, run_after=None
[2026-06-19T17:16:26.866+0000] {processor.py:208} INFO - Processing /home/airflow/.local/lib/python3.12/site-packages/airflow/example_dags/example_subdag_operator.py took 0.193 seconds
[2026-06-19T17:16:57.594+0000] {processor.py:186} INFO - Started process (PID=1188) to work on /home/airflow/.local/lib/python3.12/site-packages/airflow/example_dags/example_subdag_operator.py
[2026-06-19T17:16:57.599+0000] {processor.py:914} INFO - Processing file /home/airflow/.local/lib/python3.12/site-packages/airflow/example_dags/example_subdag_operator.py for tasks to queue
[2026-06-19T17:16:57.615+0000] {logging_mixin.py:190} INFO - [2026-06-19T17:16:57.614+0000] {dagbag.py:588} INFO - Filling up the DagBag from /home/airflow/.local/lib/python3.12/site-packages/airflow/example_dags/example_subdag_operator.py
[2026-06-19T17:16:57.720+0000] {processor.py:925} INFO - DAG(s) 'example_subdag_operator.section-1', 'example_subdag_operator.section-2', 'example_subdag_operator' retrieved from /home/airflow/.local/lib/python3.12/site-packages/airflow/example_dags/example_subdag_operator.py
[2026-06-19T17:16:57.763+0000] {logging_mixin.py:190} INFO - [2026-06-19T17:16:57.762+0000] {dag.py:3239} INFO - Sync 3 DAGs
[2026-06-19T17:16:57.823+0000] {logging_mixin.py:190} INFO - [2026-06-19T17:16:57.822+0000] {dag.py:4180} INFO - Setting next_dagrun for example_subdag_operator to 2022-01-01 00:00:00+00:00, run_after=2022-01-01 00:00:00+00:00
[2026-06-19T17:16:57.836+0000] {logging_mixin.py:190} INFO - [2026-06-19T17:16:57.835+0000] {dag.py:4180} INFO - Setting next_dagrun for example_subdag_operator.section-1 to None, run_after=None
[2026-06-19T17:16:57.845+0000] {logging_mixin.py:190} INFO - [2026-06-19T17:16:57.844+0000] {dag.py:4180} INFO - Setting next_dagrun for example_subdag_operator.section-2 to None, run_after=None
[2026-06-19T17:16:57.869+0000] {logging_mixin.py:190} INFO - [2026-06-19T17:16:57.868+0000] {dag.py:3239} INFO - Sync 2 DAGs
[2026-06-19T17:16:57.894+0000] {logging_mixin.py:190} INFO - [2026-06-19T17:16:57.887+0000] {dag.py:4180} INFO - Setting next_dagrun for example_subdag_operator.section-1 to None, run_after=None
[2026-06-19T17:16:57.902+0000] {logging_mixin.py:190} INFO - [2026-06-19T17:16:57.901+0000] {dag.py:4180} INFO - Setting next_dagrun for example_subdag_operator.section-2 to None, run_after=None
[2026-06-19T17:16:57.952+0000] {processor.py:208} INFO - Processing /home/airflow/.local/lib/python3.12/site-packages/airflow/example_dags/example_subdag_operator.py took 0.383 seconds
[2026-06-19T17:17:28.891+0000] {processor.py:186} INFO - Started process (PID=1252) to work on /home/airflow/.local/lib/python3.12/site-packages/airflow/example_dags/example_subdag_operator.py
[2026-06-19T17:17:28.895+0000] {processor.py:914} INFO - Processing file /home/airflow/.local/lib/python3.12/site-packages/airflow/example_dags/example_subdag_operator.py for tasks to queue
[2026-06-19T17:17:28.898+0000] {logging_mixin.py:190} INFO - [2026-06-19T17:17:28.898+0000] {dagbag.py:588} INFO - Filling up the DagBag from /home/airflow/.local/lib/python3.12/site-packages/airflow/example_dags/example_subdag_operator.py
[2026-06-19T17:17:28.927+0000] {processor.py:925} INFO - DAG(s) 'example_subdag_operator.section-1', 'example_subdag_operator.section-2', 'example_subdag_operator' retrieved from /home/airflow/.local/lib/python3.12/site-packages/airflow/example_dags/example_subdag_operator.py
[2026-06-19T17:17:28.946+0000] {logging_mixin.py:190} INFO - [2026-06-19T17:17:28.946+0000] {dag.py:3239} INFO - Sync 3 DAGs
[2026-06-19T17:17:28.973+0000] {logging_mixin.py:190} INFO - [2026-06-19T17:17:28.973+0000] {dag.py:4180} INFO - Setting next_dagrun for example_subdag_operator to 2022-01-01 00:00:00+00:00, run_after=2022-01-01 00:00:00+00:00
[2026-06-19T17:17:28.978+0000] {logging_mixin.py:190} INFO - [2026-06-19T17:17:28.978+0000] {dag.py:4180} INFO - Setting next_dagrun for example_subdag_operator.section-1 to None, run_after=None
[2026-06-19T17:17:28.981+0000] {logging_mixin.py:190} INFO - [2026-06-19T17:17:28.981+0000] {dag.py:4180} INFO - Setting next_dagrun for example_subdag_operator.section-2 to None, run_after=None
[2026-06-19T17:17:28.991+0000] {logging_mixin.py:190} INFO - [2026-06-19T17:17:28.991+0000] {dag.py:3239} INFO - Sync 2 DAGs
[2026-06-19T17:17:28.998+0000] {logging_mixin.py:190} INFO - [2026-06-19T17:17:28.998+0000] {dag.py:4180} INFO - Setting next_dagrun for example_subdag_operator.section-1 to None, run_after=None
[2026-06-19T17:17:28.999+0000] {logging_mixin.py:190} INFO - [2026-06-19T17:17:28.999+0000] {dag.py:4180} INFO - Setting next_dagrun for example_subdag_operator.section-2 to None, run_after=None
[2026-06-19T17:17:29.016+0000] {processor.py:208} INFO - Processing /home/airflow/.local/lib/python3.12/site-packages/airflow/example_dags/example_subdag_operator.py took 0.133 seconds
[2026-06-19T17:17:59.121+0000] {processor.py:186} INFO - Started process (PID=1316) to work on /home/airflow/.local/lib/python3.12/site-packages/airflow/example_dags/example_subdag_operator.py
[2026-06-19T17:17:59.127+0000] {processor.py:914} INFO - Processing file /home/airflow/.local/lib/python3.12/site-packages/airflow/example_dags/example_subdag_operator.py for tasks to queue
[2026-06-19T17:17:59.134+0000] {logging_mixin.py:190} INFO - [2026-06-19T17:17:59.133+0000] {dagbag.py:588} INFO - Filling up the DagBag from /home/airflow/.local/lib/python3.12/site-packages/airflow/example_dags/example_subdag_operator.py
[2026-06-19T17:17:59.196+0000] {processor.py:925} INFO - DAG(s) 'example_subdag_operator.section-1', 'example_subdag_operator.section-2', 'example_subdag_operator' retrieved from /home/airflow/.local/lib/python3.12/site-packages/airflow/example_dags/example_subdag_operator.py
[2026-06-19T17:17:59.225+0000] {logging_mixin.py:190} INFO - [2026-06-19T17:17:59.224+0000] {dag.py:3239} INFO - Sync 3 DAGs
[2026-06-19T17:17:59.268+0000] {logging_mixin.py:190} INFO - [2026-06-19T17:17:59.267+0000] {dag.py:4180} INFO - Setting next_dagrun for example_subdag_operator to 2022-01-01 00:00:00+00:00, run_after=2022-01-01 00:00:00+00:00
[2026-06-19T17:17:59.276+0000] {logging_mixin.py:190} INFO - [2026-06-19T17:17:59.276+0000] {dag.py:4180} INFO - Setting next_dagrun for example_subdag_operator.section-1 to None, run_after=None
[2026-06-19T17:17:59.282+0000] {logging_mixin.py:190} INFO - [2026-06-19T17:17:59.281+0000] {dag.py:4180} INFO - Setting next_dagrun for example_subdag_operator.section-2 to None, run_after=None
[2026-06-19T17:17:59.294+0000] {logging_mixin.py:190} INFO - [2026-06-19T17:17:59.294+0000] {dag.py:3239} INFO - Sync 2 DAGs
[2026-06-19T17:17:59.304+0000] {logging_mixin.py:190} INFO - [2026-06-19T17:17:59.304+0000] {dag.py:4180} INFO - Setting next_dagrun for example_subdag_operator.section-1 to None, run_after=None
[2026-06-19T17:17:59.307+0000] {logging_mixin.py:190} INFO - [2026-06-19T17:17:59.307+0000] {dag.py:4180} INFO - Setting next_dagrun for example_subdag_operator.section-2 to None, run_after=None
[2026-06-19T17:17:59.327+0000] {processor.py:208} INFO - Processing /home/airflow/.local/lib/python3.12/site-packages/airflow/example_dags/example_subdag_operator.py took 0.222 seconds
