[2026-06-19T16:38:42.566+0000] {processor.py:186} INFO - Started process (PID=74) to work on /home/airflow/.local/lib/python3.12/site-packages/airflow/example_dags/example_datasets.py
[2026-06-19T16:38:42.569+0000] {processor.py:914} INFO - Processing file /home/airflow/.local/lib/python3.12/site-packages/airflow/example_dags/example_datasets.py for tasks to queue
[2026-06-19T16:38:42.574+0000] {logging_mixin.py:190} INFO - [2026-06-19T16:38:42.573+0000] {dagbag.py:588} INFO - Filling up the DagBag from /home/airflow/.local/lib/python3.12/site-packages/airflow/example_dags/example_datasets.py
[2026-06-19T16:38:45.268+0000] {processor.py:925} INFO - DAG(s) 'conditional_dataset_and_time_based_timetable', 'dataset_consumes_1_never_scheduled', 'dataset_produces_1', 'consume_1_and_2_with_dataset_expressions', 'dataset_produces_2', 'dataset_consumes_unknown_never_scheduled', 'consume_1_or_both_2_and_3_with_dataset_expressions', 'dataset_consumes_1', 'consume_1_or_2_with_dataset_expressions', 'dataset_consumes_1_and_2' retrieved from /home/airflow/.local/lib/python3.12/site-packages/airflow/example_dags/example_datasets.py
[2026-06-19T16:38:45.471+0000] {logging_mixin.py:190} INFO - [2026-06-19T16:38:45.471+0000] {dag.py:3239} INFO - Sync 10 DAGs
[2026-06-19T16:38:45.585+0000] {logging_mixin.py:190} INFO - [2026-06-19T16:38:45.585+0000] {dag.py:4180} INFO - Setting next_dagrun for conditional_dataset_and_time_based_timetable to 2026-06-17 01:00:00+00:00, run_after=2026-06-17 01:00:00+00:00
[2026-06-19T16:38:45.613+0000] {logging_mixin.py:190} INFO - [2026-06-19T16:38:45.613+0000] {dag.py:4180} INFO - Setting next_dagrun for consume_1_and_2_with_dataset_expressions to None, run_after=None
[2026-06-19T16:38:45.618+0000] {logging_mixin.py:190} INFO - [2026-06-19T16:38:45.618+0000] {dag.py:4180} INFO - Setting next_dagrun for consume_1_or_2_with_dataset_expressions to None, run_after=None
[2026-06-19T16:38:45.622+0000] {logging_mixin.py:190} INFO - [2026-06-19T16:38:45.621+0000] {dag.py:4180} INFO - Setting next_dagrun for consume_1_or_both_2_and_3_with_dataset_expressions to None, run_after=None
[2026-06-19T16:38:45.629+0000] {logging_mixin.py:190} INFO - [2026-06-19T16:38:45.629+0000] {dag.py:4180} INFO - Setting next_dagrun for dataset_consumes_1 to None, run_after=None
[2026-06-19T16:38:45.635+0000] {logging_mixin.py:190} INFO - [2026-06-19T16:38:45.634+0000] {dag.py:4180} INFO - Setting next_dagrun for dataset_consumes_1_and_2 to None, run_after=None
[2026-06-19T16:38:45.639+0000] {logging_mixin.py:190} INFO - [2026-06-19T16:38:45.639+0000] {dag.py:4180} INFO - Setting next_dagrun for dataset_consumes_1_never_scheduled to None, run_after=None
[2026-06-19T16:38:45.644+0000] {logging_mixin.py:190} INFO - [2026-06-19T16:38:45.644+0000] {dag.py:4180} INFO - Setting next_dagrun for dataset_consumes_unknown_never_scheduled to None, run_after=None
[2026-06-19T16:38:45.652+0000] {logging_mixin.py:190} INFO - [2026-06-19T16:38:45.651+0000] {dag.py:4180} INFO - Setting next_dagrun for dataset_produces_1 to 2026-06-18 00:00:00+00:00, run_after=2026-06-19 00:00:00+00:00
[2026-06-19T16:38:45.662+0000] {logging_mixin.py:190} INFO - [2026-06-19T16:38:45.661+0000] {dag.py:4180} INFO - Setting next_dagrun for dataset_produces_2 to None, run_after=None
[2026-06-19T16:38:45.791+0000] {processor.py:208} INFO - Processing /home/airflow/.local/lib/python3.12/site-packages/airflow/example_dags/example_datasets.py took 3.240 seconds
[2026-06-19T16:39:16.424+0000] {processor.py:186} INFO - Started process (PID=144) to work on /home/airflow/.local/lib/python3.12/site-packages/airflow/example_dags/example_datasets.py
[2026-06-19T16:39:16.428+0000] {processor.py:914} INFO - Processing file /home/airflow/.local/lib/python3.12/site-packages/airflow/example_dags/example_datasets.py for tasks to queue
[2026-06-19T16:39:16.433+0000] {logging_mixin.py:190} INFO - [2026-06-19T16:39:16.432+0000] {dagbag.py:588} INFO - Filling up the DagBag from /home/airflow/.local/lib/python3.12/site-packages/airflow/example_dags/example_datasets.py
[2026-06-19T16:39:17.287+0000] {processor.py:925} INFO - DAG(s) 'dataset_consumes_1_never_scheduled', 'consume_1_and_2_with_dataset_expressions', 'dataset_consumes_1_and_2', 'dataset_produces_2', 'dataset_consumes_1', 'consume_1_or_2_with_dataset_expressions', 'dataset_produces_1', 'conditional_dataset_and_time_based_timetable', 'dataset_consumes_unknown_never_scheduled', 'consume_1_or_both_2_and_3_with_dataset_expressions' retrieved from /home/airflow/.local/lib/python3.12/site-packages/airflow/example_dags/example_datasets.py
[2026-06-19T16:39:17.332+0000] {logging_mixin.py:190} INFO - [2026-06-19T16:39:17.331+0000] {dag.py:3239} INFO - Sync 10 DAGs
[2026-06-19T16:39:17.354+0000] {logging_mixin.py:190} INFO - [2026-06-19T16:39:17.354+0000] {dag.py:4180} INFO - Setting next_dagrun for conditional_dataset_and_time_based_timetable to 2026-06-17 01:00:00+00:00, run_after=2026-06-17 01:00:00+00:00
[2026-06-19T16:39:17.358+0000] {logging_mixin.py:190} INFO - [2026-06-19T16:39:17.358+0000] {dag.py:4180} INFO - Setting next_dagrun for consume_1_and_2_with_dataset_expressions to None, run_after=None
[2026-06-19T16:39:17.361+0000] {logging_mixin.py:190} INFO - [2026-06-19T16:39:17.361+0000] {dag.py:4180} INFO - Setting next_dagrun for consume_1_or_2_with_dataset_expressions to None, run_after=None
[2026-06-19T16:39:17.362+0000] {logging_mixin.py:190} INFO - [2026-06-19T16:39:17.362+0000] {dag.py:4180} INFO - Setting next_dagrun for consume_1_or_both_2_and_3_with_dataset_expressions to None, run_after=None
[2026-06-19T16:39:17.364+0000] {logging_mixin.py:190} INFO - [2026-06-19T16:39:17.364+0000] {dag.py:4180} INFO - Setting next_dagrun for dataset_consumes_1 to None, run_after=None
[2026-06-19T16:39:17.366+0000] {logging_mixin.py:190} INFO - [2026-06-19T16:39:17.365+0000] {dag.py:4180} INFO - Setting next_dagrun for dataset_consumes_1_and_2 to None, run_after=None
[2026-06-19T16:39:17.368+0000] {logging_mixin.py:190} INFO - [2026-06-19T16:39:17.368+0000] {dag.py:4180} INFO - Setting next_dagrun for dataset_consumes_1_never_scheduled to None, run_after=None
[2026-06-19T16:39:17.370+0000] {logging_mixin.py:190} INFO - [2026-06-19T16:39:17.370+0000] {dag.py:4180} INFO - Setting next_dagrun for dataset_consumes_unknown_never_scheduled to None, run_after=None
[2026-06-19T16:39:17.373+0000] {logging_mixin.py:190} INFO - [2026-06-19T16:39:17.373+0000] {dag.py:4180} INFO - Setting next_dagrun for dataset_produces_1 to 2026-06-18 00:00:00+00:00, run_after=2026-06-19 00:00:00+00:00
[2026-06-19T16:39:17.374+0000] {logging_mixin.py:190} INFO - [2026-06-19T16:39:17.374+0000] {dag.py:4180} INFO - Setting next_dagrun for dataset_produces_2 to None, run_after=None
[2026-06-19T16:39:17.405+0000] {processor.py:208} INFO - Processing /home/airflow/.local/lib/python3.12/site-packages/airflow/example_dags/example_datasets.py took 0.988 seconds
[2026-06-19T16:39:47.538+0000] {processor.py:186} INFO - Started process (PID=210) to work on /home/airflow/.local/lib/python3.12/site-packages/airflow/example_dags/example_datasets.py
[2026-06-19T16:39:47.541+0000] {processor.py:914} INFO - Processing file /home/airflow/.local/lib/python3.12/site-packages/airflow/example_dags/example_datasets.py for tasks to queue
[2026-06-19T16:39:47.546+0000] {logging_mixin.py:190} INFO - [2026-06-19T16:39:47.545+0000] {dagbag.py:588} INFO - Filling up the DagBag from /home/airflow/.local/lib/python3.12/site-packages/airflow/example_dags/example_datasets.py
[2026-06-19T16:39:48.679+0000] {processor.py:925} INFO - DAG(s) 'consume_1_or_both_2_and_3_with_dataset_expressions', 'dataset_consumes_1_never_scheduled', 'dataset_consumes_1_and_2', 'dataset_consumes_1', 'dataset_consumes_unknown_never_scheduled', 'consume_1_or_2_with_dataset_expressions', 'dataset_produces_2', 'consume_1_and_2_with_dataset_expressions', 'dataset_produces_1', 'conditional_dataset_and_time_based_timetable' retrieved from /home/airflow/.local/lib/python3.12/site-packages/airflow/example_dags/example_datasets.py
[2026-06-19T16:39:48.774+0000] {logging_mixin.py:190} INFO - [2026-06-19T16:39:48.773+0000] {dag.py:3239} INFO - Sync 10 DAGs
[2026-06-19T16:39:48.832+0000] {logging_mixin.py:190} INFO - [2026-06-19T16:39:48.831+0000] {dag.py:4180} INFO - Setting next_dagrun for conditional_dataset_and_time_based_timetable to 2026-06-17 01:00:00+00:00, run_after=2026-06-17 01:00:00+00:00
[2026-06-19T16:39:48.840+0000] {logging_mixin.py:190} INFO - [2026-06-19T16:39:48.840+0000] {dag.py:4180} INFO - Setting next_dagrun for consume_1_and_2_with_dataset_expressions to None, run_after=None
[2026-06-19T16:39:48.844+0000] {logging_mixin.py:190} INFO - [2026-06-19T16:39:48.844+0000] {dag.py:4180} INFO - Setting next_dagrun for consume_1_or_2_with_dataset_expressions to None, run_after=None
[2026-06-19T16:39:48.848+0000] {logging_mixin.py:190} INFO - [2026-06-19T16:39:48.847+0000] {dag.py:4180} INFO - Setting next_dagrun for consume_1_or_both_2_and_3_with_dataset_expressions to None, run_after=None
[2026-06-19T16:39:48.852+0000] {logging_mixin.py:190} INFO - [2026-06-19T16:39:48.852+0000] {dag.py:4180} INFO - Setting next_dagrun for dataset_consumes_1 to None, run_after=None
[2026-06-19T16:39:48.856+0000] {logging_mixin.py:190} INFO - [2026-06-19T16:39:48.856+0000] {dag.py:4180} INFO - Setting next_dagrun for dataset_consumes_1_and_2 to None, run_after=None
[2026-06-19T16:39:48.860+0000] {logging_mixin.py:190} INFO - [2026-06-19T16:39:48.860+0000] {dag.py:4180} INFO - Setting next_dagrun for dataset_consumes_1_never_scheduled to None, run_after=None
[2026-06-19T16:39:48.866+0000] {logging_mixin.py:190} INFO - [2026-06-19T16:39:48.866+0000] {dag.py:4180} INFO - Setting next_dagrun for dataset_consumes_unknown_never_scheduled to None, run_after=None
[2026-06-19T16:39:48.873+0000] {logging_mixin.py:190} INFO - [2026-06-19T16:39:48.873+0000] {dag.py:4180} INFO - Setting next_dagrun for dataset_produces_1 to 2026-06-18 00:00:00+00:00, run_after=2026-06-19 00:00:00+00:00
[2026-06-19T16:39:48.877+0000] {logging_mixin.py:190} INFO - [2026-06-19T16:39:48.877+0000] {dag.py:4180} INFO - Setting next_dagrun for dataset_produces_2 to None, run_after=None
[2026-06-19T16:39:48.954+0000] {processor.py:208} INFO - Processing /home/airflow/.local/lib/python3.12/site-packages/airflow/example_dags/example_datasets.py took 1.422 seconds
[2026-06-19T16:41:54.655+0000] {processor.py:186} INFO - Started process (PID=85) to work on /home/airflow/.local/lib/python3.12/site-packages/airflow/example_dags/example_datasets.py
[2026-06-19T16:41:54.659+0000] {processor.py:914} INFO - Processing file /home/airflow/.local/lib/python3.12/site-packages/airflow/example_dags/example_datasets.py for tasks to queue
[2026-06-19T16:41:54.669+0000] {logging_mixin.py:190} INFO - [2026-06-19T16:41:54.666+0000] {dagbag.py:588} INFO - Filling up the DagBag from /home/airflow/.local/lib/python3.12/site-packages/airflow/example_dags/example_datasets.py
[2026-06-19T16:42:06.381+0000] {processor.py:925} INFO - DAG(s) 'dataset_consumes_1_never_scheduled', 'conditional_dataset_and_time_based_timetable', 'dataset_produces_2', 'dataset_consumes_unknown_never_scheduled', 'consume_1_or_both_2_and_3_with_dataset_expressions', 'dataset_produces_1', 'dataset_consumes_1_and_2', 'consume_1_or_2_with_dataset_expressions', 'dataset_consumes_1', 'consume_1_and_2_with_dataset_expressions' retrieved from /home/airflow/.local/lib/python3.12/site-packages/airflow/example_dags/example_datasets.py
[2026-06-19T16:42:06.608+0000] {logging_mixin.py:190} INFO - [2026-06-19T16:42:06.607+0000] {dag.py:3239} INFO - Sync 10 DAGs
[2026-06-19T16:42:06.708+0000] {logging_mixin.py:190} INFO - [2026-06-19T16:42:06.708+0000] {dag.py:4180} INFO - Setting next_dagrun for conditional_dataset_and_time_based_timetable to 2026-06-17 01:00:00+00:00, run_after=2026-06-17 01:00:00+00:00
[2026-06-19T16:42:06.731+0000] {logging_mixin.py:190} INFO - [2026-06-19T16:42:06.730+0000] {dag.py:4180} INFO - Setting next_dagrun for consume_1_and_2_with_dataset_expressions to None, run_after=None
[2026-06-19T16:42:06.740+0000] {logging_mixin.py:190} INFO - [2026-06-19T16:42:06.739+0000] {dag.py:4180} INFO - Setting next_dagrun for consume_1_or_2_with_dataset_expressions to None, run_after=None
[2026-06-19T16:42:06.750+0000] {logging_mixin.py:190} INFO - [2026-06-19T16:42:06.749+0000] {dag.py:4180} INFO - Setting next_dagrun for consume_1_or_both_2_and_3_with_dataset_expressions to None, run_after=None
[2026-06-19T16:42:06.760+0000] {logging_mixin.py:190} INFO - [2026-06-19T16:42:06.760+0000] {dag.py:4180} INFO - Setting next_dagrun for dataset_consumes_1 to None, run_after=None
[2026-06-19T16:42:06.776+0000] {logging_mixin.py:190} INFO - [2026-06-19T16:42:06.775+0000] {dag.py:4180} INFO - Setting next_dagrun for dataset_consumes_1_and_2 to None, run_after=None
[2026-06-19T16:42:06.781+0000] {logging_mixin.py:190} INFO - [2026-06-19T16:42:06.781+0000] {dag.py:4180} INFO - Setting next_dagrun for dataset_consumes_1_never_scheduled to None, run_after=None
[2026-06-19T16:42:06.787+0000] {logging_mixin.py:190} INFO - [2026-06-19T16:42:06.786+0000] {dag.py:4180} INFO - Setting next_dagrun for dataset_consumes_unknown_never_scheduled to None, run_after=None
[2026-06-19T16:42:06.797+0000] {logging_mixin.py:190} INFO - [2026-06-19T16:42:06.797+0000] {dag.py:4180} INFO - Setting next_dagrun for dataset_produces_1 to 2026-06-18 00:00:00+00:00, run_after=2026-06-19 00:00:00+00:00
[2026-06-19T16:42:06.803+0000] {logging_mixin.py:190} INFO - [2026-06-19T16:42:06.802+0000] {dag.py:4180} INFO - Setting next_dagrun for dataset_produces_2 to None, run_after=None
[2026-06-19T16:42:06.975+0000] {processor.py:208} INFO - Processing /home/airflow/.local/lib/python3.12/site-packages/airflow/example_dags/example_datasets.py took 12.350 seconds
[2026-06-19T16:42:37.753+0000] {processor.py:186} INFO - Started process (PID=163) to work on /home/airflow/.local/lib/python3.12/site-packages/airflow/example_dags/example_datasets.py
[2026-06-19T16:42:37.771+0000] {processor.py:914} INFO - Processing file /home/airflow/.local/lib/python3.12/site-packages/airflow/example_dags/example_datasets.py for tasks to queue
[2026-06-19T16:42:37.796+0000] {logging_mixin.py:190} INFO - [2026-06-19T16:42:37.795+0000] {dagbag.py:588} INFO - Filling up the DagBag from /home/airflow/.local/lib/python3.12/site-packages/airflow/example_dags/example_datasets.py
[2026-06-19T16:42:45.408+0000] {processor.py:925} INFO - DAG(s) 'dataset_consumes_1', 'consume_1_and_2_with_dataset_expressions', 'dataset_produces_1', 'consume_1_or_2_with_dataset_expressions', 'conditional_dataset_and_time_based_timetable', 'dataset_consumes_1_never_scheduled', 'consume_1_or_both_2_and_3_with_dataset_expressions', 'dataset_consumes_unknown_never_scheduled', 'dataset_consumes_1_and_2', 'dataset_produces_2' retrieved from /home/airflow/.local/lib/python3.12/site-packages/airflow/example_dags/example_datasets.py
[2026-06-19T16:42:45.753+0000] {logging_mixin.py:190} INFO - [2026-06-19T16:42:45.752+0000] {dag.py:3239} INFO - Sync 10 DAGs
[2026-06-19T16:42:45.929+0000] {logging_mixin.py:190} INFO - [2026-06-19T16:42:45.928+0000] {dag.py:4180} INFO - Setting next_dagrun for conditional_dataset_and_time_based_timetable to 2026-06-17 01:00:00+00:00, run_after=2026-06-17 01:00:00+00:00
[2026-06-19T16:42:45.965+0000] {logging_mixin.py:190} INFO - [2026-06-19T16:42:45.964+0000] {dag.py:4180} INFO - Setting next_dagrun for consume_1_and_2_with_dataset_expressions to None, run_after=None
[2026-06-19T16:42:45.979+0000] {logging_mixin.py:190} INFO - [2026-06-19T16:42:45.978+0000] {dag.py:4180} INFO - Setting next_dagrun for consume_1_or_2_with_dataset_expressions to None, run_after=None
[2026-06-19T16:42:46.015+0000] {logging_mixin.py:190} INFO - [2026-06-19T16:42:46.014+0000] {dag.py:4180} INFO - Setting next_dagrun for consume_1_or_both_2_and_3_with_dataset_expressions to None, run_after=None
[2026-06-19T16:42:46.063+0000] {logging_mixin.py:190} INFO - [2026-06-19T16:42:46.062+0000] {dag.py:4180} INFO - Setting next_dagrun for dataset_consumes_1 to None, run_after=None
[2026-06-19T16:42:46.081+0000] {logging_mixin.py:190} INFO - [2026-06-19T16:42:46.080+0000] {dag.py:4180} INFO - Setting next_dagrun for dataset_consumes_1_and_2 to None, run_after=None
[2026-06-19T16:42:46.098+0000] {logging_mixin.py:190} INFO - [2026-06-19T16:42:46.097+0000] {dag.py:4180} INFO - Setting next_dagrun for dataset_consumes_1_never_scheduled to None, run_after=None
[2026-06-19T16:42:46.112+0000] {logging_mixin.py:190} INFO - [2026-06-19T16:42:46.111+0000] {dag.py:4180} INFO - Setting next_dagrun for dataset_consumes_unknown_never_scheduled to None, run_after=None
[2026-06-19T16:42:46.149+0000] {logging_mixin.py:190} INFO - [2026-06-19T16:42:46.136+0000] {dag.py:4180} INFO - Setting next_dagrun for dataset_produces_1 to 2026-06-18 00:00:00+00:00, run_after=2026-06-19 00:00:00+00:00
[2026-06-19T16:42:46.193+0000] {logging_mixin.py:190} INFO - [2026-06-19T16:42:46.192+0000] {dag.py:4180} INFO - Setting next_dagrun for dataset_produces_2 to None, run_after=None
[2026-06-19T16:42:46.682+0000] {processor.py:208} INFO - Processing /home/airflow/.local/lib/python3.12/site-packages/airflow/example_dags/example_datasets.py took 8.981 seconds
[2026-06-19T16:43:30.241+0000] {processor.py:186} INFO - Started process (PID=228) to work on /home/airflow/.local/lib/python3.12/site-packages/airflow/example_dags/example_datasets.py
[2026-06-19T16:43:30.249+0000] {processor.py:914} INFO - Processing file /home/airflow/.local/lib/python3.12/site-packages/airflow/example_dags/example_datasets.py for tasks to queue
[2026-06-19T16:43:30.278+0000] {logging_mixin.py:190} INFO - [2026-06-19T16:43:30.277+0000] {dagbag.py:588} INFO - Filling up the DagBag from /home/airflow/.local/lib/python3.12/site-packages/airflow/example_dags/example_datasets.py
[2026-06-19T16:43:34.132+0000] {processor.py:925} INFO - DAG(s) 'consume_1_or_2_with_dataset_expressions', 'consume_1_and_2_with_dataset_expressions', 'consume_1_or_both_2_and_3_with_dataset_expressions', 'dataset_consumes_unknown_never_scheduled', 'dataset_consumes_1', 'conditional_dataset_and_time_based_timetable', 'dataset_produces_2', 'dataset_consumes_1_and_2', 'dataset_consumes_1_never_scheduled', 'dataset_produces_1' retrieved from /home/airflow/.local/lib/python3.12/site-packages/airflow/example_dags/example_datasets.py
[2026-06-19T16:43:34.396+0000] {logging_mixin.py:190} INFO - [2026-06-19T16:43:34.395+0000] {dag.py:3239} INFO - Sync 10 DAGs
[2026-06-19T16:43:34.589+0000] {logging_mixin.py:190} INFO - [2026-06-19T16:43:34.588+0000] {dag.py:4180} INFO - Setting next_dagrun for conditional_dataset_and_time_based_timetable to 2026-06-17 01:00:00+00:00, run_after=2026-06-17 01:00:00+00:00
[2026-06-19T16:43:34.624+0000] {logging_mixin.py:190} INFO - [2026-06-19T16:43:34.624+0000] {dag.py:4180} INFO - Setting next_dagrun for consume_1_and_2_with_dataset_expressions to None, run_after=None
[2026-06-19T16:43:34.641+0000] {logging_mixin.py:190} INFO - [2026-06-19T16:43:34.640+0000] {dag.py:4180} INFO - Setting next_dagrun for consume_1_or_2_with_dataset_expressions to None, run_after=None
[2026-06-19T16:43:34.675+0000] {logging_mixin.py:190} INFO - [2026-06-19T16:43:34.674+0000] {dag.py:4180} INFO - Setting next_dagrun for consume_1_or_both_2_and_3_with_dataset_expressions to None, run_after=None
[2026-06-19T16:43:34.682+0000] {logging_mixin.py:190} INFO - [2026-06-19T16:43:34.681+0000] {dag.py:4180} INFO - Setting next_dagrun for dataset_consumes_1 to None, run_after=None
[2026-06-19T16:43:34.689+0000] {logging_mixin.py:190} INFO - [2026-06-19T16:43:34.688+0000] {dag.py:4180} INFO - Setting next_dagrun for dataset_consumes_1_and_2 to None, run_after=None
[2026-06-19T16:43:34.709+0000] {logging_mixin.py:190} INFO - [2026-06-19T16:43:34.705+0000] {dag.py:4180} INFO - Setting next_dagrun for dataset_consumes_1_never_scheduled to None, run_after=None
[2026-06-19T16:43:34.720+0000] {logging_mixin.py:190} INFO - [2026-06-19T16:43:34.719+0000] {dag.py:4180} INFO - Setting next_dagrun for dataset_consumes_unknown_never_scheduled to None, run_after=None
[2026-06-19T16:43:34.736+0000] {logging_mixin.py:190} INFO - [2026-06-19T16:43:34.735+0000] {dag.py:4180} INFO - Setting next_dagrun for dataset_produces_1 to 2026-06-18 00:00:00+00:00, run_after=2026-06-19 00:00:00+00:00
[2026-06-19T16:43:34.780+0000] {logging_mixin.py:190} INFO - [2026-06-19T16:43:34.779+0000] {dag.py:4180} INFO - Setting next_dagrun for dataset_produces_2 to None, run_after=None
[2026-06-19T16:43:35.041+0000] {processor.py:208} INFO - Processing /home/airflow/.local/lib/python3.12/site-packages/airflow/example_dags/example_datasets.py took 4.840 seconds
[2026-06-19T16:44:07.437+0000] {processor.py:186} INFO - Started process (PID=285) to work on /home/airflow/.local/lib/python3.12/site-packages/airflow/example_dags/example_datasets.py
[2026-06-19T16:44:07.455+0000] {processor.py:914} INFO - Processing file /home/airflow/.local/lib/python3.12/site-packages/airflow/example_dags/example_datasets.py for tasks to queue
[2026-06-19T16:44:07.473+0000] {logging_mixin.py:190} INFO - [2026-06-19T16:44:07.472+0000] {dagbag.py:588} INFO - Filling up the DagBag from /home/airflow/.local/lib/python3.12/site-packages/airflow/example_dags/example_datasets.py
[2026-06-19T16:44:12.078+0000] {processor.py:925} INFO - DAG(s) 'dataset_produces_2', 'consume_1_or_both_2_and_3_with_dataset_expressions', 'conditional_dataset_and_time_based_timetable', 'consume_1_and_2_with_dataset_expressions', 'dataset_consumes_1_and_2', 'dataset_consumes_1_never_scheduled', 'dataset_produces_1', 'dataset_consumes_1', 'consume_1_or_2_with_dataset_expressions', 'dataset_consumes_unknown_never_scheduled' retrieved from /home/airflow/.local/lib/python3.12/site-packages/airflow/example_dags/example_datasets.py
[2026-06-19T16:44:12.321+0000] {logging_mixin.py:190} INFO - [2026-06-19T16:44:12.320+0000] {dag.py:3239} INFO - Sync 10 DAGs
[2026-06-19T16:44:12.513+0000] {logging_mixin.py:190} INFO - [2026-06-19T16:44:12.501+0000] {dag.py:4180} INFO - Setting next_dagrun for conditional_dataset_and_time_based_timetable to 2026-06-17 01:00:00+00:00, run_after=2026-06-17 01:00:00+00:00
[2026-06-19T16:44:12.564+0000] {logging_mixin.py:190} INFO - [2026-06-19T16:44:12.563+0000] {dag.py:4180} INFO - Setting next_dagrun for consume_1_and_2_with_dataset_expressions to None, run_after=None
[2026-06-19T16:44:12.583+0000] {logging_mixin.py:190} INFO - [2026-06-19T16:44:12.583+0000] {dag.py:4180} INFO - Setting next_dagrun for consume_1_or_2_with_dataset_expressions to None, run_after=None
[2026-06-19T16:44:12.602+0000] {logging_mixin.py:190} INFO - [2026-06-19T16:44:12.602+0000] {dag.py:4180} INFO - Setting next_dagrun for consume_1_or_both_2_and_3_with_dataset_expressions to None, run_after=None
[2026-06-19T16:44:12.616+0000] {logging_mixin.py:190} INFO - [2026-06-19T16:44:12.616+0000] {dag.py:4180} INFO - Setting next_dagrun for dataset_consumes_1 to None, run_after=None
[2026-06-19T16:44:12.632+0000] {logging_mixin.py:190} INFO - [2026-06-19T16:44:12.631+0000] {dag.py:4180} INFO - Setting next_dagrun for dataset_consumes_1_and_2 to None, run_after=None
[2026-06-19T16:44:12.649+0000] {logging_mixin.py:190} INFO - [2026-06-19T16:44:12.648+0000] {dag.py:4180} INFO - Setting next_dagrun for dataset_consumes_1_never_scheduled to None, run_after=None
[2026-06-19T16:44:12.657+0000] {logging_mixin.py:190} INFO - [2026-06-19T16:44:12.656+0000] {dag.py:4180} INFO - Setting next_dagrun for dataset_consumes_unknown_never_scheduled to None, run_after=None
[2026-06-19T16:44:12.674+0000] {logging_mixin.py:190} INFO - [2026-06-19T16:44:12.674+0000] {dag.py:4180} INFO - Setting next_dagrun for dataset_produces_1 to 2026-06-18 00:00:00+00:00, run_after=2026-06-19 00:00:00+00:00
[2026-06-19T16:44:12.692+0000] {logging_mixin.py:190} INFO - [2026-06-19T16:44:12.691+0000] {dag.py:4180} INFO - Setting next_dagrun for dataset_produces_2 to None, run_after=None
[2026-06-19T16:44:12.937+0000] {processor.py:208} INFO - Processing /home/airflow/.local/lib/python3.12/site-packages/airflow/example_dags/example_datasets.py took 5.526 seconds
[2026-06-19T16:44:43.755+0000] {processor.py:186} INFO - Started process (PID=353) to work on /home/airflow/.local/lib/python3.12/site-packages/airflow/example_dags/example_datasets.py
[2026-06-19T16:44:43.751+0000] {processor.py:914} INFO - Processing file /home/airflow/.local/lib/python3.12/site-packages/airflow/example_dags/example_datasets.py for tasks to queue
[2026-06-19T16:44:43.763+0000] {logging_mixin.py:190} INFO - [2026-06-19T16:44:43.762+0000] {dagbag.py:588} INFO - Filling up the DagBag from /home/airflow/.local/lib/python3.12/site-packages/airflow/example_dags/example_datasets.py
[2026-06-19T16:44:45.770+0000] {processor.py:925} INFO - DAG(s) 'dataset_consumes_1', 'consume_1_or_both_2_and_3_with_dataset_expressions', 'dataset_produces_2', 'dataset_consumes_1_and_2', 'dataset_produces_1', 'conditional_dataset_and_time_based_timetable', 'consume_1_and_2_with_dataset_expressions', 'dataset_consumes_unknown_never_scheduled', 'consume_1_or_2_with_dataset_expressions', 'dataset_consumes_1_never_scheduled' retrieved from /home/airflow/.local/lib/python3.12/site-packages/airflow/example_dags/example_datasets.py
[2026-06-19T16:44:45.962+0000] {logging_mixin.py:190} INFO - [2026-06-19T16:44:45.961+0000] {dag.py:3239} INFO - Sync 10 DAGs
[2026-06-19T16:44:46.054+0000] {logging_mixin.py:190} INFO - [2026-06-19T16:44:46.054+0000] {dag.py:4180} INFO - Setting next_dagrun for conditional_dataset_and_time_based_timetable to 2026-06-17 01:00:00+00:00, run_after=2026-06-17 01:00:00+00:00
[2026-06-19T16:44:46.068+0000] {logging_mixin.py:190} INFO - [2026-06-19T16:44:46.067+0000] {dag.py:4180} INFO - Setting next_dagrun for consume_1_and_2_with_dataset_expressions to None, run_after=None
[2026-06-19T16:44:46.078+0000] {logging_mixin.py:190} INFO - [2026-06-19T16:44:46.076+0000] {dag.py:4180} INFO - Setting next_dagrun for consume_1_or_2_with_dataset_expressions to None, run_after=None
[2026-06-19T16:44:46.084+0000] {logging_mixin.py:190} INFO - [2026-06-19T16:44:46.084+0000] {dag.py:4180} INFO - Setting next_dagrun for consume_1_or_both_2_and_3_with_dataset_expressions to None, run_after=None
[2026-06-19T16:44:46.090+0000] {logging_mixin.py:190} INFO - [2026-06-19T16:44:46.090+0000] {dag.py:4180} INFO - Setting next_dagrun for dataset_consumes_1 to None, run_after=None
[2026-06-19T16:44:46.098+0000] {logging_mixin.py:190} INFO - [2026-06-19T16:44:46.098+0000] {dag.py:4180} INFO - Setting next_dagrun for dataset_consumes_1_and_2 to None, run_after=None
[2026-06-19T16:44:46.104+0000] {logging_mixin.py:190} INFO - [2026-06-19T16:44:46.104+0000] {dag.py:4180} INFO - Setting next_dagrun for dataset_consumes_1_never_scheduled to None, run_after=None
[2026-06-19T16:44:46.114+0000] {logging_mixin.py:190} INFO - [2026-06-19T16:44:46.113+0000] {dag.py:4180} INFO - Setting next_dagrun for dataset_consumes_unknown_never_scheduled to None, run_after=None
[2026-06-19T16:44:46.124+0000] {logging_mixin.py:190} INFO - [2026-06-19T16:44:46.123+0000] {dag.py:4180} INFO - Setting next_dagrun for dataset_produces_1 to 2026-06-18 00:00:00+00:00, run_after=2026-06-19 00:00:00+00:00
[2026-06-19T16:44:46.140+0000] {logging_mixin.py:190} INFO - [2026-06-19T16:44:46.139+0000] {dag.py:4180} INFO - Setting next_dagrun for dataset_produces_2 to None, run_after=None
[2026-06-19T16:44:46.250+0000] {processor.py:208} INFO - Processing /home/airflow/.local/lib/python3.12/site-packages/airflow/example_dags/example_datasets.py took 2.534 seconds
[2026-06-19T16:45:16.833+0000] {processor.py:186} INFO - Started process (PID=421) to work on /home/airflow/.local/lib/python3.12/site-packages/airflow/example_dags/example_datasets.py
[2026-06-19T16:45:16.838+0000] {processor.py:914} INFO - Processing file /home/airflow/.local/lib/python3.12/site-packages/airflow/example_dags/example_datasets.py for tasks to queue
[2026-06-19T16:45:16.849+0000] {logging_mixin.py:190} INFO - [2026-06-19T16:45:16.848+0000] {dagbag.py:588} INFO - Filling up the DagBag from /home/airflow/.local/lib/python3.12/site-packages/airflow/example_dags/example_datasets.py
[2026-06-19T16:45:19.124+0000] {processor.py:925} INFO - DAG(s) 'consume_1_and_2_with_dataset_expressions', 'dataset_produces_2', 'dataset_consumes_1_never_scheduled', 'dataset_consumes_unknown_never_scheduled', 'dataset_consumes_1_and_2', 'conditional_dataset_and_time_based_timetable', 'dataset_produces_1', 'consume_1_or_2_with_dataset_expressions', 'consume_1_or_both_2_and_3_with_dataset_expressions', 'dataset_consumes_1' retrieved from /home/airflow/.local/lib/python3.12/site-packages/airflow/example_dags/example_datasets.py
[2026-06-19T16:45:19.295+0000] {logging_mixin.py:190} INFO - [2026-06-19T16:45:19.295+0000] {dag.py:3239} INFO - Sync 10 DAGs
[2026-06-19T16:45:19.398+0000] {logging_mixin.py:190} INFO - [2026-06-19T16:45:19.398+0000] {dag.py:4180} INFO - Setting next_dagrun for conditional_dataset_and_time_based_timetable to 2026-06-17 01:00:00+00:00, run_after=2026-06-17 01:00:00+00:00
[2026-06-19T16:45:19.412+0000] {logging_mixin.py:190} INFO - [2026-06-19T16:45:19.411+0000] {dag.py:4180} INFO - Setting next_dagrun for consume_1_and_2_with_dataset_expressions to None, run_after=None
[2026-06-19T16:45:19.418+0000] {logging_mixin.py:190} INFO - [2026-06-19T16:45:19.417+0000] {dag.py:4180} INFO - Setting next_dagrun for consume_1_or_2_with_dataset_expressions to None, run_after=None
[2026-06-19T16:45:19.425+0000] {logging_mixin.py:190} INFO - [2026-06-19T16:45:19.423+0000] {dag.py:4180} INFO - Setting next_dagrun for consume_1_or_both_2_and_3_with_dataset_expressions to None, run_after=None
[2026-06-19T16:45:19.431+0000] {logging_mixin.py:190} INFO - [2026-06-19T16:45:19.430+0000] {dag.py:4180} INFO - Setting next_dagrun for dataset_consumes_1 to None, run_after=None
[2026-06-19T16:45:19.437+0000] {logging_mixin.py:190} INFO - [2026-06-19T16:45:19.436+0000] {dag.py:4180} INFO - Setting next_dagrun for dataset_consumes_1_and_2 to None, run_after=None
[2026-06-19T16:45:19.443+0000] {logging_mixin.py:190} INFO - [2026-06-19T16:45:19.442+0000] {dag.py:4180} INFO - Setting next_dagrun for dataset_consumes_1_never_scheduled to None, run_after=None
[2026-06-19T16:45:19.449+0000] {logging_mixin.py:190} INFO - [2026-06-19T16:45:19.449+0000] {dag.py:4180} INFO - Setting next_dagrun for dataset_consumes_unknown_never_scheduled to None, run_after=None
[2026-06-19T16:45:19.466+0000] {logging_mixin.py:190} INFO - [2026-06-19T16:45:19.465+0000] {dag.py:4180} INFO - Setting next_dagrun for dataset_produces_1 to 2026-06-18 00:00:00+00:00, run_after=2026-06-19 00:00:00+00:00
[2026-06-19T16:45:19.478+0000] {logging_mixin.py:190} INFO - [2026-06-19T16:45:19.478+0000] {dag.py:4180} INFO - Setting next_dagrun for dataset_produces_2 to None, run_after=None
[2026-06-19T16:45:19.631+0000] {processor.py:208} INFO - Processing /home/airflow/.local/lib/python3.12/site-packages/airflow/example_dags/example_datasets.py took 2.824 seconds
[2026-06-19T16:45:50.279+0000] {processor.py:186} INFO - Started process (PID=488) to work on /home/airflow/.local/lib/python3.12/site-packages/airflow/example_dags/example_datasets.py
[2026-06-19T16:45:50.283+0000] {processor.py:914} INFO - Processing file /home/airflow/.local/lib/python3.12/site-packages/airflow/example_dags/example_datasets.py for tasks to queue
[2026-06-19T16:45:50.290+0000] {logging_mixin.py:190} INFO - [2026-06-19T16:45:50.289+0000] {dagbag.py:588} INFO - Filling up the DagBag from /home/airflow/.local/lib/python3.12/site-packages/airflow/example_dags/example_datasets.py
[2026-06-19T16:45:51.560+0000] {processor.py:925} INFO - DAG(s) 'dataset_produces_1', 'consume_1_or_both_2_and_3_with_dataset_expressions', 'dataset_consumes_1_and_2', 'consume_1_or_2_with_dataset_expressions', 'dataset_produces_2', 'dataset_consumes_unknown_never_scheduled', 'dataset_consumes_1_never_scheduled', 'consume_1_and_2_with_dataset_expressions', 'conditional_dataset_and_time_based_timetable', 'dataset_consumes_1' retrieved from /home/airflow/.local/lib/python3.12/site-packages/airflow/example_dags/example_datasets.py
[2026-06-19T16:45:51.688+0000] {logging_mixin.py:190} INFO - [2026-06-19T16:45:51.688+0000] {dag.py:3239} INFO - Sync 10 DAGs
[2026-06-19T16:45:51.760+0000] {logging_mixin.py:190} INFO - [2026-06-19T16:45:51.759+0000] {dag.py:4180} INFO - Setting next_dagrun for conditional_dataset_and_time_based_timetable to 2026-06-17 01:00:00+00:00, run_after=2026-06-17 01:00:00+00:00
[2026-06-19T16:45:51.773+0000] {logging_mixin.py:190} INFO - [2026-06-19T16:45:51.772+0000] {dag.py:4180} INFO - Setting next_dagrun for consume_1_and_2_with_dataset_expressions to None, run_after=None
[2026-06-19T16:45:51.779+0000] {logging_mixin.py:190} INFO - [2026-06-19T16:45:51.779+0000] {dag.py:4180} INFO - Setting next_dagrun for consume_1_or_2_with_dataset_expressions to None, run_after=None
[2026-06-19T16:45:51.785+0000] {logging_mixin.py:190} INFO - [2026-06-19T16:45:51.784+0000] {dag.py:4180} INFO - Setting next_dagrun for consume_1_or_both_2_and_3_with_dataset_expressions to None, run_after=None
[2026-06-19T16:45:51.789+0000] {logging_mixin.py:190} INFO - [2026-06-19T16:45:51.789+0000] {dag.py:4180} INFO - Setting next_dagrun for dataset_consumes_1 to None, run_after=None
[2026-06-19T16:45:51.795+0000] {logging_mixin.py:190} INFO - [2026-06-19T16:45:51.795+0000] {dag.py:4180} INFO - Setting next_dagrun for dataset_consumes_1_and_2 to None, run_after=None
[2026-06-19T16:45:51.800+0000] {logging_mixin.py:190} INFO - [2026-06-19T16:45:51.800+0000] {dag.py:4180} INFO - Setting next_dagrun for dataset_consumes_1_never_scheduled to None, run_after=None
[2026-06-19T16:45:51.804+0000] {logging_mixin.py:190} INFO - [2026-06-19T16:45:51.804+0000] {dag.py:4180} INFO - Setting next_dagrun for dataset_consumes_unknown_never_scheduled to None, run_after=None
[2026-06-19T16:45:51.812+0000] {logging_mixin.py:190} INFO - [2026-06-19T16:45:51.812+0000] {dag.py:4180} INFO - Setting next_dagrun for dataset_produces_1 to 2026-06-18 00:00:00+00:00, run_after=2026-06-19 00:00:00+00:00
[2026-06-19T16:45:51.817+0000] {logging_mixin.py:190} INFO - [2026-06-19T16:45:51.817+0000] {dag.py:4180} INFO - Setting next_dagrun for dataset_produces_2 to None, run_after=None
[2026-06-19T16:45:51.899+0000] {processor.py:208} INFO - Processing /home/airflow/.local/lib/python3.12/site-packages/airflow/example_dags/example_datasets.py took 1.632 seconds
[2026-06-19T16:46:22.295+0000] {processor.py:186} INFO - Started process (PID=556) to work on /home/airflow/.local/lib/python3.12/site-packages/airflow/example_dags/example_datasets.py
[2026-06-19T16:46:22.300+0000] {processor.py:914} INFO - Processing file /home/airflow/.local/lib/python3.12/site-packages/airflow/example_dags/example_datasets.py for tasks to queue
[2026-06-19T16:46:22.308+0000] {logging_mixin.py:190} INFO - [2026-06-19T16:46:22.307+0000] {dagbag.py:588} INFO - Filling up the DagBag from /home/airflow/.local/lib/python3.12/site-packages/airflow/example_dags/example_datasets.py
[2026-06-19T16:46:24.149+0000] {processor.py:925} INFO - DAG(s) 'consume_1_and_2_with_dataset_expressions', 'dataset_consumes_1_and_2', 'dataset_consumes_1', 'dataset_consumes_1_never_scheduled', 'consume_1_or_both_2_and_3_with_dataset_expressions', 'dataset_consumes_unknown_never_scheduled', 'dataset_produces_2', 'consume_1_or_2_with_dataset_expressions', 'dataset_produces_1', 'conditional_dataset_and_time_based_timetable' retrieved from /home/airflow/.local/lib/python3.12/site-packages/airflow/example_dags/example_datasets.py
[2026-06-19T16:46:24.288+0000] {logging_mixin.py:190} INFO - [2026-06-19T16:46:24.287+0000] {dag.py:3239} INFO - Sync 10 DAGs
[2026-06-19T16:46:24.426+0000] {logging_mixin.py:190} INFO - [2026-06-19T16:46:24.425+0000] {dag.py:4180} INFO - Setting next_dagrun for conditional_dataset_and_time_based_timetable to 2026-06-17 01:00:00+00:00, run_after=2026-06-17 01:00:00+00:00
[2026-06-19T16:46:24.459+0000] {logging_mixin.py:190} INFO - [2026-06-19T16:46:24.458+0000] {dag.py:4180} INFO - Setting next_dagrun for consume_1_and_2_with_dataset_expressions to None, run_after=None
[2026-06-19T16:46:24.476+0000] {logging_mixin.py:190} INFO - [2026-06-19T16:46:24.475+0000] {dag.py:4180} INFO - Setting next_dagrun for consume_1_or_2_with_dataset_expressions to None, run_after=None
[2026-06-19T16:46:24.566+0000] {logging_mixin.py:190} INFO - [2026-06-19T16:46:24.565+0000] {dag.py:4180} INFO - Setting next_dagrun for consume_1_or_both_2_and_3_with_dataset_expressions to None, run_after=None
[2026-06-19T16:46:24.583+0000] {logging_mixin.py:190} INFO - [2026-06-19T16:46:24.582+0000] {dag.py:4180} INFO - Setting next_dagrun for dataset_consumes_1 to None, run_after=None
[2026-06-19T16:46:24.593+0000] {logging_mixin.py:190} INFO - [2026-06-19T16:46:24.592+0000] {dag.py:4180} INFO - Setting next_dagrun for dataset_consumes_1_and_2 to None, run_after=None
[2026-06-19T16:46:24.611+0000] {logging_mixin.py:190} INFO - [2026-06-19T16:46:24.610+0000] {dag.py:4180} INFO - Setting next_dagrun for dataset_consumes_1_never_scheduled to None, run_after=None
[2026-06-19T16:46:24.616+0000] {logging_mixin.py:190} INFO - [2026-06-19T16:46:24.616+0000] {dag.py:4180} INFO - Setting next_dagrun for dataset_consumes_unknown_never_scheduled to None, run_after=None
[2026-06-19T16:46:24.630+0000] {logging_mixin.py:190} INFO - [2026-06-19T16:46:24.629+0000] {dag.py:4180} INFO - Setting next_dagrun for dataset_produces_1 to 2026-06-18 00:00:00+00:00, run_after=2026-06-19 00:00:00+00:00
[2026-06-19T16:46:24.637+0000] {logging_mixin.py:190} INFO - [2026-06-19T16:46:24.636+0000] {dag.py:4180} INFO - Setting next_dagrun for dataset_produces_2 to None, run_after=None
[2026-06-19T16:46:24.807+0000] {processor.py:208} INFO - Processing /home/airflow/.local/lib/python3.12/site-packages/airflow/example_dags/example_datasets.py took 2.528 seconds
[2026-06-19T16:46:58.114+0000] {processor.py:186} INFO - Started process (PID=625) to work on /home/airflow/.local/lib/python3.12/site-packages/airflow/example_dags/example_datasets.py
[2026-06-19T16:46:58.124+0000] {processor.py:914} INFO - Processing file /home/airflow/.local/lib/python3.12/site-packages/airflow/example_dags/example_datasets.py for tasks to queue
[2026-06-19T16:46:58.144+0000] {logging_mixin.py:190} INFO - [2026-06-19T16:46:58.139+0000] {dagbag.py:588} INFO - Filling up the DagBag from /home/airflow/.local/lib/python3.12/site-packages/airflow/example_dags/example_datasets.py
[2026-06-19T16:47:01.053+0000] {processor.py:925} INFO - DAG(s) 'consume_1_or_2_with_dataset_expressions', 'conditional_dataset_and_time_based_timetable', 'consume_1_and_2_with_dataset_expressions', 'dataset_consumes_1', 'dataset_consumes_1_never_scheduled', 'dataset_consumes_1_and_2', 'consume_1_or_both_2_and_3_with_dataset_expressions', 'dataset_consumes_unknown_never_scheduled', 'dataset_produces_2', 'dataset_produces_1' retrieved from /home/airflow/.local/lib/python3.12/site-packages/airflow/example_dags/example_datasets.py
[2026-06-19T16:47:01.250+0000] {logging_mixin.py:190} INFO - [2026-06-19T16:47:01.250+0000] {dag.py:3239} INFO - Sync 10 DAGs
[2026-06-19T16:47:01.351+0000] {logging_mixin.py:190} INFO - [2026-06-19T16:47:01.350+0000] {dag.py:4180} INFO - Setting next_dagrun for conditional_dataset_and_time_based_timetable to 2026-06-17 01:00:00+00:00, run_after=2026-06-17 01:00:00+00:00
[2026-06-19T16:47:01.370+0000] {logging_mixin.py:190} INFO - [2026-06-19T16:47:01.369+0000] {dag.py:4180} INFO - Setting next_dagrun for consume_1_and_2_with_dataset_expressions to None, run_after=None
[2026-06-19T16:47:01.380+0000] {logging_mixin.py:190} INFO - [2026-06-19T16:47:01.379+0000] {dag.py:4180} INFO - Setting next_dagrun for consume_1_or_2_with_dataset_expressions to None, run_after=None
[2026-06-19T16:47:01.388+0000] {logging_mixin.py:190} INFO - [2026-06-19T16:47:01.387+0000] {dag.py:4180} INFO - Setting next_dagrun for consume_1_or_both_2_and_3_with_dataset_expressions to None, run_after=None
[2026-06-19T16:47:01.396+0000] {logging_mixin.py:190} INFO - [2026-06-19T16:47:01.395+0000] {dag.py:4180} INFO - Setting next_dagrun for dataset_consumes_1 to None, run_after=None
[2026-06-19T16:47:01.402+0000] {logging_mixin.py:190} INFO - [2026-06-19T16:47:01.401+0000] {dag.py:4180} INFO - Setting next_dagrun for dataset_consumes_1_and_2 to None, run_after=None
[2026-06-19T16:47:01.409+0000] {logging_mixin.py:190} INFO - [2026-06-19T16:47:01.409+0000] {dag.py:4180} INFO - Setting next_dagrun for dataset_consumes_1_never_scheduled to None, run_after=None
[2026-06-19T16:47:01.416+0000] {logging_mixin.py:190} INFO - [2026-06-19T16:47:01.416+0000] {dag.py:4180} INFO - Setting next_dagrun for dataset_consumes_unknown_never_scheduled to None, run_after=None
[2026-06-19T16:47:01.430+0000] {logging_mixin.py:190} INFO - [2026-06-19T16:47:01.429+0000] {dag.py:4180} INFO - Setting next_dagrun for dataset_produces_1 to 2026-06-18 00:00:00+00:00, run_after=2026-06-19 00:00:00+00:00
[2026-06-19T16:47:01.438+0000] {logging_mixin.py:190} INFO - [2026-06-19T16:47:01.438+0000] {dag.py:4180} INFO - Setting next_dagrun for dataset_produces_2 to None, run_after=None
[2026-06-19T16:47:01.555+0000] {processor.py:208} INFO - Processing /home/airflow/.local/lib/python3.12/site-packages/airflow/example_dags/example_datasets.py took 3.468 seconds
[2026-06-19T16:47:31.816+0000] {processor.py:186} INFO - Started process (PID=699) to work on /home/airflow/.local/lib/python3.12/site-packages/airflow/example_dags/example_datasets.py
[2026-06-19T16:47:31.820+0000] {processor.py:914} INFO - Processing file /home/airflow/.local/lib/python3.12/site-packages/airflow/example_dags/example_datasets.py for tasks to queue
[2026-06-19T16:47:31.828+0000] {logging_mixin.py:190} INFO - [2026-06-19T16:47:31.827+0000] {dagbag.py:588} INFO - Filling up the DagBag from /home/airflow/.local/lib/python3.12/site-packages/airflow/example_dags/example_datasets.py
[2026-06-19T16:47:33.606+0000] {processor.py:925} INFO - DAG(s) 'dataset_produces_2', 'dataset_consumes_unknown_never_scheduled', 'consume_1_or_2_with_dataset_expressions', 'conditional_dataset_and_time_based_timetable', 'consume_1_or_both_2_and_3_with_dataset_expressions', 'dataset_produces_1', 'dataset_consumes_1', 'dataset_consumes_1_never_scheduled', 'dataset_consumes_1_and_2', 'consume_1_and_2_with_dataset_expressions' retrieved from /home/airflow/.local/lib/python3.12/site-packages/airflow/example_dags/example_datasets.py
[2026-06-19T16:47:33.852+0000] {logging_mixin.py:190} INFO - [2026-06-19T16:47:33.851+0000] {dag.py:3239} INFO - Sync 10 DAGs
[2026-06-19T16:47:33.994+0000] {logging_mixin.py:190} INFO - [2026-06-19T16:47:33.993+0000] {dag.py:4180} INFO - Setting next_dagrun for conditional_dataset_and_time_based_timetable to 2026-06-17 01:00:00+00:00, run_after=2026-06-17 01:00:00+00:00
[2026-06-19T16:47:34.022+0000] {logging_mixin.py:190} INFO - [2026-06-19T16:47:34.022+0000] {dag.py:4180} INFO - Setting next_dagrun for consume_1_and_2_with_dataset_expressions to None, run_after=None
[2026-06-19T16:47:34.033+0000] {logging_mixin.py:190} INFO - [2026-06-19T16:47:34.032+0000] {dag.py:4180} INFO - Setting next_dagrun for consume_1_or_2_with_dataset_expressions to None, run_after=None
[2026-06-19T16:47:34.049+0000] {logging_mixin.py:190} INFO - [2026-06-19T16:47:34.049+0000] {dag.py:4180} INFO - Setting next_dagrun for consume_1_or_both_2_and_3_with_dataset_expressions to None, run_after=None
[2026-06-19T16:47:34.065+0000] {logging_mixin.py:190} INFO - [2026-06-19T16:47:34.064+0000] {dag.py:4180} INFO - Setting next_dagrun for dataset_consumes_1 to None, run_after=None
[2026-06-19T16:47:34.080+0000] {logging_mixin.py:190} INFO - [2026-06-19T16:47:34.079+0000] {dag.py:4180} INFO - Setting next_dagrun for dataset_consumes_1_and_2 to None, run_after=None
[2026-06-19T16:47:34.097+0000] {logging_mixin.py:190} INFO - [2026-06-19T16:47:34.097+0000] {dag.py:4180} INFO - Setting next_dagrun for dataset_consumes_1_never_scheduled to None, run_after=None
[2026-06-19T16:47:34.104+0000] {logging_mixin.py:190} INFO - [2026-06-19T16:47:34.103+0000] {dag.py:4180} INFO - Setting next_dagrun for dataset_consumes_unknown_never_scheduled to None, run_after=None
[2026-06-19T16:47:34.119+0000] {logging_mixin.py:190} INFO - [2026-06-19T16:47:34.118+0000] {dag.py:4180} INFO - Setting next_dagrun for dataset_produces_1 to 2026-06-18 00:00:00+00:00, run_after=2026-06-19 00:00:00+00:00
[2026-06-19T16:47:34.133+0000] {logging_mixin.py:190} INFO - [2026-06-19T16:47:34.133+0000] {dag.py:4180} INFO - Setting next_dagrun for dataset_produces_2 to None, run_after=None
[2026-06-19T16:47:34.384+0000] {processor.py:208} INFO - Processing /home/airflow/.local/lib/python3.12/site-packages/airflow/example_dags/example_datasets.py took 2.590 seconds
[2026-06-19T16:48:04.920+0000] {processor.py:186} INFO - Started process (PID=767) to work on /home/airflow/.local/lib/python3.12/site-packages/airflow/example_dags/example_datasets.py
[2026-06-19T16:48:04.928+0000] {processor.py:914} INFO - Processing file /home/airflow/.local/lib/python3.12/site-packages/airflow/example_dags/example_datasets.py for tasks to queue
[2026-06-19T16:48:04.940+0000] {logging_mixin.py:190} INFO - [2026-06-19T16:48:04.939+0000] {dagbag.py:588} INFO - Filling up the DagBag from /home/airflow/.local/lib/python3.12/site-packages/airflow/example_dags/example_datasets.py
[2026-06-19T16:48:06.879+0000] {processor.py:925} INFO - DAG(s) 'dataset_consumes_1_and_2', 'dataset_produces_2', 'consume_1_or_both_2_and_3_with_dataset_expressions', 'dataset_consumes_1_never_scheduled', 'dataset_consumes_unknown_never_scheduled', 'consume_1_and_2_with_dataset_expressions', 'dataset_produces_1', 'dataset_consumes_1', 'conditional_dataset_and_time_based_timetable', 'consume_1_or_2_with_dataset_expressions' retrieved from /home/airflow/.local/lib/python3.12/site-packages/airflow/example_dags/example_datasets.py
[2026-06-19T16:48:07.007+0000] {logging_mixin.py:190} INFO - [2026-06-19T16:48:07.006+0000] {dag.py:3239} INFO - Sync 10 DAGs
[2026-06-19T16:48:07.085+0000] {logging_mixin.py:190} INFO - [2026-06-19T16:48:07.085+0000] {dag.py:4180} INFO - Setting next_dagrun for conditional_dataset_and_time_based_timetable to 2026-06-17 01:00:00+00:00, run_after=2026-06-17 01:00:00+00:00
[2026-06-19T16:48:07.100+0000] {logging_mixin.py:190} INFO - [2026-06-19T16:48:07.099+0000] {dag.py:4180} INFO - Setting next_dagrun for consume_1_and_2_with_dataset_expressions to None, run_after=None
[2026-06-19T16:48:07.106+0000] {logging_mixin.py:190} INFO - [2026-06-19T16:48:07.106+0000] {dag.py:4180} INFO - Setting next_dagrun for consume_1_or_2_with_dataset_expressions to None, run_after=None
[2026-06-19T16:48:07.112+0000] {logging_mixin.py:190} INFO - [2026-06-19T16:48:07.111+0000] {dag.py:4180} INFO - Setting next_dagrun for consume_1_or_both_2_and_3_with_dataset_expressions to None, run_after=None
[2026-06-19T16:48:07.118+0000] {logging_mixin.py:190} INFO - [2026-06-19T16:48:07.117+0000] {dag.py:4180} INFO - Setting next_dagrun for dataset_consumes_1 to None, run_after=None
[2026-06-19T16:48:07.123+0000] {logging_mixin.py:190} INFO - [2026-06-19T16:48:07.122+0000] {dag.py:4180} INFO - Setting next_dagrun for dataset_consumes_1_and_2 to None, run_after=None
[2026-06-19T16:48:07.129+0000] {logging_mixin.py:190} INFO - [2026-06-19T16:48:07.128+0000] {dag.py:4180} INFO - Setting next_dagrun for dataset_consumes_1_never_scheduled to None, run_after=None
[2026-06-19T16:48:07.133+0000] {logging_mixin.py:190} INFO - [2026-06-19T16:48:07.133+0000] {dag.py:4180} INFO - Setting next_dagrun for dataset_consumes_unknown_never_scheduled to None, run_after=None
[2026-06-19T16:48:07.141+0000] {logging_mixin.py:190} INFO - [2026-06-19T16:48:07.141+0000] {dag.py:4180} INFO - Setting next_dagrun for dataset_produces_1 to 2026-06-18 00:00:00+00:00, run_after=2026-06-19 00:00:00+00:00
[2026-06-19T16:48:07.148+0000] {logging_mixin.py:190} INFO - [2026-06-19T16:48:07.147+0000] {dag.py:4180} INFO - Setting next_dagrun for dataset_produces_2 to None, run_after=None
[2026-06-19T16:48:07.247+0000] {processor.py:208} INFO - Processing /home/airflow/.local/lib/python3.12/site-packages/airflow/example_dags/example_datasets.py took 2.353 seconds
[2026-06-19T16:48:38.008+0000] {processor.py:186} INFO - Started process (PID=834) to work on /home/airflow/.local/lib/python3.12/site-packages/airflow/example_dags/example_datasets.py
[2026-06-19T16:48:38.012+0000] {processor.py:914} INFO - Processing file /home/airflow/.local/lib/python3.12/site-packages/airflow/example_dags/example_datasets.py for tasks to queue
[2026-06-19T16:48:38.019+0000] {logging_mixin.py:190} INFO - [2026-06-19T16:48:38.018+0000] {dagbag.py:588} INFO - Filling up the DagBag from /home/airflow/.local/lib/python3.12/site-packages/airflow/example_dags/example_datasets.py
[2026-06-19T16:48:40.077+0000] {processor.py:925} INFO - DAG(s) 'dataset_consumes_1_never_scheduled', 'consume_1_or_2_with_dataset_expressions', 'dataset_produces_2', 'dataset_consumes_1_and_2', 'dataset_consumes_unknown_never_scheduled', 'dataset_produces_1', 'conditional_dataset_and_time_based_timetable', 'consume_1_and_2_with_dataset_expressions', 'consume_1_or_both_2_and_3_with_dataset_expressions', 'dataset_consumes_1' retrieved from /home/airflow/.local/lib/python3.12/site-packages/airflow/example_dags/example_datasets.py
[2026-06-19T16:48:40.229+0000] {logging_mixin.py:190} INFO - [2026-06-19T16:48:40.228+0000] {dag.py:3239} INFO - Sync 10 DAGs
[2026-06-19T16:48:40.330+0000] {logging_mixin.py:190} INFO - [2026-06-19T16:48:40.329+0000] {dag.py:4180} INFO - Setting next_dagrun for conditional_dataset_and_time_based_timetable to 2026-06-17 01:00:00+00:00, run_after=2026-06-17 01:00:00+00:00
[2026-06-19T16:48:40.348+0000] {logging_mixin.py:190} INFO - [2026-06-19T16:48:40.347+0000] {dag.py:4180} INFO - Setting next_dagrun for consume_1_and_2_with_dataset_expressions to None, run_after=None
[2026-06-19T16:48:40.359+0000] {logging_mixin.py:190} INFO - [2026-06-19T16:48:40.359+0000] {dag.py:4180} INFO - Setting next_dagrun for consume_1_or_2_with_dataset_expressions to None, run_after=None
[2026-06-19T16:48:40.364+0000] {logging_mixin.py:190} INFO - [2026-06-19T16:48:40.364+0000] {dag.py:4180} INFO - Setting next_dagrun for consume_1_or_both_2_and_3_with_dataset_expressions to None, run_after=None
[2026-06-19T16:48:40.370+0000] {logging_mixin.py:190} INFO - [2026-06-19T16:48:40.369+0000] {dag.py:4180} INFO - Setting next_dagrun for dataset_consumes_1 to None, run_after=None
[2026-06-19T16:48:40.375+0000] {logging_mixin.py:190} INFO - [2026-06-19T16:48:40.374+0000] {dag.py:4180} INFO - Setting next_dagrun for dataset_consumes_1_and_2 to None, run_after=None
[2026-06-19T16:48:40.380+0000] {logging_mixin.py:190} INFO - [2026-06-19T16:48:40.379+0000] {dag.py:4180} INFO - Setting next_dagrun for dataset_consumes_1_never_scheduled to None, run_after=None
[2026-06-19T16:48:40.385+0000] {logging_mixin.py:190} INFO - [2026-06-19T16:48:40.385+0000] {dag.py:4180} INFO - Setting next_dagrun for dataset_consumes_unknown_never_scheduled to None, run_after=None
[2026-06-19T16:48:40.398+0000] {logging_mixin.py:190} INFO - [2026-06-19T16:48:40.397+0000] {dag.py:4180} INFO - Setting next_dagrun for dataset_produces_1 to 2026-06-18 00:00:00+00:00, run_after=2026-06-19 00:00:00+00:00
[2026-06-19T16:48:40.405+0000] {logging_mixin.py:190} INFO - [2026-06-19T16:48:40.404+0000] {dag.py:4180} INFO - Setting next_dagrun for dataset_produces_2 to None, run_after=None
[2026-06-19T16:48:40.544+0000] {processor.py:208} INFO - Processing /home/airflow/.local/lib/python3.12/site-packages/airflow/example_dags/example_datasets.py took 2.551 seconds
[2026-06-19T16:49:11.769+0000] {processor.py:186} INFO - Started process (PID=899) to work on /home/airflow/.local/lib/python3.12/site-packages/airflow/example_dags/example_datasets.py
[2026-06-19T16:49:11.777+0000] {processor.py:914} INFO - Processing file /home/airflow/.local/lib/python3.12/site-packages/airflow/example_dags/example_datasets.py for tasks to queue
[2026-06-19T16:49:11.792+0000] {logging_mixin.py:190} INFO - [2026-06-19T16:49:11.791+0000] {dagbag.py:588} INFO - Filling up the DagBag from /home/airflow/.local/lib/python3.12/site-packages/airflow/example_dags/example_datasets.py
[2026-06-19T16:49:14.623+0000] {processor.py:925} INFO - DAG(s) 'dataset_produces_2', 'dataset_consumes_unknown_never_scheduled', 'consume_1_or_both_2_and_3_with_dataset_expressions', 'conditional_dataset_and_time_based_timetable', 'dataset_consumes_1_never_scheduled', 'dataset_consumes_1_and_2', 'consume_1_and_2_with_dataset_expressions', 'consume_1_or_2_with_dataset_expressions', 'dataset_consumes_1', 'dataset_produces_1' retrieved from /home/airflow/.local/lib/python3.12/site-packages/airflow/example_dags/example_datasets.py
[2026-06-19T16:49:14.855+0000] {logging_mixin.py:190} INFO - [2026-06-19T16:49:14.854+0000] {dag.py:3239} INFO - Sync 10 DAGs
[2026-06-19T16:49:15.042+0000] {logging_mixin.py:190} INFO - [2026-06-19T16:49:15.041+0000] {dag.py:4180} INFO - Setting next_dagrun for conditional_dataset_and_time_based_timetable to 2026-06-17 01:00:00+00:00, run_after=2026-06-17 01:00:00+00:00
[2026-06-19T16:49:15.090+0000] {logging_mixin.py:190} INFO - [2026-06-19T16:49:15.079+0000] {dag.py:4180} INFO - Setting next_dagrun for consume_1_and_2_with_dataset_expressions to None, run_after=None
[2026-06-19T16:49:15.106+0000] {logging_mixin.py:190} INFO - [2026-06-19T16:49:15.106+0000] {dag.py:4180} INFO - Setting next_dagrun for consume_1_or_2_with_dataset_expressions to None, run_after=None
[2026-06-19T16:49:15.115+0000] {logging_mixin.py:190} INFO - [2026-06-19T16:49:15.114+0000] {dag.py:4180} INFO - Setting next_dagrun for consume_1_or_both_2_and_3_with_dataset_expressions to None, run_after=None
[2026-06-19T16:49:15.123+0000] {logging_mixin.py:190} INFO - [2026-06-19T16:49:15.122+0000] {dag.py:4180} INFO - Setting next_dagrun for dataset_consumes_1 to None, run_after=None
[2026-06-19T16:49:15.138+0000] {logging_mixin.py:190} INFO - [2026-06-19T16:49:15.137+0000] {dag.py:4180} INFO - Setting next_dagrun for dataset_consumes_1_and_2 to None, run_after=None
[2026-06-19T16:49:15.162+0000] {logging_mixin.py:190} INFO - [2026-06-19T16:49:15.162+0000] {dag.py:4180} INFO - Setting next_dagrun for dataset_consumes_1_never_scheduled to None, run_after=None
[2026-06-19T16:49:15.172+0000] {logging_mixin.py:190} INFO - [2026-06-19T16:49:15.172+0000] {dag.py:4180} INFO - Setting next_dagrun for dataset_consumes_unknown_never_scheduled to None, run_after=None
[2026-06-19T16:49:15.191+0000] {logging_mixin.py:190} INFO - [2026-06-19T16:49:15.190+0000] {dag.py:4180} INFO - Setting next_dagrun for dataset_produces_1 to 2026-06-18 00:00:00+00:00, run_after=2026-06-19 00:00:00+00:00
[2026-06-19T16:49:15.199+0000] {logging_mixin.py:190} INFO - [2026-06-19T16:49:15.199+0000] {dag.py:4180} INFO - Setting next_dagrun for dataset_produces_2 to None, run_after=None
[2026-06-19T16:49:15.382+0000] {processor.py:208} INFO - Processing /home/airflow/.local/lib/python3.12/site-packages/airflow/example_dags/example_datasets.py took 3.676 seconds
[2026-06-19T16:49:46.169+0000] {processor.py:186} INFO - Started process (PID=966) to work on /home/airflow/.local/lib/python3.12/site-packages/airflow/example_dags/example_datasets.py
[2026-06-19T16:49:46.173+0000] {processor.py:914} INFO - Processing file /home/airflow/.local/lib/python3.12/site-packages/airflow/example_dags/example_datasets.py for tasks to queue
[2026-06-19T16:49:46.182+0000] {logging_mixin.py:190} INFO - [2026-06-19T16:49:46.181+0000] {dagbag.py:588} INFO - Filling up the DagBag from /home/airflow/.local/lib/python3.12/site-packages/airflow/example_dags/example_datasets.py
[2026-06-19T16:49:48.583+0000] {processor.py:925} INFO - DAG(s) 'dataset_consumes_1', 'dataset_consumes_1_and_2', 'dataset_produces_2', 'consume_1_or_both_2_and_3_with_dataset_expressions', 'dataset_consumes_1_never_scheduled', 'conditional_dataset_and_time_based_timetable', 'consume_1_and_2_with_dataset_expressions', 'dataset_consumes_unknown_never_scheduled', 'dataset_produces_1', 'consume_1_or_2_with_dataset_expressions' retrieved from /home/airflow/.local/lib/python3.12/site-packages/airflow/example_dags/example_datasets.py
[2026-06-19T16:49:48.803+0000] {logging_mixin.py:190} INFO - [2026-06-19T16:49:48.802+0000] {dag.py:3239} INFO - Sync 10 DAGs
[2026-06-19T16:49:48.919+0000] {logging_mixin.py:190} INFO - [2026-06-19T16:49:48.919+0000] {dag.py:4180} INFO - Setting next_dagrun for conditional_dataset_and_time_based_timetable to 2026-06-17 01:00:00+00:00, run_after=2026-06-17 01:00:00+00:00
[2026-06-19T16:49:48.938+0000] {logging_mixin.py:190} INFO - [2026-06-19T16:49:48.937+0000] {dag.py:4180} INFO - Setting next_dagrun for consume_1_and_2_with_dataset_expressions to None, run_after=None
[2026-06-19T16:49:48.953+0000] {logging_mixin.py:190} INFO - [2026-06-19T16:49:48.953+0000] {dag.py:4180} INFO - Setting next_dagrun for consume_1_or_2_with_dataset_expressions to None, run_after=None
[2026-06-19T16:49:48.966+0000] {logging_mixin.py:190} INFO - [2026-06-19T16:49:48.966+0000] {dag.py:4180} INFO - Setting next_dagrun for consume_1_or_both_2_and_3_with_dataset_expressions to None, run_after=None
[2026-06-19T16:49:48.974+0000] {logging_mixin.py:190} INFO - [2026-06-19T16:49:48.972+0000] {dag.py:4180} INFO - Setting next_dagrun for dataset_consumes_1 to None, run_after=None
[2026-06-19T16:49:48.982+0000] {logging_mixin.py:190} INFO - [2026-06-19T16:49:48.981+0000] {dag.py:4180} INFO - Setting next_dagrun for dataset_consumes_1_and_2 to None, run_after=None
[2026-06-19T16:49:48.987+0000] {logging_mixin.py:190} INFO - [2026-06-19T16:49:48.987+0000] {dag.py:4180} INFO - Setting next_dagrun for dataset_consumes_1_never_scheduled to None, run_after=None
[2026-06-19T16:49:48.992+0000] {logging_mixin.py:190} INFO - [2026-06-19T16:49:48.992+0000] {dag.py:4180} INFO - Setting next_dagrun for dataset_consumes_unknown_never_scheduled to None, run_after=None
[2026-06-19T16:49:49.004+0000] {logging_mixin.py:190} INFO - [2026-06-19T16:49:49.003+0000] {dag.py:4180} INFO - Setting next_dagrun for dataset_produces_1 to 2026-06-18 00:00:00+00:00, run_after=2026-06-19 00:00:00+00:00
[2026-06-19T16:49:49.011+0000] {logging_mixin.py:190} INFO - [2026-06-19T16:49:49.010+0000] {dag.py:4180} INFO - Setting next_dagrun for dataset_produces_2 to None, run_after=None
[2026-06-19T16:49:49.140+0000] {processor.py:208} INFO - Processing /home/airflow/.local/lib/python3.12/site-packages/airflow/example_dags/example_datasets.py took 2.991 seconds
[2026-06-19T16:50:19.918+0000] {processor.py:186} INFO - Started process (PID=1036) to work on /home/airflow/.local/lib/python3.12/site-packages/airflow/example_dags/example_datasets.py
[2026-06-19T16:50:19.923+0000] {processor.py:914} INFO - Processing file /home/airflow/.local/lib/python3.12/site-packages/airflow/example_dags/example_datasets.py for tasks to queue
[2026-06-19T16:50:19.931+0000] {logging_mixin.py:190} INFO - [2026-06-19T16:50:19.930+0000] {dagbag.py:588} INFO - Filling up the DagBag from /home/airflow/.local/lib/python3.12/site-packages/airflow/example_dags/example_datasets.py
[2026-06-19T16:50:21.558+0000] {processor.py:925} INFO - DAG(s) 'dataset_consumes_1_never_scheduled', 'consume_1_and_2_with_dataset_expressions', 'conditional_dataset_and_time_based_timetable', 'dataset_consumes_1_and_2', 'dataset_produces_2', 'dataset_produces_1', 'consume_1_or_both_2_and_3_with_dataset_expressions', 'dataset_consumes_unknown_never_scheduled', 'dataset_consumes_1', 'consume_1_or_2_with_dataset_expressions' retrieved from /home/airflow/.local/lib/python3.12/site-packages/airflow/example_dags/example_datasets.py
[2026-06-19T16:50:21.666+0000] {logging_mixin.py:190} INFO - [2026-06-19T16:50:21.665+0000] {dag.py:3239} INFO - Sync 10 DAGs
[2026-06-19T16:50:21.754+0000] {logging_mixin.py:190} INFO - [2026-06-19T16:50:21.754+0000] {dag.py:4180} INFO - Setting next_dagrun for conditional_dataset_and_time_based_timetable to 2026-06-17 01:00:00+00:00, run_after=2026-06-17 01:00:00+00:00
[2026-06-19T16:50:21.767+0000] {logging_mixin.py:190} INFO - [2026-06-19T16:50:21.767+0000] {dag.py:4180} INFO - Setting next_dagrun for consume_1_and_2_with_dataset_expressions to None, run_after=None
[2026-06-19T16:50:21.773+0000] {logging_mixin.py:190} INFO - [2026-06-19T16:50:21.773+0000] {dag.py:4180} INFO - Setting next_dagrun for consume_1_or_2_with_dataset_expressions to None, run_after=None
[2026-06-19T16:50:21.785+0000] {logging_mixin.py:190} INFO - [2026-06-19T16:50:21.784+0000] {dag.py:4180} INFO - Setting next_dagrun for consume_1_or_both_2_and_3_with_dataset_expressions to None, run_after=None
[2026-06-19T16:50:21.793+0000] {logging_mixin.py:190} INFO - [2026-06-19T16:50:21.792+0000] {dag.py:4180} INFO - Setting next_dagrun for dataset_consumes_1 to None, run_after=None
[2026-06-19T16:50:21.799+0000] {logging_mixin.py:190} INFO - [2026-06-19T16:50:21.799+0000] {dag.py:4180} INFO - Setting next_dagrun for dataset_consumes_1_and_2 to None, run_after=None
[2026-06-19T16:50:21.807+0000] {logging_mixin.py:190} INFO - [2026-06-19T16:50:21.807+0000] {dag.py:4180} INFO - Setting next_dagrun for dataset_consumes_1_never_scheduled to None, run_after=None
[2026-06-19T16:50:21.812+0000] {logging_mixin.py:190} INFO - [2026-06-19T16:50:21.812+0000] {dag.py:4180} INFO - Setting next_dagrun for dataset_consumes_unknown_never_scheduled to None, run_after=None
[2026-06-19T16:50:21.823+0000] {logging_mixin.py:190} INFO - [2026-06-19T16:50:21.822+0000] {dag.py:4180} INFO - Setting next_dagrun for dataset_produces_1 to 2026-06-18 00:00:00+00:00, run_after=2026-06-19 00:00:00+00:00
[2026-06-19T16:50:21.828+0000] {logging_mixin.py:190} INFO - [2026-06-19T16:50:21.828+0000] {dag.py:4180} INFO - Setting next_dagrun for dataset_produces_2 to None, run_after=None
[2026-06-19T16:50:21.961+0000] {processor.py:208} INFO - Processing /home/airflow/.local/lib/python3.12/site-packages/airflow/example_dags/example_datasets.py took 2.058 seconds
[2026-06-19T16:50:52.160+0000] {processor.py:186} INFO - Started process (PID=1103) to work on /home/airflow/.local/lib/python3.12/site-packages/airflow/example_dags/example_datasets.py
[2026-06-19T16:50:52.166+0000] {processor.py:914} INFO - Processing file /home/airflow/.local/lib/python3.12/site-packages/airflow/example_dags/example_datasets.py for tasks to queue
[2026-06-19T16:50:52.175+0000] {logging_mixin.py:190} INFO - [2026-06-19T16:50:52.174+0000] {dagbag.py:588} INFO - Filling up the DagBag from /home/airflow/.local/lib/python3.12/site-packages/airflow/example_dags/example_datasets.py
[2026-06-19T16:50:54.562+0000] {processor.py:925} INFO - DAG(s) 'dataset_consumes_1', 'consume_1_and_2_with_dataset_expressions', 'conditional_dataset_and_time_based_timetable', 'consume_1_or_both_2_and_3_with_dataset_expressions', 'dataset_consumes_1_never_scheduled', 'dataset_produces_1', 'consume_1_or_2_with_dataset_expressions', 'dataset_consumes_unknown_never_scheduled', 'dataset_produces_2', 'dataset_consumes_1_and_2' retrieved from /home/airflow/.local/lib/python3.12/site-packages/airflow/example_dags/example_datasets.py
[2026-06-19T16:50:54.699+0000] {logging_mixin.py:190} INFO - [2026-06-19T16:50:54.698+0000] {dag.py:3239} INFO - Sync 10 DAGs
[2026-06-19T16:50:54.780+0000] {logging_mixin.py:190} INFO - [2026-06-19T16:50:54.779+0000] {dag.py:4180} INFO - Setting next_dagrun for conditional_dataset_and_time_based_timetable to 2026-06-17 01:00:00+00:00, run_after=2026-06-17 01:00:00+00:00
[2026-06-19T16:50:54.792+0000] {logging_mixin.py:190} INFO - [2026-06-19T16:50:54.792+0000] {dag.py:4180} INFO - Setting next_dagrun for consume_1_and_2_with_dataset_expressions to None, run_after=None
[2026-06-19T16:50:54.799+0000] {logging_mixin.py:190} INFO - [2026-06-19T16:50:54.798+0000] {dag.py:4180} INFO - Setting next_dagrun for consume_1_or_2_with_dataset_expressions to None, run_after=None
[2026-06-19T16:50:54.804+0000] {logging_mixin.py:190} INFO - [2026-06-19T16:50:54.804+0000] {dag.py:4180} INFO - Setting next_dagrun for consume_1_or_both_2_and_3_with_dataset_expressions to None, run_after=None
[2026-06-19T16:50:54.811+0000] {logging_mixin.py:190} INFO - [2026-06-19T16:50:54.811+0000] {dag.py:4180} INFO - Setting next_dagrun for dataset_consumes_1 to None, run_after=None
[2026-06-19T16:50:54.818+0000] {logging_mixin.py:190} INFO - [2026-06-19T16:50:54.817+0000] {dag.py:4180} INFO - Setting next_dagrun for dataset_consumes_1_and_2 to None, run_after=None
[2026-06-19T16:50:54.825+0000] {logging_mixin.py:190} INFO - [2026-06-19T16:50:54.825+0000] {dag.py:4180} INFO - Setting next_dagrun for dataset_consumes_1_never_scheduled to None, run_after=None
[2026-06-19T16:50:54.833+0000] {logging_mixin.py:190} INFO - [2026-06-19T16:50:54.832+0000] {dag.py:4180} INFO - Setting next_dagrun for dataset_consumes_unknown_never_scheduled to None, run_after=None
[2026-06-19T16:50:54.842+0000] {logging_mixin.py:190} INFO - [2026-06-19T16:50:54.842+0000] {dag.py:4180} INFO - Setting next_dagrun for dataset_produces_1 to 2026-06-18 00:00:00+00:00, run_after=2026-06-19 00:00:00+00:00
[2026-06-19T16:50:54.852+0000] {logging_mixin.py:190} INFO - [2026-06-19T16:50:54.850+0000] {dag.py:4180} INFO - Setting next_dagrun for dataset_produces_2 to None, run_after=None
[2026-06-19T16:50:54.927+0000] {processor.py:208} INFO - Processing /home/airflow/.local/lib/python3.12/site-packages/airflow/example_dags/example_datasets.py took 2.789 seconds
[2026-06-19T16:51:25.644+0000] {processor.py:186} INFO - Started process (PID=1173) to work on /home/airflow/.local/lib/python3.12/site-packages/airflow/example_dags/example_datasets.py
[2026-06-19T16:51:25.652+0000] {processor.py:914} INFO - Processing file /home/airflow/.local/lib/python3.12/site-packages/airflow/example_dags/example_datasets.py for tasks to queue
[2026-06-19T16:51:25.675+0000] {logging_mixin.py:190} INFO - [2026-06-19T16:51:25.671+0000] {dagbag.py:588} INFO - Filling up the DagBag from /home/airflow/.local/lib/python3.12/site-packages/airflow/example_dags/example_datasets.py
[2026-06-19T16:51:28.520+0000] {processor.py:925} INFO - DAG(s) 'consume_1_or_both_2_and_3_with_dataset_expressions', 'dataset_consumes_1', 'conditional_dataset_and_time_based_timetable', 'dataset_consumes_1_and_2', 'dataset_produces_2', 'dataset_consumes_unknown_never_scheduled', 'dataset_consumes_1_never_scheduled', 'consume_1_and_2_with_dataset_expressions', 'consume_1_or_2_with_dataset_expressions', 'dataset_produces_1' retrieved from /home/airflow/.local/lib/python3.12/site-packages/airflow/example_dags/example_datasets.py
[2026-06-19T16:51:28.833+0000] {logging_mixin.py:190} INFO - [2026-06-19T16:51:28.832+0000] {dag.py:3239} INFO - Sync 10 DAGs
[2026-06-19T16:51:29.027+0000] {logging_mixin.py:190} INFO - [2026-06-19T16:51:29.025+0000] {dag.py:4180} INFO - Setting next_dagrun for conditional_dataset_and_time_based_timetable to 2026-06-17 01:00:00+00:00, run_after=2026-06-17 01:00:00+00:00
[2026-06-19T16:51:29.049+0000] {logging_mixin.py:190} INFO - [2026-06-19T16:51:29.048+0000] {dag.py:4180} INFO - Setting next_dagrun for consume_1_and_2_with_dataset_expressions to None, run_after=None
[2026-06-19T16:51:29.059+0000] {logging_mixin.py:190} INFO - [2026-06-19T16:51:29.058+0000] {dag.py:4180} INFO - Setting next_dagrun for consume_1_or_2_with_dataset_expressions to None, run_after=None
[2026-06-19T16:51:29.067+0000] {logging_mixin.py:190} INFO - [2026-06-19T16:51:29.066+0000] {dag.py:4180} INFO - Setting next_dagrun for consume_1_or_both_2_and_3_with_dataset_expressions to None, run_after=None
[2026-06-19T16:51:29.073+0000] {logging_mixin.py:190} INFO - [2026-06-19T16:51:29.073+0000] {dag.py:4180} INFO - Setting next_dagrun for dataset_consumes_1 to None, run_after=None
[2026-06-19T16:51:29.079+0000] {logging_mixin.py:190} INFO - [2026-06-19T16:51:29.078+0000] {dag.py:4180} INFO - Setting next_dagrun for dataset_consumes_1_and_2 to None, run_after=None
[2026-06-19T16:51:29.086+0000] {logging_mixin.py:190} INFO - [2026-06-19T16:51:29.085+0000] {dag.py:4180} INFO - Setting next_dagrun for dataset_consumes_1_never_scheduled to None, run_after=None
[2026-06-19T16:51:29.094+0000] {logging_mixin.py:190} INFO - [2026-06-19T16:51:29.093+0000] {dag.py:4180} INFO - Setting next_dagrun for dataset_consumes_unknown_never_scheduled to None, run_after=None
[2026-06-19T16:51:29.109+0000] {logging_mixin.py:190} INFO - [2026-06-19T16:51:29.108+0000] {dag.py:4180} INFO - Setting next_dagrun for dataset_produces_1 to 2026-06-18 00:00:00+00:00, run_after=2026-06-19 00:00:00+00:00
[2026-06-19T16:51:29.118+0000] {logging_mixin.py:190} INFO - [2026-06-19T16:51:29.118+0000] {dag.py:4180} INFO - Setting next_dagrun for dataset_produces_2 to None, run_after=None
[2026-06-19T16:51:29.270+0000] {processor.py:208} INFO - Processing /home/airflow/.local/lib/python3.12/site-packages/airflow/example_dags/example_datasets.py took 3.659 seconds
[2026-06-19T16:51:59.883+0000] {processor.py:186} INFO - Started process (PID=1239) to work on /home/airflow/.local/lib/python3.12/site-packages/airflow/example_dags/example_datasets.py
[2026-06-19T16:51:59.889+0000] {processor.py:914} INFO - Processing file /home/airflow/.local/lib/python3.12/site-packages/airflow/example_dags/example_datasets.py for tasks to queue
[2026-06-19T16:51:59.898+0000] {logging_mixin.py:190} INFO - [2026-06-19T16:51:59.897+0000] {dagbag.py:588} INFO - Filling up the DagBag from /home/airflow/.local/lib/python3.12/site-packages/airflow/example_dags/example_datasets.py
[2026-06-19T16:52:01.961+0000] {processor.py:925} INFO - DAG(s) 'dataset_produces_2', 'consume_1_or_2_with_dataset_expressions', 'conditional_dataset_and_time_based_timetable', 'consume_1_or_both_2_and_3_with_dataset_expressions', 'dataset_produces_1', 'dataset_consumes_1', 'dataset_consumes_unknown_never_scheduled', 'dataset_consumes_1_never_scheduled', 'consume_1_and_2_with_dataset_expressions', 'dataset_consumes_1_and_2' retrieved from /home/airflow/.local/lib/python3.12/site-packages/airflow/example_dags/example_datasets.py
[2026-06-19T16:52:02.098+0000] {logging_mixin.py:190} INFO - [2026-06-19T16:52:02.098+0000] {dag.py:3239} INFO - Sync 10 DAGs
[2026-06-19T16:52:02.189+0000] {logging_mixin.py:190} INFO - [2026-06-19T16:52:02.189+0000] {dag.py:4180} INFO - Setting next_dagrun for conditional_dataset_and_time_based_timetable to 2026-06-17 01:00:00+00:00, run_after=2026-06-17 01:00:00+00:00
[2026-06-19T16:52:02.210+0000] {logging_mixin.py:190} INFO - [2026-06-19T16:52:02.209+0000] {dag.py:4180} INFO - Setting next_dagrun for consume_1_and_2_with_dataset_expressions to None, run_after=None
[2026-06-19T16:52:02.280+0000] {logging_mixin.py:190} INFO - [2026-06-19T16:52:02.280+0000] {dag.py:4180} INFO - Setting next_dagrun for consume_1_or_2_with_dataset_expressions to None, run_after=None
[2026-06-19T16:52:02.301+0000] {logging_mixin.py:190} INFO - [2026-06-19T16:52:02.300+0000] {dag.py:4180} INFO - Setting next_dagrun for consume_1_or_both_2_and_3_with_dataset_expressions to None, run_after=None
[2026-06-19T16:52:02.338+0000] {logging_mixin.py:190} INFO - [2026-06-19T16:52:02.337+0000] {dag.py:4180} INFO - Setting next_dagrun for dataset_consumes_1 to None, run_after=None
[2026-06-19T16:52:02.352+0000] {logging_mixin.py:190} INFO - [2026-06-19T16:52:02.352+0000] {dag.py:4180} INFO - Setting next_dagrun for dataset_consumes_1_and_2 to None, run_after=None
[2026-06-19T16:52:02.365+0000] {logging_mixin.py:190} INFO - [2026-06-19T16:52:02.364+0000] {dag.py:4180} INFO - Setting next_dagrun for dataset_consumes_1_never_scheduled to None, run_after=None
[2026-06-19T16:52:02.379+0000] {logging_mixin.py:190} INFO - [2026-06-19T16:52:02.378+0000] {dag.py:4180} INFO - Setting next_dagrun for dataset_consumes_unknown_never_scheduled to None, run_after=None
[2026-06-19T16:52:02.388+0000] {logging_mixin.py:190} INFO - [2026-06-19T16:52:02.388+0000] {dag.py:4180} INFO - Setting next_dagrun for dataset_produces_1 to 2026-06-18 00:00:00+00:00, run_after=2026-06-19 00:00:00+00:00
[2026-06-19T16:52:02.392+0000] {logging_mixin.py:190} INFO - [2026-06-19T16:52:02.392+0000] {dag.py:4180} INFO - Setting next_dagrun for dataset_produces_2 to None, run_after=None
[2026-06-19T16:52:02.488+0000] {processor.py:208} INFO - Processing /home/airflow/.local/lib/python3.12/site-packages/airflow/example_dags/example_datasets.py took 2.626 seconds
[2026-06-19T16:52:32.907+0000] {processor.py:186} INFO - Started process (PID=1314) to work on /home/airflow/.local/lib/python3.12/site-packages/airflow/example_dags/example_datasets.py
[2026-06-19T16:52:32.917+0000] {processor.py:914} INFO - Processing file /home/airflow/.local/lib/python3.12/site-packages/airflow/example_dags/example_datasets.py for tasks to queue
[2026-06-19T16:52:32.950+0000] {logging_mixin.py:190} INFO - [2026-06-19T16:52:32.949+0000] {dagbag.py:588} INFO - Filling up the DagBag from /home/airflow/.local/lib/python3.12/site-packages/airflow/example_dags/example_datasets.py
[2026-06-19T16:52:35.525+0000] {processor.py:925} INFO - DAG(s) 'consume_1_or_both_2_and_3_with_dataset_expressions', 'conditional_dataset_and_time_based_timetable', 'dataset_consumes_1_and_2', 'dataset_consumes_1', 'consume_1_or_2_with_dataset_expressions', 'dataset_produces_2', 'consume_1_and_2_with_dataset_expressions', 'dataset_consumes_unknown_never_scheduled', 'dataset_produces_1', 'dataset_consumes_1_never_scheduled' retrieved from /home/airflow/.local/lib/python3.12/site-packages/airflow/example_dags/example_datasets.py
[2026-06-19T16:52:35.668+0000] {logging_mixin.py:190} INFO - [2026-06-19T16:52:35.667+0000] {dag.py:3239} INFO - Sync 10 DAGs
[2026-06-19T16:52:35.753+0000] {logging_mixin.py:190} INFO - [2026-06-19T16:52:35.753+0000] {dag.py:4180} INFO - Setting next_dagrun for conditional_dataset_and_time_based_timetable to 2026-06-17 01:00:00+00:00, run_after=2026-06-17 01:00:00+00:00
[2026-06-19T16:52:35.765+0000] {logging_mixin.py:190} INFO - [2026-06-19T16:52:35.765+0000] {dag.py:4180} INFO - Setting next_dagrun for consume_1_and_2_with_dataset_expressions to None, run_after=None
[2026-06-19T16:52:35.770+0000] {logging_mixin.py:190} INFO - [2026-06-19T16:52:35.769+0000] {dag.py:4180} INFO - Setting next_dagrun for consume_1_or_2_with_dataset_expressions to None, run_after=None
[2026-06-19T16:52:35.776+0000] {logging_mixin.py:190} INFO - [2026-06-19T16:52:35.775+0000] {dag.py:4180} INFO - Setting next_dagrun for consume_1_or_both_2_and_3_with_dataset_expressions to None, run_after=None
[2026-06-19T16:52:35.781+0000] {logging_mixin.py:190} INFO - [2026-06-19T16:52:35.780+0000] {dag.py:4180} INFO - Setting next_dagrun for dataset_consumes_1 to None, run_after=None
[2026-06-19T16:52:35.787+0000] {logging_mixin.py:190} INFO - [2026-06-19T16:52:35.786+0000] {dag.py:4180} INFO - Setting next_dagrun for dataset_consumes_1_and_2 to None, run_after=None
[2026-06-19T16:52:35.792+0000] {logging_mixin.py:190} INFO - [2026-06-19T16:52:35.791+0000] {dag.py:4180} INFO - Setting next_dagrun for dataset_consumes_1_never_scheduled to None, run_after=None
[2026-06-19T16:52:35.796+0000] {logging_mixin.py:190} INFO - [2026-06-19T16:52:35.795+0000] {dag.py:4180} INFO - Setting next_dagrun for dataset_consumes_unknown_never_scheduled to None, run_after=None
[2026-06-19T16:52:35.805+0000] {logging_mixin.py:190} INFO - [2026-06-19T16:52:35.804+0000] {dag.py:4180} INFO - Setting next_dagrun for dataset_produces_1 to 2026-06-18 00:00:00+00:00, run_after=2026-06-19 00:00:00+00:00
[2026-06-19T16:52:35.809+0000] {logging_mixin.py:190} INFO - [2026-06-19T16:52:35.809+0000] {dag.py:4180} INFO - Setting next_dagrun for dataset_produces_2 to None, run_after=None
[2026-06-19T16:52:36.022+0000] {processor.py:208} INFO - Processing /home/airflow/.local/lib/python3.12/site-packages/airflow/example_dags/example_datasets.py took 3.160 seconds
[2026-06-19T16:53:06.376+0000] {processor.py:186} INFO - Started process (PID=1383) to work on /home/airflow/.local/lib/python3.12/site-packages/airflow/example_dags/example_datasets.py
[2026-06-19T16:53:06.384+0000] {processor.py:914} INFO - Processing file /home/airflow/.local/lib/python3.12/site-packages/airflow/example_dags/example_datasets.py for tasks to queue
[2026-06-19T16:53:06.401+0000] {logging_mixin.py:190} INFO - [2026-06-19T16:53:06.400+0000] {dagbag.py:588} INFO - Filling up the DagBag from /home/airflow/.local/lib/python3.12/site-packages/airflow/example_dags/example_datasets.py
[2026-06-19T16:53:08.755+0000] {processor.py:925} INFO - DAG(s) 'dataset_consumes_1', 'conditional_dataset_and_time_based_timetable', 'dataset_produces_1', 'dataset_produces_2', 'consume_1_and_2_with_dataset_expressions', 'dataset_consumes_1_and_2', 'dataset_consumes_unknown_never_scheduled', 'consume_1_or_both_2_and_3_with_dataset_expressions', 'dataset_consumes_1_never_scheduled', 'consume_1_or_2_with_dataset_expressions' retrieved from /home/airflow/.local/lib/python3.12/site-packages/airflow/example_dags/example_datasets.py
[2026-06-19T16:53:08.904+0000] {logging_mixin.py:190} INFO - [2026-06-19T16:53:08.903+0000] {dag.py:3239} INFO - Sync 10 DAGs
[2026-06-19T16:53:08.995+0000] {logging_mixin.py:190} INFO - [2026-06-19T16:53:08.994+0000] {dag.py:4180} INFO - Setting next_dagrun for conditional_dataset_and_time_based_timetable to 2026-06-17 01:00:00+00:00, run_after=2026-06-17 01:00:00+00:00
[2026-06-19T16:53:09.012+0000] {logging_mixin.py:190} INFO - [2026-06-19T16:53:09.012+0000] {dag.py:4180} INFO - Setting next_dagrun for consume_1_and_2_with_dataset_expressions to None, run_after=None
[2026-06-19T16:53:09.021+0000] {logging_mixin.py:190} INFO - [2026-06-19T16:53:09.020+0000] {dag.py:4180} INFO - Setting next_dagrun for consume_1_or_2_with_dataset_expressions to None, run_after=None
[2026-06-19T16:53:09.032+0000] {logging_mixin.py:190} INFO - [2026-06-19T16:53:09.031+0000] {dag.py:4180} INFO - Setting next_dagrun for consume_1_or_both_2_and_3_with_dataset_expressions to None, run_after=None
[2026-06-19T16:53:09.037+0000] {logging_mixin.py:190} INFO - [2026-06-19T16:53:09.037+0000] {dag.py:4180} INFO - Setting next_dagrun for dataset_consumes_1 to None, run_after=None
[2026-06-19T16:53:09.048+0000] {logging_mixin.py:190} INFO - [2026-06-19T16:53:09.048+0000] {dag.py:4180} INFO - Setting next_dagrun for dataset_consumes_1_and_2 to None, run_after=None
[2026-06-19T16:53:09.059+0000] {logging_mixin.py:190} INFO - [2026-06-19T16:53:09.057+0000] {dag.py:4180} INFO - Setting next_dagrun for dataset_consumes_1_never_scheduled to None, run_after=None
[2026-06-19T16:53:09.072+0000] {logging_mixin.py:190} INFO - [2026-06-19T16:53:09.071+0000] {dag.py:4180} INFO - Setting next_dagrun for dataset_consumes_unknown_never_scheduled to None, run_after=None
[2026-06-19T16:53:09.081+0000] {logging_mixin.py:190} INFO - [2026-06-19T16:53:09.080+0000] {dag.py:4180} INFO - Setting next_dagrun for dataset_produces_1 to 2026-06-18 00:00:00+00:00, run_after=2026-06-19 00:00:00+00:00
[2026-06-19T16:53:09.087+0000] {logging_mixin.py:190} INFO - [2026-06-19T16:53:09.086+0000] {dag.py:4180} INFO - Setting next_dagrun for dataset_produces_2 to None, run_after=None
[2026-06-19T16:53:09.188+0000] {processor.py:208} INFO - Processing /home/airflow/.local/lib/python3.12/site-packages/airflow/example_dags/example_datasets.py took 2.845 seconds
[2026-06-19T16:53:39.354+0000] {processor.py:186} INFO - Started process (PID=1454) to work on /home/airflow/.local/lib/python3.12/site-packages/airflow/example_dags/example_datasets.py
[2026-06-19T16:53:39.358+0000] {processor.py:914} INFO - Processing file /home/airflow/.local/lib/python3.12/site-packages/airflow/example_dags/example_datasets.py for tasks to queue
[2026-06-19T16:53:39.368+0000] {logging_mixin.py:190} INFO - [2026-06-19T16:53:39.367+0000] {dagbag.py:588} INFO - Filling up the DagBag from /home/airflow/.local/lib/python3.12/site-packages/airflow/example_dags/example_datasets.py
[2026-06-19T16:53:41.542+0000] {processor.py:925} INFO - DAG(s) 'dataset_produces_2', 'dataset_consumes_1_never_scheduled', 'consume_1_and_2_with_dataset_expressions', 'dataset_produces_1', 'consume_1_or_2_with_dataset_expressions', 'dataset_consumes_unknown_never_scheduled', 'dataset_consumes_1', 'conditional_dataset_and_time_based_timetable', 'dataset_consumes_1_and_2', 'consume_1_or_both_2_and_3_with_dataset_expressions' retrieved from /home/airflow/.local/lib/python3.12/site-packages/airflow/example_dags/example_datasets.py
[2026-06-19T16:53:41.646+0000] {logging_mixin.py:190} INFO - [2026-06-19T16:53:41.646+0000] {dag.py:3239} INFO - Sync 10 DAGs
[2026-06-19T16:53:41.708+0000] {logging_mixin.py:190} INFO - [2026-06-19T16:53:41.708+0000] {dag.py:4180} INFO - Setting next_dagrun for conditional_dataset_and_time_based_timetable to 2026-06-17 01:00:00+00:00, run_after=2026-06-17 01:00:00+00:00
[2026-06-19T16:53:41.719+0000] {logging_mixin.py:190} INFO - [2026-06-19T16:53:41.719+0000] {dag.py:4180} INFO - Setting next_dagrun for consume_1_and_2_with_dataset_expressions to None, run_after=None
[2026-06-19T16:53:41.725+0000] {logging_mixin.py:190} INFO - [2026-06-19T16:53:41.725+0000] {dag.py:4180} INFO - Setting next_dagrun for consume_1_or_2_with_dataset_expressions to None, run_after=None
[2026-06-19T16:53:41.730+0000] {logging_mixin.py:190} INFO - [2026-06-19T16:53:41.729+0000] {dag.py:4180} INFO - Setting next_dagrun for consume_1_or_both_2_and_3_with_dataset_expressions to None, run_after=None
[2026-06-19T16:53:41.735+0000] {logging_mixin.py:190} INFO - [2026-06-19T16:53:41.734+0000] {dag.py:4180} INFO - Setting next_dagrun for dataset_consumes_1 to None, run_after=None
[2026-06-19T16:53:41.739+0000] {logging_mixin.py:190} INFO - [2026-06-19T16:53:41.738+0000] {dag.py:4180} INFO - Setting next_dagrun for dataset_consumes_1_and_2 to None, run_after=None
[2026-06-19T16:53:41.742+0000] {logging_mixin.py:190} INFO - [2026-06-19T16:53:41.742+0000] {dag.py:4180} INFO - Setting next_dagrun for dataset_consumes_1_never_scheduled to None, run_after=None
[2026-06-19T16:53:41.747+0000] {logging_mixin.py:190} INFO - [2026-06-19T16:53:41.746+0000] {dag.py:4180} INFO - Setting next_dagrun for dataset_consumes_unknown_never_scheduled to None, run_after=None
[2026-06-19T16:53:41.756+0000] {logging_mixin.py:190} INFO - [2026-06-19T16:53:41.755+0000] {dag.py:4180} INFO - Setting next_dagrun for dataset_produces_1 to 2026-06-18 00:00:00+00:00, run_after=2026-06-19 00:00:00+00:00
[2026-06-19T16:53:41.761+0000] {logging_mixin.py:190} INFO - [2026-06-19T16:53:41.760+0000] {dag.py:4180} INFO - Setting next_dagrun for dataset_produces_2 to None, run_after=None
[2026-06-19T16:53:41.841+0000] {processor.py:208} INFO - Processing /home/airflow/.local/lib/python3.12/site-packages/airflow/example_dags/example_datasets.py took 2.508 seconds
[2026-06-19T16:54:12.117+0000] {processor.py:186} INFO - Started process (PID=1521) to work on /home/airflow/.local/lib/python3.12/site-packages/airflow/example_dags/example_datasets.py
[2026-06-19T16:54:12.120+0000] {processor.py:914} INFO - Processing file /home/airflow/.local/lib/python3.12/site-packages/airflow/example_dags/example_datasets.py for tasks to queue
[2026-06-19T16:54:12.153+0000] {logging_mixin.py:190} INFO - [2026-06-19T16:54:12.152+0000] {dagbag.py:588} INFO - Filling up the DagBag from /home/airflow/.local/lib/python3.12/site-packages/airflow/example_dags/example_datasets.py
[2026-06-19T16:54:14.462+0000] {processor.py:925} INFO - DAG(s) 'consume_1_or_2_with_dataset_expressions', 'consume_1_and_2_with_dataset_expressions', 'consume_1_or_both_2_and_3_with_dataset_expressions', 'dataset_consumes_1_never_scheduled', 'dataset_consumes_1', 'conditional_dataset_and_time_based_timetable', 'dataset_produces_1', 'dataset_consumes_unknown_never_scheduled', 'dataset_produces_2', 'dataset_consumes_1_and_2' retrieved from /home/airflow/.local/lib/python3.12/site-packages/airflow/example_dags/example_datasets.py
[2026-06-19T16:54:14.539+0000] {logging_mixin.py:190} INFO - [2026-06-19T16:54:14.539+0000] {dag.py:3239} INFO - Sync 10 DAGs
[2026-06-19T16:54:14.585+0000] {logging_mixin.py:190} INFO - [2026-06-19T16:54:14.585+0000] {dag.py:4180} INFO - Setting next_dagrun for conditional_dataset_and_time_based_timetable to 2026-06-17 01:00:00+00:00, run_after=2026-06-17 01:00:00+00:00
[2026-06-19T16:54:14.591+0000] {logging_mixin.py:190} INFO - [2026-06-19T16:54:14.591+0000] {dag.py:4180} INFO - Setting next_dagrun for consume_1_and_2_with_dataset_expressions to None, run_after=None
[2026-06-19T16:54:14.595+0000] {logging_mixin.py:190} INFO - [2026-06-19T16:54:14.594+0000] {dag.py:4180} INFO - Setting next_dagrun for consume_1_or_2_with_dataset_expressions to None, run_after=None
[2026-06-19T16:54:14.598+0000] {logging_mixin.py:190} INFO - [2026-06-19T16:54:14.598+0000] {dag.py:4180} INFO - Setting next_dagrun for consume_1_or_both_2_and_3_with_dataset_expressions to None, run_after=None
[2026-06-19T16:54:14.601+0000] {logging_mixin.py:190} INFO - [2026-06-19T16:54:14.600+0000] {dag.py:4180} INFO - Setting next_dagrun for dataset_consumes_1 to None, run_after=None
[2026-06-19T16:54:14.604+0000] {logging_mixin.py:190} INFO - [2026-06-19T16:54:14.604+0000] {dag.py:4180} INFO - Setting next_dagrun for dataset_consumes_1_and_2 to None, run_after=None
[2026-06-19T16:54:14.608+0000] {logging_mixin.py:190} INFO - [2026-06-19T16:54:14.607+0000] {dag.py:4180} INFO - Setting next_dagrun for dataset_consumes_1_never_scheduled to None, run_after=None
[2026-06-19T16:54:14.611+0000] {logging_mixin.py:190} INFO - [2026-06-19T16:54:14.610+0000] {dag.py:4180} INFO - Setting next_dagrun for dataset_consumes_unknown_never_scheduled to None, run_after=None
[2026-06-19T16:54:14.615+0000] {logging_mixin.py:190} INFO - [2026-06-19T16:54:14.615+0000] {dag.py:4180} INFO - Setting next_dagrun for dataset_produces_1 to 2026-06-18 00:00:00+00:00, run_after=2026-06-19 00:00:00+00:00
[2026-06-19T16:54:14.618+0000] {logging_mixin.py:190} INFO - [2026-06-19T16:54:14.617+0000] {dag.py:4180} INFO - Setting next_dagrun for dataset_produces_2 to None, run_after=None
[2026-06-19T16:54:14.673+0000] {processor.py:208} INFO - Processing /home/airflow/.local/lib/python3.12/site-packages/airflow/example_dags/example_datasets.py took 2.572 seconds
[2026-06-19T16:54:44.938+0000] {processor.py:186} INFO - Started process (PID=1590) to work on /home/airflow/.local/lib/python3.12/site-packages/airflow/example_dags/example_datasets.py
[2026-06-19T16:54:44.946+0000] {processor.py:914} INFO - Processing file /home/airflow/.local/lib/python3.12/site-packages/airflow/example_dags/example_datasets.py for tasks to queue
[2026-06-19T16:54:44.955+0000] {logging_mixin.py:190} INFO - [2026-06-19T16:54:44.954+0000] {dagbag.py:588} INFO - Filling up the DagBag from /home/airflow/.local/lib/python3.12/site-packages/airflow/example_dags/example_datasets.py
[2026-06-19T16:54:46.947+0000] {processor.py:925} INFO - DAG(s) 'dataset_produces_2', 'dataset_consumes_unknown_never_scheduled', 'dataset_consumes_1', 'consume_1_or_both_2_and_3_with_dataset_expressions', 'dataset_consumes_1_never_scheduled', 'dataset_consumes_1_and_2', 'dataset_produces_1', 'consume_1_or_2_with_dataset_expressions', 'conditional_dataset_and_time_based_timetable', 'consume_1_and_2_with_dataset_expressions' retrieved from /home/airflow/.local/lib/python3.12/site-packages/airflow/example_dags/example_datasets.py
[2026-06-19T16:54:47.091+0000] {logging_mixin.py:190} INFO - [2026-06-19T16:54:47.090+0000] {dag.py:3239} INFO - Sync 10 DAGs
[2026-06-19T16:54:47.176+0000] {logging_mixin.py:190} INFO - [2026-06-19T16:54:47.175+0000] {dag.py:4180} INFO - Setting next_dagrun for conditional_dataset_and_time_based_timetable to 2026-06-17 01:00:00+00:00, run_after=2026-06-17 01:00:00+00:00
[2026-06-19T16:54:47.191+0000] {logging_mixin.py:190} INFO - [2026-06-19T16:54:47.191+0000] {dag.py:4180} INFO - Setting next_dagrun for consume_1_and_2_with_dataset_expressions to None, run_after=None
[2026-06-19T16:54:47.202+0000] {logging_mixin.py:190} INFO - [2026-06-19T16:54:47.202+0000] {dag.py:4180} INFO - Setting next_dagrun for consume_1_or_2_with_dataset_expressions to None, run_after=None
[2026-06-19T16:54:47.209+0000] {logging_mixin.py:190} INFO - [2026-06-19T16:54:47.208+0000] {dag.py:4180} INFO - Setting next_dagrun for consume_1_or_both_2_and_3_with_dataset_expressions to None, run_after=None
[2026-06-19T16:54:47.216+0000] {logging_mixin.py:190} INFO - [2026-06-19T16:54:47.215+0000] {dag.py:4180} INFO - Setting next_dagrun for dataset_consumes_1 to None, run_after=None
[2026-06-19T16:54:47.223+0000] {logging_mixin.py:190} INFO - [2026-06-19T16:54:47.222+0000] {dag.py:4180} INFO - Setting next_dagrun for dataset_consumes_1_and_2 to None, run_after=None
[2026-06-19T16:54:47.229+0000] {logging_mixin.py:190} INFO - [2026-06-19T16:54:47.228+0000] {dag.py:4180} INFO - Setting next_dagrun for dataset_consumes_1_never_scheduled to None, run_after=None
[2026-06-19T16:54:47.235+0000] {logging_mixin.py:190} INFO - [2026-06-19T16:54:47.234+0000] {dag.py:4180} INFO - Setting next_dagrun for dataset_consumes_unknown_never_scheduled to None, run_after=None
[2026-06-19T16:54:47.247+0000] {logging_mixin.py:190} INFO - [2026-06-19T16:54:47.246+0000] {dag.py:4180} INFO - Setting next_dagrun for dataset_produces_1 to 2026-06-18 00:00:00+00:00, run_after=2026-06-19 00:00:00+00:00
[2026-06-19T16:54:47.254+0000] {logging_mixin.py:190} INFO - [2026-06-19T16:54:47.253+0000] {dag.py:4180} INFO - Setting next_dagrun for dataset_produces_2 to None, run_after=None
[2026-06-19T16:54:47.361+0000] {processor.py:208} INFO - Processing /home/airflow/.local/lib/python3.12/site-packages/airflow/example_dags/example_datasets.py took 2.442 seconds
[2026-06-19T16:55:17.996+0000] {processor.py:186} INFO - Started process (PID=1658) to work on /home/airflow/.local/lib/python3.12/site-packages/airflow/example_dags/example_datasets.py
[2026-06-19T16:55:18.003+0000] {processor.py:914} INFO - Processing file /home/airflow/.local/lib/python3.12/site-packages/airflow/example_dags/example_datasets.py for tasks to queue
[2026-06-19T16:55:18.013+0000] {logging_mixin.py:190} INFO - [2026-06-19T16:55:18.011+0000] {dagbag.py:588} INFO - Filling up the DagBag from /home/airflow/.local/lib/python3.12/site-packages/airflow/example_dags/example_datasets.py
[2026-06-19T16:55:19.948+0000] {processor.py:925} INFO - DAG(s) 'dataset_produces_1', 'consume_1_or_both_2_and_3_with_dataset_expressions', 'consume_1_or_2_with_dataset_expressions', 'dataset_consumes_unknown_never_scheduled', 'dataset_produces_2', 'consume_1_and_2_with_dataset_expressions', 'dataset_consumes_1', 'dataset_consumes_1_and_2', 'dataset_consumes_1_never_scheduled', 'conditional_dataset_and_time_based_timetable' retrieved from /home/airflow/.local/lib/python3.12/site-packages/airflow/example_dags/example_datasets.py
[2026-06-19T16:55:20.106+0000] {logging_mixin.py:190} INFO - [2026-06-19T16:55:20.105+0000] {dag.py:3239} INFO - Sync 10 DAGs
[2026-06-19T16:55:20.204+0000] {logging_mixin.py:190} INFO - [2026-06-19T16:55:20.203+0000] {dag.py:4180} INFO - Setting next_dagrun for conditional_dataset_and_time_based_timetable to 2026-06-17 01:00:00+00:00, run_after=2026-06-17 01:00:00+00:00
[2026-06-19T16:55:20.220+0000] {logging_mixin.py:190} INFO - [2026-06-19T16:55:20.219+0000] {dag.py:4180} INFO - Setting next_dagrun for consume_1_and_2_with_dataset_expressions to None, run_after=None
[2026-06-19T16:55:20.228+0000] {logging_mixin.py:190} INFO - [2026-06-19T16:55:20.227+0000] {dag.py:4180} INFO - Setting next_dagrun for consume_1_or_2_with_dataset_expressions to None, run_after=None
[2026-06-19T16:55:20.237+0000] {logging_mixin.py:190} INFO - [2026-06-19T16:55:20.236+0000] {dag.py:4180} INFO - Setting next_dagrun for consume_1_or_both_2_and_3_with_dataset_expressions to None, run_after=None
[2026-06-19T16:55:20.245+0000] {logging_mixin.py:190} INFO - [2026-06-19T16:55:20.244+0000] {dag.py:4180} INFO - Setting next_dagrun for dataset_consumes_1 to None, run_after=None
[2026-06-19T16:55:20.259+0000] {logging_mixin.py:190} INFO - [2026-06-19T16:55:20.258+0000] {dag.py:4180} INFO - Setting next_dagrun for dataset_consumes_1_and_2 to None, run_after=None
[2026-06-19T16:55:20.274+0000] {logging_mixin.py:190} INFO - [2026-06-19T16:55:20.274+0000] {dag.py:4180} INFO - Setting next_dagrun for dataset_consumes_1_never_scheduled to None, run_after=None
[2026-06-19T16:55:20.283+0000] {logging_mixin.py:190} INFO - [2026-06-19T16:55:20.282+0000] {dag.py:4180} INFO - Setting next_dagrun for dataset_consumes_unknown_never_scheduled to None, run_after=None
[2026-06-19T16:55:20.297+0000] {logging_mixin.py:190} INFO - [2026-06-19T16:55:20.297+0000] {dag.py:4180} INFO - Setting next_dagrun for dataset_produces_1 to 2026-06-18 00:00:00+00:00, run_after=2026-06-19 00:00:00+00:00
[2026-06-19T16:55:20.307+0000] {logging_mixin.py:190} INFO - [2026-06-19T16:55:20.307+0000] {dag.py:4180} INFO - Setting next_dagrun for dataset_produces_2 to None, run_after=None
[2026-06-19T16:55:20.426+0000] {processor.py:208} INFO - Processing /home/airflow/.local/lib/python3.12/site-packages/airflow/example_dags/example_datasets.py took 2.449 seconds
[2026-06-19T16:55:51.126+0000] {processor.py:186} INFO - Started process (PID=1724) to work on /home/airflow/.local/lib/python3.12/site-packages/airflow/example_dags/example_datasets.py
[2026-06-19T16:55:51.129+0000] {processor.py:914} INFO - Processing file /home/airflow/.local/lib/python3.12/site-packages/airflow/example_dags/example_datasets.py for tasks to queue
[2026-06-19T16:55:51.133+0000] {logging_mixin.py:190} INFO - [2026-06-19T16:55:51.132+0000] {dagbag.py:588} INFO - Filling up the DagBag from /home/airflow/.local/lib/python3.12/site-packages/airflow/example_dags/example_datasets.py
[2026-06-19T16:55:51.723+0000] {processor.py:925} INFO - DAG(s) 'dataset_consumes_1_never_scheduled', 'consume_1_or_2_with_dataset_expressions', 'consume_1_or_both_2_and_3_with_dataset_expressions', 'dataset_produces_1', 'dataset_consumes_1_and_2', 'conditional_dataset_and_time_based_timetable', 'dataset_consumes_unknown_never_scheduled', 'dataset_consumes_1', 'dataset_produces_2', 'consume_1_and_2_with_dataset_expressions' retrieved from /home/airflow/.local/lib/python3.12/site-packages/airflow/example_dags/example_datasets.py
[2026-06-19T16:55:51.769+0000] {logging_mixin.py:190} INFO - [2026-06-19T16:55:51.769+0000] {dag.py:3239} INFO - Sync 10 DAGs
[2026-06-19T16:55:51.800+0000] {logging_mixin.py:190} INFO - [2026-06-19T16:55:51.800+0000] {dag.py:4180} INFO - Setting next_dagrun for conditional_dataset_and_time_based_timetable to 2026-06-17 01:00:00+00:00, run_after=2026-06-17 01:00:00+00:00
[2026-06-19T16:55:51.806+0000] {logging_mixin.py:190} INFO - [2026-06-19T16:55:51.806+0000] {dag.py:4180} INFO - Setting next_dagrun for consume_1_and_2_with_dataset_expressions to None, run_after=None
[2026-06-19T16:55:51.809+0000] {logging_mixin.py:190} INFO - [2026-06-19T16:55:51.809+0000] {dag.py:4180} INFO - Setting next_dagrun for consume_1_or_2_with_dataset_expressions to None, run_after=None
[2026-06-19T16:55:51.812+0000] {logging_mixin.py:190} INFO - [2026-06-19T16:55:51.812+0000] {dag.py:4180} INFO - Setting next_dagrun for consume_1_or_both_2_and_3_with_dataset_expressions to None, run_after=None
[2026-06-19T16:55:51.815+0000] {logging_mixin.py:190} INFO - [2026-06-19T16:55:51.815+0000] {dag.py:4180} INFO - Setting next_dagrun for dataset_consumes_1 to None, run_after=None
[2026-06-19T16:55:51.818+0000] {logging_mixin.py:190} INFO - [2026-06-19T16:55:51.818+0000] {dag.py:4180} INFO - Setting next_dagrun for dataset_consumes_1_and_2 to None, run_after=None
[2026-06-19T16:55:51.820+0000] {logging_mixin.py:190} INFO - [2026-06-19T16:55:51.820+0000] {dag.py:4180} INFO - Setting next_dagrun for dataset_consumes_1_never_scheduled to None, run_after=None
[2026-06-19T16:55:51.822+0000] {logging_mixin.py:190} INFO - [2026-06-19T16:55:51.822+0000] {dag.py:4180} INFO - Setting next_dagrun for dataset_consumes_unknown_never_scheduled to None, run_after=None
[2026-06-19T16:55:51.826+0000] {logging_mixin.py:190} INFO - [2026-06-19T16:55:51.826+0000] {dag.py:4180} INFO - Setting next_dagrun for dataset_produces_1 to 2026-06-18 00:00:00+00:00, run_after=2026-06-19 00:00:00+00:00
[2026-06-19T16:55:51.828+0000] {logging_mixin.py:190} INFO - [2026-06-19T16:55:51.828+0000] {dag.py:4180} INFO - Setting next_dagrun for dataset_produces_2 to None, run_after=None
[2026-06-19T16:55:51.863+0000] {processor.py:208} INFO - Processing /home/airflow/.local/lib/python3.12/site-packages/airflow/example_dags/example_datasets.py took 0.746 seconds
[2026-06-19T16:56:22.670+0000] {processor.py:186} INFO - Started process (PID=1789) to work on /home/airflow/.local/lib/python3.12/site-packages/airflow/example_dags/example_datasets.py
[2026-06-19T16:56:22.672+0000] {processor.py:914} INFO - Processing file /home/airflow/.local/lib/python3.12/site-packages/airflow/example_dags/example_datasets.py for tasks to queue
[2026-06-19T16:56:22.676+0000] {logging_mixin.py:190} INFO - [2026-06-19T16:56:22.676+0000] {dagbag.py:588} INFO - Filling up the DagBag from /home/airflow/.local/lib/python3.12/site-packages/airflow/example_dags/example_datasets.py
[2026-06-19T16:56:23.335+0000] {processor.py:925} INFO - DAG(s) 'dataset_produces_1', 'dataset_consumes_1', 'dataset_consumes_unknown_never_scheduled', 'conditional_dataset_and_time_based_timetable', 'consume_1_and_2_with_dataset_expressions', 'consume_1_or_2_with_dataset_expressions', 'dataset_consumes_1_and_2', 'consume_1_or_both_2_and_3_with_dataset_expressions', 'dataset_produces_2', 'dataset_consumes_1_never_scheduled' retrieved from /home/airflow/.local/lib/python3.12/site-packages/airflow/example_dags/example_datasets.py
[2026-06-19T16:56:23.388+0000] {logging_mixin.py:190} INFO - [2026-06-19T16:56:23.388+0000] {dag.py:3239} INFO - Sync 10 DAGs
[2026-06-19T16:56:23.426+0000] {logging_mixin.py:190} INFO - [2026-06-19T16:56:23.426+0000] {dag.py:4180} INFO - Setting next_dagrun for conditional_dataset_and_time_based_timetable to 2026-06-17 01:00:00+00:00, run_after=2026-06-17 01:00:00+00:00
[2026-06-19T16:56:23.434+0000] {logging_mixin.py:190} INFO - [2026-06-19T16:56:23.433+0000] {dag.py:4180} INFO - Setting next_dagrun for consume_1_and_2_with_dataset_expressions to None, run_after=None
[2026-06-19T16:56:23.438+0000] {logging_mixin.py:190} INFO - [2026-06-19T16:56:23.437+0000] {dag.py:4180} INFO - Setting next_dagrun for consume_1_or_2_with_dataset_expressions to None, run_after=None
[2026-06-19T16:56:23.442+0000] {logging_mixin.py:190} INFO - [2026-06-19T16:56:23.441+0000] {dag.py:4180} INFO - Setting next_dagrun for consume_1_or_both_2_and_3_with_dataset_expressions to None, run_after=None
[2026-06-19T16:56:23.445+0000] {logging_mixin.py:190} INFO - [2026-06-19T16:56:23.445+0000] {dag.py:4180} INFO - Setting next_dagrun for dataset_consumes_1 to None, run_after=None
[2026-06-19T16:56:23.449+0000] {logging_mixin.py:190} INFO - [2026-06-19T16:56:23.449+0000] {dag.py:4180} INFO - Setting next_dagrun for dataset_consumes_1_and_2 to None, run_after=None
[2026-06-19T16:56:23.452+0000] {logging_mixin.py:190} INFO - [2026-06-19T16:56:23.452+0000] {dag.py:4180} INFO - Setting next_dagrun for dataset_consumes_1_never_scheduled to None, run_after=None
[2026-06-19T16:56:23.455+0000] {logging_mixin.py:190} INFO - [2026-06-19T16:56:23.455+0000] {dag.py:4180} INFO - Setting next_dagrun for dataset_consumes_unknown_never_scheduled to None, run_after=None
[2026-06-19T16:56:23.460+0000] {logging_mixin.py:190} INFO - [2026-06-19T16:56:23.459+0000] {dag.py:4180} INFO - Setting next_dagrun for dataset_produces_1 to 2026-06-18 00:00:00+00:00, run_after=2026-06-19 00:00:00+00:00
[2026-06-19T16:56:23.464+0000] {logging_mixin.py:190} INFO - [2026-06-19T16:56:23.464+0000] {dag.py:4180} INFO - Setting next_dagrun for dataset_produces_2 to None, run_after=None
[2026-06-19T16:56:23.515+0000] {processor.py:208} INFO - Processing /home/airflow/.local/lib/python3.12/site-packages/airflow/example_dags/example_datasets.py took 0.852 seconds
[2026-06-19T16:56:53.650+0000] {processor.py:186} INFO - Started process (PID=1853) to work on /home/airflow/.local/lib/python3.12/site-packages/airflow/example_dags/example_datasets.py
[2026-06-19T16:56:53.652+0000] {processor.py:914} INFO - Processing file /home/airflow/.local/lib/python3.12/site-packages/airflow/example_dags/example_datasets.py for tasks to queue
[2026-06-19T16:56:53.656+0000] {logging_mixin.py:190} INFO - [2026-06-19T16:56:53.655+0000] {dagbag.py:588} INFO - Filling up the DagBag from /home/airflow/.local/lib/python3.12/site-packages/airflow/example_dags/example_datasets.py
[2026-06-19T16:56:54.383+0000] {processor.py:925} INFO - DAG(s) 'dataset_produces_1', 'consume_1_or_both_2_and_3_with_dataset_expressions', 'dataset_produces_2', 'dataset_consumes_1', 'conditional_dataset_and_time_based_timetable', 'dataset_consumes_unknown_never_scheduled', 'consume_1_or_2_with_dataset_expressions', 'consume_1_and_2_with_dataset_expressions', 'dataset_consumes_1_never_scheduled', 'dataset_consumes_1_and_2' retrieved from /home/airflow/.local/lib/python3.12/site-packages/airflow/example_dags/example_datasets.py
[2026-06-19T16:56:54.443+0000] {logging_mixin.py:190} INFO - [2026-06-19T16:56:54.443+0000] {dag.py:3239} INFO - Sync 10 DAGs
[2026-06-19T16:56:54.481+0000] {logging_mixin.py:190} INFO - [2026-06-19T16:56:54.481+0000] {dag.py:4180} INFO - Setting next_dagrun for conditional_dataset_and_time_based_timetable to 2026-06-17 01:00:00+00:00, run_after=2026-06-17 01:00:00+00:00
[2026-06-19T16:56:54.489+0000] {logging_mixin.py:190} INFO - [2026-06-19T16:56:54.489+0000] {dag.py:4180} INFO - Setting next_dagrun for consume_1_and_2_with_dataset_expressions to None, run_after=None
[2026-06-19T16:56:54.493+0000] {logging_mixin.py:190} INFO - [2026-06-19T16:56:54.493+0000] {dag.py:4180} INFO - Setting next_dagrun for consume_1_or_2_with_dataset_expressions to None, run_after=None
[2026-06-19T16:56:54.497+0000] {logging_mixin.py:190} INFO - [2026-06-19T16:56:54.497+0000] {dag.py:4180} INFO - Setting next_dagrun for consume_1_or_both_2_and_3_with_dataset_expressions to None, run_after=None
[2026-06-19T16:56:54.501+0000] {logging_mixin.py:190} INFO - [2026-06-19T16:56:54.500+0000] {dag.py:4180} INFO - Setting next_dagrun for dataset_consumes_1 to None, run_after=None
[2026-06-19T16:56:54.503+0000] {logging_mixin.py:190} INFO - [2026-06-19T16:56:54.503+0000] {dag.py:4180} INFO - Setting next_dagrun for dataset_consumes_1_and_2 to None, run_after=None
[2026-06-19T16:56:54.507+0000] {logging_mixin.py:190} INFO - [2026-06-19T16:56:54.506+0000] {dag.py:4180} INFO - Setting next_dagrun for dataset_consumes_1_never_scheduled to None, run_after=None
[2026-06-19T16:56:54.509+0000] {logging_mixin.py:190} INFO - [2026-06-19T16:56:54.509+0000] {dag.py:4180} INFO - Setting next_dagrun for dataset_consumes_unknown_never_scheduled to None, run_after=None
[2026-06-19T16:56:54.513+0000] {logging_mixin.py:190} INFO - [2026-06-19T16:56:54.512+0000] {dag.py:4180} INFO - Setting next_dagrun for dataset_produces_1 to 2026-06-18 00:00:00+00:00, run_after=2026-06-19 00:00:00+00:00
[2026-06-19T16:56:54.515+0000] {logging_mixin.py:190} INFO - [2026-06-19T16:56:54.515+0000] {dag.py:4180} INFO - Setting next_dagrun for dataset_produces_2 to None, run_after=None
[2026-06-19T16:56:54.559+0000] {processor.py:208} INFO - Processing /home/airflow/.local/lib/python3.12/site-packages/airflow/example_dags/example_datasets.py took 0.915 seconds
[2026-06-19T16:57:25.453+0000] {processor.py:186} INFO - Started process (PID=1920) to work on /home/airflow/.local/lib/python3.12/site-packages/airflow/example_dags/example_datasets.py
[2026-06-19T16:57:25.457+0000] {processor.py:914} INFO - Processing file /home/airflow/.local/lib/python3.12/site-packages/airflow/example_dags/example_datasets.py for tasks to queue
[2026-06-19T16:57:25.463+0000] {logging_mixin.py:190} INFO - [2026-06-19T16:57:25.462+0000] {dagbag.py:588} INFO - Filling up the DagBag from /home/airflow/.local/lib/python3.12/site-packages/airflow/example_dags/example_datasets.py
[2026-06-19T16:57:26.805+0000] {processor.py:925} INFO - DAG(s) 'dataset_consumes_unknown_never_scheduled', 'dataset_produces_2', 'dataset_consumes_1_and_2', 'dataset_consumes_1_never_scheduled', 'conditional_dataset_and_time_based_timetable', 'consume_1_and_2_with_dataset_expressions', 'consume_1_or_2_with_dataset_expressions', 'dataset_produces_1', 'dataset_consumes_1', 'consume_1_or_both_2_and_3_with_dataset_expressions' retrieved from /home/airflow/.local/lib/python3.12/site-packages/airflow/example_dags/example_datasets.py
[2026-06-19T16:57:26.889+0000] {logging_mixin.py:190} INFO - [2026-06-19T16:57:26.888+0000] {dag.py:3239} INFO - Sync 10 DAGs
[2026-06-19T16:57:26.949+0000] {logging_mixin.py:190} INFO - [2026-06-19T16:57:26.948+0000] {dag.py:4180} INFO - Setting next_dagrun for conditional_dataset_and_time_based_timetable to 2026-06-17 01:00:00+00:00, run_after=2026-06-17 01:00:00+00:00
[2026-06-19T16:57:26.961+0000] {logging_mixin.py:190} INFO - [2026-06-19T16:57:26.960+0000] {dag.py:4180} INFO - Setting next_dagrun for consume_1_and_2_with_dataset_expressions to None, run_after=None
[2026-06-19T16:57:26.965+0000] {logging_mixin.py:190} INFO - [2026-06-19T16:57:26.965+0000] {dag.py:4180} INFO - Setting next_dagrun for consume_1_or_2_with_dataset_expressions to None, run_after=None
[2026-06-19T16:57:26.971+0000] {logging_mixin.py:190} INFO - [2026-06-19T16:57:26.971+0000] {dag.py:4180} INFO - Setting next_dagrun for consume_1_or_both_2_and_3_with_dataset_expressions to None, run_after=None
[2026-06-19T16:57:26.976+0000] {logging_mixin.py:190} INFO - [2026-06-19T16:57:26.976+0000] {dag.py:4180} INFO - Setting next_dagrun for dataset_consumes_1 to None, run_after=None
[2026-06-19T16:57:26.982+0000] {logging_mixin.py:190} INFO - [2026-06-19T16:57:26.981+0000] {dag.py:4180} INFO - Setting next_dagrun for dataset_consumes_1_and_2 to None, run_after=None
[2026-06-19T16:57:26.987+0000] {logging_mixin.py:190} INFO - [2026-06-19T16:57:26.987+0000] {dag.py:4180} INFO - Setting next_dagrun for dataset_consumes_1_never_scheduled to None, run_after=None
[2026-06-19T16:57:26.992+0000] {logging_mixin.py:190} INFO - [2026-06-19T16:57:26.991+0000] {dag.py:4180} INFO - Setting next_dagrun for dataset_consumes_unknown_never_scheduled to None, run_after=None
[2026-06-19T16:57:26.998+0000] {logging_mixin.py:190} INFO - [2026-06-19T16:57:26.997+0000] {dag.py:4180} INFO - Setting next_dagrun for dataset_produces_1 to 2026-06-18 00:00:00+00:00, run_after=2026-06-19 00:00:00+00:00
[2026-06-19T16:57:27.004+0000] {logging_mixin.py:190} INFO - [2026-06-19T16:57:27.003+0000] {dag.py:4180} INFO - Setting next_dagrun for dataset_produces_2 to None, run_after=None
[2026-06-19T16:57:27.079+0000] {processor.py:208} INFO - Processing /home/airflow/.local/lib/python3.12/site-packages/airflow/example_dags/example_datasets.py took 1.639 seconds
[2026-06-19T16:57:57.169+0000] {processor.py:186} INFO - Started process (PID=1987) to work on /home/airflow/.local/lib/python3.12/site-packages/airflow/example_dags/example_datasets.py
[2026-06-19T16:57:57.170+0000] {processor.py:914} INFO - Processing file /home/airflow/.local/lib/python3.12/site-packages/airflow/example_dags/example_datasets.py for tasks to queue
[2026-06-19T16:57:57.174+0000] {logging_mixin.py:190} INFO - [2026-06-19T16:57:57.174+0000] {dagbag.py:588} INFO - Filling up the DagBag from /home/airflow/.local/lib/python3.12/site-packages/airflow/example_dags/example_datasets.py
[2026-06-19T16:57:57.814+0000] {processor.py:925} INFO - DAG(s) 'conditional_dataset_and_time_based_timetable', 'consume_1_and_2_with_dataset_expressions', 'dataset_consumes_1_never_scheduled', 'dataset_consumes_1_and_2', 'consume_1_or_both_2_and_3_with_dataset_expressions', 'dataset_consumes_1', 'dataset_consumes_unknown_never_scheduled', 'dataset_produces_2', 'dataset_produces_1', 'consume_1_or_2_with_dataset_expressions' retrieved from /home/airflow/.local/lib/python3.12/site-packages/airflow/example_dags/example_datasets.py
[2026-06-19T16:57:57.864+0000] {logging_mixin.py:190} INFO - [2026-06-19T16:57:57.864+0000] {dag.py:3239} INFO - Sync 10 DAGs
[2026-06-19T16:57:57.897+0000] {logging_mixin.py:190} INFO - [2026-06-19T16:57:57.896+0000] {dag.py:4180} INFO - Setting next_dagrun for conditional_dataset_and_time_based_timetable to 2026-06-17 01:00:00+00:00, run_after=2026-06-17 01:00:00+00:00
[2026-06-19T16:57:57.903+0000] {logging_mixin.py:190} INFO - [2026-06-19T16:57:57.903+0000] {dag.py:4180} INFO - Setting next_dagrun for consume_1_and_2_with_dataset_expressions to None, run_after=None
[2026-06-19T16:57:57.906+0000] {logging_mixin.py:190} INFO - [2026-06-19T16:57:57.906+0000] {dag.py:4180} INFO - Setting next_dagrun for consume_1_or_2_with_dataset_expressions to None, run_after=None
[2026-06-19T16:57:57.909+0000] {logging_mixin.py:190} INFO - [2026-06-19T16:57:57.909+0000] {dag.py:4180} INFO - Setting next_dagrun for consume_1_or_both_2_and_3_with_dataset_expressions to None, run_after=None
[2026-06-19T16:57:57.911+0000] {logging_mixin.py:190} INFO - [2026-06-19T16:57:57.911+0000] {dag.py:4180} INFO - Setting next_dagrun for dataset_consumes_1 to None, run_after=None
[2026-06-19T16:57:57.914+0000] {logging_mixin.py:190} INFO - [2026-06-19T16:57:57.913+0000] {dag.py:4180} INFO - Setting next_dagrun for dataset_consumes_1_and_2 to None, run_after=None
[2026-06-19T16:57:57.916+0000] {logging_mixin.py:190} INFO - [2026-06-19T16:57:57.915+0000] {dag.py:4180} INFO - Setting next_dagrun for dataset_consumes_1_never_scheduled to None, run_after=None
[2026-06-19T16:57:57.918+0000] {logging_mixin.py:190} INFO - [2026-06-19T16:57:57.918+0000] {dag.py:4180} INFO - Setting next_dagrun for dataset_consumes_unknown_never_scheduled to None, run_after=None
[2026-06-19T16:57:57.922+0000] {logging_mixin.py:190} INFO - [2026-06-19T16:57:57.922+0000] {dag.py:4180} INFO - Setting next_dagrun for dataset_produces_1 to 2026-06-18 00:00:00+00:00, run_after=2026-06-19 00:00:00+00:00
[2026-06-19T16:57:57.925+0000] {logging_mixin.py:190} INFO - [2026-06-19T16:57:57.925+0000] {dag.py:4180} INFO - Setting next_dagrun for dataset_produces_2 to None, run_after=None
[2026-06-19T16:57:57.967+0000] {processor.py:208} INFO - Processing /home/airflow/.local/lib/python3.12/site-packages/airflow/example_dags/example_datasets.py took 0.806 seconds
[2026-06-19T16:58:28.617+0000] {processor.py:186} INFO - Started process (PID=2052) to work on /home/airflow/.local/lib/python3.12/site-packages/airflow/example_dags/example_datasets.py
[2026-06-19T16:58:28.622+0000] {processor.py:914} INFO - Processing file /home/airflow/.local/lib/python3.12/site-packages/airflow/example_dags/example_datasets.py for tasks to queue
[2026-06-19T16:58:28.628+0000] {logging_mixin.py:190} INFO - [2026-06-19T16:58:28.627+0000] {dagbag.py:588} INFO - Filling up the DagBag from /home/airflow/.local/lib/python3.12/site-packages/airflow/example_dags/example_datasets.py
[2026-06-19T16:58:29.822+0000] {processor.py:925} INFO - DAG(s) 'dataset_produces_2', 'dataset_consumes_1_and_2', 'consume_1_or_2_with_dataset_expressions', 'dataset_consumes_unknown_never_scheduled', 'dataset_consumes_1', 'dataset_consumes_1_never_scheduled', 'consume_1_and_2_with_dataset_expressions', 'consume_1_or_both_2_and_3_with_dataset_expressions', 'conditional_dataset_and_time_based_timetable', 'dataset_produces_1' retrieved from /home/airflow/.local/lib/python3.12/site-packages/airflow/example_dags/example_datasets.py
[2026-06-19T16:58:30.029+0000] {logging_mixin.py:190} INFO - [2026-06-19T16:58:30.029+0000] {dag.py:3239} INFO - Sync 10 DAGs
[2026-06-19T16:58:30.079+0000] {logging_mixin.py:190} INFO - [2026-06-19T16:58:30.079+0000] {dag.py:4180} INFO - Setting next_dagrun for conditional_dataset_and_time_based_timetable to 2026-06-17 01:00:00+00:00, run_after=2026-06-17 01:00:00+00:00
[2026-06-19T16:58:30.089+0000] {logging_mixin.py:190} INFO - [2026-06-19T16:58:30.089+0000] {dag.py:4180} INFO - Setting next_dagrun for consume_1_and_2_with_dataset_expressions to None, run_after=None
[2026-06-19T16:58:30.095+0000] {logging_mixin.py:190} INFO - [2026-06-19T16:58:30.094+0000] {dag.py:4180} INFO - Setting next_dagrun for consume_1_or_2_with_dataset_expressions to None, run_after=None
[2026-06-19T16:58:30.100+0000] {logging_mixin.py:190} INFO - [2026-06-19T16:58:30.099+0000] {dag.py:4180} INFO - Setting next_dagrun for consume_1_or_both_2_and_3_with_dataset_expressions to None, run_after=None
[2026-06-19T16:58:30.105+0000] {logging_mixin.py:190} INFO - [2026-06-19T16:58:30.104+0000] {dag.py:4180} INFO - Setting next_dagrun for dataset_consumes_1 to None, run_after=None
[2026-06-19T16:58:30.109+0000] {logging_mixin.py:190} INFO - [2026-06-19T16:58:30.109+0000] {dag.py:4180} INFO - Setting next_dagrun for dataset_consumes_1_and_2 to None, run_after=None
[2026-06-19T16:58:30.115+0000] {logging_mixin.py:190} INFO - [2026-06-19T16:58:30.115+0000] {dag.py:4180} INFO - Setting next_dagrun for dataset_consumes_1_never_scheduled to None, run_after=None
[2026-06-19T16:58:30.122+0000] {logging_mixin.py:190} INFO - [2026-06-19T16:58:30.121+0000] {dag.py:4180} INFO - Setting next_dagrun for dataset_consumes_unknown_never_scheduled to None, run_after=None
[2026-06-19T16:58:30.130+0000] {logging_mixin.py:190} INFO - [2026-06-19T16:58:30.130+0000] {dag.py:4180} INFO - Setting next_dagrun for dataset_produces_1 to 2026-06-18 00:00:00+00:00, run_after=2026-06-19 00:00:00+00:00
[2026-06-19T16:58:30.136+0000] {logging_mixin.py:190} INFO - [2026-06-19T16:58:30.136+0000] {dag.py:4180} INFO - Setting next_dagrun for dataset_produces_2 to None, run_after=None
[2026-06-19T16:58:30.228+0000] {processor.py:208} INFO - Processing /home/airflow/.local/lib/python3.12/site-packages/airflow/example_dags/example_datasets.py took 1.623 seconds
[2026-06-19T16:59:00.480+0000] {processor.py:186} INFO - Started process (PID=2117) to work on /home/airflow/.local/lib/python3.12/site-packages/airflow/example_dags/example_datasets.py
[2026-06-19T16:59:00.482+0000] {processor.py:914} INFO - Processing file /home/airflow/.local/lib/python3.12/site-packages/airflow/example_dags/example_datasets.py for tasks to queue
[2026-06-19T16:59:00.484+0000] {logging_mixin.py:190} INFO - [2026-06-19T16:59:00.484+0000] {dagbag.py:588} INFO - Filling up the DagBag from /home/airflow/.local/lib/python3.12/site-packages/airflow/example_dags/example_datasets.py
[2026-06-19T16:59:01.054+0000] {processor.py:925} INFO - DAG(s) 'consume_1_or_2_with_dataset_expressions', 'dataset_consumes_1_and_2', 'dataset_consumes_1_never_scheduled', 'conditional_dataset_and_time_based_timetable', 'consume_1_or_both_2_and_3_with_dataset_expressions', 'dataset_produces_1', 'dataset_consumes_1', 'dataset_consumes_unknown_never_scheduled', 'dataset_produces_2', 'consume_1_and_2_with_dataset_expressions' retrieved from /home/airflow/.local/lib/python3.12/site-packages/airflow/example_dags/example_datasets.py
[2026-06-19T16:59:01.099+0000] {logging_mixin.py:190} INFO - [2026-06-19T16:59:01.099+0000] {dag.py:3239} INFO - Sync 10 DAGs
[2026-06-19T16:59:01.128+0000] {logging_mixin.py:190} INFO - [2026-06-19T16:59:01.127+0000] {dag.py:4180} INFO - Setting next_dagrun for conditional_dataset_and_time_based_timetable to 2026-06-17 01:00:00+00:00, run_after=2026-06-17 01:00:00+00:00
[2026-06-19T16:59:01.132+0000] {logging_mixin.py:190} INFO - [2026-06-19T16:59:01.132+0000] {dag.py:4180} INFO - Setting next_dagrun for consume_1_and_2_with_dataset_expressions to None, run_after=None
[2026-06-19T16:59:01.135+0000] {logging_mixin.py:190} INFO - [2026-06-19T16:59:01.135+0000] {dag.py:4180} INFO - Setting next_dagrun for consume_1_or_2_with_dataset_expressions to None, run_after=None
[2026-06-19T16:59:01.137+0000] {logging_mixin.py:190} INFO - [2026-06-19T16:59:01.137+0000] {dag.py:4180} INFO - Setting next_dagrun for consume_1_or_both_2_and_3_with_dataset_expressions to None, run_after=None
[2026-06-19T16:59:01.140+0000] {logging_mixin.py:190} INFO - [2026-06-19T16:59:01.140+0000] {dag.py:4180} INFO - Setting next_dagrun for dataset_consumes_1 to None, run_after=None
[2026-06-19T16:59:01.142+0000] {logging_mixin.py:190} INFO - [2026-06-19T16:59:01.141+0000] {dag.py:4180} INFO - Setting next_dagrun for dataset_consumes_1_and_2 to None, run_after=None
[2026-06-19T16:59:01.144+0000] {logging_mixin.py:190} INFO - [2026-06-19T16:59:01.144+0000] {dag.py:4180} INFO - Setting next_dagrun for dataset_consumes_1_never_scheduled to None, run_after=None
[2026-06-19T16:59:01.146+0000] {logging_mixin.py:190} INFO - [2026-06-19T16:59:01.145+0000] {dag.py:4180} INFO - Setting next_dagrun for dataset_consumes_unknown_never_scheduled to None, run_after=None
[2026-06-19T16:59:01.149+0000] {logging_mixin.py:190} INFO - [2026-06-19T16:59:01.149+0000] {dag.py:4180} INFO - Setting next_dagrun for dataset_produces_1 to 2026-06-18 00:00:00+00:00, run_after=2026-06-19 00:00:00+00:00
[2026-06-19T16:59:01.152+0000] {logging_mixin.py:190} INFO - [2026-06-19T16:59:01.151+0000] {dag.py:4180} INFO - Setting next_dagrun for dataset_produces_2 to None, run_after=None
[2026-06-19T16:59:01.189+0000] {processor.py:208} INFO - Processing /home/airflow/.local/lib/python3.12/site-packages/airflow/example_dags/example_datasets.py took 0.714 seconds
[2026-06-19T16:59:31.808+0000] {processor.py:186} INFO - Started process (PID=2181) to work on /home/airflow/.local/lib/python3.12/site-packages/airflow/example_dags/example_datasets.py
[2026-06-19T16:59:31.811+0000] {processor.py:914} INFO - Processing file /home/airflow/.local/lib/python3.12/site-packages/airflow/example_dags/example_datasets.py for tasks to queue
[2026-06-19T16:59:31.815+0000] {logging_mixin.py:190} INFO - [2026-06-19T16:59:31.815+0000] {dagbag.py:588} INFO - Filling up the DagBag from /home/airflow/.local/lib/python3.12/site-packages/airflow/example_dags/example_datasets.py
[2026-06-19T16:59:32.466+0000] {processor.py:925} INFO - DAG(s) 'dataset_consumes_1', 'dataset_consumes_unknown_never_scheduled', 'dataset_consumes_1_and_2', 'consume_1_or_both_2_and_3_with_dataset_expressions', 'consume_1_and_2_with_dataset_expressions', 'consume_1_or_2_with_dataset_expressions', 'dataset_consumes_1_never_scheduled', 'dataset_produces_1', 'dataset_produces_2', 'conditional_dataset_and_time_based_timetable' retrieved from /home/airflow/.local/lib/python3.12/site-packages/airflow/example_dags/example_datasets.py
[2026-06-19T16:59:32.527+0000] {logging_mixin.py:190} INFO - [2026-06-19T16:59:32.527+0000] {dag.py:3239} INFO - Sync 10 DAGs
[2026-06-19T16:59:32.560+0000] {logging_mixin.py:190} INFO - [2026-06-19T16:59:32.560+0000] {dag.py:4180} INFO - Setting next_dagrun for conditional_dataset_and_time_based_timetable to 2026-06-17 01:00:00+00:00, run_after=2026-06-17 01:00:00+00:00
[2026-06-19T16:59:32.566+0000] {logging_mixin.py:190} INFO - [2026-06-19T16:59:32.565+0000] {dag.py:4180} INFO - Setting next_dagrun for consume_1_and_2_with_dataset_expressions to None, run_after=None
[2026-06-19T16:59:32.569+0000] {logging_mixin.py:190} INFO - [2026-06-19T16:59:32.569+0000] {dag.py:4180} INFO - Setting next_dagrun for consume_1_or_2_with_dataset_expressions to None, run_after=None
[2026-06-19T16:59:32.572+0000] {logging_mixin.py:190} INFO - [2026-06-19T16:59:32.571+0000] {dag.py:4180} INFO - Setting next_dagrun for consume_1_or_both_2_and_3_with_dataset_expressions to None, run_after=None
[2026-06-19T16:59:32.574+0000] {logging_mixin.py:190} INFO - [2026-06-19T16:59:32.574+0000] {dag.py:4180} INFO - Setting next_dagrun for dataset_consumes_1 to None, run_after=None
[2026-06-19T16:59:32.577+0000] {logging_mixin.py:190} INFO - [2026-06-19T16:59:32.577+0000] {dag.py:4180} INFO - Setting next_dagrun for dataset_consumes_1_and_2 to None, run_after=None
[2026-06-19T16:59:32.579+0000] {logging_mixin.py:190} INFO - [2026-06-19T16:59:32.579+0000] {dag.py:4180} INFO - Setting next_dagrun for dataset_consumes_1_never_scheduled to None, run_after=None
[2026-06-19T16:59:32.582+0000] {logging_mixin.py:190} INFO - [2026-06-19T16:59:32.581+0000] {dag.py:4180} INFO - Setting next_dagrun for dataset_consumes_unknown_never_scheduled to None, run_after=None
[2026-06-19T16:59:32.586+0000] {logging_mixin.py:190} INFO - [2026-06-19T16:59:32.586+0000] {dag.py:4180} INFO - Setting next_dagrun for dataset_produces_1 to 2026-06-18 00:00:00+00:00, run_after=2026-06-19 00:00:00+00:00
[2026-06-19T16:59:32.589+0000] {logging_mixin.py:190} INFO - [2026-06-19T16:59:32.589+0000] {dag.py:4180} INFO - Setting next_dagrun for dataset_produces_2 to None, run_after=None
[2026-06-19T16:59:32.641+0000] {processor.py:208} INFO - Processing /home/airflow/.local/lib/python3.12/site-packages/airflow/example_dags/example_datasets.py took 0.839 seconds
[2026-06-19T17:00:02.742+0000] {processor.py:186} INFO - Started process (PID=2251) to work on /home/airflow/.local/lib/python3.12/site-packages/airflow/example_dags/example_datasets.py
[2026-06-19T17:00:02.744+0000] {processor.py:914} INFO - Processing file /home/airflow/.local/lib/python3.12/site-packages/airflow/example_dags/example_datasets.py for tasks to queue
[2026-06-19T17:00:02.749+0000] {logging_mixin.py:190} INFO - [2026-06-19T17:00:02.748+0000] {dagbag.py:588} INFO - Filling up the DagBag from /home/airflow/.local/lib/python3.12/site-packages/airflow/example_dags/example_datasets.py
[2026-06-19T17:00:03.599+0000] {processor.py:925} INFO - DAG(s) 'dataset_consumes_unknown_never_scheduled', 'dataset_consumes_1_and_2', 'consume_1_or_2_with_dataset_expressions', 'dataset_produces_2', 'consume_1_or_both_2_and_3_with_dataset_expressions', 'dataset_consumes_1', 'dataset_produces_1', 'dataset_consumes_1_never_scheduled', 'conditional_dataset_and_time_based_timetable', 'consume_1_and_2_with_dataset_expressions' retrieved from /home/airflow/.local/lib/python3.12/site-packages/airflow/example_dags/example_datasets.py
[2026-06-19T17:00:03.662+0000] {logging_mixin.py:190} INFO - [2026-06-19T17:00:03.662+0000] {dag.py:3239} INFO - Sync 10 DAGs
[2026-06-19T17:00:03.707+0000] {logging_mixin.py:190} INFO - [2026-06-19T17:00:03.706+0000] {dag.py:4180} INFO - Setting next_dagrun for conditional_dataset_and_time_based_timetable to 2026-06-17 01:00:00+00:00, run_after=2026-06-17 01:00:00+00:00
[2026-06-19T17:00:03.714+0000] {logging_mixin.py:190} INFO - [2026-06-19T17:00:03.713+0000] {dag.py:4180} INFO - Setting next_dagrun for consume_1_and_2_with_dataset_expressions to None, run_after=None
[2026-06-19T17:00:03.719+0000] {logging_mixin.py:190} INFO - [2026-06-19T17:00:03.718+0000] {dag.py:4180} INFO - Setting next_dagrun for consume_1_or_2_with_dataset_expressions to None, run_after=None
[2026-06-19T17:00:03.721+0000] {logging_mixin.py:190} INFO - [2026-06-19T17:00:03.721+0000] {dag.py:4180} INFO - Setting next_dagrun for consume_1_or_both_2_and_3_with_dataset_expressions to None, run_after=None
[2026-06-19T17:00:03.724+0000] {logging_mixin.py:190} INFO - [2026-06-19T17:00:03.724+0000] {dag.py:4180} INFO - Setting next_dagrun for dataset_consumes_1 to None, run_after=None
[2026-06-19T17:00:03.726+0000] {logging_mixin.py:190} INFO - [2026-06-19T17:00:03.726+0000] {dag.py:4180} INFO - Setting next_dagrun for dataset_consumes_1_and_2 to None, run_after=None
[2026-06-19T17:00:03.730+0000] {logging_mixin.py:190} INFO - [2026-06-19T17:00:03.730+0000] {dag.py:4180} INFO - Setting next_dagrun for dataset_consumes_1_never_scheduled to None, run_after=None
[2026-06-19T17:00:03.734+0000] {logging_mixin.py:190} INFO - [2026-06-19T17:00:03.734+0000] {dag.py:4180} INFO - Setting next_dagrun for dataset_consumes_unknown_never_scheduled to None, run_after=None
[2026-06-19T17:00:03.739+0000] {logging_mixin.py:190} INFO - [2026-06-19T17:00:03.739+0000] {dag.py:4180} INFO - Setting next_dagrun for dataset_produces_1 to 2026-06-18 00:00:00+00:00, run_after=2026-06-19 00:00:00+00:00
[2026-06-19T17:00:03.742+0000] {logging_mixin.py:190} INFO - [2026-06-19T17:00:03.742+0000] {dag.py:4180} INFO - Setting next_dagrun for dataset_produces_2 to None, run_after=None
[2026-06-19T17:00:03.792+0000] {processor.py:208} INFO - Processing /home/airflow/.local/lib/python3.12/site-packages/airflow/example_dags/example_datasets.py took 1.059 seconds
[2026-06-19T17:00:34.150+0000] {processor.py:186} INFO - Started process (PID=2318) to work on /home/airflow/.local/lib/python3.12/site-packages/airflow/example_dags/example_datasets.py
[2026-06-19T17:00:34.159+0000] {processor.py:914} INFO - Processing file /home/airflow/.local/lib/python3.12/site-packages/airflow/example_dags/example_datasets.py for tasks to queue
[2026-06-19T17:00:34.172+0000] {logging_mixin.py:190} INFO - [2026-06-19T17:00:34.171+0000] {dagbag.py:588} INFO - Filling up the DagBag from /home/airflow/.local/lib/python3.12/site-packages/airflow/example_dags/example_datasets.py
[2026-06-19T17:00:35.948+0000] {processor.py:925} INFO - DAG(s) 'consume_1_or_2_with_dataset_expressions', 'dataset_consumes_1_and_2', 'dataset_consumes_1', 'conditional_dataset_and_time_based_timetable', 'dataset_consumes_1_never_scheduled', 'dataset_consumes_unknown_never_scheduled', 'dataset_produces_1', 'consume_1_and_2_with_dataset_expressions', 'dataset_produces_2', 'consume_1_or_both_2_and_3_with_dataset_expressions' retrieved from /home/airflow/.local/lib/python3.12/site-packages/airflow/example_dags/example_datasets.py
[2026-06-19T17:00:36.110+0000] {logging_mixin.py:190} INFO - [2026-06-19T17:00:36.110+0000] {dag.py:3239} INFO - Sync 10 DAGs
[2026-06-19T17:00:36.238+0000] {logging_mixin.py:190} INFO - [2026-06-19T17:00:36.227+0000] {dag.py:4180} INFO - Setting next_dagrun for conditional_dataset_and_time_based_timetable to 2026-06-17 01:00:00+00:00, run_after=2026-06-17 01:00:00+00:00
[2026-06-19T17:00:36.255+0000] {logging_mixin.py:190} INFO - [2026-06-19T17:00:36.254+0000] {dag.py:4180} INFO - Setting next_dagrun for consume_1_and_2_with_dataset_expressions to None, run_after=None
[2026-06-19T17:00:36.265+0000] {logging_mixin.py:190} INFO - [2026-06-19T17:00:36.265+0000] {dag.py:4180} INFO - Setting next_dagrun for consume_1_or_2_with_dataset_expressions to None, run_after=None
[2026-06-19T17:00:36.273+0000] {logging_mixin.py:190} INFO - [2026-06-19T17:00:36.272+0000] {dag.py:4180} INFO - Setting next_dagrun for consume_1_or_both_2_and_3_with_dataset_expressions to None, run_after=None
[2026-06-19T17:00:36.281+0000] {logging_mixin.py:190} INFO - [2026-06-19T17:00:36.279+0000] {dag.py:4180} INFO - Setting next_dagrun for dataset_consumes_1 to None, run_after=None
[2026-06-19T17:00:36.288+0000] {logging_mixin.py:190} INFO - [2026-06-19T17:00:36.288+0000] {dag.py:4180} INFO - Setting next_dagrun for dataset_consumes_1_and_2 to None, run_after=None
[2026-06-19T17:00:36.294+0000] {logging_mixin.py:190} INFO - [2026-06-19T17:00:36.293+0000] {dag.py:4180} INFO - Setting next_dagrun for dataset_consumes_1_never_scheduled to None, run_after=None
[2026-06-19T17:00:36.300+0000] {logging_mixin.py:190} INFO - [2026-06-19T17:00:36.299+0000] {dag.py:4180} INFO - Setting next_dagrun for dataset_consumes_unknown_never_scheduled to None, run_after=None
[2026-06-19T17:00:36.314+0000] {logging_mixin.py:190} INFO - [2026-06-19T17:00:36.314+0000] {dag.py:4180} INFO - Setting next_dagrun for dataset_produces_1 to 2026-06-18 00:00:00+00:00, run_after=2026-06-19 00:00:00+00:00
[2026-06-19T17:00:36.320+0000] {logging_mixin.py:190} INFO - [2026-06-19T17:00:36.319+0000] {dag.py:4180} INFO - Setting next_dagrun for dataset_produces_2 to None, run_after=None
[2026-06-19T17:00:36.443+0000] {processor.py:208} INFO - Processing /home/airflow/.local/lib/python3.12/site-packages/airflow/example_dags/example_datasets.py took 2.327 seconds
[2026-06-19T17:01:06.666+0000] {processor.py:186} INFO - Started process (PID=2385) to work on /home/airflow/.local/lib/python3.12/site-packages/airflow/example_dags/example_datasets.py
[2026-06-19T17:01:06.671+0000] {processor.py:914} INFO - Processing file /home/airflow/.local/lib/python3.12/site-packages/airflow/example_dags/example_datasets.py for tasks to queue
[2026-06-19T17:01:06.686+0000] {logging_mixin.py:190} INFO - [2026-06-19T17:01:06.681+0000] {dagbag.py:588} INFO - Filling up the DagBag from /home/airflow/.local/lib/python3.12/site-packages/airflow/example_dags/example_datasets.py
[2026-06-19T17:01:07.804+0000] {processor.py:925} INFO - DAG(s) 'conditional_dataset_and_time_based_timetable', 'dataset_consumes_1_and_2', 'consume_1_or_both_2_and_3_with_dataset_expressions', 'dataset_produces_2', 'consume_1_or_2_with_dataset_expressions', 'consume_1_and_2_with_dataset_expressions', 'dataset_consumes_1', 'dataset_consumes_1_never_scheduled', 'dataset_consumes_unknown_never_scheduled', 'dataset_produces_1' retrieved from /home/airflow/.local/lib/python3.12/site-packages/airflow/example_dags/example_datasets.py
[2026-06-19T17:01:07.881+0000] {logging_mixin.py:190} INFO - [2026-06-19T17:01:07.881+0000] {dag.py:3239} INFO - Sync 10 DAGs
[2026-06-19T17:01:07.934+0000] {logging_mixin.py:190} INFO - [2026-06-19T17:01:07.933+0000] {dag.py:4180} INFO - Setting next_dagrun for conditional_dataset_and_time_based_timetable to 2026-06-17 01:00:00+00:00, run_after=2026-06-17 01:00:00+00:00
[2026-06-19T17:01:07.943+0000] {logging_mixin.py:190} INFO - [2026-06-19T17:01:07.943+0000] {dag.py:4180} INFO - Setting next_dagrun for consume_1_and_2_with_dataset_expressions to None, run_after=None
[2026-06-19T17:01:07.947+0000] {logging_mixin.py:190} INFO - [2026-06-19T17:01:07.946+0000] {dag.py:4180} INFO - Setting next_dagrun for consume_1_or_2_with_dataset_expressions to None, run_after=None
[2026-06-19T17:01:07.950+0000] {logging_mixin.py:190} INFO - [2026-06-19T17:01:07.949+0000] {dag.py:4180} INFO - Setting next_dagrun for consume_1_or_both_2_and_3_with_dataset_expressions to None, run_after=None
[2026-06-19T17:01:07.953+0000] {logging_mixin.py:190} INFO - [2026-06-19T17:01:07.953+0000] {dag.py:4180} INFO - Setting next_dagrun for dataset_consumes_1 to None, run_after=None
[2026-06-19T17:01:07.959+0000] {logging_mixin.py:190} INFO - [2026-06-19T17:01:07.958+0000] {dag.py:4180} INFO - Setting next_dagrun for dataset_consumes_1_and_2 to None, run_after=None
[2026-06-19T17:01:07.963+0000] {logging_mixin.py:190} INFO - [2026-06-19T17:01:07.962+0000] {dag.py:4180} INFO - Setting next_dagrun for dataset_consumes_1_never_scheduled to None, run_after=None
[2026-06-19T17:01:07.967+0000] {logging_mixin.py:190} INFO - [2026-06-19T17:01:07.966+0000] {dag.py:4180} INFO - Setting next_dagrun for dataset_consumes_unknown_never_scheduled to None, run_after=None
[2026-06-19T17:01:07.974+0000] {logging_mixin.py:190} INFO - [2026-06-19T17:01:07.974+0000] {dag.py:4180} INFO - Setting next_dagrun for dataset_produces_1 to 2026-06-18 00:00:00+00:00, run_after=2026-06-19 00:00:00+00:00
[2026-06-19T17:01:07.978+0000] {logging_mixin.py:190} INFO - [2026-06-19T17:01:07.978+0000] {dag.py:4180} INFO - Setting next_dagrun for dataset_produces_2 to None, run_after=None
[2026-06-19T17:01:08.059+0000] {processor.py:208} INFO - Processing /home/airflow/.local/lib/python3.12/site-packages/airflow/example_dags/example_datasets.py took 1.413 seconds
[2026-06-19T17:01:38.223+0000] {processor.py:186} INFO - Started process (PID=2450) to work on /home/airflow/.local/lib/python3.12/site-packages/airflow/example_dags/example_datasets.py
[2026-06-19T17:01:38.235+0000] {processor.py:914} INFO - Processing file /home/airflow/.local/lib/python3.12/site-packages/airflow/example_dags/example_datasets.py for tasks to queue
[2026-06-19T17:01:38.253+0000] {logging_mixin.py:190} INFO - [2026-06-19T17:01:38.252+0000] {dagbag.py:588} INFO - Filling up the DagBag from /home/airflow/.local/lib/python3.12/site-packages/airflow/example_dags/example_datasets.py
[2026-06-19T17:01:40.363+0000] {processor.py:925} INFO - DAG(s) 'dataset_produces_1', 'conditional_dataset_and_time_based_timetable', 'consume_1_or_both_2_and_3_with_dataset_expressions', 'dataset_produces_2', 'dataset_consumes_1_never_scheduled', 'consume_1_and_2_with_dataset_expressions', 'dataset_consumes_unknown_never_scheduled', 'dataset_consumes_1_and_2', 'consume_1_or_2_with_dataset_expressions', 'dataset_consumes_1' retrieved from /home/airflow/.local/lib/python3.12/site-packages/airflow/example_dags/example_datasets.py
[2026-06-19T17:01:40.497+0000] {logging_mixin.py:190} INFO - [2026-06-19T17:01:40.497+0000] {dag.py:3239} INFO - Sync 10 DAGs
[2026-06-19T17:01:40.553+0000] {logging_mixin.py:190} INFO - [2026-06-19T17:01:40.552+0000] {dag.py:4180} INFO - Setting next_dagrun for conditional_dataset_and_time_based_timetable to 2026-06-17 01:00:00+00:00, run_after=2026-06-17 01:00:00+00:00
[2026-06-19T17:01:40.564+0000] {logging_mixin.py:190} INFO - [2026-06-19T17:01:40.563+0000] {dag.py:4180} INFO - Setting next_dagrun for consume_1_and_2_with_dataset_expressions to None, run_after=None
[2026-06-19T17:01:40.570+0000] {logging_mixin.py:190} INFO - [2026-06-19T17:01:40.570+0000] {dag.py:4180} INFO - Setting next_dagrun for consume_1_or_2_with_dataset_expressions to None, run_after=None
[2026-06-19T17:01:40.574+0000] {logging_mixin.py:190} INFO - [2026-06-19T17:01:40.574+0000] {dag.py:4180} INFO - Setting next_dagrun for consume_1_or_both_2_and_3_with_dataset_expressions to None, run_after=None
[2026-06-19T17:01:40.580+0000] {logging_mixin.py:190} INFO - [2026-06-19T17:01:40.579+0000] {dag.py:4180} INFO - Setting next_dagrun for dataset_consumes_1 to None, run_after=None
[2026-06-19T17:01:40.584+0000] {logging_mixin.py:190} INFO - [2026-06-19T17:01:40.584+0000] {dag.py:4180} INFO - Setting next_dagrun for dataset_consumes_1_and_2 to None, run_after=None
[2026-06-19T17:01:40.589+0000] {logging_mixin.py:190} INFO - [2026-06-19T17:01:40.588+0000] {dag.py:4180} INFO - Setting next_dagrun for dataset_consumes_1_never_scheduled to None, run_after=None
[2026-06-19T17:01:40.592+0000] {logging_mixin.py:190} INFO - [2026-06-19T17:01:40.592+0000] {dag.py:4180} INFO - Setting next_dagrun for dataset_consumes_unknown_never_scheduled to None, run_after=None
[2026-06-19T17:01:40.599+0000] {logging_mixin.py:190} INFO - [2026-06-19T17:01:40.599+0000] {dag.py:4180} INFO - Setting next_dagrun for dataset_produces_1 to 2026-06-18 00:00:00+00:00, run_after=2026-06-19 00:00:00+00:00
[2026-06-19T17:01:40.604+0000] {logging_mixin.py:190} INFO - [2026-06-19T17:01:40.604+0000] {dag.py:4180} INFO - Setting next_dagrun for dataset_produces_2 to None, run_after=None
[2026-06-19T17:01:40.675+0000] {processor.py:208} INFO - Processing /home/airflow/.local/lib/python3.12/site-packages/airflow/example_dags/example_datasets.py took 2.477 seconds
[2026-06-19T17:02:11.492+0000] {processor.py:186} INFO - Started process (PID=2518) to work on /home/airflow/.local/lib/python3.12/site-packages/airflow/example_dags/example_datasets.py
[2026-06-19T17:02:11.497+0000] {processor.py:914} INFO - Processing file /home/airflow/.local/lib/python3.12/site-packages/airflow/example_dags/example_datasets.py for tasks to queue
[2026-06-19T17:02:11.504+0000] {logging_mixin.py:190} INFO - [2026-06-19T17:02:11.503+0000] {dagbag.py:588} INFO - Filling up the DagBag from /home/airflow/.local/lib/python3.12/site-packages/airflow/example_dags/example_datasets.py
[2026-06-19T17:02:12.760+0000] {processor.py:925} INFO - DAG(s) 'consume_1_or_2_with_dataset_expressions', 'dataset_consumes_unknown_never_scheduled', 'consume_1_or_both_2_and_3_with_dataset_expressions', 'dataset_consumes_1_never_scheduled', 'dataset_produces_1', 'dataset_consumes_1_and_2', 'dataset_produces_2', 'conditional_dataset_and_time_based_timetable', 'consume_1_and_2_with_dataset_expressions', 'dataset_consumes_1' retrieved from /home/airflow/.local/lib/python3.12/site-packages/airflow/example_dags/example_datasets.py
[2026-06-19T17:02:12.838+0000] {logging_mixin.py:190} INFO - [2026-06-19T17:02:12.838+0000] {dag.py:3239} INFO - Sync 10 DAGs
[2026-06-19T17:02:12.896+0000] {logging_mixin.py:190} INFO - [2026-06-19T17:02:12.895+0000] {dag.py:4180} INFO - Setting next_dagrun for conditional_dataset_and_time_based_timetable to 2026-06-17 01:00:00+00:00, run_after=2026-06-17 01:00:00+00:00
[2026-06-19T17:02:12.908+0000] {logging_mixin.py:190} INFO - [2026-06-19T17:02:12.908+0000] {dag.py:4180} INFO - Setting next_dagrun for consume_1_and_2_with_dataset_expressions to None, run_after=None
[2026-06-19T17:02:12.913+0000] {logging_mixin.py:190} INFO - [2026-06-19T17:02:12.913+0000] {dag.py:4180} INFO - Setting next_dagrun for consume_1_or_2_with_dataset_expressions to None, run_after=None
[2026-06-19T17:02:12.919+0000] {logging_mixin.py:190} INFO - [2026-06-19T17:02:12.918+0000] {dag.py:4180} INFO - Setting next_dagrun for consume_1_or_both_2_and_3_with_dataset_expressions to None, run_after=None
[2026-06-19T17:02:12.924+0000] {logging_mixin.py:190} INFO - [2026-06-19T17:02:12.924+0000] {dag.py:4180} INFO - Setting next_dagrun for dataset_consumes_1 to None, run_after=None
[2026-06-19T17:02:12.930+0000] {logging_mixin.py:190} INFO - [2026-06-19T17:02:12.929+0000] {dag.py:4180} INFO - Setting next_dagrun for dataset_consumes_1_and_2 to None, run_after=None
[2026-06-19T17:02:12.936+0000] {logging_mixin.py:190} INFO - [2026-06-19T17:02:12.936+0000] {dag.py:4180} INFO - Setting next_dagrun for dataset_consumes_1_never_scheduled to None, run_after=None
[2026-06-19T17:02:12.941+0000] {logging_mixin.py:190} INFO - [2026-06-19T17:02:12.941+0000] {dag.py:4180} INFO - Setting next_dagrun for dataset_consumes_unknown_never_scheduled to None, run_after=None
[2026-06-19T17:02:12.949+0000] {logging_mixin.py:190} INFO - [2026-06-19T17:02:12.948+0000] {dag.py:4180} INFO - Setting next_dagrun for dataset_produces_1 to 2026-06-18 00:00:00+00:00, run_after=2026-06-19 00:00:00+00:00
[2026-06-19T17:02:12.955+0000] {logging_mixin.py:190} INFO - [2026-06-19T17:02:12.954+0000] {dag.py:4180} INFO - Setting next_dagrun for dataset_produces_2 to None, run_after=None
[2026-06-19T17:02:13.050+0000] {processor.py:208} INFO - Processing /home/airflow/.local/lib/python3.12/site-packages/airflow/example_dags/example_datasets.py took 1.572 seconds
[2026-06-19T17:02:43.256+0000] {processor.py:186} INFO - Started process (PID=2584) to work on /home/airflow/.local/lib/python3.12/site-packages/airflow/example_dags/example_datasets.py
[2026-06-19T17:02:43.260+0000] {processor.py:914} INFO - Processing file /home/airflow/.local/lib/python3.12/site-packages/airflow/example_dags/example_datasets.py for tasks to queue
[2026-06-19T17:02:43.268+0000] {logging_mixin.py:190} INFO - [2026-06-19T17:02:43.267+0000] {dagbag.py:588} INFO - Filling up the DagBag from /home/airflow/.local/lib/python3.12/site-packages/airflow/example_dags/example_datasets.py
[2026-06-19T17:02:44.932+0000] {processor.py:925} INFO - DAG(s) 'dataset_consumes_1_never_scheduled', 'dataset_consumes_1', 'dataset_consumes_unknown_never_scheduled', 'dataset_produces_2', 'dataset_produces_1', 'consume_1_and_2_with_dataset_expressions', 'conditional_dataset_and_time_based_timetable', 'dataset_consumes_1_and_2', 'consume_1_or_both_2_and_3_with_dataset_expressions', 'consume_1_or_2_with_dataset_expressions' retrieved from /home/airflow/.local/lib/python3.12/site-packages/airflow/example_dags/example_datasets.py
[2026-06-19T17:02:45.059+0000] {logging_mixin.py:190} INFO - [2026-06-19T17:02:45.058+0000] {dag.py:3239} INFO - Sync 10 DAGs
[2026-06-19T17:02:45.147+0000] {logging_mixin.py:190} INFO - [2026-06-19T17:02:45.145+0000] {dag.py:4180} INFO - Setting next_dagrun for conditional_dataset_and_time_based_timetable to 2026-06-17 01:00:00+00:00, run_after=2026-06-17 01:00:00+00:00
[2026-06-19T17:02:45.161+0000] {logging_mixin.py:190} INFO - [2026-06-19T17:02:45.161+0000] {dag.py:4180} INFO - Setting next_dagrun for consume_1_and_2_with_dataset_expressions to None, run_after=None
[2026-06-19T17:02:45.169+0000] {logging_mixin.py:190} INFO - [2026-06-19T17:02:45.168+0000] {dag.py:4180} INFO - Setting next_dagrun for consume_1_or_2_with_dataset_expressions to None, run_after=None
[2026-06-19T17:02:45.177+0000] {logging_mixin.py:190} INFO - [2026-06-19T17:02:45.176+0000] {dag.py:4180} INFO - Setting next_dagrun for consume_1_or_both_2_and_3_with_dataset_expressions to None, run_after=None
[2026-06-19T17:02:45.182+0000] {logging_mixin.py:190} INFO - [2026-06-19T17:02:45.181+0000] {dag.py:4180} INFO - Setting next_dagrun for dataset_consumes_1 to None, run_after=None
[2026-06-19T17:02:45.187+0000] {logging_mixin.py:190} INFO - [2026-06-19T17:02:45.186+0000] {dag.py:4180} INFO - Setting next_dagrun for dataset_consumes_1_and_2 to None, run_after=None
[2026-06-19T17:02:45.191+0000] {logging_mixin.py:190} INFO - [2026-06-19T17:02:45.190+0000] {dag.py:4180} INFO - Setting next_dagrun for dataset_consumes_1_never_scheduled to None, run_after=None
[2026-06-19T17:02:45.196+0000] {logging_mixin.py:190} INFO - [2026-06-19T17:02:45.195+0000] {dag.py:4180} INFO - Setting next_dagrun for dataset_consumes_unknown_never_scheduled to None, run_after=None
[2026-06-19T17:02:45.204+0000] {logging_mixin.py:190} INFO - [2026-06-19T17:02:45.203+0000] {dag.py:4180} INFO - Setting next_dagrun for dataset_produces_1 to 2026-06-18 00:00:00+00:00, run_after=2026-06-19 00:00:00+00:00
[2026-06-19T17:02:45.209+0000] {logging_mixin.py:190} INFO - [2026-06-19T17:02:45.208+0000] {dag.py:4180} INFO - Setting next_dagrun for dataset_produces_2 to None, run_after=None
[2026-06-19T17:02:45.295+0000] {processor.py:208} INFO - Processing /home/airflow/.local/lib/python3.12/site-packages/airflow/example_dags/example_datasets.py took 2.051 seconds
[2026-06-19T17:04:24.087+0000] {processor.py:186} INFO - Started process (PID=79) to work on /home/airflow/.local/lib/python3.12/site-packages/airflow/example_dags/example_datasets.py
[2026-06-19T17:04:24.091+0000] {processor.py:914} INFO - Processing file /home/airflow/.local/lib/python3.12/site-packages/airflow/example_dags/example_datasets.py for tasks to queue
[2026-06-19T17:04:24.099+0000] {logging_mixin.py:190} INFO - [2026-06-19T17:04:24.098+0000] {dagbag.py:588} INFO - Filling up the DagBag from /home/airflow/.local/lib/python3.12/site-packages/airflow/example_dags/example_datasets.py
[2026-06-19T17:04:27.821+0000] {processor.py:925} INFO - DAG(s) 'dataset_produces_1', 'dataset_produces_2', 'consume_1_or_both_2_and_3_with_dataset_expressions', 'dataset_consumes_1_and_2', 'dataset_consumes_unknown_never_scheduled', 'dataset_consumes_1_never_scheduled', 'consume_1_or_2_with_dataset_expressions', 'consume_1_and_2_with_dataset_expressions', 'conditional_dataset_and_time_based_timetable', 'dataset_consumes_1' retrieved from /home/airflow/.local/lib/python3.12/site-packages/airflow/example_dags/example_datasets.py
[2026-06-19T17:04:27.972+0000] {logging_mixin.py:190} INFO - [2026-06-19T17:04:27.972+0000] {dag.py:3239} INFO - Sync 10 DAGs
[2026-06-19T17:04:28.026+0000] {logging_mixin.py:190} INFO - [2026-06-19T17:04:28.026+0000] {dag.py:4180} INFO - Setting next_dagrun for conditional_dataset_and_time_based_timetable to 2026-06-17 01:00:00+00:00, run_after=2026-06-17 01:00:00+00:00
[2026-06-19T17:04:28.035+0000] {logging_mixin.py:190} INFO - [2026-06-19T17:04:28.035+0000] {dag.py:4180} INFO - Setting next_dagrun for consume_1_and_2_with_dataset_expressions to None, run_after=None
[2026-06-19T17:04:28.039+0000] {logging_mixin.py:190} INFO - [2026-06-19T17:04:28.039+0000] {dag.py:4180} INFO - Setting next_dagrun for consume_1_or_2_with_dataset_expressions to None, run_after=None
[2026-06-19T17:04:28.043+0000] {logging_mixin.py:190} INFO - [2026-06-19T17:04:28.042+0000] {dag.py:4180} INFO - Setting next_dagrun for consume_1_or_both_2_and_3_with_dataset_expressions to None, run_after=None
[2026-06-19T17:04:28.047+0000] {logging_mixin.py:190} INFO - [2026-06-19T17:04:28.046+0000] {dag.py:4180} INFO - Setting next_dagrun for dataset_consumes_1 to None, run_after=None
[2026-06-19T17:04:28.054+0000] {logging_mixin.py:190} INFO - [2026-06-19T17:04:28.053+0000] {dag.py:4180} INFO - Setting next_dagrun for dataset_consumes_1_and_2 to None, run_after=None
[2026-06-19T17:04:28.058+0000] {logging_mixin.py:190} INFO - [2026-06-19T17:04:28.057+0000] {dag.py:4180} INFO - Setting next_dagrun for dataset_consumes_1_never_scheduled to None, run_after=None
[2026-06-19T17:04:28.063+0000] {logging_mixin.py:190} INFO - [2026-06-19T17:04:28.062+0000] {dag.py:4180} INFO - Setting next_dagrun for dataset_consumes_unknown_never_scheduled to None, run_after=None
[2026-06-19T17:04:28.069+0000] {logging_mixin.py:190} INFO - [2026-06-19T17:04:28.069+0000] {dag.py:4180} INFO - Setting next_dagrun for dataset_produces_1 to 2026-06-18 00:00:00+00:00, run_after=2026-06-19 00:00:00+00:00
[2026-06-19T17:04:28.074+0000] {logging_mixin.py:190} INFO - [2026-06-19T17:04:28.073+0000] {dag.py:4180} INFO - Setting next_dagrun for dataset_produces_2 to None, run_after=None
[2026-06-19T17:04:28.135+0000] {processor.py:208} INFO - Processing /home/airflow/.local/lib/python3.12/site-packages/airflow/example_dags/example_datasets.py took 4.061 seconds
[2026-06-19T17:04:58.290+0000] {processor.py:186} INFO - Started process (PID=153) to work on /home/airflow/.local/lib/python3.12/site-packages/airflow/example_dags/example_datasets.py
[2026-06-19T17:04:58.295+0000] {processor.py:914} INFO - Processing file /home/airflow/.local/lib/python3.12/site-packages/airflow/example_dags/example_datasets.py for tasks to queue
[2026-06-19T17:04:58.308+0000] {logging_mixin.py:190} INFO - [2026-06-19T17:04:58.307+0000] {dagbag.py:588} INFO - Filling up the DagBag from /home/airflow/.local/lib/python3.12/site-packages/airflow/example_dags/example_datasets.py
[2026-06-19T17:04:59.895+0000] {processor.py:925} INFO - DAG(s) 'consume_1_or_both_2_and_3_with_dataset_expressions', 'dataset_produces_1', 'consume_1_or_2_with_dataset_expressions', 'dataset_consumes_1_never_scheduled', 'dataset_consumes_1', 'consume_1_and_2_with_dataset_expressions', 'conditional_dataset_and_time_based_timetable', 'dataset_consumes_unknown_never_scheduled', 'dataset_consumes_1_and_2', 'dataset_produces_2' retrieved from /home/airflow/.local/lib/python3.12/site-packages/airflow/example_dags/example_datasets.py
[2026-06-19T17:05:00.065+0000] {logging_mixin.py:190} INFO - [2026-06-19T17:05:00.064+0000] {dag.py:3239} INFO - Sync 10 DAGs
[2026-06-19T17:05:00.129+0000] {logging_mixin.py:190} INFO - [2026-06-19T17:05:00.128+0000] {dag.py:4180} INFO - Setting next_dagrun for conditional_dataset_and_time_based_timetable to 2026-06-17 01:00:00+00:00, run_after=2026-06-17 01:00:00+00:00
[2026-06-19T17:05:00.143+0000] {logging_mixin.py:190} INFO - [2026-06-19T17:05:00.143+0000] {dag.py:4180} INFO - Setting next_dagrun for consume_1_and_2_with_dataset_expressions to None, run_after=None
[2026-06-19T17:05:00.151+0000] {logging_mixin.py:190} INFO - [2026-06-19T17:05:00.151+0000] {dag.py:4180} INFO - Setting next_dagrun for consume_1_or_2_with_dataset_expressions to None, run_after=None
[2026-06-19T17:05:00.158+0000] {logging_mixin.py:190} INFO - [2026-06-19T17:05:00.157+0000] {dag.py:4180} INFO - Setting next_dagrun for consume_1_or_both_2_and_3_with_dataset_expressions to None, run_after=None
[2026-06-19T17:05:00.162+0000] {logging_mixin.py:190} INFO - [2026-06-19T17:05:00.162+0000] {dag.py:4180} INFO - Setting next_dagrun for dataset_consumes_1 to None, run_after=None
[2026-06-19T17:05:00.167+0000] {logging_mixin.py:190} INFO - [2026-06-19T17:05:00.167+0000] {dag.py:4180} INFO - Setting next_dagrun for dataset_consumes_1_and_2 to None, run_after=None
[2026-06-19T17:05:00.171+0000] {logging_mixin.py:190} INFO - [2026-06-19T17:05:00.170+0000] {dag.py:4180} INFO - Setting next_dagrun for dataset_consumes_1_never_scheduled to None, run_after=None
[2026-06-19T17:05:00.175+0000] {logging_mixin.py:190} INFO - [2026-06-19T17:05:00.174+0000] {dag.py:4180} INFO - Setting next_dagrun for dataset_consumes_unknown_never_scheduled to None, run_after=None
[2026-06-19T17:05:00.183+0000] {logging_mixin.py:190} INFO - [2026-06-19T17:05:00.183+0000] {dag.py:4180} INFO - Setting next_dagrun for dataset_produces_1 to 2026-06-18 00:00:00+00:00, run_after=2026-06-19 00:00:00+00:00
[2026-06-19T17:05:00.187+0000] {logging_mixin.py:190} INFO - [2026-06-19T17:05:00.186+0000] {dag.py:4180} INFO - Setting next_dagrun for dataset_produces_2 to None, run_after=None
[2026-06-19T17:05:00.250+0000] {processor.py:208} INFO - Processing /home/airflow/.local/lib/python3.12/site-packages/airflow/example_dags/example_datasets.py took 1.975 seconds
[2026-06-19T17:05:30.931+0000] {processor.py:186} INFO - Started process (PID=222) to work on /home/airflow/.local/lib/python3.12/site-packages/airflow/example_dags/example_datasets.py
[2026-06-19T17:05:30.934+0000] {processor.py:914} INFO - Processing file /home/airflow/.local/lib/python3.12/site-packages/airflow/example_dags/example_datasets.py for tasks to queue
[2026-06-19T17:05:30.937+0000] {logging_mixin.py:190} INFO - [2026-06-19T17:05:30.937+0000] {dagbag.py:588} INFO - Filling up the DagBag from /home/airflow/.local/lib/python3.12/site-packages/airflow/example_dags/example_datasets.py
[2026-06-19T17:05:31.528+0000] {processor.py:925} INFO - DAG(s) 'consume_1_and_2_with_dataset_expressions', 'dataset_consumes_1', 'conditional_dataset_and_time_based_timetable', 'consume_1_or_both_2_and_3_with_dataset_expressions', 'dataset_consumes_1_and_2', 'consume_1_or_2_with_dataset_expressions', 'dataset_produces_2', 'dataset_consumes_1_never_scheduled', 'dataset_consumes_unknown_never_scheduled', 'dataset_produces_1' retrieved from /home/airflow/.local/lib/python3.12/site-packages/airflow/example_dags/example_datasets.py
[2026-06-19T17:05:31.566+0000] {logging_mixin.py:190} INFO - [2026-06-19T17:05:31.566+0000] {dag.py:3239} INFO - Sync 10 DAGs
[2026-06-19T17:05:31.592+0000] {logging_mixin.py:190} INFO - [2026-06-19T17:05:31.592+0000] {dag.py:4180} INFO - Setting next_dagrun for conditional_dataset_and_time_based_timetable to 2026-06-17 01:00:00+00:00, run_after=2026-06-17 01:00:00+00:00
[2026-06-19T17:05:31.596+0000] {logging_mixin.py:190} INFO - [2026-06-19T17:05:31.596+0000] {dag.py:4180} INFO - Setting next_dagrun for consume_1_and_2_with_dataset_expressions to None, run_after=None
[2026-06-19T17:05:31.599+0000] {logging_mixin.py:190} INFO - [2026-06-19T17:05:31.599+0000] {dag.py:4180} INFO - Setting next_dagrun for consume_1_or_2_with_dataset_expressions to None, run_after=None
[2026-06-19T17:05:31.601+0000] {logging_mixin.py:190} INFO - [2026-06-19T17:05:31.600+0000] {dag.py:4180} INFO - Setting next_dagrun for consume_1_or_both_2_and_3_with_dataset_expressions to None, run_after=None
[2026-06-19T17:05:31.602+0000] {logging_mixin.py:190} INFO - [2026-06-19T17:05:31.602+0000] {dag.py:4180} INFO - Setting next_dagrun for dataset_consumes_1 to None, run_after=None
[2026-06-19T17:05:31.604+0000] {logging_mixin.py:190} INFO - [2026-06-19T17:05:31.604+0000] {dag.py:4180} INFO - Setting next_dagrun for dataset_consumes_1_and_2 to None, run_after=None
[2026-06-19T17:05:31.608+0000] {logging_mixin.py:190} INFO - [2026-06-19T17:05:31.607+0000] {dag.py:4180} INFO - Setting next_dagrun for dataset_consumes_1_never_scheduled to None, run_after=None
[2026-06-19T17:05:31.609+0000] {logging_mixin.py:190} INFO - [2026-06-19T17:05:31.609+0000] {dag.py:4180} INFO - Setting next_dagrun for dataset_consumes_unknown_never_scheduled to None, run_after=None
[2026-06-19T17:05:31.612+0000] {logging_mixin.py:190} INFO - [2026-06-19T17:05:31.612+0000] {dag.py:4180} INFO - Setting next_dagrun for dataset_produces_1 to 2026-06-18 00:00:00+00:00, run_after=2026-06-19 00:00:00+00:00
[2026-06-19T17:05:31.614+0000] {logging_mixin.py:190} INFO - [2026-06-19T17:05:31.614+0000] {dag.py:4180} INFO - Setting next_dagrun for dataset_produces_2 to None, run_after=None
[2026-06-19T17:05:31.644+0000] {processor.py:208} INFO - Processing /home/airflow/.local/lib/python3.12/site-packages/airflow/example_dags/example_datasets.py took 0.718 seconds
[2026-06-19T17:06:03.858+0000] {processor.py:186} INFO - Started process (PID=288) to work on /home/airflow/.local/lib/python3.12/site-packages/airflow/example_dags/example_datasets.py
[2026-06-19T17:06:03.866+0000] {processor.py:914} INFO - Processing file /home/airflow/.local/lib/python3.12/site-packages/airflow/example_dags/example_datasets.py for tasks to queue
[2026-06-19T17:06:03.886+0000] {logging_mixin.py:190} INFO - [2026-06-19T17:06:03.878+0000] {dagbag.py:588} INFO - Filling up the DagBag from /home/airflow/.local/lib/python3.12/site-packages/airflow/example_dags/example_datasets.py
[2026-06-19T17:06:05.881+0000] {processor.py:925} INFO - DAG(s) 'consume_1_or_2_with_dataset_expressions', 'dataset_consumes_unknown_never_scheduled', 'consume_1_or_both_2_and_3_with_dataset_expressions', 'dataset_produces_2', 'dataset_consumes_1_never_scheduled', 'dataset_consumes_1_and_2', 'dataset_consumes_1', 'consume_1_and_2_with_dataset_expressions', 'conditional_dataset_and_time_based_timetable', 'dataset_produces_1' retrieved from /home/airflow/.local/lib/python3.12/site-packages/airflow/example_dags/example_datasets.py
[2026-06-19T17:06:06.024+0000] {logging_mixin.py:190} INFO - [2026-06-19T17:06:06.023+0000] {dag.py:3239} INFO - Sync 10 DAGs
[2026-06-19T17:06:06.092+0000] {logging_mixin.py:190} INFO - [2026-06-19T17:06:06.092+0000] {dag.py:4180} INFO - Setting next_dagrun for conditional_dataset_and_time_based_timetable to 2026-06-17 01:00:00+00:00, run_after=2026-06-17 01:00:00+00:00
[2026-06-19T17:06:06.104+0000] {logging_mixin.py:190} INFO - [2026-06-19T17:06:06.104+0000] {dag.py:4180} INFO - Setting next_dagrun for consume_1_and_2_with_dataset_expressions to None, run_after=None
[2026-06-19T17:06:06.109+0000] {logging_mixin.py:190} INFO - [2026-06-19T17:06:06.108+0000] {dag.py:4180} INFO - Setting next_dagrun for consume_1_or_2_with_dataset_expressions to None, run_after=None
[2026-06-19T17:06:06.113+0000] {logging_mixin.py:190} INFO - [2026-06-19T17:06:06.113+0000] {dag.py:4180} INFO - Setting next_dagrun for consume_1_or_both_2_and_3_with_dataset_expressions to None, run_after=None
[2026-06-19T17:06:06.117+0000] {logging_mixin.py:190} INFO - [2026-06-19T17:06:06.117+0000] {dag.py:4180} INFO - Setting next_dagrun for dataset_consumes_1 to None, run_after=None
[2026-06-19T17:06:06.122+0000] {logging_mixin.py:190} INFO - [2026-06-19T17:06:06.122+0000] {dag.py:4180} INFO - Setting next_dagrun for dataset_consumes_1_and_2 to None, run_after=None
[2026-06-19T17:06:06.132+0000] {logging_mixin.py:190} INFO - [2026-06-19T17:06:06.131+0000] {dag.py:4180} INFO - Setting next_dagrun for dataset_consumes_1_never_scheduled to None, run_after=None
[2026-06-19T17:06:06.148+0000] {logging_mixin.py:190} INFO - [2026-06-19T17:06:06.147+0000] {dag.py:4180} INFO - Setting next_dagrun for dataset_consumes_unknown_never_scheduled to None, run_after=None
[2026-06-19T17:06:06.172+0000] {logging_mixin.py:190} INFO - [2026-06-19T17:06:06.163+0000] {dag.py:4180} INFO - Setting next_dagrun for dataset_produces_1 to 2026-06-18 00:00:00+00:00, run_after=2026-06-19 00:00:00+00:00
[2026-06-19T17:06:06.182+0000] {logging_mixin.py:190} INFO - [2026-06-19T17:06:06.181+0000] {dag.py:4180} INFO - Setting next_dagrun for dataset_produces_2 to None, run_after=None
[2026-06-19T17:06:06.421+0000] {processor.py:208} INFO - Processing /home/airflow/.local/lib/python3.12/site-packages/airflow/example_dags/example_datasets.py took 2.589 seconds
[2026-06-19T17:07:59.012+0000] {processor.py:186} INFO - Started process (PID=79) to work on /home/airflow/.local/lib/python3.12/site-packages/airflow/example_dags/example_datasets.py
[2026-06-19T17:07:59.015+0000] {processor.py:914} INFO - Processing file /home/airflow/.local/lib/python3.12/site-packages/airflow/example_dags/example_datasets.py for tasks to queue
[2026-06-19T17:07:59.021+0000] {logging_mixin.py:190} INFO - [2026-06-19T17:07:59.020+0000] {dagbag.py:588} INFO - Filling up the DagBag from /home/airflow/.local/lib/python3.12/site-packages/airflow/example_dags/example_datasets.py
[2026-06-19T17:08:02.407+0000] {processor.py:925} INFO - DAG(s) 'dataset_consumes_unknown_never_scheduled', 'consume_1_or_2_with_dataset_expressions', 'conditional_dataset_and_time_based_timetable', 'dataset_consumes_1_never_scheduled', 'consume_1_and_2_with_dataset_expressions', 'dataset_produces_1', 'dataset_consumes_1_and_2', 'dataset_consumes_1', 'dataset_produces_2', 'consume_1_or_both_2_and_3_with_dataset_expressions' retrieved from /home/airflow/.local/lib/python3.12/site-packages/airflow/example_dags/example_datasets.py
[2026-06-19T17:08:02.504+0000] {logging_mixin.py:190} INFO - [2026-06-19T17:08:02.503+0000] {dag.py:3239} INFO - Sync 10 DAGs
[2026-06-19T17:08:02.565+0000] {logging_mixin.py:190} INFO - [2026-06-19T17:08:02.565+0000] {dag.py:4180} INFO - Setting next_dagrun for conditional_dataset_and_time_based_timetable to 2026-06-17 01:00:00+00:00, run_after=2026-06-17 01:00:00+00:00
[2026-06-19T17:08:02.574+0000] {logging_mixin.py:190} INFO - [2026-06-19T17:08:02.574+0000] {dag.py:4180} INFO - Setting next_dagrun for consume_1_and_2_with_dataset_expressions to None, run_after=None
[2026-06-19T17:08:02.578+0000] {logging_mixin.py:190} INFO - [2026-06-19T17:08:02.578+0000] {dag.py:4180} INFO - Setting next_dagrun for consume_1_or_2_with_dataset_expressions to None, run_after=None
[2026-06-19T17:08:02.583+0000] {logging_mixin.py:190} INFO - [2026-06-19T17:08:02.583+0000] {dag.py:4180} INFO - Setting next_dagrun for consume_1_or_both_2_and_3_with_dataset_expressions to None, run_after=None
[2026-06-19T17:08:02.588+0000] {logging_mixin.py:190} INFO - [2026-06-19T17:08:02.588+0000] {dag.py:4180} INFO - Setting next_dagrun for dataset_consumes_1 to None, run_after=None
[2026-06-19T17:08:02.593+0000] {logging_mixin.py:190} INFO - [2026-06-19T17:08:02.592+0000] {dag.py:4180} INFO - Setting next_dagrun for dataset_consumes_1_and_2 to None, run_after=None
[2026-06-19T17:08:02.597+0000] {logging_mixin.py:190} INFO - [2026-06-19T17:08:02.597+0000] {dag.py:4180} INFO - Setting next_dagrun for dataset_consumes_1_never_scheduled to None, run_after=None
[2026-06-19T17:08:02.602+0000] {logging_mixin.py:190} INFO - [2026-06-19T17:08:02.601+0000] {dag.py:4180} INFO - Setting next_dagrun for dataset_consumes_unknown_never_scheduled to None, run_after=None
[2026-06-19T17:08:02.608+0000] {logging_mixin.py:190} INFO - [2026-06-19T17:08:02.608+0000] {dag.py:4180} INFO - Setting next_dagrun for dataset_produces_1 to 2026-06-18 00:00:00+00:00, run_after=2026-06-19 00:00:00+00:00
[2026-06-19T17:08:02.613+0000] {logging_mixin.py:190} INFO - [2026-06-19T17:08:02.613+0000] {dag.py:4180} INFO - Setting next_dagrun for dataset_produces_2 to None, run_after=None
[2026-06-19T17:08:02.679+0000] {processor.py:208} INFO - Processing /home/airflow/.local/lib/python3.12/site-packages/airflow/example_dags/example_datasets.py took 3.680 seconds
[2026-06-19T17:08:32.749+0000] {processor.py:186} INFO - Started process (PID=155) to work on /home/airflow/.local/lib/python3.12/site-packages/airflow/example_dags/example_datasets.py
[2026-06-19T17:08:32.753+0000] {processor.py:914} INFO - Processing file /home/airflow/.local/lib/python3.12/site-packages/airflow/example_dags/example_datasets.py for tasks to queue
[2026-06-19T17:08:32.759+0000] {logging_mixin.py:190} INFO - [2026-06-19T17:08:32.759+0000] {dagbag.py:588} INFO - Filling up the DagBag from /home/airflow/.local/lib/python3.12/site-packages/airflow/example_dags/example_datasets.py
[2026-06-19T17:08:33.551+0000] {processor.py:925} INFO - DAG(s) 'dataset_produces_1', 'consume_1_or_both_2_and_3_with_dataset_expressions', 'dataset_produces_2', 'dataset_consumes_1_and_2', 'consume_1_and_2_with_dataset_expressions', 'dataset_consumes_unknown_never_scheduled', 'consume_1_or_2_with_dataset_expressions', 'conditional_dataset_and_time_based_timetable', 'dataset_consumes_1', 'dataset_consumes_1_never_scheduled' retrieved from /home/airflow/.local/lib/python3.12/site-packages/airflow/example_dags/example_datasets.py
[2026-06-19T17:08:33.631+0000] {logging_mixin.py:190} INFO - [2026-06-19T17:08:33.631+0000] {dag.py:3239} INFO - Sync 10 DAGs
[2026-06-19T17:08:33.670+0000] {logging_mixin.py:190} INFO - [2026-06-19T17:08:33.669+0000] {dag.py:4180} INFO - Setting next_dagrun for conditional_dataset_and_time_based_timetable to 2026-06-17 01:00:00+00:00, run_after=2026-06-17 01:00:00+00:00
[2026-06-19T17:08:33.678+0000] {logging_mixin.py:190} INFO - [2026-06-19T17:08:33.678+0000] {dag.py:4180} INFO - Setting next_dagrun for consume_1_and_2_with_dataset_expressions to None, run_after=None
[2026-06-19T17:08:33.682+0000] {logging_mixin.py:190} INFO - [2026-06-19T17:08:33.681+0000] {dag.py:4180} INFO - Setting next_dagrun for consume_1_or_2_with_dataset_expressions to None, run_after=None
[2026-06-19T17:08:33.686+0000] {logging_mixin.py:190} INFO - [2026-06-19T17:08:33.685+0000] {dag.py:4180} INFO - Setting next_dagrun for consume_1_or_both_2_and_3_with_dataset_expressions to None, run_after=None
[2026-06-19T17:08:33.689+0000] {logging_mixin.py:190} INFO - [2026-06-19T17:08:33.689+0000] {dag.py:4180} INFO - Setting next_dagrun for dataset_consumes_1 to None, run_after=None
[2026-06-19T17:08:33.692+0000] {logging_mixin.py:190} INFO - [2026-06-19T17:08:33.692+0000] {dag.py:4180} INFO - Setting next_dagrun for dataset_consumes_1_and_2 to None, run_after=None
[2026-06-19T17:08:33.694+0000] {logging_mixin.py:190} INFO - [2026-06-19T17:08:33.694+0000] {dag.py:4180} INFO - Setting next_dagrun for dataset_consumes_1_never_scheduled to None, run_after=None
[2026-06-19T17:08:33.698+0000] {logging_mixin.py:190} INFO - [2026-06-19T17:08:33.697+0000] {dag.py:4180} INFO - Setting next_dagrun for dataset_consumes_unknown_never_scheduled to None, run_after=None
[2026-06-19T17:08:33.704+0000] {logging_mixin.py:190} INFO - [2026-06-19T17:08:33.704+0000] {dag.py:4180} INFO - Setting next_dagrun for dataset_produces_1 to 2026-06-18 00:00:00+00:00, run_after=2026-06-19 00:00:00+00:00
[2026-06-19T17:08:33.709+0000] {logging_mixin.py:190} INFO - [2026-06-19T17:08:33.709+0000] {dag.py:4180} INFO - Setting next_dagrun for dataset_produces_2 to None, run_after=None
[2026-06-19T17:08:33.771+0000] {processor.py:208} INFO - Processing /home/airflow/.local/lib/python3.12/site-packages/airflow/example_dags/example_datasets.py took 1.034 seconds
[2026-06-19T17:09:04.526+0000] {processor.py:186} INFO - Started process (PID=219) to work on /home/airflow/.local/lib/python3.12/site-packages/airflow/example_dags/example_datasets.py
[2026-06-19T17:09:04.532+0000] {processor.py:914} INFO - Processing file /home/airflow/.local/lib/python3.12/site-packages/airflow/example_dags/example_datasets.py for tasks to queue
[2026-06-19T17:09:04.536+0000] {logging_mixin.py:190} INFO - [2026-06-19T17:09:04.535+0000] {dagbag.py:588} INFO - Filling up the DagBag from /home/airflow/.local/lib/python3.12/site-packages/airflow/example_dags/example_datasets.py
[2026-06-19T17:09:05.681+0000] {processor.py:925} INFO - DAG(s) 'dataset_consumes_1_and_2', 'dataset_consumes_unknown_never_scheduled', 'consume_1_and_2_with_dataset_expressions', 'conditional_dataset_and_time_based_timetable', 'dataset_consumes_1_never_scheduled', 'dataset_consumes_1', 'dataset_produces_1', 'consume_1_or_both_2_and_3_with_dataset_expressions', 'consume_1_or_2_with_dataset_expressions', 'dataset_produces_2' retrieved from /home/airflow/.local/lib/python3.12/site-packages/airflow/example_dags/example_datasets.py
[2026-06-19T17:09:05.770+0000] {logging_mixin.py:190} INFO - [2026-06-19T17:09:05.770+0000] {dag.py:3239} INFO - Sync 10 DAGs
[2026-06-19T17:09:05.826+0000] {logging_mixin.py:190} INFO - [2026-06-19T17:09:05.825+0000] {dag.py:4180} INFO - Setting next_dagrun for conditional_dataset_and_time_based_timetable to 2026-06-17 01:00:00+00:00, run_after=2026-06-17 01:00:00+00:00
[2026-06-19T17:09:05.832+0000] {logging_mixin.py:190} INFO - [2026-06-19T17:09:05.832+0000] {dag.py:4180} INFO - Setting next_dagrun for consume_1_and_2_with_dataset_expressions to None, run_after=None
[2026-06-19T17:09:05.836+0000] {logging_mixin.py:190} INFO - [2026-06-19T17:09:05.836+0000] {dag.py:4180} INFO - Setting next_dagrun for consume_1_or_2_with_dataset_expressions to None, run_after=None
[2026-06-19T17:09:05.839+0000] {logging_mixin.py:190} INFO - [2026-06-19T17:09:05.839+0000] {dag.py:4180} INFO - Setting next_dagrun for consume_1_or_both_2_and_3_with_dataset_expressions to None, run_after=None
[2026-06-19T17:09:05.844+0000] {logging_mixin.py:190} INFO - [2026-06-19T17:09:05.843+0000] {dag.py:4180} INFO - Setting next_dagrun for dataset_consumes_1 to None, run_after=None
[2026-06-19T17:09:05.849+0000] {logging_mixin.py:190} INFO - [2026-06-19T17:09:05.848+0000] {dag.py:4180} INFO - Setting next_dagrun for dataset_consumes_1_and_2 to None, run_after=None
[2026-06-19T17:09:05.854+0000] {logging_mixin.py:190} INFO - [2026-06-19T17:09:05.853+0000] {dag.py:4180} INFO - Setting next_dagrun for dataset_consumes_1_never_scheduled to None, run_after=None
[2026-06-19T17:09:05.856+0000] {logging_mixin.py:190} INFO - [2026-06-19T17:09:05.856+0000] {dag.py:4180} INFO - Setting next_dagrun for dataset_consumes_unknown_never_scheduled to None, run_after=None
[2026-06-19T17:09:05.864+0000] {logging_mixin.py:190} INFO - [2026-06-19T17:09:05.863+0000] {dag.py:4180} INFO - Setting next_dagrun for dataset_produces_1 to 2026-06-18 00:00:00+00:00, run_after=2026-06-19 00:00:00+00:00
[2026-06-19T17:09:05.868+0000] {logging_mixin.py:190} INFO - [2026-06-19T17:09:05.868+0000] {dag.py:4180} INFO - Setting next_dagrun for dataset_produces_2 to None, run_after=None
[2026-06-19T17:09:05.923+0000] {processor.py:208} INFO - Processing /home/airflow/.local/lib/python3.12/site-packages/airflow/example_dags/example_datasets.py took 1.407 seconds
[2026-06-19T17:09:36.632+0000] {processor.py:186} INFO - Started process (PID=288) to work on /home/airflow/.local/lib/python3.12/site-packages/airflow/example_dags/example_datasets.py
[2026-06-19T17:09:36.637+0000] {processor.py:914} INFO - Processing file /home/airflow/.local/lib/python3.12/site-packages/airflow/example_dags/example_datasets.py for tasks to queue
[2026-06-19T17:09:36.652+0000] {logging_mixin.py:190} INFO - [2026-06-19T17:09:36.651+0000] {dagbag.py:588} INFO - Filling up the DagBag from /home/airflow/.local/lib/python3.12/site-packages/airflow/example_dags/example_datasets.py
[2026-06-19T17:09:39.062+0000] {processor.py:925} INFO - DAG(s) 'dataset_consumes_1_never_scheduled', 'consume_1_and_2_with_dataset_expressions', 'dataset_consumes_unknown_never_scheduled', 'dataset_consumes_1_and_2', 'dataset_produces_2', 'dataset_produces_1', 'dataset_consumes_1', 'consume_1_or_both_2_and_3_with_dataset_expressions', 'conditional_dataset_and_time_based_timetable', 'consume_1_or_2_with_dataset_expressions' retrieved from /home/airflow/.local/lib/python3.12/site-packages/airflow/example_dags/example_datasets.py
[2026-06-19T17:09:39.151+0000] {logging_mixin.py:190} INFO - [2026-06-19T17:09:39.150+0000] {dag.py:3239} INFO - Sync 10 DAGs
[2026-06-19T17:09:39.207+0000] {logging_mixin.py:190} INFO - [2026-06-19T17:09:39.207+0000] {dag.py:4180} INFO - Setting next_dagrun for conditional_dataset_and_time_based_timetable to 2026-06-17 01:00:00+00:00, run_after=2026-06-17 01:00:00+00:00
[2026-06-19T17:09:39.219+0000] {logging_mixin.py:190} INFO - [2026-06-19T17:09:39.218+0000] {dag.py:4180} INFO - Setting next_dagrun for consume_1_and_2_with_dataset_expressions to None, run_after=None
[2026-06-19T17:09:39.223+0000] {logging_mixin.py:190} INFO - [2026-06-19T17:09:39.222+0000] {dag.py:4180} INFO - Setting next_dagrun for consume_1_or_2_with_dataset_expressions to None, run_after=None
[2026-06-19T17:09:39.227+0000] {logging_mixin.py:190} INFO - [2026-06-19T17:09:39.226+0000] {dag.py:4180} INFO - Setting next_dagrun for consume_1_or_both_2_and_3_with_dataset_expressions to None, run_after=None
[2026-06-19T17:09:39.230+0000] {logging_mixin.py:190} INFO - [2026-06-19T17:09:39.230+0000] {dag.py:4180} INFO - Setting next_dagrun for dataset_consumes_1 to None, run_after=None
[2026-06-19T17:09:39.235+0000] {logging_mixin.py:190} INFO - [2026-06-19T17:09:39.234+0000] {dag.py:4180} INFO - Setting next_dagrun for dataset_consumes_1_and_2 to None, run_after=None
[2026-06-19T17:09:39.240+0000] {logging_mixin.py:190} INFO - [2026-06-19T17:09:39.240+0000] {dag.py:4180} INFO - Setting next_dagrun for dataset_consumes_1_never_scheduled to None, run_after=None
[2026-06-19T17:09:39.244+0000] {logging_mixin.py:190} INFO - [2026-06-19T17:09:39.244+0000] {dag.py:4180} INFO - Setting next_dagrun for dataset_consumes_unknown_never_scheduled to None, run_after=None
[2026-06-19T17:09:39.250+0000] {logging_mixin.py:190} INFO - [2026-06-19T17:09:39.250+0000] {dag.py:4180} INFO - Setting next_dagrun for dataset_produces_1 to 2026-06-18 00:00:00+00:00, run_after=2026-06-19 00:00:00+00:00
[2026-06-19T17:09:39.256+0000] {logging_mixin.py:190} INFO - [2026-06-19T17:09:39.255+0000] {dag.py:4180} INFO - Setting next_dagrun for dataset_produces_2 to None, run_after=None
[2026-06-19T17:09:39.318+0000] {processor.py:208} INFO - Processing /home/airflow/.local/lib/python3.12/site-packages/airflow/example_dags/example_datasets.py took 2.708 seconds
[2026-06-19T17:10:09.573+0000] {processor.py:186} INFO - Started process (PID=360) to work on /home/airflow/.local/lib/python3.12/site-packages/airflow/example_dags/example_datasets.py
[2026-06-19T17:10:09.580+0000] {processor.py:914} INFO - Processing file /home/airflow/.local/lib/python3.12/site-packages/airflow/example_dags/example_datasets.py for tasks to queue
[2026-06-19T17:10:09.590+0000] {logging_mixin.py:190} INFO - [2026-06-19T17:10:09.589+0000] {dagbag.py:588} INFO - Filling up the DagBag from /home/airflow/.local/lib/python3.12/site-packages/airflow/example_dags/example_datasets.py
[2026-06-19T17:10:11.931+0000] {processor.py:925} INFO - DAG(s) 'dataset_consumes_1', 'consume_1_or_both_2_and_3_with_dataset_expressions', 'dataset_consumes_unknown_never_scheduled', 'dataset_consumes_1_never_scheduled', 'consume_1_or_2_with_dataset_expressions', 'dataset_produces_1', 'consume_1_and_2_with_dataset_expressions', 'dataset_consumes_1_and_2', 'conditional_dataset_and_time_based_timetable', 'dataset_produces_2' retrieved from /home/airflow/.local/lib/python3.12/site-packages/airflow/example_dags/example_datasets.py
[2026-06-19T17:10:12.208+0000] {logging_mixin.py:190} INFO - [2026-06-19T17:10:12.208+0000] {dag.py:3239} INFO - Sync 10 DAGs
[2026-06-19T17:10:12.398+0000] {logging_mixin.py:190} INFO - [2026-06-19T17:10:12.398+0000] {dag.py:4180} INFO - Setting next_dagrun for conditional_dataset_and_time_based_timetable to 2026-06-17 01:00:00+00:00, run_after=2026-06-17 01:00:00+00:00
[2026-06-19T17:10:12.484+0000] {logging_mixin.py:190} INFO - [2026-06-19T17:10:12.483+0000] {dag.py:4180} INFO - Setting next_dagrun for consume_1_and_2_with_dataset_expressions to None, run_after=None
[2026-06-19T17:10:12.560+0000] {logging_mixin.py:190} INFO - [2026-06-19T17:10:12.559+0000] {dag.py:4180} INFO - Setting next_dagrun for consume_1_or_2_with_dataset_expressions to None, run_after=None
[2026-06-19T17:10:12.585+0000] {logging_mixin.py:190} INFO - [2026-06-19T17:10:12.584+0000] {dag.py:4180} INFO - Setting next_dagrun for consume_1_or_both_2_and_3_with_dataset_expressions to None, run_after=None
[2026-06-19T17:10:12.598+0000] {logging_mixin.py:190} INFO - [2026-06-19T17:10:12.597+0000] {dag.py:4180} INFO - Setting next_dagrun for dataset_consumes_1 to None, run_after=None
[2026-06-19T17:10:12.606+0000] {logging_mixin.py:190} INFO - [2026-06-19T17:10:12.605+0000] {dag.py:4180} INFO - Setting next_dagrun for dataset_consumes_1_and_2 to None, run_after=None
[2026-06-19T17:10:12.615+0000] {logging_mixin.py:190} INFO - [2026-06-19T17:10:12.615+0000] {dag.py:4180} INFO - Setting next_dagrun for dataset_consumes_1_never_scheduled to None, run_after=None
[2026-06-19T17:10:12.626+0000] {logging_mixin.py:190} INFO - [2026-06-19T17:10:12.625+0000] {dag.py:4180} INFO - Setting next_dagrun for dataset_consumes_unknown_never_scheduled to None, run_after=None
[2026-06-19T17:10:12.640+0000] {logging_mixin.py:190} INFO - [2026-06-19T17:10:12.640+0000] {dag.py:4180} INFO - Setting next_dagrun for dataset_produces_1 to 2026-06-18 00:00:00+00:00, run_after=2026-06-19 00:00:00+00:00
[2026-06-19T17:10:12.652+0000] {logging_mixin.py:190} INFO - [2026-06-19T17:10:12.650+0000] {dag.py:4180} INFO - Setting next_dagrun for dataset_produces_2 to None, run_after=None
[2026-06-19T17:10:12.814+0000] {processor.py:208} INFO - Processing /home/airflow/.local/lib/python3.12/site-packages/airflow/example_dags/example_datasets.py took 3.276 seconds
[2026-06-19T17:10:43.264+0000] {processor.py:186} INFO - Started process (PID=424) to work on /home/airflow/.local/lib/python3.12/site-packages/airflow/example_dags/example_datasets.py
[2026-06-19T17:10:43.266+0000] {processor.py:914} INFO - Processing file /home/airflow/.local/lib/python3.12/site-packages/airflow/example_dags/example_datasets.py for tasks to queue
[2026-06-19T17:10:43.270+0000] {logging_mixin.py:190} INFO - [2026-06-19T17:10:43.270+0000] {dagbag.py:588} INFO - Filling up the DagBag from /home/airflow/.local/lib/python3.12/site-packages/airflow/example_dags/example_datasets.py
[2026-06-19T17:10:43.966+0000] {processor.py:925} INFO - DAG(s) 'consume_1_or_2_with_dataset_expressions', 'conditional_dataset_and_time_based_timetable', 'dataset_produces_1', 'consume_1_and_2_with_dataset_expressions', 'dataset_consumes_1', 'consume_1_or_both_2_and_3_with_dataset_expressions', 'dataset_consumes_unknown_never_scheduled', 'dataset_consumes_1_never_scheduled', 'dataset_produces_2', 'dataset_consumes_1_and_2' retrieved from /home/airflow/.local/lib/python3.12/site-packages/airflow/example_dags/example_datasets.py
[2026-06-19T17:10:44.024+0000] {logging_mixin.py:190} INFO - [2026-06-19T17:10:44.023+0000] {dag.py:3239} INFO - Sync 10 DAGs
[2026-06-19T17:10:44.055+0000] {logging_mixin.py:190} INFO - [2026-06-19T17:10:44.055+0000] {dag.py:4180} INFO - Setting next_dagrun for conditional_dataset_and_time_based_timetable to 2026-06-17 01:00:00+00:00, run_after=2026-06-17 01:00:00+00:00
[2026-06-19T17:10:44.061+0000] {logging_mixin.py:190} INFO - [2026-06-19T17:10:44.060+0000] {dag.py:4180} INFO - Setting next_dagrun for consume_1_and_2_with_dataset_expressions to None, run_after=None
[2026-06-19T17:10:44.064+0000] {logging_mixin.py:190} INFO - [2026-06-19T17:10:44.064+0000] {dag.py:4180} INFO - Setting next_dagrun for consume_1_or_2_with_dataset_expressions to None, run_after=None
[2026-06-19T17:10:44.066+0000] {logging_mixin.py:190} INFO - [2026-06-19T17:10:44.066+0000] {dag.py:4180} INFO - Setting next_dagrun for consume_1_or_both_2_and_3_with_dataset_expressions to None, run_after=None
[2026-06-19T17:10:44.069+0000] {logging_mixin.py:190} INFO - [2026-06-19T17:10:44.068+0000] {dag.py:4180} INFO - Setting next_dagrun for dataset_consumes_1 to None, run_after=None
[2026-06-19T17:10:44.071+0000] {logging_mixin.py:190} INFO - [2026-06-19T17:10:44.071+0000] {dag.py:4180} INFO - Setting next_dagrun for dataset_consumes_1_and_2 to None, run_after=None
[2026-06-19T17:10:44.074+0000] {logging_mixin.py:190} INFO - [2026-06-19T17:10:44.074+0000] {dag.py:4180} INFO - Setting next_dagrun for dataset_consumes_1_never_scheduled to None, run_after=None
[2026-06-19T17:10:44.077+0000] {logging_mixin.py:190} INFO - [2026-06-19T17:10:44.077+0000] {dag.py:4180} INFO - Setting next_dagrun for dataset_consumes_unknown_never_scheduled to None, run_after=None
[2026-06-19T17:10:44.081+0000] {logging_mixin.py:190} INFO - [2026-06-19T17:10:44.081+0000] {dag.py:4180} INFO - Setting next_dagrun for dataset_produces_1 to 2026-06-18 00:00:00+00:00, run_after=2026-06-19 00:00:00+00:00
[2026-06-19T17:10:44.085+0000] {logging_mixin.py:190} INFO - [2026-06-19T17:10:44.085+0000] {dag.py:4180} INFO - Setting next_dagrun for dataset_produces_2 to None, run_after=None
[2026-06-19T17:10:44.119+0000] {processor.py:208} INFO - Processing /home/airflow/.local/lib/python3.12/site-packages/airflow/example_dags/example_datasets.py took 0.862 seconds
[2026-06-19T17:11:14.665+0000] {processor.py:186} INFO - Started process (PID=488) to work on /home/airflow/.local/lib/python3.12/site-packages/airflow/example_dags/example_datasets.py
[2026-06-19T17:11:14.668+0000] {processor.py:914} INFO - Processing file /home/airflow/.local/lib/python3.12/site-packages/airflow/example_dags/example_datasets.py for tasks to queue
[2026-06-19T17:11:14.673+0000] {logging_mixin.py:190} INFO - [2026-06-19T17:11:14.672+0000] {dagbag.py:588} INFO - Filling up the DagBag from /home/airflow/.local/lib/python3.12/site-packages/airflow/example_dags/example_datasets.py
[2026-06-19T17:11:16.051+0000] {processor.py:925} INFO - DAG(s) 'dataset_produces_1', 'consume_1_or_2_with_dataset_expressions', 'dataset_consumes_unknown_never_scheduled', 'consume_1_and_2_with_dataset_expressions', 'consume_1_or_both_2_and_3_with_dataset_expressions', 'conditional_dataset_and_time_based_timetable', 'dataset_produces_2', 'dataset_consumes_1_never_scheduled', 'dataset_consumes_1_and_2', 'dataset_consumes_1' retrieved from /home/airflow/.local/lib/python3.12/site-packages/airflow/example_dags/example_datasets.py
[2026-06-19T17:11:16.293+0000] {logging_mixin.py:190} INFO - [2026-06-19T17:11:16.288+0000] {dag.py:3239} INFO - Sync 10 DAGs
[2026-06-19T17:11:16.515+0000] {logging_mixin.py:190} INFO - [2026-06-19T17:11:16.514+0000] {dag.py:4180} INFO - Setting next_dagrun for conditional_dataset_and_time_based_timetable to 2026-06-17 01:00:00+00:00, run_after=2026-06-17 01:00:00+00:00
[2026-06-19T17:11:16.544+0000] {logging_mixin.py:190} INFO - [2026-06-19T17:11:16.543+0000] {dag.py:4180} INFO - Setting next_dagrun for consume_1_and_2_with_dataset_expressions to None, run_after=None
[2026-06-19T17:11:16.555+0000] {logging_mixin.py:190} INFO - [2026-06-19T17:11:16.554+0000] {dag.py:4180} INFO - Setting next_dagrun for consume_1_or_2_with_dataset_expressions to None, run_after=None
[2026-06-19T17:11:16.563+0000] {logging_mixin.py:190} INFO - [2026-06-19T17:11:16.562+0000] {dag.py:4180} INFO - Setting next_dagrun for consume_1_or_both_2_and_3_with_dataset_expressions to None, run_after=None
[2026-06-19T17:11:16.580+0000] {logging_mixin.py:190} INFO - [2026-06-19T17:11:16.579+0000] {dag.py:4180} INFO - Setting next_dagrun for dataset_consumes_1 to None, run_after=None
[2026-06-19T17:11:16.588+0000] {logging_mixin.py:190} INFO - [2026-06-19T17:11:16.587+0000] {dag.py:4180} INFO - Setting next_dagrun for dataset_consumes_1_and_2 to None, run_after=None
[2026-06-19T17:11:16.625+0000] {logging_mixin.py:190} INFO - [2026-06-19T17:11:16.625+0000] {dag.py:4180} INFO - Setting next_dagrun for dataset_consumes_1_never_scheduled to None, run_after=None
[2026-06-19T17:11:16.644+0000] {logging_mixin.py:190} INFO - [2026-06-19T17:11:16.644+0000] {dag.py:4180} INFO - Setting next_dagrun for dataset_consumes_unknown_never_scheduled to None, run_after=None
[2026-06-19T17:11:16.663+0000] {logging_mixin.py:190} INFO - [2026-06-19T17:11:16.662+0000] {dag.py:4180} INFO - Setting next_dagrun for dataset_produces_1 to 2026-06-18 00:00:00+00:00, run_after=2026-06-19 00:00:00+00:00
[2026-06-19T17:11:16.686+0000] {logging_mixin.py:190} INFO - [2026-06-19T17:11:16.685+0000] {dag.py:4180} INFO - Setting next_dagrun for dataset_produces_2 to None, run_after=None
[2026-06-19T17:11:16.874+0000] {processor.py:208} INFO - Processing /home/airflow/.local/lib/python3.12/site-packages/airflow/example_dags/example_datasets.py took 2.219 seconds
[2026-06-19T17:11:47.624+0000] {processor.py:186} INFO - Started process (PID=553) to work on /home/airflow/.local/lib/python3.12/site-packages/airflow/example_dags/example_datasets.py
[2026-06-19T17:11:47.627+0000] {processor.py:914} INFO - Processing file /home/airflow/.local/lib/python3.12/site-packages/airflow/example_dags/example_datasets.py for tasks to queue
[2026-06-19T17:11:47.635+0000] {logging_mixin.py:190} INFO - [2026-06-19T17:11:47.634+0000] {dagbag.py:588} INFO - Filling up the DagBag from /home/airflow/.local/lib/python3.12/site-packages/airflow/example_dags/example_datasets.py
[2026-06-19T17:11:48.917+0000] {processor.py:925} INFO - DAG(s) 'consume_1_and_2_with_dataset_expressions', 'consume_1_or_2_with_dataset_expressions', 'conditional_dataset_and_time_based_timetable', 'dataset_produces_2', 'dataset_consumes_1_never_scheduled', 'dataset_consumes_1', 'consume_1_or_both_2_and_3_with_dataset_expressions', 'dataset_consumes_1_and_2', 'dataset_consumes_unknown_never_scheduled', 'dataset_produces_1' retrieved from /home/airflow/.local/lib/python3.12/site-packages/airflow/example_dags/example_datasets.py
[2026-06-19T17:11:49.026+0000] {logging_mixin.py:190} INFO - [2026-06-19T17:11:49.026+0000] {dag.py:3239} INFO - Sync 10 DAGs
[2026-06-19T17:11:49.119+0000] {logging_mixin.py:190} INFO - [2026-06-19T17:11:49.119+0000] {dag.py:4180} INFO - Setting next_dagrun for conditional_dataset_and_time_based_timetable to 2026-06-17 01:00:00+00:00, run_after=2026-06-17 01:00:00+00:00
[2026-06-19T17:11:49.135+0000] {logging_mixin.py:190} INFO - [2026-06-19T17:11:49.130+0000] {dag.py:4180} INFO - Setting next_dagrun for consume_1_and_2_with_dataset_expressions to None, run_after=None
[2026-06-19T17:11:49.145+0000] {logging_mixin.py:190} INFO - [2026-06-19T17:11:49.145+0000] {dag.py:4180} INFO - Setting next_dagrun for consume_1_or_2_with_dataset_expressions to None, run_after=None
[2026-06-19T17:11:49.150+0000] {logging_mixin.py:190} INFO - [2026-06-19T17:11:49.150+0000] {dag.py:4180} INFO - Setting next_dagrun for consume_1_or_both_2_and_3_with_dataset_expressions to None, run_after=None
[2026-06-19T17:11:49.154+0000] {logging_mixin.py:190} INFO - [2026-06-19T17:11:49.154+0000] {dag.py:4180} INFO - Setting next_dagrun for dataset_consumes_1 to None, run_after=None
[2026-06-19T17:11:49.160+0000] {logging_mixin.py:190} INFO - [2026-06-19T17:11:49.160+0000] {dag.py:4180} INFO - Setting next_dagrun for dataset_consumes_1_and_2 to None, run_after=None
[2026-06-19T17:11:49.164+0000] {logging_mixin.py:190} INFO - [2026-06-19T17:11:49.164+0000] {dag.py:4180} INFO - Setting next_dagrun for dataset_consumes_1_never_scheduled to None, run_after=None
[2026-06-19T17:11:49.169+0000] {logging_mixin.py:190} INFO - [2026-06-19T17:11:49.168+0000] {dag.py:4180} INFO - Setting next_dagrun for dataset_consumes_unknown_never_scheduled to None, run_after=None
[2026-06-19T17:11:49.180+0000] {logging_mixin.py:190} INFO - [2026-06-19T17:11:49.180+0000] {dag.py:4180} INFO - Setting next_dagrun for dataset_produces_1 to 2026-06-18 00:00:00+00:00, run_after=2026-06-19 00:00:00+00:00
[2026-06-19T17:11:49.185+0000] {logging_mixin.py:190} INFO - [2026-06-19T17:11:49.185+0000] {dag.py:4180} INFO - Setting next_dagrun for dataset_produces_2 to None, run_after=None
[2026-06-19T17:11:49.263+0000] {processor.py:208} INFO - Processing /home/airflow/.local/lib/python3.12/site-packages/airflow/example_dags/example_datasets.py took 1.652 seconds
[2026-06-19T17:12:20.929+0000] {processor.py:186} INFO - Started process (PID=623) to work on /home/airflow/.local/lib/python3.12/site-packages/airflow/example_dags/example_datasets.py
[2026-06-19T17:12:20.945+0000] {processor.py:914} INFO - Processing file /home/airflow/.local/lib/python3.12/site-packages/airflow/example_dags/example_datasets.py for tasks to queue
[2026-06-19T17:12:20.955+0000] {logging_mixin.py:190} INFO - [2026-06-19T17:12:20.954+0000] {dagbag.py:588} INFO - Filling up the DagBag from /home/airflow/.local/lib/python3.12/site-packages/airflow/example_dags/example_datasets.py
[2026-06-19T17:12:23.805+0000] {processor.py:925} INFO - DAG(s) 'consume_1_and_2_with_dataset_expressions', 'consume_1_or_both_2_and_3_with_dataset_expressions', 'conditional_dataset_and_time_based_timetable', 'dataset_consumes_1_and_2', 'dataset_produces_1', 'dataset_consumes_1', 'dataset_produces_2', 'dataset_consumes_1_never_scheduled', 'dataset_consumes_unknown_never_scheduled', 'consume_1_or_2_with_dataset_expressions' retrieved from /home/airflow/.local/lib/python3.12/site-packages/airflow/example_dags/example_datasets.py
[2026-06-19T17:12:23.937+0000] {logging_mixin.py:190} INFO - [2026-06-19T17:12:23.936+0000] {dag.py:3239} INFO - Sync 10 DAGs
[2026-06-19T17:12:24.039+0000] {logging_mixin.py:190} INFO - [2026-06-19T17:12:24.039+0000] {dag.py:4180} INFO - Setting next_dagrun for conditional_dataset_and_time_based_timetable to 2026-06-17 01:00:00+00:00, run_after=2026-06-17 01:00:00+00:00
[2026-06-19T17:12:24.059+0000] {logging_mixin.py:190} INFO - [2026-06-19T17:12:24.058+0000] {dag.py:4180} INFO - Setting next_dagrun for consume_1_and_2_with_dataset_expressions to None, run_after=None
[2026-06-19T17:12:24.069+0000] {logging_mixin.py:190} INFO - [2026-06-19T17:12:24.068+0000] {dag.py:4180} INFO - Setting next_dagrun for consume_1_or_2_with_dataset_expressions to None, run_after=None
[2026-06-19T17:12:24.083+0000] {logging_mixin.py:190} INFO - [2026-06-19T17:12:24.082+0000] {dag.py:4180} INFO - Setting next_dagrun for consume_1_or_both_2_and_3_with_dataset_expressions to None, run_after=None
[2026-06-19T17:12:24.090+0000] {logging_mixin.py:190} INFO - [2026-06-19T17:12:24.089+0000] {dag.py:4180} INFO - Setting next_dagrun for dataset_consumes_1 to None, run_after=None
[2026-06-19T17:12:24.100+0000] {logging_mixin.py:190} INFO - [2026-06-19T17:12:24.099+0000] {dag.py:4180} INFO - Setting next_dagrun for dataset_consumes_1_and_2 to None, run_after=None
[2026-06-19T17:12:24.108+0000] {logging_mixin.py:190} INFO - [2026-06-19T17:12:24.107+0000] {dag.py:4180} INFO - Setting next_dagrun for dataset_consumes_1_never_scheduled to None, run_after=None
[2026-06-19T17:12:24.116+0000] {logging_mixin.py:190} INFO - [2026-06-19T17:12:24.115+0000] {dag.py:4180} INFO - Setting next_dagrun for dataset_consumes_unknown_never_scheduled to None, run_after=None
[2026-06-19T17:12:24.133+0000] {logging_mixin.py:190} INFO - [2026-06-19T17:12:24.132+0000] {dag.py:4180} INFO - Setting next_dagrun for dataset_produces_1 to 2026-06-18 00:00:00+00:00, run_after=2026-06-19 00:00:00+00:00
[2026-06-19T17:12:24.147+0000] {logging_mixin.py:190} INFO - [2026-06-19T17:12:24.146+0000] {dag.py:4180} INFO - Setting next_dagrun for dataset_produces_2 to None, run_after=None
[2026-06-19T17:12:24.269+0000] {processor.py:208} INFO - Processing /home/airflow/.local/lib/python3.12/site-packages/airflow/example_dags/example_datasets.py took 3.368 seconds
[2026-06-19T17:12:54.530+0000] {processor.py:186} INFO - Started process (PID=689) to work on /home/airflow/.local/lib/python3.12/site-packages/airflow/example_dags/example_datasets.py
[2026-06-19T17:12:54.533+0000] {processor.py:914} INFO - Processing file /home/airflow/.local/lib/python3.12/site-packages/airflow/example_dags/example_datasets.py for tasks to queue
[2026-06-19T17:12:54.538+0000] {logging_mixin.py:190} INFO - [2026-06-19T17:12:54.538+0000] {dagbag.py:588} INFO - Filling up the DagBag from /home/airflow/.local/lib/python3.12/site-packages/airflow/example_dags/example_datasets.py
[2026-06-19T17:12:55.210+0000] {processor.py:925} INFO - DAG(s) 'dataset_consumes_1_never_scheduled', 'dataset_produces_2', 'consume_1_and_2_with_dataset_expressions', 'conditional_dataset_and_time_based_timetable', 'dataset_consumes_unknown_never_scheduled', 'dataset_consumes_1_and_2', 'consume_1_or_both_2_and_3_with_dataset_expressions', 'dataset_produces_1', 'consume_1_or_2_with_dataset_expressions', 'dataset_consumes_1' retrieved from /home/airflow/.local/lib/python3.12/site-packages/airflow/example_dags/example_datasets.py
[2026-06-19T17:12:55.293+0000] {logging_mixin.py:190} INFO - [2026-06-19T17:12:55.293+0000] {dag.py:3239} INFO - Sync 10 DAGs
[2026-06-19T17:12:55.339+0000] {logging_mixin.py:190} INFO - [2026-06-19T17:12:55.339+0000] {dag.py:4180} INFO - Setting next_dagrun for conditional_dataset_and_time_based_timetable to 2026-06-17 01:00:00+00:00, run_after=2026-06-17 01:00:00+00:00
[2026-06-19T17:12:55.346+0000] {logging_mixin.py:190} INFO - [2026-06-19T17:12:55.346+0000] {dag.py:4180} INFO - Setting next_dagrun for consume_1_and_2_with_dataset_expressions to None, run_after=None
[2026-06-19T17:12:55.351+0000] {logging_mixin.py:190} INFO - [2026-06-19T17:12:55.351+0000] {dag.py:4180} INFO - Setting next_dagrun for consume_1_or_2_with_dataset_expressions to None, run_after=None
[2026-06-19T17:12:55.356+0000] {logging_mixin.py:190} INFO - [2026-06-19T17:12:55.355+0000] {dag.py:4180} INFO - Setting next_dagrun for consume_1_or_both_2_and_3_with_dataset_expressions to None, run_after=None
[2026-06-19T17:12:55.359+0000] {logging_mixin.py:190} INFO - [2026-06-19T17:12:55.359+0000] {dag.py:4180} INFO - Setting next_dagrun for dataset_consumes_1 to None, run_after=None
[2026-06-19T17:12:55.362+0000] {logging_mixin.py:190} INFO - [2026-06-19T17:12:55.361+0000] {dag.py:4180} INFO - Setting next_dagrun for dataset_consumes_1_and_2 to None, run_after=None
[2026-06-19T17:12:55.364+0000] {logging_mixin.py:190} INFO - [2026-06-19T17:12:55.364+0000] {dag.py:4180} INFO - Setting next_dagrun for dataset_consumes_1_never_scheduled to None, run_after=None
[2026-06-19T17:12:55.366+0000] {logging_mixin.py:190} INFO - [2026-06-19T17:12:55.366+0000] {dag.py:4180} INFO - Setting next_dagrun for dataset_consumes_unknown_never_scheduled to None, run_after=None
[2026-06-19T17:12:55.371+0000] {logging_mixin.py:190} INFO - [2026-06-19T17:12:55.371+0000] {dag.py:4180} INFO - Setting next_dagrun for dataset_produces_1 to 2026-06-18 00:00:00+00:00, run_after=2026-06-19 00:00:00+00:00
[2026-06-19T17:12:55.374+0000] {logging_mixin.py:190} INFO - [2026-06-19T17:12:55.374+0000] {dag.py:4180} INFO - Setting next_dagrun for dataset_produces_2 to None, run_after=None
[2026-06-19T17:12:55.418+0000] {processor.py:208} INFO - Processing /home/airflow/.local/lib/python3.12/site-packages/airflow/example_dags/example_datasets.py took 0.896 seconds
[2026-06-19T17:13:27.206+0000] {processor.py:186} INFO - Started process (PID=757) to work on /home/airflow/.local/lib/python3.12/site-packages/airflow/example_dags/example_datasets.py
[2026-06-19T17:13:27.211+0000] {processor.py:914} INFO - Processing file /home/airflow/.local/lib/python3.12/site-packages/airflow/example_dags/example_datasets.py for tasks to queue
[2026-06-19T17:13:27.222+0000] {logging_mixin.py:190} INFO - [2026-06-19T17:13:27.218+0000] {dagbag.py:588} INFO - Filling up the DagBag from /home/airflow/.local/lib/python3.12/site-packages/airflow/example_dags/example_datasets.py
[2026-06-19T17:13:30.432+0000] {processor.py:925} INFO - DAG(s) 'consume_1_and_2_with_dataset_expressions', 'consume_1_or_both_2_and_3_with_dataset_expressions', 'dataset_consumes_unknown_never_scheduled', 'dataset_consumes_1_and_2', 'conditional_dataset_and_time_based_timetable', 'dataset_consumes_1_never_scheduled', 'consume_1_or_2_with_dataset_expressions', 'dataset_produces_2', 'dataset_consumes_1', 'dataset_produces_1' retrieved from /home/airflow/.local/lib/python3.12/site-packages/airflow/example_dags/example_datasets.py
[2026-06-19T17:13:30.578+0000] {logging_mixin.py:190} INFO - [2026-06-19T17:13:30.577+0000] {dag.py:3239} INFO - Sync 10 DAGs
[2026-06-19T17:13:30.694+0000] {logging_mixin.py:190} INFO - [2026-06-19T17:13:30.693+0000] {dag.py:4180} INFO - Setting next_dagrun for conditional_dataset_and_time_based_timetable to 2026-06-17 01:00:00+00:00, run_after=2026-06-17 01:00:00+00:00
[2026-06-19T17:13:30.715+0000] {logging_mixin.py:190} INFO - [2026-06-19T17:13:30.714+0000] {dag.py:4180} INFO - Setting next_dagrun for consume_1_and_2_with_dataset_expressions to None, run_after=None
[2026-06-19T17:13:30.727+0000] {logging_mixin.py:190} INFO - [2026-06-19T17:13:30.727+0000] {dag.py:4180} INFO - Setting next_dagrun for consume_1_or_2_with_dataset_expressions to None, run_after=None
[2026-06-19T17:13:30.735+0000] {logging_mixin.py:190} INFO - [2026-06-19T17:13:30.734+0000] {dag.py:4180} INFO - Setting next_dagrun for consume_1_or_both_2_and_3_with_dataset_expressions to None, run_after=None
[2026-06-19T17:13:30.740+0000] {logging_mixin.py:190} INFO - [2026-06-19T17:13:30.739+0000] {dag.py:4180} INFO - Setting next_dagrun for dataset_consumes_1 to None, run_after=None
[2026-06-19T17:13:30.753+0000] {logging_mixin.py:190} INFO - [2026-06-19T17:13:30.752+0000] {dag.py:4180} INFO - Setting next_dagrun for dataset_consumes_1_and_2 to None, run_after=None
[2026-06-19T17:13:30.759+0000] {logging_mixin.py:190} INFO - [2026-06-19T17:13:30.758+0000] {dag.py:4180} INFO - Setting next_dagrun for dataset_consumes_1_never_scheduled to None, run_after=None
[2026-06-19T17:13:30.766+0000] {logging_mixin.py:190} INFO - [2026-06-19T17:13:30.765+0000] {dag.py:4180} INFO - Setting next_dagrun for dataset_consumes_unknown_never_scheduled to None, run_after=None
[2026-06-19T17:13:30.780+0000] {logging_mixin.py:190} INFO - [2026-06-19T17:13:30.779+0000] {dag.py:4180} INFO - Setting next_dagrun for dataset_produces_1 to 2026-06-18 00:00:00+00:00, run_after=2026-06-19 00:00:00+00:00
[2026-06-19T17:13:30.793+0000] {logging_mixin.py:190} INFO - [2026-06-19T17:13:30.792+0000] {dag.py:4180} INFO - Setting next_dagrun for dataset_produces_2 to None, run_after=None
[2026-06-19T17:13:30.960+0000] {processor.py:208} INFO - Processing /home/airflow/.local/lib/python3.12/site-packages/airflow/example_dags/example_datasets.py took 3.772 seconds
[2026-06-19T17:14:01.632+0000] {processor.py:186} INFO - Started process (PID=821) to work on /home/airflow/.local/lib/python3.12/site-packages/airflow/example_dags/example_datasets.py
[2026-06-19T17:14:01.658+0000] {processor.py:914} INFO - Processing file /home/airflow/.local/lib/python3.12/site-packages/airflow/example_dags/example_datasets.py for tasks to queue
[2026-06-19T17:14:01.679+0000] {logging_mixin.py:190} INFO - [2026-06-19T17:14:01.678+0000] {dagbag.py:588} INFO - Filling up the DagBag from /home/airflow/.local/lib/python3.12/site-packages/airflow/example_dags/example_datasets.py
[2026-06-19T17:14:05.555+0000] {processor.py:925} INFO - DAG(s) 'conditional_dataset_and_time_based_timetable', 'consume_1_and_2_with_dataset_expressions', 'consume_1_or_2_with_dataset_expressions', 'dataset_produces_2', 'dataset_consumes_1_and_2', 'dataset_consumes_1', 'consume_1_or_both_2_and_3_with_dataset_expressions', 'dataset_consumes_1_never_scheduled', 'dataset_consumes_unknown_never_scheduled', 'dataset_produces_1' retrieved from /home/airflow/.local/lib/python3.12/site-packages/airflow/example_dags/example_datasets.py
[2026-06-19T17:14:05.739+0000] {logging_mixin.py:190} INFO - [2026-06-19T17:14:05.739+0000] {dag.py:3239} INFO - Sync 10 DAGs
[2026-06-19T17:14:05.871+0000] {logging_mixin.py:190} INFO - [2026-06-19T17:14:05.870+0000] {dag.py:4180} INFO - Setting next_dagrun for conditional_dataset_and_time_based_timetable to 2026-06-17 01:00:00+00:00, run_after=2026-06-17 01:00:00+00:00
[2026-06-19T17:14:05.921+0000] {logging_mixin.py:190} INFO - [2026-06-19T17:14:05.920+0000] {dag.py:4180} INFO - Setting next_dagrun for consume_1_and_2_with_dataset_expressions to None, run_after=None
[2026-06-19T17:14:05.939+0000] {logging_mixin.py:190} INFO - [2026-06-19T17:14:05.938+0000] {dag.py:4180} INFO - Setting next_dagrun for consume_1_or_2_with_dataset_expressions to None, run_after=None
[2026-06-19T17:14:05.954+0000] {logging_mixin.py:190} INFO - [2026-06-19T17:14:05.953+0000] {dag.py:4180} INFO - Setting next_dagrun for consume_1_or_both_2_and_3_with_dataset_expressions to None, run_after=None
[2026-06-19T17:14:05.965+0000] {logging_mixin.py:190} INFO - [2026-06-19T17:14:05.965+0000] {dag.py:4180} INFO - Setting next_dagrun for dataset_consumes_1 to None, run_after=None
[2026-06-19T17:14:05.976+0000] {logging_mixin.py:190} INFO - [2026-06-19T17:14:05.975+0000] {dag.py:4180} INFO - Setting next_dagrun for dataset_consumes_1_and_2 to None, run_after=None
[2026-06-19T17:14:05.991+0000] {logging_mixin.py:190} INFO - [2026-06-19T17:14:05.990+0000] {dag.py:4180} INFO - Setting next_dagrun for dataset_consumes_1_never_scheduled to None, run_after=None
[2026-06-19T17:14:06.002+0000] {logging_mixin.py:190} INFO - [2026-06-19T17:14:06.001+0000] {dag.py:4180} INFO - Setting next_dagrun for dataset_consumes_unknown_never_scheduled to None, run_after=None
[2026-06-19T17:14:06.018+0000] {logging_mixin.py:190} INFO - [2026-06-19T17:14:06.018+0000] {dag.py:4180} INFO - Setting next_dagrun for dataset_produces_1 to 2026-06-18 00:00:00+00:00, run_after=2026-06-19 00:00:00+00:00
[2026-06-19T17:14:06.032+0000] {logging_mixin.py:190} INFO - [2026-06-19T17:14:06.031+0000] {dag.py:4180} INFO - Setting next_dagrun for dataset_produces_2 to None, run_after=None
[2026-06-19T17:14:06.262+0000] {processor.py:208} INFO - Processing /home/airflow/.local/lib/python3.12/site-packages/airflow/example_dags/example_datasets.py took 4.681 seconds
[2026-06-19T17:14:36.676+0000] {processor.py:186} INFO - Started process (PID=886) to work on /home/airflow/.local/lib/python3.12/site-packages/airflow/example_dags/example_datasets.py
[2026-06-19T17:14:36.681+0000] {processor.py:914} INFO - Processing file /home/airflow/.local/lib/python3.12/site-packages/airflow/example_dags/example_datasets.py for tasks to queue
[2026-06-19T17:14:36.694+0000] {logging_mixin.py:190} INFO - [2026-06-19T17:14:36.693+0000] {dagbag.py:588} INFO - Filling up the DagBag from /home/airflow/.local/lib/python3.12/site-packages/airflow/example_dags/example_datasets.py
[2026-06-19T17:14:39.091+0000] {processor.py:925} INFO - DAG(s) 'consume_1_and_2_with_dataset_expressions', 'dataset_consumes_unknown_never_scheduled', 'dataset_consumes_1_and_2', 'dataset_consumes_1', 'dataset_consumes_1_never_scheduled', 'conditional_dataset_and_time_based_timetable', 'consume_1_or_both_2_and_3_with_dataset_expressions', 'consume_1_or_2_with_dataset_expressions', 'dataset_produces_2', 'dataset_produces_1' retrieved from /home/airflow/.local/lib/python3.12/site-packages/airflow/example_dags/example_datasets.py
[2026-06-19T17:14:39.400+0000] {logging_mixin.py:190} INFO - [2026-06-19T17:14:39.399+0000] {dag.py:3239} INFO - Sync 10 DAGs
[2026-06-19T17:14:39.640+0000] {logging_mixin.py:190} INFO - [2026-06-19T17:14:39.640+0000] {dag.py:4180} INFO - Setting next_dagrun for conditional_dataset_and_time_based_timetable to 2026-06-17 01:00:00+00:00, run_after=2026-06-17 01:00:00+00:00
[2026-06-19T17:14:39.673+0000] {logging_mixin.py:190} INFO - [2026-06-19T17:14:39.672+0000] {dag.py:4180} INFO - Setting next_dagrun for consume_1_and_2_with_dataset_expressions to None, run_after=None
[2026-06-19T17:14:39.692+0000] {logging_mixin.py:190} INFO - [2026-06-19T17:14:39.691+0000] {dag.py:4180} INFO - Setting next_dagrun for consume_1_or_2_with_dataset_expressions to None, run_after=None
[2026-06-19T17:14:39.708+0000] {logging_mixin.py:190} INFO - [2026-06-19T17:14:39.707+0000] {dag.py:4180} INFO - Setting next_dagrun for consume_1_or_both_2_and_3_with_dataset_expressions to None, run_after=None
[2026-06-19T17:14:39.721+0000] {logging_mixin.py:190} INFO - [2026-06-19T17:14:39.721+0000] {dag.py:4180} INFO - Setting next_dagrun for dataset_consumes_1 to None, run_after=None
[2026-06-19T17:14:39.733+0000] {logging_mixin.py:190} INFO - [2026-06-19T17:14:39.732+0000] {dag.py:4180} INFO - Setting next_dagrun for dataset_consumes_1_and_2 to None, run_after=None
[2026-06-19T17:14:39.747+0000] {logging_mixin.py:190} INFO - [2026-06-19T17:14:39.746+0000] {dag.py:4180} INFO - Setting next_dagrun for dataset_consumes_1_never_scheduled to None, run_after=None
[2026-06-19T17:14:39.755+0000] {logging_mixin.py:190} INFO - [2026-06-19T17:14:39.755+0000] {dag.py:4180} INFO - Setting next_dagrun for dataset_consumes_unknown_never_scheduled to None, run_after=None
[2026-06-19T17:14:39.791+0000] {logging_mixin.py:190} INFO - [2026-06-19T17:14:39.791+0000] {dag.py:4180} INFO - Setting next_dagrun for dataset_produces_1 to 2026-06-18 00:00:00+00:00, run_after=2026-06-19 00:00:00+00:00
[2026-06-19T17:14:39.807+0000] {logging_mixin.py:190} INFO - [2026-06-19T17:14:39.806+0000] {dag.py:4180} INFO - Setting next_dagrun for dataset_produces_2 to None, run_after=None
[2026-06-19T17:14:40.060+0000] {processor.py:208} INFO - Processing /home/airflow/.local/lib/python3.12/site-packages/airflow/example_dags/example_datasets.py took 3.410 seconds
[2026-06-19T17:15:10.723+0000] {processor.py:186} INFO - Started process (PID=957) to work on /home/airflow/.local/lib/python3.12/site-packages/airflow/example_dags/example_datasets.py
[2026-06-19T17:15:10.728+0000] {processor.py:914} INFO - Processing file /home/airflow/.local/lib/python3.12/site-packages/airflow/example_dags/example_datasets.py for tasks to queue
[2026-06-19T17:15:10.741+0000] {logging_mixin.py:190} INFO - [2026-06-19T17:15:10.739+0000] {dagbag.py:588} INFO - Filling up the DagBag from /home/airflow/.local/lib/python3.12/site-packages/airflow/example_dags/example_datasets.py
[2026-06-19T17:15:12.325+0000] {processor.py:925} INFO - DAG(s) 'dataset_consumes_1_and_2', 'dataset_consumes_1', 'conditional_dataset_and_time_based_timetable', 'dataset_produces_2', 'dataset_produces_1', 'dataset_consumes_unknown_never_scheduled', 'consume_1_or_both_2_and_3_with_dataset_expressions', 'consume_1_and_2_with_dataset_expressions', 'consume_1_or_2_with_dataset_expressions', 'dataset_consumes_1_never_scheduled' retrieved from /home/airflow/.local/lib/python3.12/site-packages/airflow/example_dags/example_datasets.py
[2026-06-19T17:15:12.485+0000] {logging_mixin.py:190} INFO - [2026-06-19T17:15:12.484+0000] {dag.py:3239} INFO - Sync 10 DAGs
[2026-06-19T17:15:12.594+0000] {logging_mixin.py:190} INFO - [2026-06-19T17:15:12.593+0000] {dag.py:4180} INFO - Setting next_dagrun for conditional_dataset_and_time_based_timetable to 2026-06-17 01:00:00+00:00, run_after=2026-06-17 01:00:00+00:00
[2026-06-19T17:15:12.613+0000] {logging_mixin.py:190} INFO - [2026-06-19T17:15:12.612+0000] {dag.py:4180} INFO - Setting next_dagrun for consume_1_and_2_with_dataset_expressions to None, run_after=None
[2026-06-19T17:15:12.625+0000] {logging_mixin.py:190} INFO - [2026-06-19T17:15:12.624+0000] {dag.py:4180} INFO - Setting next_dagrun for consume_1_or_2_with_dataset_expressions to None, run_after=None
[2026-06-19T17:15:12.653+0000] {logging_mixin.py:190} INFO - [2026-06-19T17:15:12.653+0000] {dag.py:4180} INFO - Setting next_dagrun for consume_1_or_both_2_and_3_with_dataset_expressions to None, run_after=None
[2026-06-19T17:15:12.664+0000] {logging_mixin.py:190} INFO - [2026-06-19T17:15:12.663+0000] {dag.py:4180} INFO - Setting next_dagrun for dataset_consumes_1 to None, run_after=None
[2026-06-19T17:15:12.675+0000] {logging_mixin.py:190} INFO - [2026-06-19T17:15:12.672+0000] {dag.py:4180} INFO - Setting next_dagrun for dataset_consumes_1_and_2 to None, run_after=None
[2026-06-19T17:15:12.683+0000] {logging_mixin.py:190} INFO - [2026-06-19T17:15:12.682+0000] {dag.py:4180} INFO - Setting next_dagrun for dataset_consumes_1_never_scheduled to None, run_after=None
[2026-06-19T17:15:12.691+0000] {logging_mixin.py:190} INFO - [2026-06-19T17:15:12.690+0000] {dag.py:4180} INFO - Setting next_dagrun for dataset_consumes_unknown_never_scheduled to None, run_after=None
[2026-06-19T17:15:12.706+0000] {logging_mixin.py:190} INFO - [2026-06-19T17:15:12.705+0000] {dag.py:4180} INFO - Setting next_dagrun for dataset_produces_1 to 2026-06-18 00:00:00+00:00, run_after=2026-06-19 00:00:00+00:00
[2026-06-19T17:15:12.720+0000] {logging_mixin.py:190} INFO - [2026-06-19T17:15:12.719+0000] {dag.py:4180} INFO - Setting next_dagrun for dataset_produces_2 to None, run_after=None
[2026-06-19T17:15:12.895+0000] {processor.py:208} INFO - Processing /home/airflow/.local/lib/python3.12/site-packages/airflow/example_dags/example_datasets.py took 2.193 seconds
[2026-06-19T17:15:43.256+0000] {processor.py:186} INFO - Started process (PID=1022) to work on /home/airflow/.local/lib/python3.12/site-packages/airflow/example_dags/example_datasets.py
[2026-06-19T17:15:43.261+0000] {processor.py:914} INFO - Processing file /home/airflow/.local/lib/python3.12/site-packages/airflow/example_dags/example_datasets.py for tasks to queue
[2026-06-19T17:15:43.270+0000] {logging_mixin.py:190} INFO - [2026-06-19T17:15:43.269+0000] {dagbag.py:588} INFO - Filling up the DagBag from /home/airflow/.local/lib/python3.12/site-packages/airflow/example_dags/example_datasets.py
[2026-06-19T17:15:44.612+0000] {processor.py:925} INFO - DAG(s) 'consume_1_or_2_with_dataset_expressions', 'dataset_consumes_unknown_never_scheduled', 'dataset_produces_1', 'consume_1_or_both_2_and_3_with_dataset_expressions', 'dataset_consumes_1_and_2', 'dataset_consumes_1', 'conditional_dataset_and_time_based_timetable', 'dataset_consumes_1_never_scheduled', 'consume_1_and_2_with_dataset_expressions', 'dataset_produces_2' retrieved from /home/airflow/.local/lib/python3.12/site-packages/airflow/example_dags/example_datasets.py
[2026-06-19T17:15:44.735+0000] {logging_mixin.py:190} INFO - [2026-06-19T17:15:44.734+0000] {dag.py:3239} INFO - Sync 10 DAGs
[2026-06-19T17:15:44.799+0000] {logging_mixin.py:190} INFO - [2026-06-19T17:15:44.799+0000] {dag.py:4180} INFO - Setting next_dagrun for conditional_dataset_and_time_based_timetable to 2026-06-17 01:00:00+00:00, run_after=2026-06-17 01:00:00+00:00
[2026-06-19T17:15:44.816+0000] {logging_mixin.py:190} INFO - [2026-06-19T17:15:44.815+0000] {dag.py:4180} INFO - Setting next_dagrun for consume_1_and_2_with_dataset_expressions to None, run_after=None
[2026-06-19T17:15:44.822+0000] {logging_mixin.py:190} INFO - [2026-06-19T17:15:44.821+0000] {dag.py:4180} INFO - Setting next_dagrun for consume_1_or_2_with_dataset_expressions to None, run_after=None
[2026-06-19T17:15:44.830+0000] {logging_mixin.py:190} INFO - [2026-06-19T17:15:44.829+0000] {dag.py:4180} INFO - Setting next_dagrun for consume_1_or_both_2_and_3_with_dataset_expressions to None, run_after=None
[2026-06-19T17:15:44.837+0000] {logging_mixin.py:190} INFO - [2026-06-19T17:15:44.836+0000] {dag.py:4180} INFO - Setting next_dagrun for dataset_consumes_1 to None, run_after=None
[2026-06-19T17:15:44.847+0000] {logging_mixin.py:190} INFO - [2026-06-19T17:15:44.846+0000] {dag.py:4180} INFO - Setting next_dagrun for dataset_consumes_1_and_2 to None, run_after=None
[2026-06-19T17:15:44.854+0000] {logging_mixin.py:190} INFO - [2026-06-19T17:15:44.854+0000] {dag.py:4180} INFO - Setting next_dagrun for dataset_consumes_1_never_scheduled to None, run_after=None
[2026-06-19T17:15:44.859+0000] {logging_mixin.py:190} INFO - [2026-06-19T17:15:44.859+0000] {dag.py:4180} INFO - Setting next_dagrun for dataset_consumes_unknown_never_scheduled to None, run_after=None
[2026-06-19T17:15:44.871+0000] {logging_mixin.py:190} INFO - [2026-06-19T17:15:44.870+0000] {dag.py:4180} INFO - Setting next_dagrun for dataset_produces_1 to 2026-06-18 00:00:00+00:00, run_after=2026-06-19 00:00:00+00:00
[2026-06-19T17:15:44.882+0000] {logging_mixin.py:190} INFO - [2026-06-19T17:15:44.881+0000] {dag.py:4180} INFO - Setting next_dagrun for dataset_produces_2 to None, run_after=None
[2026-06-19T17:15:44.983+0000] {processor.py:208} INFO - Processing /home/airflow/.local/lib/python3.12/site-packages/airflow/example_dags/example_datasets.py took 1.742 seconds
[2026-06-19T17:16:15.530+0000] {processor.py:186} INFO - Started process (PID=1093) to work on /home/airflow/.local/lib/python3.12/site-packages/airflow/example_dags/example_datasets.py
[2026-06-19T17:16:15.533+0000] {processor.py:914} INFO - Processing file /home/airflow/.local/lib/python3.12/site-packages/airflow/example_dags/example_datasets.py for tasks to queue
[2026-06-19T17:16:15.537+0000] {logging_mixin.py:190} INFO - [2026-06-19T17:16:15.537+0000] {dagbag.py:588} INFO - Filling up the DagBag from /home/airflow/.local/lib/python3.12/site-packages/airflow/example_dags/example_datasets.py
[2026-06-19T17:16:16.636+0000] {processor.py:925} INFO - DAG(s) 'dataset_consumes_1_and_2', 'dataset_produces_1', 'dataset_consumes_1_never_scheduled', 'dataset_consumes_1', 'consume_1_or_2_with_dataset_expressions', 'dataset_produces_2', 'consume_1_or_both_2_and_3_with_dataset_expressions', 'dataset_consumes_unknown_never_scheduled', 'conditional_dataset_and_time_based_timetable', 'consume_1_and_2_with_dataset_expressions' retrieved from /home/airflow/.local/lib/python3.12/site-packages/airflow/example_dags/example_datasets.py
[2026-06-19T17:16:16.711+0000] {logging_mixin.py:190} INFO - [2026-06-19T17:16:16.710+0000] {dag.py:3239} INFO - Sync 10 DAGs
[2026-06-19T17:16:16.752+0000] {logging_mixin.py:190} INFO - [2026-06-19T17:16:16.751+0000] {dag.py:4180} INFO - Setting next_dagrun for conditional_dataset_and_time_based_timetable to 2026-06-17 01:00:00+00:00, run_after=2026-06-17 01:00:00+00:00
[2026-06-19T17:16:16.759+0000] {logging_mixin.py:190} INFO - [2026-06-19T17:16:16.759+0000] {dag.py:4180} INFO - Setting next_dagrun for consume_1_and_2_with_dataset_expressions to None, run_after=None
[2026-06-19T17:16:16.764+0000] {logging_mixin.py:190} INFO - [2026-06-19T17:16:16.764+0000] {dag.py:4180} INFO - Setting next_dagrun for consume_1_or_2_with_dataset_expressions to None, run_after=None
[2026-06-19T17:16:16.768+0000] {logging_mixin.py:190} INFO - [2026-06-19T17:16:16.768+0000] {dag.py:4180} INFO - Setting next_dagrun for consume_1_or_both_2_and_3_with_dataset_expressions to None, run_after=None
[2026-06-19T17:16:16.773+0000] {logging_mixin.py:190} INFO - [2026-06-19T17:16:16.772+0000] {dag.py:4180} INFO - Setting next_dagrun for dataset_consumes_1 to None, run_after=None
[2026-06-19T17:16:16.777+0000] {logging_mixin.py:190} INFO - [2026-06-19T17:16:16.777+0000] {dag.py:4180} INFO - Setting next_dagrun for dataset_consumes_1_and_2 to None, run_after=None
[2026-06-19T17:16:16.781+0000] {logging_mixin.py:190} INFO - [2026-06-19T17:16:16.781+0000] {dag.py:4180} INFO - Setting next_dagrun for dataset_consumes_1_never_scheduled to None, run_after=None
[2026-06-19T17:16:16.784+0000] {logging_mixin.py:190} INFO - [2026-06-19T17:16:16.783+0000] {dag.py:4180} INFO - Setting next_dagrun for dataset_consumes_unknown_never_scheduled to None, run_after=None
[2026-06-19T17:16:16.789+0000] {logging_mixin.py:190} INFO - [2026-06-19T17:16:16.789+0000] {dag.py:4180} INFO - Setting next_dagrun for dataset_produces_1 to 2026-06-18 00:00:00+00:00, run_after=2026-06-19 00:00:00+00:00
[2026-06-19T17:16:16.794+0000] {logging_mixin.py:190} INFO - [2026-06-19T17:16:16.793+0000] {dag.py:4180} INFO - Setting next_dagrun for dataset_produces_2 to None, run_after=None
[2026-06-19T17:16:16.846+0000] {processor.py:208} INFO - Processing /home/airflow/.local/lib/python3.12/site-packages/airflow/example_dags/example_datasets.py took 1.325 seconds
[2026-06-19T17:16:47.935+0000] {processor.py:186} INFO - Started process (PID=1162) to work on /home/airflow/.local/lib/python3.12/site-packages/airflow/example_dags/example_datasets.py
[2026-06-19T17:16:47.939+0000] {processor.py:914} INFO - Processing file /home/airflow/.local/lib/python3.12/site-packages/airflow/example_dags/example_datasets.py for tasks to queue
[2026-06-19T17:16:47.947+0000] {logging_mixin.py:190} INFO - [2026-06-19T17:16:47.946+0000] {dagbag.py:588} INFO - Filling up the DagBag from /home/airflow/.local/lib/python3.12/site-packages/airflow/example_dags/example_datasets.py
[2026-06-19T17:16:48.723+0000] {processor.py:925} INFO - DAG(s) 'consume_1_and_2_with_dataset_expressions', 'dataset_consumes_unknown_never_scheduled', 'dataset_consumes_1_and_2', 'consume_1_or_2_with_dataset_expressions', 'dataset_produces_1', 'dataset_produces_2', 'consume_1_or_both_2_and_3_with_dataset_expressions', 'dataset_consumes_1', 'conditional_dataset_and_time_based_timetable', 'dataset_consumes_1_never_scheduled' retrieved from /home/airflow/.local/lib/python3.12/site-packages/airflow/example_dags/example_datasets.py
[2026-06-19T17:16:48.777+0000] {logging_mixin.py:190} INFO - [2026-06-19T17:16:48.777+0000] {dag.py:3239} INFO - Sync 10 DAGs
[2026-06-19T17:16:48.813+0000] {logging_mixin.py:190} INFO - [2026-06-19T17:16:48.813+0000] {dag.py:4180} INFO - Setting next_dagrun for conditional_dataset_and_time_based_timetable to 2026-06-17 01:00:00+00:00, run_after=2026-06-17 01:00:00+00:00
[2026-06-19T17:16:48.820+0000] {logging_mixin.py:190} INFO - [2026-06-19T17:16:48.819+0000] {dag.py:4180} INFO - Setting next_dagrun for consume_1_and_2_with_dataset_expressions to None, run_after=None
[2026-06-19T17:16:48.823+0000] {logging_mixin.py:190} INFO - [2026-06-19T17:16:48.822+0000] {dag.py:4180} INFO - Setting next_dagrun for consume_1_or_2_with_dataset_expressions to None, run_after=None
[2026-06-19T17:16:48.825+0000] {logging_mixin.py:190} INFO - [2026-06-19T17:16:48.825+0000] {dag.py:4180} INFO - Setting next_dagrun for consume_1_or_both_2_and_3_with_dataset_expressions to None, run_after=None
[2026-06-19T17:16:48.828+0000] {logging_mixin.py:190} INFO - [2026-06-19T17:16:48.828+0000] {dag.py:4180} INFO - Setting next_dagrun for dataset_consumes_1 to None, run_after=None
[2026-06-19T17:16:48.832+0000] {logging_mixin.py:190} INFO - [2026-06-19T17:16:48.832+0000] {dag.py:4180} INFO - Setting next_dagrun for dataset_consumes_1_and_2 to None, run_after=None
[2026-06-19T17:16:48.836+0000] {logging_mixin.py:190} INFO - [2026-06-19T17:16:48.835+0000] {dag.py:4180} INFO - Setting next_dagrun for dataset_consumes_1_never_scheduled to None, run_after=None
[2026-06-19T17:16:48.839+0000] {logging_mixin.py:190} INFO - [2026-06-19T17:16:48.838+0000] {dag.py:4180} INFO - Setting next_dagrun for dataset_consumes_unknown_never_scheduled to None, run_after=None
[2026-06-19T17:16:48.843+0000] {logging_mixin.py:190} INFO - [2026-06-19T17:16:48.843+0000] {dag.py:4180} INFO - Setting next_dagrun for dataset_produces_1 to 2026-06-18 00:00:00+00:00, run_after=2026-06-19 00:00:00+00:00
[2026-06-19T17:16:48.846+0000] {logging_mixin.py:190} INFO - [2026-06-19T17:16:48.846+0000] {dag.py:4180} INFO - Setting next_dagrun for dataset_produces_2 to None, run_after=None
[2026-06-19T17:16:48.898+0000] {processor.py:208} INFO - Processing /home/airflow/.local/lib/python3.12/site-packages/airflow/example_dags/example_datasets.py took 0.984 seconds
[2026-06-19T17:17:19.022+0000] {processor.py:186} INFO - Started process (PID=1226) to work on /home/airflow/.local/lib/python3.12/site-packages/airflow/example_dags/example_datasets.py
[2026-06-19T17:17:19.028+0000] {processor.py:914} INFO - Processing file /home/airflow/.local/lib/python3.12/site-packages/airflow/example_dags/example_datasets.py for tasks to queue
[2026-06-19T17:17:19.038+0000] {logging_mixin.py:190} INFO - [2026-06-19T17:17:19.037+0000] {dagbag.py:588} INFO - Filling up the DagBag from /home/airflow/.local/lib/python3.12/site-packages/airflow/example_dags/example_datasets.py
[2026-06-19T17:17:20.032+0000] {processor.py:925} INFO - DAG(s) 'consume_1_and_2_with_dataset_expressions', 'dataset_consumes_unknown_never_scheduled', 'dataset_produces_2', 'consume_1_or_both_2_and_3_with_dataset_expressions', 'dataset_consumes_1_and_2', 'consume_1_or_2_with_dataset_expressions', 'dataset_produces_1', 'dataset_consumes_1_never_scheduled', 'dataset_consumes_1', 'conditional_dataset_and_time_based_timetable' retrieved from /home/airflow/.local/lib/python3.12/site-packages/airflow/example_dags/example_datasets.py
[2026-06-19T17:17:20.109+0000] {logging_mixin.py:190} INFO - [2026-06-19T17:17:20.109+0000] {dag.py:3239} INFO - Sync 10 DAGs
[2026-06-19T17:17:20.151+0000] {logging_mixin.py:190} INFO - [2026-06-19T17:17:20.150+0000] {dag.py:4180} INFO - Setting next_dagrun for conditional_dataset_and_time_based_timetable to 2026-06-17 01:00:00+00:00, run_after=2026-06-17 01:00:00+00:00
[2026-06-19T17:17:20.159+0000] {logging_mixin.py:190} INFO - [2026-06-19T17:17:20.159+0000] {dag.py:4180} INFO - Setting next_dagrun for consume_1_and_2_with_dataset_expressions to None, run_after=None
[2026-06-19T17:17:20.164+0000] {logging_mixin.py:190} INFO - [2026-06-19T17:17:20.163+0000] {dag.py:4180} INFO - Setting next_dagrun for consume_1_or_2_with_dataset_expressions to None, run_after=None
[2026-06-19T17:17:20.168+0000] {logging_mixin.py:190} INFO - [2026-06-19T17:17:20.168+0000] {dag.py:4180} INFO - Setting next_dagrun for consume_1_or_both_2_and_3_with_dataset_expressions to None, run_after=None
[2026-06-19T17:17:20.174+0000] {logging_mixin.py:190} INFO - [2026-06-19T17:17:20.173+0000] {dag.py:4180} INFO - Setting next_dagrun for dataset_consumes_1 to None, run_after=None
[2026-06-19T17:17:20.179+0000] {logging_mixin.py:190} INFO - [2026-06-19T17:17:20.179+0000] {dag.py:4180} INFO - Setting next_dagrun for dataset_consumes_1_and_2 to None, run_after=None
[2026-06-19T17:17:20.184+0000] {logging_mixin.py:190} INFO - [2026-06-19T17:17:20.184+0000] {dag.py:4180} INFO - Setting next_dagrun for dataset_consumes_1_never_scheduled to None, run_after=None
[2026-06-19T17:17:20.188+0000] {logging_mixin.py:190} INFO - [2026-06-19T17:17:20.188+0000] {dag.py:4180} INFO - Setting next_dagrun for dataset_consumes_unknown_never_scheduled to None, run_after=None
[2026-06-19T17:17:20.194+0000] {logging_mixin.py:190} INFO - [2026-06-19T17:17:20.194+0000] {dag.py:4180} INFO - Setting next_dagrun for dataset_produces_1 to 2026-06-18 00:00:00+00:00, run_after=2026-06-19 00:00:00+00:00
[2026-06-19T17:17:20.199+0000] {logging_mixin.py:190} INFO - [2026-06-19T17:17:20.198+0000] {dag.py:4180} INFO - Setting next_dagrun for dataset_produces_2 to None, run_after=None
[2026-06-19T17:17:20.264+0000] {processor.py:208} INFO - Processing /home/airflow/.local/lib/python3.12/site-packages/airflow/example_dags/example_datasets.py took 1.261 seconds
[2026-06-19T17:17:51.873+0000] {processor.py:186} INFO - Started process (PID=1294) to work on /home/airflow/.local/lib/python3.12/site-packages/airflow/example_dags/example_datasets.py
[2026-06-19T17:17:51.888+0000] {processor.py:914} INFO - Processing file /home/airflow/.local/lib/python3.12/site-packages/airflow/example_dags/example_datasets.py for tasks to queue
[2026-06-19T17:17:51.908+0000] {logging_mixin.py:190} INFO - [2026-06-19T17:17:51.906+0000] {dagbag.py:588} INFO - Filling up the DagBag from /home/airflow/.local/lib/python3.12/site-packages/airflow/example_dags/example_datasets.py
[2026-06-19T17:17:54.286+0000] {processor.py:925} INFO - DAG(s) 'consume_1_or_both_2_and_3_with_dataset_expressions', 'dataset_consumes_1_never_scheduled', 'consume_1_and_2_with_dataset_expressions', 'dataset_consumes_1_and_2', 'dataset_produces_2', 'dataset_consumes_unknown_never_scheduled', 'dataset_produces_1', 'consume_1_or_2_with_dataset_expressions', 'conditional_dataset_and_time_based_timetable', 'dataset_consumes_1' retrieved from /home/airflow/.local/lib/python3.12/site-packages/airflow/example_dags/example_datasets.py
[2026-06-19T17:17:54.540+0000] {logging_mixin.py:190} INFO - [2026-06-19T17:17:54.539+0000] {dag.py:3239} INFO - Sync 10 DAGs
[2026-06-19T17:17:54.717+0000] {logging_mixin.py:190} INFO - [2026-06-19T17:17:54.716+0000] {dag.py:4180} INFO - Setting next_dagrun for conditional_dataset_and_time_based_timetable to 2026-06-17 01:00:00+00:00, run_after=2026-06-17 01:00:00+00:00
[2026-06-19T17:17:54.738+0000] {logging_mixin.py:190} INFO - [2026-06-19T17:17:54.735+0000] {dag.py:4180} INFO - Setting next_dagrun for consume_1_and_2_with_dataset_expressions to None, run_after=None
[2026-06-19T17:17:54.757+0000] {logging_mixin.py:190} INFO - [2026-06-19T17:17:54.757+0000] {dag.py:4180} INFO - Setting next_dagrun for consume_1_or_2_with_dataset_expressions to None, run_after=None
[2026-06-19T17:17:54.772+0000] {logging_mixin.py:190} INFO - [2026-06-19T17:17:54.772+0000] {dag.py:4180} INFO - Setting next_dagrun for consume_1_or_both_2_and_3_with_dataset_expressions to None, run_after=None
[2026-06-19T17:17:54.798+0000] {logging_mixin.py:190} INFO - [2026-06-19T17:17:54.797+0000] {dag.py:4180} INFO - Setting next_dagrun for dataset_consumes_1 to None, run_after=None
[2026-06-19T17:17:54.868+0000] {logging_mixin.py:190} INFO - [2026-06-19T17:17:54.867+0000] {dag.py:4180} INFO - Setting next_dagrun for dataset_consumes_1_and_2 to None, run_after=None
[2026-06-19T17:17:54.883+0000] {logging_mixin.py:190} INFO - [2026-06-19T17:17:54.883+0000] {dag.py:4180} INFO - Setting next_dagrun for dataset_consumes_1_never_scheduled to None, run_after=None
[2026-06-19T17:17:54.898+0000] {logging_mixin.py:190} INFO - [2026-06-19T17:17:54.897+0000] {dag.py:4180} INFO - Setting next_dagrun for dataset_consumes_unknown_never_scheduled to None, run_after=None
[2026-06-19T17:17:54.929+0000] {logging_mixin.py:190} INFO - [2026-06-19T17:17:54.916+0000] {dag.py:4180} INFO - Setting next_dagrun for dataset_produces_1 to 2026-06-18 00:00:00+00:00, run_after=2026-06-19 00:00:00+00:00
[2026-06-19T17:17:54.940+0000] {logging_mixin.py:190} INFO - [2026-06-19T17:17:54.939+0000] {dag.py:4180} INFO - Setting next_dagrun for dataset_produces_2 to None, run_after=None
[2026-06-19T17:17:55.174+0000] {processor.py:208} INFO - Processing /home/airflow/.local/lib/python3.12/site-packages/airflow/example_dags/example_datasets.py took 3.336 seconds
