[2026-06-19T16:38:51.220+0000] {processor.py:186} INFO - Started process (PID=105) to work on /home/airflow/.local/lib/python3.12/site-packages/airflow/example_dags/example_outlet_event_extra.py
[2026-06-19T16:38:51.223+0000] {processor.py:914} INFO - Processing file /home/airflow/.local/lib/python3.12/site-packages/airflow/example_dags/example_outlet_event_extra.py for tasks to queue
[2026-06-19T16:38:51.229+0000] {logging_mixin.py:190} INFO - [2026-06-19T16:38:51.228+0000] {dagbag.py:588} INFO - Filling up the DagBag from /home/airflow/.local/lib/python3.12/site-packages/airflow/example_dags/example_outlet_event_extra.py
[2026-06-19T16:38:52.412+0000] {processor.py:925} INFO - DAG(s) 'dataset_with_extra_from_classic_operator', 'dataset_with_extra_by_yield', 'dataset_with_extra_by_context' retrieved from /home/airflow/.local/lib/python3.12/site-packages/airflow/example_dags/example_outlet_event_extra.py
[2026-06-19T16:38:52.441+0000] {logging_mixin.py:190} INFO - [2026-06-19T16:38:52.441+0000] {dag.py:3239} INFO - Sync 3 DAGs
[2026-06-19T16:38:52.478+0000] {logging_mixin.py:190} INFO - [2026-06-19T16:38:52.478+0000] {dag.py:4180} INFO - Setting next_dagrun for dataset_with_extra_by_context to 2026-06-18 00:00:00+00:00, run_after=2026-06-19 00:00:00+00:00
[2026-06-19T16:38:52.485+0000] {logging_mixin.py:190} INFO - [2026-06-19T16:38:52.485+0000] {dag.py:4180} INFO - Setting next_dagrun for dataset_with_extra_by_yield to 2026-06-18 00:00:00+00:00, run_after=2026-06-19 00:00:00+00:00
[2026-06-19T16:38:52.490+0000] {logging_mixin.py:190} INFO - [2026-06-19T16:38:52.490+0000] {dag.py:4180} INFO - Setting next_dagrun for dataset_with_extra_from_classic_operator to 2026-06-18 00:00:00+00:00, run_after=2026-06-19 00:00:00+00:00
[2026-06-19T16:38:52.516+0000] {processor.py:208} INFO - Processing /home/airflow/.local/lib/python3.12/site-packages/airflow/example_dags/example_outlet_event_extra.py took 1.309 seconds
[2026-06-19T16:39:24.324+0000] {processor.py:186} INFO - Started process (PID=170) to work on /home/airflow/.local/lib/python3.12/site-packages/airflow/example_dags/example_outlet_event_extra.py
[2026-06-19T16:39:24.330+0000] {processor.py:914} INFO - Processing file /home/airflow/.local/lib/python3.12/site-packages/airflow/example_dags/example_outlet_event_extra.py for tasks to queue
[2026-06-19T16:39:24.342+0000] {logging_mixin.py:190} INFO - [2026-06-19T16:39:24.340+0000] {dagbag.py:588} INFO - Filling up the DagBag from /home/airflow/.local/lib/python3.12/site-packages/airflow/example_dags/example_outlet_event_extra.py
[2026-06-19T16:39:25.960+0000] {processor.py:925} INFO - DAG(s) 'dataset_with_extra_by_context', 'dataset_with_extra_from_classic_operator', 'dataset_with_extra_by_yield' retrieved from /home/airflow/.local/lib/python3.12/site-packages/airflow/example_dags/example_outlet_event_extra.py
[2026-06-19T16:39:26.008+0000] {logging_mixin.py:190} INFO - [2026-06-19T16:39:26.007+0000] {dag.py:3239} INFO - Sync 3 DAGs
[2026-06-19T16:39:26.057+0000] {logging_mixin.py:190} INFO - [2026-06-19T16:39:26.056+0000] {dag.py:4180} INFO - Setting next_dagrun for dataset_with_extra_by_context to 2026-06-18 00:00:00+00:00, run_after=2026-06-19 00:00:00+00:00
[2026-06-19T16:39:26.068+0000] {logging_mixin.py:190} INFO - [2026-06-19T16:39:26.067+0000] {dag.py:4180} INFO - Setting next_dagrun for dataset_with_extra_by_yield to 2026-06-18 00:00:00+00:00, run_after=2026-06-19 00:00:00+00:00
[2026-06-19T16:39:26.074+0000] {logging_mixin.py:190} INFO - [2026-06-19T16:39:26.074+0000] {dag.py:4180} INFO - Setting next_dagrun for dataset_with_extra_from_classic_operator to 2026-06-18 00:00:00+00:00, run_after=2026-06-19 00:00:00+00:00
[2026-06-19T16:39:26.123+0000] {processor.py:208} INFO - Processing /home/airflow/.local/lib/python3.12/site-packages/airflow/example_dags/example_outlet_event_extra.py took 1.822 seconds
[2026-06-19T16:39:56.529+0000] {processor.py:186} INFO - Started process (PID=234) to work on /home/airflow/.local/lib/python3.12/site-packages/airflow/example_dags/example_outlet_event_extra.py
[2026-06-19T16:39:56.534+0000] {processor.py:914} INFO - Processing file /home/airflow/.local/lib/python3.12/site-packages/airflow/example_dags/example_outlet_event_extra.py for tasks to queue
[2026-06-19T16:39:56.541+0000] {logging_mixin.py:190} INFO - [2026-06-19T16:39:56.540+0000] {dagbag.py:588} INFO - Filling up the DagBag from /home/airflow/.local/lib/python3.12/site-packages/airflow/example_dags/example_outlet_event_extra.py
[2026-06-19T16:39:57.730+0000] {processor.py:925} INFO - DAG(s) 'dataset_with_extra_from_classic_operator', 'dataset_with_extra_by_context', 'dataset_with_extra_by_yield' retrieved from /home/airflow/.local/lib/python3.12/site-packages/airflow/example_dags/example_outlet_event_extra.py
[2026-06-19T16:39:57.777+0000] {logging_mixin.py:190} INFO - [2026-06-19T16:39:57.777+0000] {dag.py:3239} INFO - Sync 3 DAGs
[2026-06-19T16:39:57.817+0000] {logging_mixin.py:190} INFO - [2026-06-19T16:39:57.817+0000] {dag.py:4180} INFO - Setting next_dagrun for dataset_with_extra_by_context to 2026-06-18 00:00:00+00:00, run_after=2026-06-19 00:00:00+00:00
[2026-06-19T16:39:57.826+0000] {logging_mixin.py:190} INFO - [2026-06-19T16:39:57.826+0000] {dag.py:4180} INFO - Setting next_dagrun for dataset_with_extra_by_yield to 2026-06-18 00:00:00+00:00, run_after=2026-06-19 00:00:00+00:00
[2026-06-19T16:39:57.831+0000] {logging_mixin.py:190} INFO - [2026-06-19T16:39:57.831+0000] {dag.py:4180} INFO - Setting next_dagrun for dataset_with_extra_from_classic_operator to 2026-06-18 00:00:00+00:00, run_after=2026-06-19 00:00:00+00:00
[2026-06-19T16:39:57.866+0000] {processor.py:208} INFO - Processing /home/airflow/.local/lib/python3.12/site-packages/airflow/example_dags/example_outlet_event_extra.py took 1.350 seconds
[2026-06-19T16:42:16.412+0000] {processor.py:186} INFO - Started process (PID=116) to work on /home/airflow/.local/lib/python3.12/site-packages/airflow/example_dags/example_outlet_event_extra.py
[2026-06-19T16:42:16.420+0000] {processor.py:914} INFO - Processing file /home/airflow/.local/lib/python3.12/site-packages/airflow/example_dags/example_outlet_event_extra.py for tasks to queue
[2026-06-19T16:42:16.442+0000] {logging_mixin.py:190} INFO - [2026-06-19T16:42:16.441+0000] {dagbag.py:588} INFO - Filling up the DagBag from /home/airflow/.local/lib/python3.12/site-packages/airflow/example_dags/example_outlet_event_extra.py
[2026-06-19T16:42:19.078+0000] {processor.py:925} INFO - DAG(s) 'dataset_with_extra_by_context', 'dataset_with_extra_from_classic_operator', 'dataset_with_extra_by_yield' retrieved from /home/airflow/.local/lib/python3.12/site-packages/airflow/example_dags/example_outlet_event_extra.py
[2026-06-19T16:42:19.222+0000] {logging_mixin.py:190} INFO - [2026-06-19T16:42:19.221+0000] {dag.py:3239} INFO - Sync 3 DAGs
[2026-06-19T16:42:19.361+0000] {logging_mixin.py:190} INFO - [2026-06-19T16:42:19.360+0000] {dag.py:4180} INFO - Setting next_dagrun for dataset_with_extra_by_context to 2026-06-18 00:00:00+00:00, run_after=2026-06-19 00:00:00+00:00
[2026-06-19T16:42:19.425+0000] {logging_mixin.py:190} INFO - [2026-06-19T16:42:19.424+0000] {dag.py:4180} INFO - Setting next_dagrun for dataset_with_extra_by_yield to 2026-06-18 00:00:00+00:00, run_after=2026-06-19 00:00:00+00:00
[2026-06-19T16:42:19.460+0000] {logging_mixin.py:190} INFO - [2026-06-19T16:42:19.459+0000] {dag.py:4180} INFO - Setting next_dagrun for dataset_with_extra_from_classic_operator to 2026-06-18 00:00:00+00:00, run_after=2026-06-19 00:00:00+00:00
[2026-06-19T16:42:19.613+0000] {processor.py:208} INFO - Processing /home/airflow/.local/lib/python3.12/site-packages/airflow/example_dags/example_outlet_event_extra.py took 3.242 seconds
[2026-06-19T16:43:17.147+0000] {processor.py:186} INFO - Started process (PID=204) to work on /home/airflow/.local/lib/python3.12/site-packages/airflow/example_dags/example_outlet_event_extra.py
[2026-06-19T16:43:17.160+0000] {processor.py:914} INFO - Processing file /home/airflow/.local/lib/python3.12/site-packages/airflow/example_dags/example_outlet_event_extra.py for tasks to queue
[2026-06-19T16:43:17.181+0000] {logging_mixin.py:190} INFO - [2026-06-19T16:43:17.178+0000] {dagbag.py:588} INFO - Filling up the DagBag from /home/airflow/.local/lib/python3.12/site-packages/airflow/example_dags/example_outlet_event_extra.py
[2026-06-19T16:43:20.551+0000] {processor.py:925} INFO - DAG(s) 'dataset_with_extra_by_yield', 'dataset_with_extra_by_context', 'dataset_with_extra_from_classic_operator' retrieved from /home/airflow/.local/lib/python3.12/site-packages/airflow/example_dags/example_outlet_event_extra.py
[2026-06-19T16:43:20.812+0000] {logging_mixin.py:190} INFO - [2026-06-19T16:43:20.811+0000] {dag.py:3239} INFO - Sync 3 DAGs
[2026-06-19T16:43:21.082+0000] {logging_mixin.py:190} INFO - [2026-06-19T16:43:21.082+0000] {dag.py:4180} INFO - Setting next_dagrun for dataset_with_extra_by_context to 2026-06-18 00:00:00+00:00, run_after=2026-06-19 00:00:00+00:00
[2026-06-19T16:43:21.128+0000] {logging_mixin.py:190} INFO - [2026-06-19T16:43:21.128+0000] {dag.py:4180} INFO - Setting next_dagrun for dataset_with_extra_by_yield to 2026-06-18 00:00:00+00:00, run_after=2026-06-19 00:00:00+00:00
[2026-06-19T16:43:21.161+0000] {logging_mixin.py:190} INFO - [2026-06-19T16:43:21.160+0000] {dag.py:4180} INFO - Setting next_dagrun for dataset_with_extra_from_classic_operator to 2026-06-18 00:00:00+00:00, run_after=2026-06-19 00:00:00+00:00
[2026-06-19T16:43:21.352+0000] {processor.py:208} INFO - Processing /home/airflow/.local/lib/python3.12/site-packages/airflow/example_dags/example_outlet_event_extra.py took 4.260 seconds
[2026-06-19T16:43:54.106+0000] {processor.py:186} INFO - Started process (PID=268) to work on /home/airflow/.local/lib/python3.12/site-packages/airflow/example_dags/example_outlet_event_extra.py
[2026-06-19T16:43:54.122+0000] {processor.py:914} INFO - Processing file /home/airflow/.local/lib/python3.12/site-packages/airflow/example_dags/example_outlet_event_extra.py for tasks to queue
[2026-06-19T16:43:54.140+0000] {logging_mixin.py:190} INFO - [2026-06-19T16:43:54.132+0000] {dagbag.py:588} INFO - Filling up the DagBag from /home/airflow/.local/lib/python3.12/site-packages/airflow/example_dags/example_outlet_event_extra.py
[2026-06-19T16:43:59.114+0000] {processor.py:925} INFO - DAG(s) 'dataset_with_extra_by_context', 'dataset_with_extra_by_yield', 'dataset_with_extra_from_classic_operator' retrieved from /home/airflow/.local/lib/python3.12/site-packages/airflow/example_dags/example_outlet_event_extra.py
[2026-06-19T16:43:59.320+0000] {logging_mixin.py:190} INFO - [2026-06-19T16:43:59.309+0000] {dag.py:3239} INFO - Sync 3 DAGs
[2026-06-19T16:43:59.523+0000] {logging_mixin.py:190} INFO - [2026-06-19T16:43:59.512+0000] {dag.py:4180} INFO - Setting next_dagrun for dataset_with_extra_by_context to 2026-06-18 00:00:00+00:00, run_after=2026-06-19 00:00:00+00:00
[2026-06-19T16:43:59.581+0000] {logging_mixin.py:190} INFO - [2026-06-19T16:43:59.581+0000] {dag.py:4180} INFO - Setting next_dagrun for dataset_with_extra_by_yield to 2026-06-18 00:00:00+00:00, run_after=2026-06-19 00:00:00+00:00
[2026-06-19T16:43:59.609+0000] {logging_mixin.py:190} INFO - [2026-06-19T16:43:59.608+0000] {dag.py:4180} INFO - Setting next_dagrun for dataset_with_extra_from_classic_operator to 2026-06-18 00:00:00+00:00, run_after=2026-06-19 00:00:00+00:00
[2026-06-19T16:43:59.782+0000] {processor.py:208} INFO - Processing /home/airflow/.local/lib/python3.12/site-packages/airflow/example_dags/example_outlet_event_extra.py took 5.712 seconds
[2026-06-19T16:44:32.590+0000] {processor.py:186} INFO - Started process (PID=339) to work on /home/airflow/.local/lib/python3.12/site-packages/airflow/example_dags/example_outlet_event_extra.py
[2026-06-19T16:44:32.594+0000] {processor.py:914} INFO - Processing file /home/airflow/.local/lib/python3.12/site-packages/airflow/example_dags/example_outlet_event_extra.py for tasks to queue
[2026-06-19T16:44:32.605+0000] {logging_mixin.py:190} INFO - [2026-06-19T16:44:32.604+0000] {dagbag.py:588} INFO - Filling up the DagBag from /home/airflow/.local/lib/python3.12/site-packages/airflow/example_dags/example_outlet_event_extra.py
[2026-06-19T16:44:34.399+0000] {processor.py:925} INFO - DAG(s) 'dataset_with_extra_by_yield', 'dataset_with_extra_by_context', 'dataset_with_extra_from_classic_operator' retrieved from /home/airflow/.local/lib/python3.12/site-packages/airflow/example_dags/example_outlet_event_extra.py
[2026-06-19T16:44:34.447+0000] {logging_mixin.py:190} INFO - [2026-06-19T16:44:34.446+0000] {dag.py:3239} INFO - Sync 3 DAGs
[2026-06-19T16:44:34.499+0000] {logging_mixin.py:190} INFO - [2026-06-19T16:44:34.499+0000] {dag.py:4180} INFO - Setting next_dagrun for dataset_with_extra_by_context to 2026-06-18 00:00:00+00:00, run_after=2026-06-19 00:00:00+00:00
[2026-06-19T16:44:34.515+0000] {logging_mixin.py:190} INFO - [2026-06-19T16:44:34.515+0000] {dag.py:4180} INFO - Setting next_dagrun for dataset_with_extra_by_yield to 2026-06-18 00:00:00+00:00, run_after=2026-06-19 00:00:00+00:00
[2026-06-19T16:44:34.526+0000] {logging_mixin.py:190} INFO - [2026-06-19T16:44:34.525+0000] {dag.py:4180} INFO - Setting next_dagrun for dataset_with_extra_from_classic_operator to 2026-06-18 00:00:00+00:00, run_after=2026-06-19 00:00:00+00:00
[2026-06-19T16:44:34.572+0000] {processor.py:208} INFO - Processing /home/airflow/.local/lib/python3.12/site-packages/airflow/example_dags/example_outlet_event_extra.py took 2.000 seconds
[2026-06-19T16:45:05.861+0000] {processor.py:186} INFO - Started process (PID=401) to work on /home/airflow/.local/lib/python3.12/site-packages/airflow/example_dags/example_outlet_event_extra.py
[2026-06-19T16:45:05.980+0000] {processor.py:914} INFO - Processing file /home/airflow/.local/lib/python3.12/site-packages/airflow/example_dags/example_outlet_event_extra.py for tasks to queue
[2026-06-19T16:45:05.991+0000] {logging_mixin.py:190} INFO - [2026-06-19T16:45:05.989+0000] {dagbag.py:588} INFO - Filling up the DagBag from /home/airflow/.local/lib/python3.12/site-packages/airflow/example_dags/example_outlet_event_extra.py
[2026-06-19T16:45:09.504+0000] {processor.py:925} INFO - DAG(s) 'dataset_with_extra_by_yield', 'dataset_with_extra_by_context', 'dataset_with_extra_from_classic_operator' retrieved from /home/airflow/.local/lib/python3.12/site-packages/airflow/example_dags/example_outlet_event_extra.py
[2026-06-19T16:45:09.581+0000] {logging_mixin.py:190} INFO - [2026-06-19T16:45:09.580+0000] {dag.py:3239} INFO - Sync 3 DAGs
[2026-06-19T16:45:09.695+0000] {logging_mixin.py:190} INFO - [2026-06-19T16:45:09.695+0000] {dag.py:4180} INFO - Setting next_dagrun for dataset_with_extra_by_context to 2026-06-18 00:00:00+00:00, run_after=2026-06-19 00:00:00+00:00
[2026-06-19T16:45:09.724+0000] {logging_mixin.py:190} INFO - [2026-06-19T16:45:09.723+0000] {dag.py:4180} INFO - Setting next_dagrun for dataset_with_extra_by_yield to 2026-06-18 00:00:00+00:00, run_after=2026-06-19 00:00:00+00:00
[2026-06-19T16:45:09.738+0000] {logging_mixin.py:190} INFO - [2026-06-19T16:45:09.736+0000] {dag.py:4180} INFO - Setting next_dagrun for dataset_with_extra_from_classic_operator to 2026-06-18 00:00:00+00:00, run_after=2026-06-19 00:00:00+00:00
[2026-06-19T16:45:09.850+0000] {processor.py:208} INFO - Processing /home/airflow/.local/lib/python3.12/site-packages/airflow/example_dags/example_outlet_event_extra.py took 4.020 seconds
[2026-06-19T16:45:40.270+0000] {processor.py:186} INFO - Started process (PID=468) to work on /home/airflow/.local/lib/python3.12/site-packages/airflow/example_dags/example_outlet_event_extra.py
[2026-06-19T16:45:40.274+0000] {processor.py:914} INFO - Processing file /home/airflow/.local/lib/python3.12/site-packages/airflow/example_dags/example_outlet_event_extra.py for tasks to queue
[2026-06-19T16:45:40.280+0000] {logging_mixin.py:190} INFO - [2026-06-19T16:45:40.280+0000] {dagbag.py:588} INFO - Filling up the DagBag from /home/airflow/.local/lib/python3.12/site-packages/airflow/example_dags/example_outlet_event_extra.py
[2026-06-19T16:45:41.792+0000] {processor.py:925} INFO - DAG(s) 'dataset_with_extra_by_yield', 'dataset_with_extra_by_context', 'dataset_with_extra_from_classic_operator' retrieved from /home/airflow/.local/lib/python3.12/site-packages/airflow/example_dags/example_outlet_event_extra.py
[2026-06-19T16:45:41.856+0000] {logging_mixin.py:190} INFO - [2026-06-19T16:45:41.855+0000] {dag.py:3239} INFO - Sync 3 DAGs
[2026-06-19T16:45:41.937+0000] {logging_mixin.py:190} INFO - [2026-06-19T16:45:41.937+0000] {dag.py:4180} INFO - Setting next_dagrun for dataset_with_extra_by_context to 2026-06-18 00:00:00+00:00, run_after=2026-06-19 00:00:00+00:00
[2026-06-19T16:45:41.955+0000] {logging_mixin.py:190} INFO - [2026-06-19T16:45:41.954+0000] {dag.py:4180} INFO - Setting next_dagrun for dataset_with_extra_by_yield to 2026-06-18 00:00:00+00:00, run_after=2026-06-19 00:00:00+00:00
[2026-06-19T16:45:41.966+0000] {logging_mixin.py:190} INFO - [2026-06-19T16:45:41.965+0000] {dag.py:4180} INFO - Setting next_dagrun for dataset_with_extra_from_classic_operator to 2026-06-18 00:00:00+00:00, run_after=2026-06-19 00:00:00+00:00
[2026-06-19T16:45:42.090+0000] {processor.py:208} INFO - Processing /home/airflow/.local/lib/python3.12/site-packages/airflow/example_dags/example_outlet_event_extra.py took 1.833 seconds
[2026-06-19T16:46:13.010+0000] {processor.py:186} INFO - Started process (PID=535) to work on /home/airflow/.local/lib/python3.12/site-packages/airflow/example_dags/example_outlet_event_extra.py
[2026-06-19T16:46:13.028+0000] {processor.py:914} INFO - Processing file /home/airflow/.local/lib/python3.12/site-packages/airflow/example_dags/example_outlet_event_extra.py for tasks to queue
[2026-06-19T16:46:13.042+0000] {logging_mixin.py:190} INFO - [2026-06-19T16:46:13.040+0000] {dagbag.py:588} INFO - Filling up the DagBag from /home/airflow/.local/lib/python3.12/site-packages/airflow/example_dags/example_outlet_event_extra.py
[2026-06-19T16:46:16.359+0000] {processor.py:925} INFO - DAG(s) 'dataset_with_extra_by_context', 'dataset_with_extra_from_classic_operator', 'dataset_with_extra_by_yield' retrieved from /home/airflow/.local/lib/python3.12/site-packages/airflow/example_dags/example_outlet_event_extra.py
[2026-06-19T16:46:16.533+0000] {logging_mixin.py:190} INFO - [2026-06-19T16:46:16.532+0000] {dag.py:3239} INFO - Sync 3 DAGs
[2026-06-19T16:46:16.734+0000] {logging_mixin.py:190} INFO - [2026-06-19T16:46:16.733+0000] {dag.py:4180} INFO - Setting next_dagrun for dataset_with_extra_by_context to 2026-06-18 00:00:00+00:00, run_after=2026-06-19 00:00:00+00:00
[2026-06-19T16:46:16.772+0000] {logging_mixin.py:190} INFO - [2026-06-19T16:46:16.771+0000] {dag.py:4180} INFO - Setting next_dagrun for dataset_with_extra_by_yield to 2026-06-18 00:00:00+00:00, run_after=2026-06-19 00:00:00+00:00
[2026-06-19T16:46:16.790+0000] {logging_mixin.py:190} INFO - [2026-06-19T16:46:16.790+0000] {dag.py:4180} INFO - Setting next_dagrun for dataset_with_extra_from_classic_operator to 2026-06-18 00:00:00+00:00, run_after=2026-06-19 00:00:00+00:00
[2026-06-19T16:46:16.922+0000] {processor.py:208} INFO - Processing /home/airflow/.local/lib/python3.12/site-packages/airflow/example_dags/example_outlet_event_extra.py took 3.959 seconds
[2026-06-19T16:46:47.335+0000] {processor.py:186} INFO - Started process (PID=604) to work on /home/airflow/.local/lib/python3.12/site-packages/airflow/example_dags/example_outlet_event_extra.py
[2026-06-19T16:46:47.340+0000] {processor.py:914} INFO - Processing file /home/airflow/.local/lib/python3.12/site-packages/airflow/example_dags/example_outlet_event_extra.py for tasks to queue
[2026-06-19T16:46:47.349+0000] {logging_mixin.py:190} INFO - [2026-06-19T16:46:47.348+0000] {dagbag.py:588} INFO - Filling up the DagBag from /home/airflow/.local/lib/python3.12/site-packages/airflow/example_dags/example_outlet_event_extra.py
[2026-06-19T16:46:50.585+0000] {processor.py:925} INFO - DAG(s) 'dataset_with_extra_by_yield', 'dataset_with_extra_from_classic_operator', 'dataset_with_extra_by_context' retrieved from /home/airflow/.local/lib/python3.12/site-packages/airflow/example_dags/example_outlet_event_extra.py
[2026-06-19T16:46:50.732+0000] {logging_mixin.py:190} INFO - [2026-06-19T16:46:50.731+0000] {dag.py:3239} INFO - Sync 3 DAGs
[2026-06-19T16:46:50.888+0000] {logging_mixin.py:190} INFO - [2026-06-19T16:46:50.887+0000] {dag.py:4180} INFO - Setting next_dagrun for dataset_with_extra_by_context to 2026-06-18 00:00:00+00:00, run_after=2026-06-19 00:00:00+00:00
[2026-06-19T16:46:50.927+0000] {logging_mixin.py:190} INFO - [2026-06-19T16:46:50.926+0000] {dag.py:4180} INFO - Setting next_dagrun for dataset_with_extra_by_yield to 2026-06-18 00:00:00+00:00, run_after=2026-06-19 00:00:00+00:00
[2026-06-19T16:46:50.944+0000] {logging_mixin.py:190} INFO - [2026-06-19T16:46:50.944+0000] {dag.py:4180} INFO - Setting next_dagrun for dataset_with_extra_from_classic_operator to 2026-06-18 00:00:00+00:00, run_after=2026-06-19 00:00:00+00:00
[2026-06-19T16:46:51.077+0000] {processor.py:208} INFO - Processing /home/airflow/.local/lib/python3.12/site-packages/airflow/example_dags/example_outlet_event_extra.py took 3.760 seconds
[2026-06-19T16:47:21.593+0000] {processor.py:186} INFO - Started process (PID=671) to work on /home/airflow/.local/lib/python3.12/site-packages/airflow/example_dags/example_outlet_event_extra.py
[2026-06-19T16:47:21.614+0000] {processor.py:914} INFO - Processing file /home/airflow/.local/lib/python3.12/site-packages/airflow/example_dags/example_outlet_event_extra.py for tasks to queue
[2026-06-19T16:47:21.632+0000] {logging_mixin.py:190} INFO - [2026-06-19T16:47:21.630+0000] {dagbag.py:588} INFO - Filling up the DagBag from /home/airflow/.local/lib/python3.12/site-packages/airflow/example_dags/example_outlet_event_extra.py
[2026-06-19T16:47:24.397+0000] {processor.py:925} INFO - DAG(s) 'dataset_with_extra_by_yield', 'dataset_with_extra_by_context', 'dataset_with_extra_from_classic_operator' retrieved from /home/airflow/.local/lib/python3.12/site-packages/airflow/example_dags/example_outlet_event_extra.py
[2026-06-19T16:47:24.461+0000] {logging_mixin.py:190} INFO - [2026-06-19T16:47:24.460+0000] {dag.py:3239} INFO - Sync 3 DAGs
[2026-06-19T16:47:24.531+0000] {logging_mixin.py:190} INFO - [2026-06-19T16:47:24.530+0000] {dag.py:4180} INFO - Setting next_dagrun for dataset_with_extra_by_context to 2026-06-18 00:00:00+00:00, run_after=2026-06-19 00:00:00+00:00
[2026-06-19T16:47:24.549+0000] {logging_mixin.py:190} INFO - [2026-06-19T16:47:24.547+0000] {dag.py:4180} INFO - Setting next_dagrun for dataset_with_extra_by_yield to 2026-06-18 00:00:00+00:00, run_after=2026-06-19 00:00:00+00:00
[2026-06-19T16:47:24.561+0000] {logging_mixin.py:190} INFO - [2026-06-19T16:47:24.560+0000] {dag.py:4180} INFO - Setting next_dagrun for dataset_with_extra_from_classic_operator to 2026-06-18 00:00:00+00:00, run_after=2026-06-19 00:00:00+00:00
[2026-06-19T16:47:24.627+0000] {processor.py:208} INFO - Processing /home/airflow/.local/lib/python3.12/site-packages/airflow/example_dags/example_outlet_event_extra.py took 3.066 seconds
[2026-06-19T16:47:54.841+0000] {processor.py:186} INFO - Started process (PID=741) to work on /home/airflow/.local/lib/python3.12/site-packages/airflow/example_dags/example_outlet_event_extra.py
[2026-06-19T16:47:54.847+0000] {processor.py:914} INFO - Processing file /home/airflow/.local/lib/python3.12/site-packages/airflow/example_dags/example_outlet_event_extra.py for tasks to queue
[2026-06-19T16:47:54.856+0000] {logging_mixin.py:190} INFO - [2026-06-19T16:47:54.855+0000] {dagbag.py:588} INFO - Filling up the DagBag from /home/airflow/.local/lib/python3.12/site-packages/airflow/example_dags/example_outlet_event_extra.py
[2026-06-19T16:47:56.259+0000] {processor.py:925} INFO - DAG(s) 'dataset_with_extra_by_yield', 'dataset_with_extra_by_context', 'dataset_with_extra_from_classic_operator' retrieved from /home/airflow/.local/lib/python3.12/site-packages/airflow/example_dags/example_outlet_event_extra.py
[2026-06-19T16:47:56.314+0000] {logging_mixin.py:190} INFO - [2026-06-19T16:47:56.313+0000] {dag.py:3239} INFO - Sync 3 DAGs
[2026-06-19T16:47:56.376+0000] {logging_mixin.py:190} INFO - [2026-06-19T16:47:56.375+0000] {dag.py:4180} INFO - Setting next_dagrun for dataset_with_extra_by_context to 2026-06-18 00:00:00+00:00, run_after=2026-06-19 00:00:00+00:00
[2026-06-19T16:47:56.393+0000] {logging_mixin.py:190} INFO - [2026-06-19T16:47:56.392+0000] {dag.py:4180} INFO - Setting next_dagrun for dataset_with_extra_by_yield to 2026-06-18 00:00:00+00:00, run_after=2026-06-19 00:00:00+00:00
[2026-06-19T16:47:56.406+0000] {logging_mixin.py:190} INFO - [2026-06-19T16:47:56.406+0000] {dag.py:4180} INFO - Setting next_dagrun for dataset_with_extra_from_classic_operator to 2026-06-18 00:00:00+00:00, run_after=2026-06-19 00:00:00+00:00
[2026-06-19T16:47:56.469+0000] {processor.py:208} INFO - Processing /home/airflow/.local/lib/python3.12/site-packages/airflow/example_dags/example_outlet_event_extra.py took 1.650 seconds
[2026-06-19T16:48:26.718+0000] {processor.py:186} INFO - Started process (PID=808) to work on /home/airflow/.local/lib/python3.12/site-packages/airflow/example_dags/example_outlet_event_extra.py
[2026-06-19T16:48:26.722+0000] {processor.py:914} INFO - Processing file /home/airflow/.local/lib/python3.12/site-packages/airflow/example_dags/example_outlet_event_extra.py for tasks to queue
[2026-06-19T16:48:26.730+0000] {logging_mixin.py:190} INFO - [2026-06-19T16:48:26.729+0000] {dagbag.py:588} INFO - Filling up the DagBag from /home/airflow/.local/lib/python3.12/site-packages/airflow/example_dags/example_outlet_event_extra.py
[2026-06-19T16:48:29.462+0000] {processor.py:925} INFO - DAG(s) 'dataset_with_extra_from_classic_operator', 'dataset_with_extra_by_yield', 'dataset_with_extra_by_context' retrieved from /home/airflow/.local/lib/python3.12/site-packages/airflow/example_dags/example_outlet_event_extra.py
[2026-06-19T16:48:29.547+0000] {logging_mixin.py:190} INFO - [2026-06-19T16:48:29.546+0000] {dag.py:3239} INFO - Sync 3 DAGs
[2026-06-19T16:48:29.638+0000] {logging_mixin.py:190} INFO - [2026-06-19T16:48:29.637+0000] {dag.py:4180} INFO - Setting next_dagrun for dataset_with_extra_by_context to 2026-06-18 00:00:00+00:00, run_after=2026-06-19 00:00:00+00:00
[2026-06-19T16:48:29.655+0000] {logging_mixin.py:190} INFO - [2026-06-19T16:48:29.654+0000] {dag.py:4180} INFO - Setting next_dagrun for dataset_with_extra_by_yield to 2026-06-18 00:00:00+00:00, run_after=2026-06-19 00:00:00+00:00
[2026-06-19T16:48:29.670+0000] {logging_mixin.py:190} INFO - [2026-06-19T16:48:29.670+0000] {dag.py:4180} INFO - Setting next_dagrun for dataset_with_extra_from_classic_operator to 2026-06-18 00:00:00+00:00, run_after=2026-06-19 00:00:00+00:00
[2026-06-19T16:48:29.754+0000] {processor.py:208} INFO - Processing /home/airflow/.local/lib/python3.12/site-packages/airflow/example_dags/example_outlet_event_extra.py took 3.059 seconds
[2026-06-19T16:49:00.320+0000] {processor.py:186} INFO - Started process (PID=883) to work on /home/airflow/.local/lib/python3.12/site-packages/airflow/example_dags/example_outlet_event_extra.py
[2026-06-19T16:49:00.327+0000] {processor.py:914} INFO - Processing file /home/airflow/.local/lib/python3.12/site-packages/airflow/example_dags/example_outlet_event_extra.py for tasks to queue
[2026-06-19T16:49:00.340+0000] {logging_mixin.py:190} INFO - [2026-06-19T16:49:00.339+0000] {dagbag.py:588} INFO - Filling up the DagBag from /home/airflow/.local/lib/python3.12/site-packages/airflow/example_dags/example_outlet_event_extra.py
[2026-06-19T16:49:02.835+0000] {processor.py:925} INFO - DAG(s) 'dataset_with_extra_from_classic_operator', 'dataset_with_extra_by_yield', 'dataset_with_extra_by_context' retrieved from /home/airflow/.local/lib/python3.12/site-packages/airflow/example_dags/example_outlet_event_extra.py
[2026-06-19T16:49:02.918+0000] {logging_mixin.py:190} INFO - [2026-06-19T16:49:02.917+0000] {dag.py:3239} INFO - Sync 3 DAGs
[2026-06-19T16:49:03.013+0000] {logging_mixin.py:190} INFO - [2026-06-19T16:49:03.012+0000] {dag.py:4180} INFO - Setting next_dagrun for dataset_with_extra_by_context to 2026-06-18 00:00:00+00:00, run_after=2026-06-19 00:00:00+00:00
[2026-06-19T16:49:03.036+0000] {logging_mixin.py:190} INFO - [2026-06-19T16:49:03.035+0000] {dag.py:4180} INFO - Setting next_dagrun for dataset_with_extra_by_yield to 2026-06-18 00:00:00+00:00, run_after=2026-06-19 00:00:00+00:00
[2026-06-19T16:49:03.049+0000] {logging_mixin.py:190} INFO - [2026-06-19T16:49:03.049+0000] {dag.py:4180} INFO - Setting next_dagrun for dataset_with_extra_from_classic_operator to 2026-06-18 00:00:00+00:00, run_after=2026-06-19 00:00:00+00:00
[2026-06-19T16:49:03.122+0000] {processor.py:208} INFO - Processing /home/airflow/.local/lib/python3.12/site-packages/airflow/example_dags/example_outlet_event_extra.py took 2.827 seconds
[2026-06-19T16:49:33.449+0000] {processor.py:186} INFO - Started process (PID=951) to work on /home/airflow/.local/lib/python3.12/site-packages/airflow/example_dags/example_outlet_event_extra.py
[2026-06-19T16:49:33.463+0000] {processor.py:914} INFO - Processing file /home/airflow/.local/lib/python3.12/site-packages/airflow/example_dags/example_outlet_event_extra.py for tasks to queue
[2026-06-19T16:49:33.471+0000] {logging_mixin.py:190} INFO - [2026-06-19T16:49:33.470+0000] {dagbag.py:588} INFO - Filling up the DagBag from /home/airflow/.local/lib/python3.12/site-packages/airflow/example_dags/example_outlet_event_extra.py
[2026-06-19T16:49:35.324+0000] {processor.py:925} INFO - DAG(s) 'dataset_with_extra_by_context', 'dataset_with_extra_by_yield', 'dataset_with_extra_from_classic_operator' retrieved from /home/airflow/.local/lib/python3.12/site-packages/airflow/example_dags/example_outlet_event_extra.py
[2026-06-19T16:49:35.422+0000] {logging_mixin.py:190} INFO - [2026-06-19T16:49:35.421+0000] {dag.py:3239} INFO - Sync 3 DAGs
[2026-06-19T16:49:35.571+0000] {logging_mixin.py:190} INFO - [2026-06-19T16:49:35.571+0000] {dag.py:4180} INFO - Setting next_dagrun for dataset_with_extra_by_context to 2026-06-18 00:00:00+00:00, run_after=2026-06-19 00:00:00+00:00
[2026-06-19T16:49:35.590+0000] {logging_mixin.py:190} INFO - [2026-06-19T16:49:35.589+0000] {dag.py:4180} INFO - Setting next_dagrun for dataset_with_extra_by_yield to 2026-06-18 00:00:00+00:00, run_after=2026-06-19 00:00:00+00:00
[2026-06-19T16:49:35.603+0000] {logging_mixin.py:190} INFO - [2026-06-19T16:49:35.603+0000] {dag.py:4180} INFO - Setting next_dagrun for dataset_with_extra_from_classic_operator to 2026-06-18 00:00:00+00:00, run_after=2026-06-19 00:00:00+00:00
[2026-06-19T16:49:35.673+0000] {processor.py:208} INFO - Processing /home/airflow/.local/lib/python3.12/site-packages/airflow/example_dags/example_outlet_event_extra.py took 2.246 seconds
[2026-06-19T16:50:05.834+0000] {processor.py:186} INFO - Started process (PID=1015) to work on /home/airflow/.local/lib/python3.12/site-packages/airflow/example_dags/example_outlet_event_extra.py
[2026-06-19T16:50:05.837+0000] {processor.py:914} INFO - Processing file /home/airflow/.local/lib/python3.12/site-packages/airflow/example_dags/example_outlet_event_extra.py for tasks to queue
[2026-06-19T16:50:05.842+0000] {logging_mixin.py:190} INFO - [2026-06-19T16:50:05.841+0000] {dagbag.py:588} INFO - Filling up the DagBag from /home/airflow/.local/lib/python3.12/site-packages/airflow/example_dags/example_outlet_event_extra.py
[2026-06-19T16:50:06.911+0000] {processor.py:925} INFO - DAG(s) 'dataset_with_extra_by_context', 'dataset_with_extra_by_yield', 'dataset_with_extra_from_classic_operator' retrieved from /home/airflow/.local/lib/python3.12/site-packages/airflow/example_dags/example_outlet_event_extra.py
[2026-06-19T16:50:06.957+0000] {logging_mixin.py:190} INFO - [2026-06-19T16:50:06.956+0000] {dag.py:3239} INFO - Sync 3 DAGs
[2026-06-19T16:50:07.010+0000] {logging_mixin.py:190} INFO - [2026-06-19T16:50:07.009+0000] {dag.py:4180} INFO - Setting next_dagrun for dataset_with_extra_by_context to 2026-06-18 00:00:00+00:00, run_after=2026-06-19 00:00:00+00:00
[2026-06-19T16:50:07.026+0000] {logging_mixin.py:190} INFO - [2026-06-19T16:50:07.025+0000] {dag.py:4180} INFO - Setting next_dagrun for dataset_with_extra_by_yield to 2026-06-18 00:00:00+00:00, run_after=2026-06-19 00:00:00+00:00
[2026-06-19T16:50:07.034+0000] {logging_mixin.py:190} INFO - [2026-06-19T16:50:07.034+0000] {dag.py:4180} INFO - Setting next_dagrun for dataset_with_extra_from_classic_operator to 2026-06-18 00:00:00+00:00, run_after=2026-06-19 00:00:00+00:00
[2026-06-19T16:50:07.079+0000] {processor.py:208} INFO - Processing /home/airflow/.local/lib/python3.12/site-packages/airflow/example_dags/example_outlet_event_extra.py took 1.254 seconds
[2026-06-19T16:50:38.246+0000] {processor.py:186} INFO - Started process (PID=1081) to work on /home/airflow/.local/lib/python3.12/site-packages/airflow/example_dags/example_outlet_event_extra.py
[2026-06-19T16:50:38.253+0000] {processor.py:914} INFO - Processing file /home/airflow/.local/lib/python3.12/site-packages/airflow/example_dags/example_outlet_event_extra.py for tasks to queue
[2026-06-19T16:50:38.262+0000] {logging_mixin.py:190} INFO - [2026-06-19T16:50:38.261+0000] {dagbag.py:588} INFO - Filling up the DagBag from /home/airflow/.local/lib/python3.12/site-packages/airflow/example_dags/example_outlet_event_extra.py
[2026-06-19T16:50:40.094+0000] {processor.py:925} INFO - DAG(s) 'dataset_with_extra_by_context', 'dataset_with_extra_by_yield', 'dataset_with_extra_from_classic_operator' retrieved from /home/airflow/.local/lib/python3.12/site-packages/airflow/example_dags/example_outlet_event_extra.py
[2026-06-19T16:50:40.143+0000] {logging_mixin.py:190} INFO - [2026-06-19T16:50:40.142+0000] {dag.py:3239} INFO - Sync 3 DAGs
[2026-06-19T16:50:40.197+0000] {logging_mixin.py:190} INFO - [2026-06-19T16:50:40.196+0000] {dag.py:4180} INFO - Setting next_dagrun for dataset_with_extra_by_context to 2026-06-18 00:00:00+00:00, run_after=2026-06-19 00:00:00+00:00
[2026-06-19T16:50:40.210+0000] {logging_mixin.py:190} INFO - [2026-06-19T16:50:40.209+0000] {dag.py:4180} INFO - Setting next_dagrun for dataset_with_extra_by_yield to 2026-06-18 00:00:00+00:00, run_after=2026-06-19 00:00:00+00:00
[2026-06-19T16:50:40.220+0000] {logging_mixin.py:190} INFO - [2026-06-19T16:50:40.220+0000] {dag.py:4180} INFO - Setting next_dagrun for dataset_with_extra_from_classic_operator to 2026-06-18 00:00:00+00:00, run_after=2026-06-19 00:00:00+00:00
[2026-06-19T16:50:40.279+0000] {processor.py:208} INFO - Processing /home/airflow/.local/lib/python3.12/site-packages/airflow/example_dags/example_outlet_event_extra.py took 2.052 seconds
[2026-06-19T16:51:11.132+0000] {processor.py:186} INFO - Started process (PID=1148) to work on /home/airflow/.local/lib/python3.12/site-packages/airflow/example_dags/example_outlet_event_extra.py
[2026-06-19T16:51:11.137+0000] {processor.py:914} INFO - Processing file /home/airflow/.local/lib/python3.12/site-packages/airflow/example_dags/example_outlet_event_extra.py for tasks to queue
[2026-06-19T16:51:11.150+0000] {logging_mixin.py:190} INFO - [2026-06-19T16:51:11.149+0000] {dagbag.py:588} INFO - Filling up the DagBag from /home/airflow/.local/lib/python3.12/site-packages/airflow/example_dags/example_outlet_event_extra.py
[2026-06-19T16:51:13.002+0000] {processor.py:925} INFO - DAG(s) 'dataset_with_extra_by_yield', 'dataset_with_extra_by_context', 'dataset_with_extra_from_classic_operator' retrieved from /home/airflow/.local/lib/python3.12/site-packages/airflow/example_dags/example_outlet_event_extra.py
[2026-06-19T16:51:13.069+0000] {logging_mixin.py:190} INFO - [2026-06-19T16:51:13.068+0000] {dag.py:3239} INFO - Sync 3 DAGs
[2026-06-19T16:51:13.137+0000] {logging_mixin.py:190} INFO - [2026-06-19T16:51:13.137+0000] {dag.py:4180} INFO - Setting next_dagrun for dataset_with_extra_by_context to 2026-06-18 00:00:00+00:00, run_after=2026-06-19 00:00:00+00:00
[2026-06-19T16:51:13.156+0000] {logging_mixin.py:190} INFO - [2026-06-19T16:51:13.156+0000] {dag.py:4180} INFO - Setting next_dagrun for dataset_with_extra_by_yield to 2026-06-18 00:00:00+00:00, run_after=2026-06-19 00:00:00+00:00
[2026-06-19T16:51:13.167+0000] {logging_mixin.py:190} INFO - [2026-06-19T16:51:13.167+0000] {dag.py:4180} INFO - Setting next_dagrun for dataset_with_extra_from_classic_operator to 2026-06-18 00:00:00+00:00, run_after=2026-06-19 00:00:00+00:00
[2026-06-19T16:51:13.220+0000] {processor.py:208} INFO - Processing /home/airflow/.local/lib/python3.12/site-packages/airflow/example_dags/example_outlet_event_extra.py took 2.105 seconds
[2026-06-19T16:51:43.830+0000] {processor.py:186} INFO - Started process (PID=1216) to work on /home/airflow/.local/lib/python3.12/site-packages/airflow/example_dags/example_outlet_event_extra.py
[2026-06-19T16:51:43.838+0000] {processor.py:914} INFO - Processing file /home/airflow/.local/lib/python3.12/site-packages/airflow/example_dags/example_outlet_event_extra.py for tasks to queue
[2026-06-19T16:51:43.850+0000] {logging_mixin.py:190} INFO - [2026-06-19T16:51:43.849+0000] {dagbag.py:588} INFO - Filling up the DagBag from /home/airflow/.local/lib/python3.12/site-packages/airflow/example_dags/example_outlet_event_extra.py
[2026-06-19T16:51:46.728+0000] {processor.py:925} INFO - DAG(s) 'dataset_with_extra_by_context', 'dataset_with_extra_from_classic_operator', 'dataset_with_extra_by_yield' retrieved from /home/airflow/.local/lib/python3.12/site-packages/airflow/example_dags/example_outlet_event_extra.py
[2026-06-19T16:51:46.879+0000] {logging_mixin.py:190} INFO - [2026-06-19T16:51:46.878+0000] {dag.py:3239} INFO - Sync 3 DAGs
[2026-06-19T16:51:46.984+0000] {logging_mixin.py:190} INFO - [2026-06-19T16:51:46.983+0000] {dag.py:4180} INFO - Setting next_dagrun for dataset_with_extra_by_context to 2026-06-18 00:00:00+00:00, run_after=2026-06-19 00:00:00+00:00
[2026-06-19T16:51:47.008+0000] {logging_mixin.py:190} INFO - [2026-06-19T16:51:47.004+0000] {dag.py:4180} INFO - Setting next_dagrun for dataset_with_extra_by_yield to 2026-06-18 00:00:00+00:00, run_after=2026-06-19 00:00:00+00:00
[2026-06-19T16:51:47.020+0000] {logging_mixin.py:190} INFO - [2026-06-19T16:51:47.019+0000] {dag.py:4180} INFO - Setting next_dagrun for dataset_with_extra_from_classic_operator to 2026-06-18 00:00:00+00:00, run_after=2026-06-19 00:00:00+00:00
[2026-06-19T16:51:47.086+0000] {processor.py:208} INFO - Processing /home/airflow/.local/lib/python3.12/site-packages/airflow/example_dags/example_outlet_event_extra.py took 3.289 seconds
[2026-06-19T16:52:17.911+0000] {processor.py:186} INFO - Started process (PID=1283) to work on /home/airflow/.local/lib/python3.12/site-packages/airflow/example_dags/example_outlet_event_extra.py
[2026-06-19T16:52:17.914+0000] {processor.py:914} INFO - Processing file /home/airflow/.local/lib/python3.12/site-packages/airflow/example_dags/example_outlet_event_extra.py for tasks to queue
[2026-06-19T16:52:17.920+0000] {logging_mixin.py:190} INFO - [2026-06-19T16:52:17.919+0000] {dagbag.py:588} INFO - Filling up the DagBag from /home/airflow/.local/lib/python3.12/site-packages/airflow/example_dags/example_outlet_event_extra.py
[2026-06-19T16:52:19.248+0000] {processor.py:925} INFO - DAG(s) 'dataset_with_extra_by_yield', 'dataset_with_extra_by_context', 'dataset_with_extra_from_classic_operator' retrieved from /home/airflow/.local/lib/python3.12/site-packages/airflow/example_dags/example_outlet_event_extra.py
[2026-06-19T16:52:19.303+0000] {logging_mixin.py:190} INFO - [2026-06-19T16:52:19.302+0000] {dag.py:3239} INFO - Sync 3 DAGs
[2026-06-19T16:52:19.361+0000] {logging_mixin.py:190} INFO - [2026-06-19T16:52:19.360+0000] {dag.py:4180} INFO - Setting next_dagrun for dataset_with_extra_by_context to 2026-06-18 00:00:00+00:00, run_after=2026-06-19 00:00:00+00:00
[2026-06-19T16:52:19.376+0000] {logging_mixin.py:190} INFO - [2026-06-19T16:52:19.376+0000] {dag.py:4180} INFO - Setting next_dagrun for dataset_with_extra_by_yield to 2026-06-18 00:00:00+00:00, run_after=2026-06-19 00:00:00+00:00
[2026-06-19T16:52:19.383+0000] {logging_mixin.py:190} INFO - [2026-06-19T16:52:19.383+0000] {dag.py:4180} INFO - Setting next_dagrun for dataset_with_extra_from_classic_operator to 2026-06-18 00:00:00+00:00, run_after=2026-06-19 00:00:00+00:00
[2026-06-19T16:52:19.436+0000] {processor.py:208} INFO - Processing /home/airflow/.local/lib/python3.12/site-packages/airflow/example_dags/example_outlet_event_extra.py took 1.533 seconds
[2026-06-19T16:52:50.362+0000] {processor.py:186} INFO - Started process (PID=1349) to work on /home/airflow/.local/lib/python3.12/site-packages/airflow/example_dags/example_outlet_event_extra.py
[2026-06-19T16:52:50.387+0000] {processor.py:914} INFO - Processing file /home/airflow/.local/lib/python3.12/site-packages/airflow/example_dags/example_outlet_event_extra.py for tasks to queue
[2026-06-19T16:52:50.397+0000] {logging_mixin.py:190} INFO - [2026-06-19T16:52:50.396+0000] {dagbag.py:588} INFO - Filling up the DagBag from /home/airflow/.local/lib/python3.12/site-packages/airflow/example_dags/example_outlet_event_extra.py
[2026-06-19T16:52:53.693+0000] {processor.py:925} INFO - DAG(s) 'dataset_with_extra_from_classic_operator', 'dataset_with_extra_by_context', 'dataset_with_extra_by_yield' retrieved from /home/airflow/.local/lib/python3.12/site-packages/airflow/example_dags/example_outlet_event_extra.py
[2026-06-19T16:52:53.831+0000] {logging_mixin.py:190} INFO - [2026-06-19T16:52:53.830+0000] {dag.py:3239} INFO - Sync 3 DAGs
[2026-06-19T16:52:53.957+0000] {logging_mixin.py:190} INFO - [2026-06-19T16:52:53.956+0000] {dag.py:4180} INFO - Setting next_dagrun for dataset_with_extra_by_context to 2026-06-18 00:00:00+00:00, run_after=2026-06-19 00:00:00+00:00
[2026-06-19T16:52:53.982+0000] {logging_mixin.py:190} INFO - [2026-06-19T16:52:53.982+0000] {dag.py:4180} INFO - Setting next_dagrun for dataset_with_extra_by_yield to 2026-06-18 00:00:00+00:00, run_after=2026-06-19 00:00:00+00:00
[2026-06-19T16:52:53.995+0000] {logging_mixin.py:190} INFO - [2026-06-19T16:52:53.994+0000] {dag.py:4180} INFO - Setting next_dagrun for dataset_with_extra_from_classic_operator to 2026-06-18 00:00:00+00:00, run_after=2026-06-19 00:00:00+00:00
[2026-06-19T16:52:54.124+0000] {processor.py:208} INFO - Processing /home/airflow/.local/lib/python3.12/site-packages/airflow/example_dags/example_outlet_event_extra.py took 3.794 seconds
[2026-06-19T16:53:24.585+0000] {processor.py:186} INFO - Started process (PID=1417) to work on /home/airflow/.local/lib/python3.12/site-packages/airflow/example_dags/example_outlet_event_extra.py
[2026-06-19T16:53:24.590+0000] {processor.py:914} INFO - Processing file /home/airflow/.local/lib/python3.12/site-packages/airflow/example_dags/example_outlet_event_extra.py for tasks to queue
[2026-06-19T16:53:24.602+0000] {logging_mixin.py:190} INFO - [2026-06-19T16:53:24.601+0000] {dagbag.py:588} INFO - Filling up the DagBag from /home/airflow/.local/lib/python3.12/site-packages/airflow/example_dags/example_outlet_event_extra.py
[2026-06-19T16:53:27.186+0000] {processor.py:925} INFO - DAG(s) 'dataset_with_extra_from_classic_operator', 'dataset_with_extra_by_context', 'dataset_with_extra_by_yield' retrieved from /home/airflow/.local/lib/python3.12/site-packages/airflow/example_dags/example_outlet_event_extra.py
[2026-06-19T16:53:27.282+0000] {logging_mixin.py:190} INFO - [2026-06-19T16:53:27.281+0000] {dag.py:3239} INFO - Sync 3 DAGs
[2026-06-19T16:53:27.397+0000] {logging_mixin.py:190} INFO - [2026-06-19T16:53:27.396+0000] {dag.py:4180} INFO - Setting next_dagrun for dataset_with_extra_by_context to 2026-06-18 00:00:00+00:00, run_after=2026-06-19 00:00:00+00:00
[2026-06-19T16:53:27.431+0000] {logging_mixin.py:190} INFO - [2026-06-19T16:53:27.430+0000] {dag.py:4180} INFO - Setting next_dagrun for dataset_with_extra_by_yield to 2026-06-18 00:00:00+00:00, run_after=2026-06-19 00:00:00+00:00
[2026-06-19T16:53:27.461+0000] {logging_mixin.py:190} INFO - [2026-06-19T16:53:27.460+0000] {dag.py:4180} INFO - Setting next_dagrun for dataset_with_extra_from_classic_operator to 2026-06-18 00:00:00+00:00, run_after=2026-06-19 00:00:00+00:00
[2026-06-19T16:53:27.622+0000] {processor.py:208} INFO - Processing /home/airflow/.local/lib/python3.12/site-packages/airflow/example_dags/example_outlet_event_extra.py took 3.065 seconds
[2026-06-19T16:53:57.794+0000] {processor.py:186} INFO - Started process (PID=1486) to work on /home/airflow/.local/lib/python3.12/site-packages/airflow/example_dags/example_outlet_event_extra.py
[2026-06-19T16:53:57.798+0000] {processor.py:914} INFO - Processing file /home/airflow/.local/lib/python3.12/site-packages/airflow/example_dags/example_outlet_event_extra.py for tasks to queue
[2026-06-19T16:53:57.805+0000] {logging_mixin.py:190} INFO - [2026-06-19T16:53:57.804+0000] {dagbag.py:588} INFO - Filling up the DagBag from /home/airflow/.local/lib/python3.12/site-packages/airflow/example_dags/example_outlet_event_extra.py
[2026-06-19T16:53:59.772+0000] {processor.py:925} INFO - DAG(s) 'dataset_with_extra_by_context', 'dataset_with_extra_from_classic_operator', 'dataset_with_extra_by_yield' retrieved from /home/airflow/.local/lib/python3.12/site-packages/airflow/example_dags/example_outlet_event_extra.py
[2026-06-19T16:53:59.874+0000] {logging_mixin.py:190} INFO - [2026-06-19T16:53:59.873+0000] {dag.py:3239} INFO - Sync 3 DAGs
[2026-06-19T16:53:59.999+0000] {logging_mixin.py:190} INFO - [2026-06-19T16:53:59.999+0000] {dag.py:4180} INFO - Setting next_dagrun for dataset_with_extra_by_context to 2026-06-18 00:00:00+00:00, run_after=2026-06-19 00:00:00+00:00
[2026-06-19T16:54:00.018+0000] {logging_mixin.py:190} INFO - [2026-06-19T16:54:00.016+0000] {dag.py:4180} INFO - Setting next_dagrun for dataset_with_extra_by_yield to 2026-06-18 00:00:00+00:00, run_after=2026-06-19 00:00:00+00:00
[2026-06-19T16:54:00.029+0000] {logging_mixin.py:190} INFO - [2026-06-19T16:54:00.028+0000] {dag.py:4180} INFO - Setting next_dagrun for dataset_with_extra_from_classic_operator to 2026-06-18 00:00:00+00:00, run_after=2026-06-19 00:00:00+00:00
[2026-06-19T16:54:00.082+0000] {processor.py:208} INFO - Processing /home/airflow/.local/lib/python3.12/site-packages/airflow/example_dags/example_outlet_event_extra.py took 2.306 seconds
[2026-06-19T16:54:30.748+0000] {processor.py:186} INFO - Started process (PID=1553) to work on /home/airflow/.local/lib/python3.12/site-packages/airflow/example_dags/example_outlet_event_extra.py
[2026-06-19T16:54:30.757+0000] {processor.py:914} INFO - Processing file /home/airflow/.local/lib/python3.12/site-packages/airflow/example_dags/example_outlet_event_extra.py for tasks to queue
[2026-06-19T16:54:30.763+0000] {logging_mixin.py:190} INFO - [2026-06-19T16:54:30.762+0000] {dagbag.py:588} INFO - Filling up the DagBag from /home/airflow/.local/lib/python3.12/site-packages/airflow/example_dags/example_outlet_event_extra.py
[2026-06-19T16:54:31.932+0000] {processor.py:925} INFO - DAG(s) 'dataset_with_extra_by_context', 'dataset_with_extra_by_yield', 'dataset_with_extra_from_classic_operator' retrieved from /home/airflow/.local/lib/python3.12/site-packages/airflow/example_dags/example_outlet_event_extra.py
[2026-06-19T16:54:32.066+0000] {logging_mixin.py:190} INFO - [2026-06-19T16:54:32.066+0000] {dag.py:3239} INFO - Sync 3 DAGs
[2026-06-19T16:54:32.595+0000] {logging_mixin.py:190} INFO - [2026-06-19T16:54:32.595+0000] {dag.py:4180} INFO - Setting next_dagrun for dataset_with_extra_by_context to 2026-06-18 00:00:00+00:00, run_after=2026-06-19 00:00:00+00:00
[2026-06-19T16:54:32.604+0000] {logging_mixin.py:190} INFO - [2026-06-19T16:54:32.603+0000] {dag.py:4180} INFO - Setting next_dagrun for dataset_with_extra_by_yield to 2026-06-18 00:00:00+00:00, run_after=2026-06-19 00:00:00+00:00
[2026-06-19T16:54:32.608+0000] {logging_mixin.py:190} INFO - [2026-06-19T16:54:32.608+0000] {dag.py:4180} INFO - Setting next_dagrun for dataset_with_extra_from_classic_operator to 2026-06-18 00:00:00+00:00, run_after=2026-06-19 00:00:00+00:00
[2026-06-19T16:54:32.637+0000] {processor.py:208} INFO - Processing /home/airflow/.local/lib/python3.12/site-packages/airflow/example_dags/example_outlet_event_extra.py took 1.898 seconds
[2026-06-19T16:55:03.262+0000] {processor.py:186} INFO - Started process (PID=1625) to work on /home/airflow/.local/lib/python3.12/site-packages/airflow/example_dags/example_outlet_event_extra.py
[2026-06-19T16:55:03.268+0000] {processor.py:914} INFO - Processing file /home/airflow/.local/lib/python3.12/site-packages/airflow/example_dags/example_outlet_event_extra.py for tasks to queue
[2026-06-19T16:55:03.278+0000] {logging_mixin.py:190} INFO - [2026-06-19T16:55:03.277+0000] {dagbag.py:588} INFO - Filling up the DagBag from /home/airflow/.local/lib/python3.12/site-packages/airflow/example_dags/example_outlet_event_extra.py
[2026-06-19T16:55:05.289+0000] {processor.py:925} INFO - DAG(s) 'dataset_with_extra_by_yield', 'dataset_with_extra_by_context', 'dataset_with_extra_from_classic_operator' retrieved from /home/airflow/.local/lib/python3.12/site-packages/airflow/example_dags/example_outlet_event_extra.py
[2026-06-19T16:55:05.347+0000] {logging_mixin.py:190} INFO - [2026-06-19T16:55:05.346+0000] {dag.py:3239} INFO - Sync 3 DAGs
[2026-06-19T16:55:05.399+0000] {logging_mixin.py:190} INFO - [2026-06-19T16:55:05.398+0000] {dag.py:4180} INFO - Setting next_dagrun for dataset_with_extra_by_context to 2026-06-18 00:00:00+00:00, run_after=2026-06-19 00:00:00+00:00
[2026-06-19T16:55:05.412+0000] {logging_mixin.py:190} INFO - [2026-06-19T16:55:05.412+0000] {dag.py:4180} INFO - Setting next_dagrun for dataset_with_extra_by_yield to 2026-06-18 00:00:00+00:00, run_after=2026-06-19 00:00:00+00:00
[2026-06-19T16:55:05.420+0000] {logging_mixin.py:190} INFO - [2026-06-19T16:55:05.419+0000] {dag.py:4180} INFO - Setting next_dagrun for dataset_with_extra_from_classic_operator to 2026-06-18 00:00:00+00:00, run_after=2026-06-19 00:00:00+00:00
[2026-06-19T16:55:05.463+0000] {processor.py:208} INFO - Processing /home/airflow/.local/lib/python3.12/site-packages/airflow/example_dags/example_outlet_event_extra.py took 2.221 seconds
[2026-06-19T16:55:36.075+0000] {processor.py:186} INFO - Started process (PID=1691) to work on /home/airflow/.local/lib/python3.12/site-packages/airflow/example_dags/example_outlet_event_extra.py
[2026-06-19T16:55:36.079+0000] {processor.py:914} INFO - Processing file /home/airflow/.local/lib/python3.12/site-packages/airflow/example_dags/example_outlet_event_extra.py for tasks to queue
[2026-06-19T16:55:36.087+0000] {logging_mixin.py:190} INFO - [2026-06-19T16:55:36.086+0000] {dagbag.py:588} INFO - Filling up the DagBag from /home/airflow/.local/lib/python3.12/site-packages/airflow/example_dags/example_outlet_event_extra.py
[2026-06-19T16:55:37.312+0000] {processor.py:925} INFO - DAG(s) 'dataset_with_extra_by_yield', 'dataset_with_extra_by_context', 'dataset_with_extra_from_classic_operator' retrieved from /home/airflow/.local/lib/python3.12/site-packages/airflow/example_dags/example_outlet_event_extra.py
[2026-06-19T16:55:37.381+0000] {logging_mixin.py:190} INFO - [2026-06-19T16:55:37.380+0000] {dag.py:3239} INFO - Sync 3 DAGs
[2026-06-19T16:55:37.445+0000] {logging_mixin.py:190} INFO - [2026-06-19T16:55:37.444+0000] {dag.py:4180} INFO - Setting next_dagrun for dataset_with_extra_by_context to 2026-06-18 00:00:00+00:00, run_after=2026-06-19 00:00:00+00:00
[2026-06-19T16:55:37.460+0000] {logging_mixin.py:190} INFO - [2026-06-19T16:55:37.460+0000] {dag.py:4180} INFO - Setting next_dagrun for dataset_with_extra_by_yield to 2026-06-18 00:00:00+00:00, run_after=2026-06-19 00:00:00+00:00
[2026-06-19T16:55:37.468+0000] {logging_mixin.py:190} INFO - [2026-06-19T16:55:37.467+0000] {dag.py:4180} INFO - Setting next_dagrun for dataset_with_extra_from_classic_operator to 2026-06-18 00:00:00+00:00, run_after=2026-06-19 00:00:00+00:00
[2026-06-19T16:55:37.517+0000] {processor.py:208} INFO - Processing /home/airflow/.local/lib/python3.12/site-packages/airflow/example_dags/example_outlet_event_extra.py took 1.454 seconds
[2026-06-19T16:56:07.758+0000] {processor.py:186} INFO - Started process (PID=1756) to work on /home/airflow/.local/lib/python3.12/site-packages/airflow/example_dags/example_outlet_event_extra.py
[2026-06-19T16:56:07.761+0000] {processor.py:914} INFO - Processing file /home/airflow/.local/lib/python3.12/site-packages/airflow/example_dags/example_outlet_event_extra.py for tasks to queue
[2026-06-19T16:56:07.767+0000] {logging_mixin.py:190} INFO - [2026-06-19T16:56:07.766+0000] {dagbag.py:588} INFO - Filling up the DagBag from /home/airflow/.local/lib/python3.12/site-packages/airflow/example_dags/example_outlet_event_extra.py
[2026-06-19T16:56:08.931+0000] {processor.py:925} INFO - DAG(s) 'dataset_with_extra_by_context', 'dataset_with_extra_by_yield', 'dataset_with_extra_from_classic_operator' retrieved from /home/airflow/.local/lib/python3.12/site-packages/airflow/example_dags/example_outlet_event_extra.py
[2026-06-19T16:56:08.980+0000] {logging_mixin.py:190} INFO - [2026-06-19T16:56:08.980+0000] {dag.py:3239} INFO - Sync 3 DAGs
[2026-06-19T16:56:09.025+0000] {logging_mixin.py:190} INFO - [2026-06-19T16:56:09.025+0000] {dag.py:4180} INFO - Setting next_dagrun for dataset_with_extra_by_context to 2026-06-18 00:00:00+00:00, run_after=2026-06-19 00:00:00+00:00
[2026-06-19T16:56:09.034+0000] {logging_mixin.py:190} INFO - [2026-06-19T16:56:09.034+0000] {dag.py:4180} INFO - Setting next_dagrun for dataset_with_extra_by_yield to 2026-06-18 00:00:00+00:00, run_after=2026-06-19 00:00:00+00:00
[2026-06-19T16:56:09.040+0000] {logging_mixin.py:190} INFO - [2026-06-19T16:56:09.040+0000] {dag.py:4180} INFO - Setting next_dagrun for dataset_with_extra_from_classic_operator to 2026-06-18 00:00:00+00:00, run_after=2026-06-19 00:00:00+00:00
[2026-06-19T16:56:09.073+0000] {processor.py:208} INFO - Processing /home/airflow/.local/lib/python3.12/site-packages/airflow/example_dags/example_outlet_event_extra.py took 1.326 seconds
[2026-06-19T16:56:40.065+0000] {processor.py:186} INFO - Started process (PID=1822) to work on /home/airflow/.local/lib/python3.12/site-packages/airflow/example_dags/example_outlet_event_extra.py
[2026-06-19T16:56:40.068+0000] {processor.py:914} INFO - Processing file /home/airflow/.local/lib/python3.12/site-packages/airflow/example_dags/example_outlet_event_extra.py for tasks to queue
[2026-06-19T16:56:40.073+0000] {logging_mixin.py:190} INFO - [2026-06-19T16:56:40.073+0000] {dagbag.py:588} INFO - Filling up the DagBag from /home/airflow/.local/lib/python3.12/site-packages/airflow/example_dags/example_outlet_event_extra.py
[2026-06-19T16:56:40.870+0000] {processor.py:925} INFO - DAG(s) 'dataset_with_extra_by_yield', 'dataset_with_extra_from_classic_operator', 'dataset_with_extra_by_context' retrieved from /home/airflow/.local/lib/python3.12/site-packages/airflow/example_dags/example_outlet_event_extra.py
[2026-06-19T16:56:40.901+0000] {logging_mixin.py:190} INFO - [2026-06-19T16:56:40.901+0000] {dag.py:3239} INFO - Sync 3 DAGs
[2026-06-19T16:56:40.930+0000] {logging_mixin.py:190} INFO - [2026-06-19T16:56:40.929+0000] {dag.py:4180} INFO - Setting next_dagrun for dataset_with_extra_by_context to 2026-06-18 00:00:00+00:00, run_after=2026-06-19 00:00:00+00:00
[2026-06-19T16:56:40.937+0000] {logging_mixin.py:190} INFO - [2026-06-19T16:56:40.936+0000] {dag.py:4180} INFO - Setting next_dagrun for dataset_with_extra_by_yield to 2026-06-18 00:00:00+00:00, run_after=2026-06-19 00:00:00+00:00
[2026-06-19T16:56:40.941+0000] {logging_mixin.py:190} INFO - [2026-06-19T16:56:40.940+0000] {dag.py:4180} INFO - Setting next_dagrun for dataset_with_extra_from_classic_operator to 2026-06-18 00:00:00+00:00, run_after=2026-06-19 00:00:00+00:00
[2026-06-19T16:56:40.964+0000] {processor.py:208} INFO - Processing /home/airflow/.local/lib/python3.12/site-packages/airflow/example_dags/example_outlet_event_extra.py took 0.909 seconds
[2026-06-19T16:57:11.427+0000] {processor.py:186} INFO - Started process (PID=1886) to work on /home/airflow/.local/lib/python3.12/site-packages/airflow/example_dags/example_outlet_event_extra.py
[2026-06-19T16:57:11.431+0000] {processor.py:914} INFO - Processing file /home/airflow/.local/lib/python3.12/site-packages/airflow/example_dags/example_outlet_event_extra.py for tasks to queue
[2026-06-19T16:57:11.438+0000] {logging_mixin.py:190} INFO - [2026-06-19T16:57:11.437+0000] {dagbag.py:588} INFO - Filling up the DagBag from /home/airflow/.local/lib/python3.12/site-packages/airflow/example_dags/example_outlet_event_extra.py
[2026-06-19T16:57:13.137+0000] {processor.py:925} INFO - DAG(s) 'dataset_with_extra_by_yield', 'dataset_with_extra_from_classic_operator', 'dataset_with_extra_by_context' retrieved from /home/airflow/.local/lib/python3.12/site-packages/airflow/example_dags/example_outlet_event_extra.py
[2026-06-19T16:57:13.219+0000] {logging_mixin.py:190} INFO - [2026-06-19T16:57:13.219+0000] {dag.py:3239} INFO - Sync 3 DAGs
[2026-06-19T16:57:13.312+0000] {logging_mixin.py:190} INFO - [2026-06-19T16:57:13.312+0000] {dag.py:4180} INFO - Setting next_dagrun for dataset_with_extra_by_context to 2026-06-18 00:00:00+00:00, run_after=2026-06-19 00:00:00+00:00
[2026-06-19T16:57:13.334+0000] {logging_mixin.py:190} INFO - [2026-06-19T16:57:13.333+0000] {dag.py:4180} INFO - Setting next_dagrun for dataset_with_extra_by_yield to 2026-06-18 00:00:00+00:00, run_after=2026-06-19 00:00:00+00:00
[2026-06-19T16:57:13.345+0000] {logging_mixin.py:190} INFO - [2026-06-19T16:57:13.344+0000] {dag.py:4180} INFO - Setting next_dagrun for dataset_with_extra_from_classic_operator to 2026-06-18 00:00:00+00:00, run_after=2026-06-19 00:00:00+00:00
[2026-06-19T16:57:13.436+0000] {processor.py:208} INFO - Processing /home/airflow/.local/lib/python3.12/site-packages/airflow/example_dags/example_outlet_event_extra.py took 2.030 seconds
[2026-06-19T16:57:43.652+0000] {processor.py:186} INFO - Started process (PID=1954) to work on /home/airflow/.local/lib/python3.12/site-packages/airflow/example_dags/example_outlet_event_extra.py
[2026-06-19T16:57:43.655+0000] {processor.py:914} INFO - Processing file /home/airflow/.local/lib/python3.12/site-packages/airflow/example_dags/example_outlet_event_extra.py for tasks to queue
[2026-06-19T16:57:43.659+0000] {logging_mixin.py:190} INFO - [2026-06-19T16:57:43.659+0000] {dagbag.py:588} INFO - Filling up the DagBag from /home/airflow/.local/lib/python3.12/site-packages/airflow/example_dags/example_outlet_event_extra.py
[2026-06-19T16:57:44.330+0000] {processor.py:925} INFO - DAG(s) 'dataset_with_extra_by_context', 'dataset_with_extra_by_yield', 'dataset_with_extra_from_classic_operator' retrieved from /home/airflow/.local/lib/python3.12/site-packages/airflow/example_dags/example_outlet_event_extra.py
[2026-06-19T16:57:44.360+0000] {logging_mixin.py:190} INFO - [2026-06-19T16:57:44.360+0000] {dag.py:3239} INFO - Sync 3 DAGs
[2026-06-19T16:57:44.391+0000] {logging_mixin.py:190} INFO - [2026-06-19T16:57:44.391+0000] {dag.py:4180} INFO - Setting next_dagrun for dataset_with_extra_by_context to 2026-06-18 00:00:00+00:00, run_after=2026-06-19 00:00:00+00:00
[2026-06-19T16:57:44.399+0000] {logging_mixin.py:190} INFO - [2026-06-19T16:57:44.399+0000] {dag.py:4180} INFO - Setting next_dagrun for dataset_with_extra_by_yield to 2026-06-18 00:00:00+00:00, run_after=2026-06-19 00:00:00+00:00
[2026-06-19T16:57:44.405+0000] {logging_mixin.py:190} INFO - [2026-06-19T16:57:44.404+0000] {dag.py:4180} INFO - Setting next_dagrun for dataset_with_extra_from_classic_operator to 2026-06-18 00:00:00+00:00, run_after=2026-06-19 00:00:00+00:00
[2026-06-19T16:57:44.440+0000] {processor.py:208} INFO - Processing /home/airflow/.local/lib/python3.12/site-packages/airflow/example_dags/example_outlet_event_extra.py took 0.793 seconds
[2026-06-19T16:58:14.655+0000] {processor.py:186} INFO - Started process (PID=2019) to work on /home/airflow/.local/lib/python3.12/site-packages/airflow/example_dags/example_outlet_event_extra.py
[2026-06-19T16:58:14.658+0000] {processor.py:914} INFO - Processing file /home/airflow/.local/lib/python3.12/site-packages/airflow/example_dags/example_outlet_event_extra.py for tasks to queue
[2026-06-19T16:58:14.663+0000] {logging_mixin.py:190} INFO - [2026-06-19T16:58:14.662+0000] {dagbag.py:588} INFO - Filling up the DagBag from /home/airflow/.local/lib/python3.12/site-packages/airflow/example_dags/example_outlet_event_extra.py
[2026-06-19T16:58:15.781+0000] {processor.py:925} INFO - DAG(s) 'dataset_with_extra_by_yield', 'dataset_with_extra_by_context', 'dataset_with_extra_from_classic_operator' retrieved from /home/airflow/.local/lib/python3.12/site-packages/airflow/example_dags/example_outlet_event_extra.py
[2026-06-19T16:58:15.845+0000] {logging_mixin.py:190} INFO - [2026-06-19T16:58:15.844+0000] {dag.py:3239} INFO - Sync 3 DAGs
[2026-06-19T16:58:15.943+0000] {logging_mixin.py:190} INFO - [2026-06-19T16:58:15.943+0000] {dag.py:4180} INFO - Setting next_dagrun for dataset_with_extra_by_context to 2026-06-18 00:00:00+00:00, run_after=2026-06-19 00:00:00+00:00
[2026-06-19T16:58:15.976+0000] {logging_mixin.py:190} INFO - [2026-06-19T16:58:15.975+0000] {dag.py:4180} INFO - Setting next_dagrun for dataset_with_extra_by_yield to 2026-06-18 00:00:00+00:00, run_after=2026-06-19 00:00:00+00:00
[2026-06-19T16:58:15.996+0000] {logging_mixin.py:190} INFO - [2026-06-19T16:58:15.996+0000] {dag.py:4180} INFO - Setting next_dagrun for dataset_with_extra_from_classic_operator to 2026-06-18 00:00:00+00:00, run_after=2026-06-19 00:00:00+00:00
[2026-06-19T16:58:16.076+0000] {processor.py:208} INFO - Processing /home/airflow/.local/lib/python3.12/site-packages/airflow/example_dags/example_outlet_event_extra.py took 1.430 seconds
[2026-06-19T16:58:46.828+0000] {processor.py:186} INFO - Started process (PID=2084) to work on /home/airflow/.local/lib/python3.12/site-packages/airflow/example_dags/example_outlet_event_extra.py
[2026-06-19T16:58:46.831+0000] {processor.py:914} INFO - Processing file /home/airflow/.local/lib/python3.12/site-packages/airflow/example_dags/example_outlet_event_extra.py for tasks to queue
[2026-06-19T16:58:46.838+0000] {logging_mixin.py:190} INFO - [2026-06-19T16:58:46.837+0000] {dagbag.py:588} INFO - Filling up the DagBag from /home/airflow/.local/lib/python3.12/site-packages/airflow/example_dags/example_outlet_event_extra.py
[2026-06-19T16:58:48.873+0000] {processor.py:925} INFO - DAG(s) 'dataset_with_extra_by_context', 'dataset_with_extra_from_classic_operator', 'dataset_with_extra_by_yield' retrieved from /home/airflow/.local/lib/python3.12/site-packages/airflow/example_dags/example_outlet_event_extra.py
[2026-06-19T16:58:48.927+0000] {logging_mixin.py:190} INFO - [2026-06-19T16:58:48.926+0000] {dag.py:3239} INFO - Sync 3 DAGs
[2026-06-19T16:58:48.967+0000] {logging_mixin.py:190} INFO - [2026-06-19T16:58:48.966+0000] {dag.py:4180} INFO - Setting next_dagrun for dataset_with_extra_by_context to 2026-06-18 00:00:00+00:00, run_after=2026-06-19 00:00:00+00:00
[2026-06-19T16:58:48.981+0000] {logging_mixin.py:190} INFO - [2026-06-19T16:58:48.981+0000] {dag.py:4180} INFO - Setting next_dagrun for dataset_with_extra_by_yield to 2026-06-18 00:00:00+00:00, run_after=2026-06-19 00:00:00+00:00
[2026-06-19T16:58:48.993+0000] {logging_mixin.py:190} INFO - [2026-06-19T16:58:48.992+0000] {dag.py:4180} INFO - Setting next_dagrun for dataset_with_extra_from_classic_operator to 2026-06-18 00:00:00+00:00, run_after=2026-06-19 00:00:00+00:00
[2026-06-19T16:58:49.055+0000] {processor.py:208} INFO - Processing /home/airflow/.local/lib/python3.12/site-packages/airflow/example_dags/example_outlet_event_extra.py took 2.240 seconds
[2026-06-19T16:59:19.988+0000] {processor.py:186} INFO - Started process (PID=2155) to work on /home/airflow/.local/lib/python3.12/site-packages/airflow/example_dags/example_outlet_event_extra.py
[2026-06-19T16:59:19.991+0000] {processor.py:914} INFO - Processing file /home/airflow/.local/lib/python3.12/site-packages/airflow/example_dags/example_outlet_event_extra.py for tasks to queue
[2026-06-19T16:59:19.994+0000] {logging_mixin.py:190} INFO - [2026-06-19T16:59:19.993+0000] {dagbag.py:588} INFO - Filling up the DagBag from /home/airflow/.local/lib/python3.12/site-packages/airflow/example_dags/example_outlet_event_extra.py
[2026-06-19T16:59:20.630+0000] {processor.py:925} INFO - DAG(s) 'dataset_with_extra_by_yield', 'dataset_with_extra_from_classic_operator', 'dataset_with_extra_by_context' retrieved from /home/airflow/.local/lib/python3.12/site-packages/airflow/example_dags/example_outlet_event_extra.py
[2026-06-19T16:59:20.662+0000] {logging_mixin.py:190} INFO - [2026-06-19T16:59:20.662+0000] {dag.py:3239} INFO - Sync 3 DAGs
[2026-06-19T16:59:20.691+0000] {logging_mixin.py:190} INFO - [2026-06-19T16:59:20.691+0000] {dag.py:4180} INFO - Setting next_dagrun for dataset_with_extra_by_context to 2026-06-18 00:00:00+00:00, run_after=2026-06-19 00:00:00+00:00
[2026-06-19T16:59:20.699+0000] {logging_mixin.py:190} INFO - [2026-06-19T16:59:20.699+0000] {dag.py:4180} INFO - Setting next_dagrun for dataset_with_extra_by_yield to 2026-06-18 00:00:00+00:00, run_after=2026-06-19 00:00:00+00:00
[2026-06-19T16:59:20.703+0000] {logging_mixin.py:190} INFO - [2026-06-19T16:59:20.703+0000] {dag.py:4180} INFO - Setting next_dagrun for dataset_with_extra_from_classic_operator to 2026-06-18 00:00:00+00:00, run_after=2026-06-19 00:00:00+00:00
[2026-06-19T16:59:20.730+0000] {processor.py:208} INFO - Processing /home/airflow/.local/lib/python3.12/site-packages/airflow/example_dags/example_outlet_event_extra.py took 0.747 seconds
[2026-06-19T16:59:51.908+0000] {processor.py:186} INFO - Started process (PID=2223) to work on /home/airflow/.local/lib/python3.12/site-packages/airflow/example_dags/example_outlet_event_extra.py
[2026-06-19T16:59:51.911+0000] {processor.py:914} INFO - Processing file /home/airflow/.local/lib/python3.12/site-packages/airflow/example_dags/example_outlet_event_extra.py for tasks to queue
[2026-06-19T16:59:51.917+0000] {logging_mixin.py:190} INFO - [2026-06-19T16:59:51.916+0000] {dagbag.py:588} INFO - Filling up the DagBag from /home/airflow/.local/lib/python3.12/site-packages/airflow/example_dags/example_outlet_event_extra.py
[2026-06-19T16:59:52.810+0000] {processor.py:925} INFO - DAG(s) 'dataset_with_extra_by_yield', 'dataset_with_extra_by_context', 'dataset_with_extra_from_classic_operator' retrieved from /home/airflow/.local/lib/python3.12/site-packages/airflow/example_dags/example_outlet_event_extra.py
[2026-06-19T16:59:52.858+0000] {logging_mixin.py:190} INFO - [2026-06-19T16:59:52.858+0000] {dag.py:3239} INFO - Sync 3 DAGs
[2026-06-19T16:59:52.902+0000] {logging_mixin.py:190} INFO - [2026-06-19T16:59:52.902+0000] {dag.py:4180} INFO - Setting next_dagrun for dataset_with_extra_by_context to 2026-06-18 00:00:00+00:00, run_after=2026-06-19 00:00:00+00:00
[2026-06-19T16:59:52.913+0000] {logging_mixin.py:190} INFO - [2026-06-19T16:59:52.912+0000] {dag.py:4180} INFO - Setting next_dagrun for dataset_with_extra_by_yield to 2026-06-18 00:00:00+00:00, run_after=2026-06-19 00:00:00+00:00
[2026-06-19T16:59:52.918+0000] {logging_mixin.py:190} INFO - [2026-06-19T16:59:52.918+0000] {dag.py:4180} INFO - Setting next_dagrun for dataset_with_extra_from_classic_operator to 2026-06-18 00:00:00+00:00, run_after=2026-06-19 00:00:00+00:00
[2026-06-19T16:59:52.950+0000] {processor.py:208} INFO - Processing /home/airflow/.local/lib/python3.12/site-packages/airflow/example_dags/example_outlet_event_extra.py took 1.052 seconds
[2026-06-19T17:00:23.310+0000] {processor.py:186} INFO - Started process (PID=2288) to work on /home/airflow/.local/lib/python3.12/site-packages/airflow/example_dags/example_outlet_event_extra.py
[2026-06-19T17:00:23.315+0000] {processor.py:914} INFO - Processing file /home/airflow/.local/lib/python3.12/site-packages/airflow/example_dags/example_outlet_event_extra.py for tasks to queue
[2026-06-19T17:00:23.326+0000] {logging_mixin.py:190} INFO - [2026-06-19T17:00:23.325+0000] {dagbag.py:588} INFO - Filling up the DagBag from /home/airflow/.local/lib/python3.12/site-packages/airflow/example_dags/example_outlet_event_extra.py
[2026-06-19T17:00:25.083+0000] {processor.py:925} INFO - DAG(s) 'dataset_with_extra_by_yield', 'dataset_with_extra_from_classic_operator', 'dataset_with_extra_by_context' retrieved from /home/airflow/.local/lib/python3.12/site-packages/airflow/example_dags/example_outlet_event_extra.py
[2026-06-19T17:00:25.189+0000] {logging_mixin.py:190} INFO - [2026-06-19T17:00:25.188+0000] {dag.py:3239} INFO - Sync 3 DAGs
[2026-06-19T17:00:25.302+0000] {logging_mixin.py:190} INFO - [2026-06-19T17:00:25.301+0000] {dag.py:4180} INFO - Setting next_dagrun for dataset_with_extra_by_context to 2026-06-18 00:00:00+00:00, run_after=2026-06-19 00:00:00+00:00
[2026-06-19T17:00:25.321+0000] {logging_mixin.py:190} INFO - [2026-06-19T17:00:25.321+0000] {dag.py:4180} INFO - Setting next_dagrun for dataset_with_extra_by_yield to 2026-06-18 00:00:00+00:00, run_after=2026-06-19 00:00:00+00:00
[2026-06-19T17:00:25.333+0000] {logging_mixin.py:190} INFO - [2026-06-19T17:00:25.333+0000] {dag.py:4180} INFO - Setting next_dagrun for dataset_with_extra_from_classic_operator to 2026-06-18 00:00:00+00:00, run_after=2026-06-19 00:00:00+00:00
[2026-06-19T17:00:25.410+0000] {processor.py:208} INFO - Processing /home/airflow/.local/lib/python3.12/site-packages/airflow/example_dags/example_outlet_event_extra.py took 2.122 seconds
[2026-06-19T17:00:56.364+0000] {processor.py:186} INFO - Started process (PID=2359) to work on /home/airflow/.local/lib/python3.12/site-packages/airflow/example_dags/example_outlet_event_extra.py
[2026-06-19T17:00:56.368+0000] {processor.py:914} INFO - Processing file /home/airflow/.local/lib/python3.12/site-packages/airflow/example_dags/example_outlet_event_extra.py for tasks to queue
[2026-06-19T17:00:56.378+0000] {logging_mixin.py:190} INFO - [2026-06-19T17:00:56.377+0000] {dagbag.py:588} INFO - Filling up the DagBag from /home/airflow/.local/lib/python3.12/site-packages/airflow/example_dags/example_outlet_event_extra.py
[2026-06-19T17:00:57.406+0000] {processor.py:925} INFO - DAG(s) 'dataset_with_extra_by_context', 'dataset_with_extra_by_yield', 'dataset_with_extra_from_classic_operator' retrieved from /home/airflow/.local/lib/python3.12/site-packages/airflow/example_dags/example_outlet_event_extra.py
[2026-06-19T17:00:57.453+0000] {logging_mixin.py:190} INFO - [2026-06-19T17:00:57.452+0000] {dag.py:3239} INFO - Sync 3 DAGs
[2026-06-19T17:00:57.512+0000] {logging_mixin.py:190} INFO - [2026-06-19T17:00:57.511+0000] {dag.py:4180} INFO - Setting next_dagrun for dataset_with_extra_by_context to 2026-06-18 00:00:00+00:00, run_after=2026-06-19 00:00:00+00:00
[2026-06-19T17:00:57.525+0000] {logging_mixin.py:190} INFO - [2026-06-19T17:00:57.524+0000] {dag.py:4180} INFO - Setting next_dagrun for dataset_with_extra_by_yield to 2026-06-18 00:00:00+00:00, run_after=2026-06-19 00:00:00+00:00
[2026-06-19T17:00:57.539+0000] {logging_mixin.py:190} INFO - [2026-06-19T17:00:57.538+0000] {dag.py:4180} INFO - Setting next_dagrun for dataset_with_extra_from_classic_operator to 2026-06-18 00:00:00+00:00, run_after=2026-06-19 00:00:00+00:00
[2026-06-19T17:00:57.576+0000] {processor.py:208} INFO - Processing /home/airflow/.local/lib/python3.12/site-packages/airflow/example_dags/example_outlet_event_extra.py took 1.232 seconds
[2026-06-19T17:01:28.358+0000] {processor.py:186} INFO - Started process (PID=2426) to work on /home/airflow/.local/lib/python3.12/site-packages/airflow/example_dags/example_outlet_event_extra.py
[2026-06-19T17:01:28.362+0000] {processor.py:914} INFO - Processing file /home/airflow/.local/lib/python3.12/site-packages/airflow/example_dags/example_outlet_event_extra.py for tasks to queue
[2026-06-19T17:01:28.370+0000] {logging_mixin.py:190} INFO - [2026-06-19T17:01:28.370+0000] {dagbag.py:588} INFO - Filling up the DagBag from /home/airflow/.local/lib/python3.12/site-packages/airflow/example_dags/example_outlet_event_extra.py
[2026-06-19T17:01:29.904+0000] {processor.py:925} INFO - DAG(s) 'dataset_with_extra_by_yield', 'dataset_with_extra_from_classic_operator', 'dataset_with_extra_by_context' retrieved from /home/airflow/.local/lib/python3.12/site-packages/airflow/example_dags/example_outlet_event_extra.py
[2026-06-19T17:01:30.007+0000] {logging_mixin.py:190} INFO - [2026-06-19T17:01:30.006+0000] {dag.py:3239} INFO - Sync 3 DAGs
[2026-06-19T17:01:30.086+0000] {logging_mixin.py:190} INFO - [2026-06-19T17:01:30.085+0000] {dag.py:4180} INFO - Setting next_dagrun for dataset_with_extra_by_context to 2026-06-18 00:00:00+00:00, run_after=2026-06-19 00:00:00+00:00
[2026-06-19T17:01:30.101+0000] {logging_mixin.py:190} INFO - [2026-06-19T17:01:30.100+0000] {dag.py:4180} INFO - Setting next_dagrun for dataset_with_extra_by_yield to 2026-06-18 00:00:00+00:00, run_after=2026-06-19 00:00:00+00:00
[2026-06-19T17:01:30.111+0000] {logging_mixin.py:190} INFO - [2026-06-19T17:01:30.110+0000] {dag.py:4180} INFO - Setting next_dagrun for dataset_with_extra_from_classic_operator to 2026-06-18 00:00:00+00:00, run_after=2026-06-19 00:00:00+00:00
[2026-06-19T17:01:30.170+0000] {processor.py:208} INFO - Processing /home/airflow/.local/lib/python3.12/site-packages/airflow/example_dags/example_outlet_event_extra.py took 1.828 seconds
[2026-06-19T17:02:00.411+0000] {processor.py:186} INFO - Started process (PID=2494) to work on /home/airflow/.local/lib/python3.12/site-packages/airflow/example_dags/example_outlet_event_extra.py
[2026-06-19T17:02:00.414+0000] {processor.py:914} INFO - Processing file /home/airflow/.local/lib/python3.12/site-packages/airflow/example_dags/example_outlet_event_extra.py for tasks to queue
[2026-06-19T17:02:00.421+0000] {logging_mixin.py:190} INFO - [2026-06-19T17:02:00.420+0000] {dagbag.py:588} INFO - Filling up the DagBag from /home/airflow/.local/lib/python3.12/site-packages/airflow/example_dags/example_outlet_event_extra.py
[2026-06-19T17:02:01.604+0000] {processor.py:925} INFO - DAG(s) 'dataset_with_extra_by_yield', 'dataset_with_extra_from_classic_operator', 'dataset_with_extra_by_context' retrieved from /home/airflow/.local/lib/python3.12/site-packages/airflow/example_dags/example_outlet_event_extra.py
[2026-06-19T17:02:01.671+0000] {logging_mixin.py:190} INFO - [2026-06-19T17:02:01.670+0000] {dag.py:3239} INFO - Sync 3 DAGs
[2026-06-19T17:02:01.735+0000] {logging_mixin.py:190} INFO - [2026-06-19T17:02:01.734+0000] {dag.py:4180} INFO - Setting next_dagrun for dataset_with_extra_by_context to 2026-06-18 00:00:00+00:00, run_after=2026-06-19 00:00:00+00:00
[2026-06-19T17:02:01.763+0000] {logging_mixin.py:190} INFO - [2026-06-19T17:02:01.762+0000] {dag.py:4180} INFO - Setting next_dagrun for dataset_with_extra_by_yield to 2026-06-18 00:00:00+00:00, run_after=2026-06-19 00:00:00+00:00
[2026-06-19T17:02:01.772+0000] {logging_mixin.py:190} INFO - [2026-06-19T17:02:01.771+0000] {dag.py:4180} INFO - Setting next_dagrun for dataset_with_extra_from_classic_operator to 2026-06-18 00:00:00+00:00, run_after=2026-06-19 00:00:00+00:00
[2026-06-19T17:02:01.827+0000] {processor.py:208} INFO - Processing /home/airflow/.local/lib/python3.12/site-packages/airflow/example_dags/example_outlet_event_extra.py took 1.431 seconds
[2026-06-19T17:02:31.943+0000] {processor.py:186} INFO - Started process (PID=2560) to work on /home/airflow/.local/lib/python3.12/site-packages/airflow/example_dags/example_outlet_event_extra.py
[2026-06-19T17:02:31.947+0000] {processor.py:914} INFO - Processing file /home/airflow/.local/lib/python3.12/site-packages/airflow/example_dags/example_outlet_event_extra.py for tasks to queue
[2026-06-19T17:02:31.951+0000] {logging_mixin.py:190} INFO - [2026-06-19T17:02:31.951+0000] {dagbag.py:588} INFO - Filling up the DagBag from /home/airflow/.local/lib/python3.12/site-packages/airflow/example_dags/example_outlet_event_extra.py
[2026-06-19T17:02:32.681+0000] {processor.py:925} INFO - DAG(s) 'dataset_with_extra_from_classic_operator', 'dataset_with_extra_by_context', 'dataset_with_extra_by_yield' retrieved from /home/airflow/.local/lib/python3.12/site-packages/airflow/example_dags/example_outlet_event_extra.py
[2026-06-19T17:02:32.719+0000] {logging_mixin.py:190} INFO - [2026-06-19T17:02:32.719+0000] {dag.py:3239} INFO - Sync 3 DAGs
[2026-06-19T17:02:32.762+0000] {logging_mixin.py:190} INFO - [2026-06-19T17:02:32.762+0000] {dag.py:4180} INFO - Setting next_dagrun for dataset_with_extra_by_context to 2026-06-18 00:00:00+00:00, run_after=2026-06-19 00:00:00+00:00
[2026-06-19T17:02:32.772+0000] {logging_mixin.py:190} INFO - [2026-06-19T17:02:32.771+0000] {dag.py:4180} INFO - Setting next_dagrun for dataset_with_extra_by_yield to 2026-06-18 00:00:00+00:00, run_after=2026-06-19 00:00:00+00:00
[2026-06-19T17:02:32.779+0000] {logging_mixin.py:190} INFO - [2026-06-19T17:02:32.778+0000] {dag.py:4180} INFO - Setting next_dagrun for dataset_with_extra_from_classic_operator to 2026-06-18 00:00:00+00:00, run_after=2026-06-19 00:00:00+00:00
[2026-06-19T17:02:32.810+0000] {processor.py:208} INFO - Processing /home/airflow/.local/lib/python3.12/site-packages/airflow/example_dags/example_outlet_event_extra.py took 0.875 seconds
[2026-06-19T17:04:31.950+0000] {processor.py:186} INFO - Started process (PID=110) to work on /home/airflow/.local/lib/python3.12/site-packages/airflow/example_dags/example_outlet_event_extra.py
[2026-06-19T17:04:31.954+0000] {processor.py:914} INFO - Processing file /home/airflow/.local/lib/python3.12/site-packages/airflow/example_dags/example_outlet_event_extra.py for tasks to queue
[2026-06-19T17:04:31.960+0000] {logging_mixin.py:190} INFO - [2026-06-19T17:04:31.960+0000] {dagbag.py:588} INFO - Filling up the DagBag from /home/airflow/.local/lib/python3.12/site-packages/airflow/example_dags/example_outlet_event_extra.py
[2026-06-19T17:04:33.205+0000] {processor.py:925} INFO - DAG(s) 'dataset_with_extra_by_yield', 'dataset_with_extra_by_context', 'dataset_with_extra_from_classic_operator' retrieved from /home/airflow/.local/lib/python3.12/site-packages/airflow/example_dags/example_outlet_event_extra.py
[2026-06-19T17:04:33.248+0000] {logging_mixin.py:190} INFO - [2026-06-19T17:04:33.248+0000] {dag.py:3239} INFO - Sync 3 DAGs
[2026-06-19T17:04:33.300+0000] {logging_mixin.py:190} INFO - [2026-06-19T17:04:33.299+0000] {dag.py:4180} INFO - Setting next_dagrun for dataset_with_extra_by_context to 2026-06-18 00:00:00+00:00, run_after=2026-06-19 00:00:00+00:00
[2026-06-19T17:04:33.312+0000] {logging_mixin.py:190} INFO - [2026-06-19T17:04:33.311+0000] {dag.py:4180} INFO - Setting next_dagrun for dataset_with_extra_by_yield to 2026-06-18 00:00:00+00:00, run_after=2026-06-19 00:00:00+00:00
[2026-06-19T17:04:33.319+0000] {logging_mixin.py:190} INFO - [2026-06-19T17:04:33.318+0000] {dag.py:4180} INFO - Setting next_dagrun for dataset_with_extra_from_classic_operator to 2026-06-18 00:00:00+00:00, run_after=2026-06-19 00:00:00+00:00
[2026-06-19T17:04:33.355+0000] {processor.py:208} INFO - Processing /home/airflow/.local/lib/python3.12/site-packages/airflow/example_dags/example_outlet_event_extra.py took 1.419 seconds
[2026-06-19T17:05:04.374+0000] {processor.py:186} INFO - Started process (PID=175) to work on /home/airflow/.local/lib/python3.12/site-packages/airflow/example_dags/example_outlet_event_extra.py
[2026-06-19T17:05:04.380+0000] {processor.py:914} INFO - Processing file /home/airflow/.local/lib/python3.12/site-packages/airflow/example_dags/example_outlet_event_extra.py for tasks to queue
[2026-06-19T17:05:04.386+0000] {logging_mixin.py:190} INFO - [2026-06-19T17:05:04.386+0000] {dagbag.py:588} INFO - Filling up the DagBag from /home/airflow/.local/lib/python3.12/site-packages/airflow/example_dags/example_outlet_event_extra.py
[2026-06-19T17:05:05.858+0000] {processor.py:925} INFO - DAG(s) 'dataset_with_extra_by_context', 'dataset_with_extra_by_yield', 'dataset_with_extra_from_classic_operator' retrieved from /home/airflow/.local/lib/python3.12/site-packages/airflow/example_dags/example_outlet_event_extra.py
[2026-06-19T17:05:05.914+0000] {logging_mixin.py:190} INFO - [2026-06-19T17:05:05.914+0000] {dag.py:3239} INFO - Sync 3 DAGs
[2026-06-19T17:05:05.966+0000] {logging_mixin.py:190} INFO - [2026-06-19T17:05:05.965+0000] {dag.py:4180} INFO - Setting next_dagrun for dataset_with_extra_by_context to 2026-06-18 00:00:00+00:00, run_after=2026-06-19 00:00:00+00:00
[2026-06-19T17:05:05.980+0000] {logging_mixin.py:190} INFO - [2026-06-19T17:05:05.979+0000] {dag.py:4180} INFO - Setting next_dagrun for dataset_with_extra_by_yield to 2026-06-18 00:00:00+00:00, run_after=2026-06-19 00:00:00+00:00
[2026-06-19T17:05:05.987+0000] {logging_mixin.py:190} INFO - [2026-06-19T17:05:05.987+0000] {dag.py:4180} INFO - Setting next_dagrun for dataset_with_extra_from_classic_operator to 2026-06-18 00:00:00+00:00, run_after=2026-06-19 00:00:00+00:00
[2026-06-19T17:05:06.035+0000] {processor.py:208} INFO - Processing /home/airflow/.local/lib/python3.12/site-packages/airflow/example_dags/example_outlet_event_extra.py took 1.673 seconds
[2026-06-19T17:05:36.866+0000] {processor.py:186} INFO - Started process (PID=245) to work on /home/airflow/.local/lib/python3.12/site-packages/airflow/example_dags/example_outlet_event_extra.py
[2026-06-19T17:05:36.870+0000] {processor.py:914} INFO - Processing file /home/airflow/.local/lib/python3.12/site-packages/airflow/example_dags/example_outlet_event_extra.py for tasks to queue
[2026-06-19T17:05:36.875+0000] {logging_mixin.py:190} INFO - [2026-06-19T17:05:36.874+0000] {dagbag.py:588} INFO - Filling up the DagBag from /home/airflow/.local/lib/python3.12/site-packages/airflow/example_dags/example_outlet_event_extra.py
[2026-06-19T17:05:38.330+0000] {processor.py:925} INFO - DAG(s) 'dataset_with_extra_by_context', 'dataset_with_extra_from_classic_operator', 'dataset_with_extra_by_yield' retrieved from /home/airflow/.local/lib/python3.12/site-packages/airflow/example_dags/example_outlet_event_extra.py
[2026-06-19T17:05:38.396+0000] {logging_mixin.py:190} INFO - [2026-06-19T17:05:38.395+0000] {dag.py:3239} INFO - Sync 3 DAGs
[2026-06-19T17:05:38.468+0000] {logging_mixin.py:190} INFO - [2026-06-19T17:05:38.468+0000] {dag.py:4180} INFO - Setting next_dagrun for dataset_with_extra_by_context to 2026-06-18 00:00:00+00:00, run_after=2026-06-19 00:00:00+00:00
[2026-06-19T17:05:38.480+0000] {logging_mixin.py:190} INFO - [2026-06-19T17:05:38.479+0000] {dag.py:4180} INFO - Setting next_dagrun for dataset_with_extra_by_yield to 2026-06-18 00:00:00+00:00, run_after=2026-06-19 00:00:00+00:00
[2026-06-19T17:05:38.488+0000] {logging_mixin.py:190} INFO - [2026-06-19T17:05:38.488+0000] {dag.py:4180} INFO - Setting next_dagrun for dataset_with_extra_from_classic_operator to 2026-06-18 00:00:00+00:00, run_after=2026-06-19 00:00:00+00:00
[2026-06-19T17:05:38.524+0000] {processor.py:208} INFO - Processing /home/airflow/.local/lib/python3.12/site-packages/airflow/example_dags/example_outlet_event_extra.py took 1.669 seconds
[2026-06-19T17:06:11.521+0000] {processor.py:186} INFO - Started process (PID=309) to work on /home/airflow/.local/lib/python3.12/site-packages/airflow/example_dags/example_outlet_event_extra.py
[2026-06-19T17:06:11.525+0000] {processor.py:914} INFO - Processing file /home/airflow/.local/lib/python3.12/site-packages/airflow/example_dags/example_outlet_event_extra.py for tasks to queue
[2026-06-19T17:06:11.532+0000] {logging_mixin.py:190} INFO - [2026-06-19T17:06:11.531+0000] {dagbag.py:588} INFO - Filling up the DagBag from /home/airflow/.local/lib/python3.12/site-packages/airflow/example_dags/example_outlet_event_extra.py
[2026-06-19T17:06:13.359+0000] {processor.py:925} INFO - DAG(s) 'dataset_with_extra_by_yield', 'dataset_with_extra_by_context', 'dataset_with_extra_from_classic_operator' retrieved from /home/airflow/.local/lib/python3.12/site-packages/airflow/example_dags/example_outlet_event_extra.py
[2026-06-19T17:06:13.449+0000] {logging_mixin.py:190} INFO - [2026-06-19T17:06:13.449+0000] {dag.py:3239} INFO - Sync 3 DAGs
[2026-06-19T17:06:13.522+0000] {logging_mixin.py:190} INFO - [2026-06-19T17:06:13.521+0000] {dag.py:4180} INFO - Setting next_dagrun for dataset_with_extra_by_context to 2026-06-18 00:00:00+00:00, run_after=2026-06-19 00:00:00+00:00
[2026-06-19T17:06:13.541+0000] {logging_mixin.py:190} INFO - [2026-06-19T17:06:13.540+0000] {dag.py:4180} INFO - Setting next_dagrun for dataset_with_extra_by_yield to 2026-06-18 00:00:00+00:00, run_after=2026-06-19 00:00:00+00:00
[2026-06-19T17:06:13.551+0000] {logging_mixin.py:190} INFO - [2026-06-19T17:06:13.550+0000] {dag.py:4180} INFO - Setting next_dagrun for dataset_with_extra_from_classic_operator to 2026-06-18 00:00:00+00:00, run_after=2026-06-19 00:00:00+00:00
[2026-06-19T17:06:13.605+0000] {processor.py:208} INFO - Processing /home/airflow/.local/lib/python3.12/site-packages/airflow/example_dags/example_outlet_event_extra.py took 2.097 seconds
[2026-06-19T17:08:07.492+0000] {processor.py:186} INFO - Started process (PID=116) to work on /home/airflow/.local/lib/python3.12/site-packages/airflow/example_dags/example_outlet_event_extra.py
[2026-06-19T17:08:07.495+0000] {processor.py:914} INFO - Processing file /home/airflow/.local/lib/python3.12/site-packages/airflow/example_dags/example_outlet_event_extra.py for tasks to queue
[2026-06-19T17:08:07.502+0000] {logging_mixin.py:190} INFO - [2026-06-19T17:08:07.502+0000] {dagbag.py:588} INFO - Filling up the DagBag from /home/airflow/.local/lib/python3.12/site-packages/airflow/example_dags/example_outlet_event_extra.py
[2026-06-19T17:08:09.795+0000] {processor.py:925} INFO - DAG(s) 'dataset_with_extra_by_context', 'dataset_with_extra_from_classic_operator', 'dataset_with_extra_by_yield' retrieved from /home/airflow/.local/lib/python3.12/site-packages/airflow/example_dags/example_outlet_event_extra.py
[2026-06-19T17:08:09.858+0000] {logging_mixin.py:190} INFO - [2026-06-19T17:08:09.858+0000] {dag.py:3239} INFO - Sync 3 DAGs
[2026-06-19T17:08:09.924+0000] {logging_mixin.py:190} INFO - [2026-06-19T17:08:09.923+0000] {dag.py:4180} INFO - Setting next_dagrun for dataset_with_extra_by_context to 2026-06-18 00:00:00+00:00, run_after=2026-06-19 00:00:00+00:00
[2026-06-19T17:08:09.941+0000] {logging_mixin.py:190} INFO - [2026-06-19T17:08:09.940+0000] {dag.py:4180} INFO - Setting next_dagrun for dataset_with_extra_by_yield to 2026-06-18 00:00:00+00:00, run_after=2026-06-19 00:00:00+00:00
[2026-06-19T17:08:09.949+0000] {logging_mixin.py:190} INFO - [2026-06-19T17:08:09.949+0000] {dag.py:4180} INFO - Setting next_dagrun for dataset_with_extra_from_classic_operator to 2026-06-18 00:00:00+00:00, run_after=2026-06-19 00:00:00+00:00
[2026-06-19T17:08:10.022+0000] {processor.py:208} INFO - Processing /home/airflow/.local/lib/python3.12/site-packages/airflow/example_dags/example_outlet_event_extra.py took 2.542 seconds
[2026-06-19T17:08:40.143+0000] {processor.py:186} INFO - Started process (PID=181) to work on /home/airflow/.local/lib/python3.12/site-packages/airflow/example_dags/example_outlet_event_extra.py
[2026-06-19T17:08:40.147+0000] {processor.py:914} INFO - Processing file /home/airflow/.local/lib/python3.12/site-packages/airflow/example_dags/example_outlet_event_extra.py for tasks to queue
[2026-06-19T17:08:40.154+0000] {logging_mixin.py:190} INFO - [2026-06-19T17:08:40.153+0000] {dagbag.py:588} INFO - Filling up the DagBag from /home/airflow/.local/lib/python3.12/site-packages/airflow/example_dags/example_outlet_event_extra.py
[2026-06-19T17:08:41.139+0000] {processor.py:925} INFO - DAG(s) 'dataset_with_extra_by_yield', 'dataset_with_extra_from_classic_operator', 'dataset_with_extra_by_context' retrieved from /home/airflow/.local/lib/python3.12/site-packages/airflow/example_dags/example_outlet_event_extra.py
[2026-06-19T17:08:41.184+0000] {logging_mixin.py:190} INFO - [2026-06-19T17:08:41.184+0000] {dag.py:3239} INFO - Sync 3 DAGs
[2026-06-19T17:08:41.231+0000] {logging_mixin.py:190} INFO - [2026-06-19T17:08:41.230+0000] {dag.py:4180} INFO - Setting next_dagrun for dataset_with_extra_by_context to 2026-06-18 00:00:00+00:00, run_after=2026-06-19 00:00:00+00:00
[2026-06-19T17:08:41.244+0000] {logging_mixin.py:190} INFO - [2026-06-19T17:08:41.244+0000] {dag.py:4180} INFO - Setting next_dagrun for dataset_with_extra_by_yield to 2026-06-18 00:00:00+00:00, run_after=2026-06-19 00:00:00+00:00
[2026-06-19T17:08:41.252+0000] {logging_mixin.py:190} INFO - [2026-06-19T17:08:41.251+0000] {dag.py:4180} INFO - Setting next_dagrun for dataset_with_extra_from_classic_operator to 2026-06-18 00:00:00+00:00, run_after=2026-06-19 00:00:00+00:00
[2026-06-19T17:08:41.290+0000] {processor.py:208} INFO - Processing /home/airflow/.local/lib/python3.12/site-packages/airflow/example_dags/example_outlet_event_extra.py took 1.160 seconds
[2026-06-19T17:09:11.681+0000] {processor.py:186} INFO - Started process (PID=245) to work on /home/airflow/.local/lib/python3.12/site-packages/airflow/example_dags/example_outlet_event_extra.py
[2026-06-19T17:09:11.684+0000] {processor.py:914} INFO - Processing file /home/airflow/.local/lib/python3.12/site-packages/airflow/example_dags/example_outlet_event_extra.py for tasks to queue
[2026-06-19T17:09:11.691+0000] {logging_mixin.py:190} INFO - [2026-06-19T17:09:11.691+0000] {dagbag.py:588} INFO - Filling up the DagBag from /home/airflow/.local/lib/python3.12/site-packages/airflow/example_dags/example_outlet_event_extra.py
[2026-06-19T17:09:12.572+0000] {processor.py:925} INFO - DAG(s) 'dataset_with_extra_from_classic_operator', 'dataset_with_extra_by_yield', 'dataset_with_extra_by_context' retrieved from /home/airflow/.local/lib/python3.12/site-packages/airflow/example_dags/example_outlet_event_extra.py
[2026-06-19T17:09:12.614+0000] {logging_mixin.py:190} INFO - [2026-06-19T17:09:12.614+0000] {dag.py:3239} INFO - Sync 3 DAGs
[2026-06-19T17:09:12.656+0000] {logging_mixin.py:190} INFO - [2026-06-19T17:09:12.655+0000] {dag.py:4180} INFO - Setting next_dagrun for dataset_with_extra_by_context to 2026-06-18 00:00:00+00:00, run_after=2026-06-19 00:00:00+00:00
[2026-06-19T17:09:12.664+0000] {logging_mixin.py:190} INFO - [2026-06-19T17:09:12.664+0000] {dag.py:4180} INFO - Setting next_dagrun for dataset_with_extra_by_yield to 2026-06-18 00:00:00+00:00, run_after=2026-06-19 00:00:00+00:00
[2026-06-19T17:09:12.671+0000] {logging_mixin.py:190} INFO - [2026-06-19T17:09:12.671+0000] {dag.py:4180} INFO - Setting next_dagrun for dataset_with_extra_from_classic_operator to 2026-06-18 00:00:00+00:00, run_after=2026-06-19 00:00:00+00:00
[2026-06-19T17:09:12.703+0000] {processor.py:208} INFO - Processing /home/airflow/.local/lib/python3.12/site-packages/airflow/example_dags/example_outlet_event_extra.py took 1.032 seconds
[2026-06-19T17:09:43.434+0000] {processor.py:186} INFO - Started process (PID=310) to work on /home/airflow/.local/lib/python3.12/site-packages/airflow/example_dags/example_outlet_event_extra.py
[2026-06-19T17:09:43.438+0000] {processor.py:914} INFO - Processing file /home/airflow/.local/lib/python3.12/site-packages/airflow/example_dags/example_outlet_event_extra.py for tasks to queue
[2026-06-19T17:09:43.444+0000] {logging_mixin.py:190} INFO - [2026-06-19T17:09:43.443+0000] {dagbag.py:588} INFO - Filling up the DagBag from /home/airflow/.local/lib/python3.12/site-packages/airflow/example_dags/example_outlet_event_extra.py
[2026-06-19T17:09:44.738+0000] {processor.py:925} INFO - DAG(s) 'dataset_with_extra_by_yield', 'dataset_with_extra_from_classic_operator', 'dataset_with_extra_by_context' retrieved from /home/airflow/.local/lib/python3.12/site-packages/airflow/example_dags/example_outlet_event_extra.py
[2026-06-19T17:09:44.791+0000] {logging_mixin.py:190} INFO - [2026-06-19T17:09:44.791+0000] {dag.py:3239} INFO - Sync 3 DAGs
[2026-06-19T17:09:44.852+0000] {logging_mixin.py:190} INFO - [2026-06-19T17:09:44.851+0000] {dag.py:4180} INFO - Setting next_dagrun for dataset_with_extra_by_context to 2026-06-18 00:00:00+00:00, run_after=2026-06-19 00:00:00+00:00
[2026-06-19T17:09:44.868+0000] {logging_mixin.py:190} INFO - [2026-06-19T17:09:44.867+0000] {dag.py:4180} INFO - Setting next_dagrun for dataset_with_extra_by_yield to 2026-06-18 00:00:00+00:00, run_after=2026-06-19 00:00:00+00:00
[2026-06-19T17:09:44.876+0000] {logging_mixin.py:190} INFO - [2026-06-19T17:09:44.876+0000] {dag.py:4180} INFO - Setting next_dagrun for dataset_with_extra_from_classic_operator to 2026-06-18 00:00:00+00:00, run_after=2026-06-19 00:00:00+00:00
[2026-06-19T17:09:44.924+0000] {processor.py:208} INFO - Processing /home/airflow/.local/lib/python3.12/site-packages/airflow/example_dags/example_outlet_event_extra.py took 1.502 seconds
[2026-06-19T17:10:19.179+0000] {processor.py:186} INFO - Started process (PID=375) to work on /home/airflow/.local/lib/python3.12/site-packages/airflow/example_dags/example_outlet_event_extra.py
[2026-06-19T17:10:19.187+0000] {processor.py:914} INFO - Processing file /home/airflow/.local/lib/python3.12/site-packages/airflow/example_dags/example_outlet_event_extra.py for tasks to queue
[2026-06-19T17:10:19.199+0000] {logging_mixin.py:190} INFO - [2026-06-19T17:10:19.198+0000] {dagbag.py:588} INFO - Filling up the DagBag from /home/airflow/.local/lib/python3.12/site-packages/airflow/example_dags/example_outlet_event_extra.py
[2026-06-19T17:10:20.561+0000] {processor.py:925} INFO - DAG(s) 'dataset_with_extra_by_yield', 'dataset_with_extra_from_classic_operator', 'dataset_with_extra_by_context' retrieved from /home/airflow/.local/lib/python3.12/site-packages/airflow/example_dags/example_outlet_event_extra.py
[2026-06-19T17:10:20.617+0000] {logging_mixin.py:190} INFO - [2026-06-19T17:10:20.617+0000] {dag.py:3239} INFO - Sync 3 DAGs
[2026-06-19T17:10:20.678+0000] {logging_mixin.py:190} INFO - [2026-06-19T17:10:20.678+0000] {dag.py:4180} INFO - Setting next_dagrun for dataset_with_extra_by_context to 2026-06-18 00:00:00+00:00, run_after=2026-06-19 00:00:00+00:00
[2026-06-19T17:10:20.692+0000] {logging_mixin.py:190} INFO - [2026-06-19T17:10:20.691+0000] {dag.py:4180} INFO - Setting next_dagrun for dataset_with_extra_by_yield to 2026-06-18 00:00:00+00:00, run_after=2026-06-19 00:00:00+00:00
[2026-06-19T17:10:20.699+0000] {logging_mixin.py:190} INFO - [2026-06-19T17:10:20.698+0000] {dag.py:4180} INFO - Setting next_dagrun for dataset_with_extra_from_classic_operator to 2026-06-18 00:00:00+00:00, run_after=2026-06-19 00:00:00+00:00
[2026-06-19T17:10:20.745+0000] {processor.py:208} INFO - Processing /home/airflow/.local/lib/python3.12/site-packages/airflow/example_dags/example_outlet_event_extra.py took 1.591 seconds
[2026-06-19T17:10:51.484+0000] {processor.py:186} INFO - Started process (PID=439) to work on /home/airflow/.local/lib/python3.12/site-packages/airflow/example_dags/example_outlet_event_extra.py
[2026-06-19T17:10:51.487+0000] {processor.py:914} INFO - Processing file /home/airflow/.local/lib/python3.12/site-packages/airflow/example_dags/example_outlet_event_extra.py for tasks to queue
[2026-06-19T17:10:51.492+0000] {logging_mixin.py:190} INFO - [2026-06-19T17:10:51.491+0000] {dagbag.py:588} INFO - Filling up the DagBag from /home/airflow/.local/lib/python3.12/site-packages/airflow/example_dags/example_outlet_event_extra.py
[2026-06-19T17:10:52.438+0000] {processor.py:925} INFO - DAG(s) 'dataset_with_extra_from_classic_operator', 'dataset_with_extra_by_yield', 'dataset_with_extra_by_context' retrieved from /home/airflow/.local/lib/python3.12/site-packages/airflow/example_dags/example_outlet_event_extra.py
[2026-06-19T17:10:52.478+0000] {logging_mixin.py:190} INFO - [2026-06-19T17:10:52.478+0000] {dag.py:3239} INFO - Sync 3 DAGs
[2026-06-19T17:10:52.524+0000] {logging_mixin.py:190} INFO - [2026-06-19T17:10:52.524+0000] {dag.py:4180} INFO - Setting next_dagrun for dataset_with_extra_by_context to 2026-06-18 00:00:00+00:00, run_after=2026-06-19 00:00:00+00:00
[2026-06-19T17:10:52.534+0000] {logging_mixin.py:190} INFO - [2026-06-19T17:10:52.533+0000] {dag.py:4180} INFO - Setting next_dagrun for dataset_with_extra_by_yield to 2026-06-18 00:00:00+00:00, run_after=2026-06-19 00:00:00+00:00
[2026-06-19T17:10:52.540+0000] {logging_mixin.py:190} INFO - [2026-06-19T17:10:52.540+0000] {dag.py:4180} INFO - Setting next_dagrun for dataset_with_extra_from_classic_operator to 2026-06-18 00:00:00+00:00, run_after=2026-06-19 00:00:00+00:00
[2026-06-19T17:10:52.572+0000] {processor.py:208} INFO - Processing /home/airflow/.local/lib/python3.12/site-packages/airflow/example_dags/example_outlet_event_extra.py took 1.095 seconds
[2026-06-19T17:11:22.743+0000] {processor.py:186} INFO - Started process (PID=503) to work on /home/airflow/.local/lib/python3.12/site-packages/airflow/example_dags/example_outlet_event_extra.py
[2026-06-19T17:11:22.749+0000] {processor.py:914} INFO - Processing file /home/airflow/.local/lib/python3.12/site-packages/airflow/example_dags/example_outlet_event_extra.py for tasks to queue
[2026-06-19T17:11:22.757+0000] {logging_mixin.py:190} INFO - [2026-06-19T17:11:22.756+0000] {dagbag.py:588} INFO - Filling up the DagBag from /home/airflow/.local/lib/python3.12/site-packages/airflow/example_dags/example_outlet_event_extra.py
[2026-06-19T17:11:24.838+0000] {processor.py:925} INFO - DAG(s) 'dataset_with_extra_by_context', 'dataset_with_extra_by_yield', 'dataset_with_extra_from_classic_operator' retrieved from /home/airflow/.local/lib/python3.12/site-packages/airflow/example_dags/example_outlet_event_extra.py
[2026-06-19T17:11:24.947+0000] {logging_mixin.py:190} INFO - [2026-06-19T17:11:24.947+0000] {dag.py:3239} INFO - Sync 3 DAGs
[2026-06-19T17:11:25.071+0000] {logging_mixin.py:190} INFO - [2026-06-19T17:11:25.070+0000] {dag.py:4180} INFO - Setting next_dagrun for dataset_with_extra_by_context to 2026-06-18 00:00:00+00:00, run_after=2026-06-19 00:00:00+00:00
[2026-06-19T17:11:25.108+0000] {logging_mixin.py:190} INFO - [2026-06-19T17:11:25.107+0000] {dag.py:4180} INFO - Setting next_dagrun for dataset_with_extra_by_yield to 2026-06-18 00:00:00+00:00, run_after=2026-06-19 00:00:00+00:00
[2026-06-19T17:11:25.128+0000] {logging_mixin.py:190} INFO - [2026-06-19T17:11:25.127+0000] {dag.py:4180} INFO - Setting next_dagrun for dataset_with_extra_from_classic_operator to 2026-06-18 00:00:00+00:00, run_after=2026-06-19 00:00:00+00:00
[2026-06-19T17:11:25.197+0000] {processor.py:208} INFO - Processing /home/airflow/.local/lib/python3.12/site-packages/airflow/example_dags/example_outlet_event_extra.py took 2.474 seconds
[2026-06-19T17:11:56.016+0000] {processor.py:186} INFO - Started process (PID=568) to work on /home/airflow/.local/lib/python3.12/site-packages/airflow/example_dags/example_outlet_event_extra.py
[2026-06-19T17:11:56.020+0000] {processor.py:914} INFO - Processing file /home/airflow/.local/lib/python3.12/site-packages/airflow/example_dags/example_outlet_event_extra.py for tasks to queue
[2026-06-19T17:11:56.027+0000] {logging_mixin.py:190} INFO - [2026-06-19T17:11:56.026+0000] {dagbag.py:588} INFO - Filling up the DagBag from /home/airflow/.local/lib/python3.12/site-packages/airflow/example_dags/example_outlet_event_extra.py
[2026-06-19T17:11:57.527+0000] {processor.py:925} INFO - DAG(s) 'dataset_with_extra_by_context', 'dataset_with_extra_from_classic_operator', 'dataset_with_extra_by_yield' retrieved from /home/airflow/.local/lib/python3.12/site-packages/airflow/example_dags/example_outlet_event_extra.py
[2026-06-19T17:11:57.587+0000] {logging_mixin.py:190} INFO - [2026-06-19T17:11:57.587+0000] {dag.py:3239} INFO - Sync 3 DAGs
[2026-06-19T17:11:57.638+0000] {logging_mixin.py:190} INFO - [2026-06-19T17:11:57.638+0000] {dag.py:4180} INFO - Setting next_dagrun for dataset_with_extra_by_context to 2026-06-18 00:00:00+00:00, run_after=2026-06-19 00:00:00+00:00
[2026-06-19T17:11:57.653+0000] {logging_mixin.py:190} INFO - [2026-06-19T17:11:57.653+0000] {dag.py:4180} INFO - Setting next_dagrun for dataset_with_extra_by_yield to 2026-06-18 00:00:00+00:00, run_after=2026-06-19 00:00:00+00:00
[2026-06-19T17:11:57.661+0000] {logging_mixin.py:190} INFO - [2026-06-19T17:11:57.661+0000] {dag.py:4180} INFO - Setting next_dagrun for dataset_with_extra_from_classic_operator to 2026-06-18 00:00:00+00:00, run_after=2026-06-19 00:00:00+00:00
[2026-06-19T17:11:57.725+0000] {processor.py:208} INFO - Processing /home/airflow/.local/lib/python3.12/site-packages/airflow/example_dags/example_outlet_event_extra.py took 1.718 seconds
[2026-06-19T17:12:27.909+0000] {processor.py:186} INFO - Started process (PID=637) to work on /home/airflow/.local/lib/python3.12/site-packages/airflow/example_dags/example_outlet_event_extra.py
[2026-06-19T17:12:27.918+0000] {processor.py:914} INFO - Processing file /home/airflow/.local/lib/python3.12/site-packages/airflow/example_dags/example_outlet_event_extra.py for tasks to queue
[2026-06-19T17:12:27.926+0000] {logging_mixin.py:190} INFO - [2026-06-19T17:12:27.925+0000] {dagbag.py:588} INFO - Filling up the DagBag from /home/airflow/.local/lib/python3.12/site-packages/airflow/example_dags/example_outlet_event_extra.py
[2026-06-19T17:12:29.450+0000] {processor.py:925} INFO - DAG(s) 'dataset_with_extra_from_classic_operator', 'dataset_with_extra_by_context', 'dataset_with_extra_by_yield' retrieved from /home/airflow/.local/lib/python3.12/site-packages/airflow/example_dags/example_outlet_event_extra.py
[2026-06-19T17:12:29.503+0000] {logging_mixin.py:190} INFO - [2026-06-19T17:12:29.503+0000] {dag.py:3239} INFO - Sync 3 DAGs
[2026-06-19T17:12:29.592+0000] {logging_mixin.py:190} INFO - [2026-06-19T17:12:29.591+0000] {dag.py:4180} INFO - Setting next_dagrun for dataset_with_extra_by_context to 2026-06-18 00:00:00+00:00, run_after=2026-06-19 00:00:00+00:00
[2026-06-19T17:12:29.622+0000] {logging_mixin.py:190} INFO - [2026-06-19T17:12:29.621+0000] {dag.py:4180} INFO - Setting next_dagrun for dataset_with_extra_by_yield to 2026-06-18 00:00:00+00:00, run_after=2026-06-19 00:00:00+00:00
[2026-06-19T17:12:29.656+0000] {logging_mixin.py:190} INFO - [2026-06-19T17:12:29.655+0000] {dag.py:4180} INFO - Setting next_dagrun for dataset_with_extra_from_classic_operator to 2026-06-18 00:00:00+00:00, run_after=2026-06-19 00:00:00+00:00
[2026-06-19T17:12:29.815+0000] {processor.py:208} INFO - Processing /home/airflow/.local/lib/python3.12/site-packages/airflow/example_dags/example_outlet_event_extra.py took 1.930 seconds
[2026-06-19T17:13:00.577+0000] {processor.py:186} INFO - Started process (PID=707) to work on /home/airflow/.local/lib/python3.12/site-packages/airflow/example_dags/example_outlet_event_extra.py
[2026-06-19T17:13:00.579+0000] {processor.py:914} INFO - Processing file /home/airflow/.local/lib/python3.12/site-packages/airflow/example_dags/example_outlet_event_extra.py for tasks to queue
[2026-06-19T17:13:00.583+0000] {logging_mixin.py:190} INFO - [2026-06-19T17:13:00.582+0000] {dagbag.py:588} INFO - Filling up the DagBag from /home/airflow/.local/lib/python3.12/site-packages/airflow/example_dags/example_outlet_event_extra.py
[2026-06-19T17:13:01.251+0000] {processor.py:925} INFO - DAG(s) 'dataset_with_extra_by_context', 'dataset_with_extra_by_yield', 'dataset_with_extra_from_classic_operator' retrieved from /home/airflow/.local/lib/python3.12/site-packages/airflow/example_dags/example_outlet_event_extra.py
[2026-06-19T17:13:01.279+0000] {logging_mixin.py:190} INFO - [2026-06-19T17:13:01.279+0000] {dag.py:3239} INFO - Sync 3 DAGs
[2026-06-19T17:13:01.305+0000] {logging_mixin.py:190} INFO - [2026-06-19T17:13:01.305+0000] {dag.py:4180} INFO - Setting next_dagrun for dataset_with_extra_by_context to 2026-06-18 00:00:00+00:00, run_after=2026-06-19 00:00:00+00:00
[2026-06-19T17:13:01.315+0000] {logging_mixin.py:190} INFO - [2026-06-19T17:13:01.314+0000] {dag.py:4180} INFO - Setting next_dagrun for dataset_with_extra_by_yield to 2026-06-18 00:00:00+00:00, run_after=2026-06-19 00:00:00+00:00
[2026-06-19T17:13:01.319+0000] {logging_mixin.py:190} INFO - [2026-06-19T17:13:01.319+0000] {dag.py:4180} INFO - Setting next_dagrun for dataset_with_extra_from_classic_operator to 2026-06-18 00:00:00+00:00, run_after=2026-06-19 00:00:00+00:00
[2026-06-19T17:13:01.342+0000] {processor.py:208} INFO - Processing /home/airflow/.local/lib/python3.12/site-packages/airflow/example_dags/example_outlet_event_extra.py took 0.773 seconds
[2026-06-19T17:13:44.010+0000] {processor.py:186} INFO - Started process (PID=791) to work on /home/airflow/.local/lib/python3.12/site-packages/airflow/example_dags/example_outlet_event_extra.py
[2026-06-19T17:13:44.016+0000] {processor.py:914} INFO - Processing file /home/airflow/.local/lib/python3.12/site-packages/airflow/example_dags/example_outlet_event_extra.py for tasks to queue
[2026-06-19T17:13:44.031+0000] {logging_mixin.py:190} INFO - [2026-06-19T17:13:44.029+0000] {dagbag.py:588} INFO - Filling up the DagBag from /home/airflow/.local/lib/python3.12/site-packages/airflow/example_dags/example_outlet_event_extra.py
[2026-06-19T17:13:46.904+0000] {processor.py:925} INFO - DAG(s) 'dataset_with_extra_from_classic_operator', 'dataset_with_extra_by_context', 'dataset_with_extra_by_yield' retrieved from /home/airflow/.local/lib/python3.12/site-packages/airflow/example_dags/example_outlet_event_extra.py
[2026-06-19T17:13:47.005+0000] {logging_mixin.py:190} INFO - [2026-06-19T17:13:47.004+0000] {dag.py:3239} INFO - Sync 3 DAGs
[2026-06-19T17:13:47.171+0000] {logging_mixin.py:190} INFO - [2026-06-19T17:13:47.170+0000] {dag.py:4180} INFO - Setting next_dagrun for dataset_with_extra_by_context to 2026-06-18 00:00:00+00:00, run_after=2026-06-19 00:00:00+00:00
[2026-06-19T17:13:47.231+0000] {logging_mixin.py:190} INFO - [2026-06-19T17:13:47.230+0000] {dag.py:4180} INFO - Setting next_dagrun for dataset_with_extra_by_yield to 2026-06-18 00:00:00+00:00, run_after=2026-06-19 00:00:00+00:00
[2026-06-19T17:13:47.251+0000] {logging_mixin.py:190} INFO - [2026-06-19T17:13:47.250+0000] {dag.py:4180} INFO - Setting next_dagrun for dataset_with_extra_from_classic_operator to 2026-06-18 00:00:00+00:00, run_after=2026-06-19 00:00:00+00:00
[2026-06-19T17:13:47.387+0000] {processor.py:208} INFO - Processing /home/airflow/.local/lib/python3.12/site-packages/airflow/example_dags/example_outlet_event_extra.py took 3.428 seconds
[2026-06-19T17:14:17.593+0000] {processor.py:186} INFO - Started process (PID=861) to work on /home/airflow/.local/lib/python3.12/site-packages/airflow/example_dags/example_outlet_event_extra.py
[2026-06-19T17:14:17.597+0000] {processor.py:914} INFO - Processing file /home/airflow/.local/lib/python3.12/site-packages/airflow/example_dags/example_outlet_event_extra.py for tasks to queue
[2026-06-19T17:14:17.604+0000] {logging_mixin.py:190} INFO - [2026-06-19T17:14:17.603+0000] {dagbag.py:588} INFO - Filling up the DagBag from /home/airflow/.local/lib/python3.12/site-packages/airflow/example_dags/example_outlet_event_extra.py
[2026-06-19T17:14:19.728+0000] {processor.py:925} INFO - DAG(s) 'dataset_with_extra_by_context', 'dataset_with_extra_from_classic_operator', 'dataset_with_extra_by_yield' retrieved from /home/airflow/.local/lib/python3.12/site-packages/airflow/example_dags/example_outlet_event_extra.py
[2026-06-19T17:14:19.792+0000] {logging_mixin.py:190} INFO - [2026-06-19T17:14:19.791+0000] {dag.py:3239} INFO - Sync 3 DAGs
[2026-06-19T17:14:19.846+0000] {logging_mixin.py:190} INFO - [2026-06-19T17:14:19.846+0000] {dag.py:4180} INFO - Setting next_dagrun for dataset_with_extra_by_context to 2026-06-18 00:00:00+00:00, run_after=2026-06-19 00:00:00+00:00
[2026-06-19T17:14:19.860+0000] {logging_mixin.py:190} INFO - [2026-06-19T17:14:19.859+0000] {dag.py:4180} INFO - Setting next_dagrun for dataset_with_extra_by_yield to 2026-06-18 00:00:00+00:00, run_after=2026-06-19 00:00:00+00:00
[2026-06-19T17:14:19.869+0000] {logging_mixin.py:190} INFO - [2026-06-19T17:14:19.869+0000] {dag.py:4180} INFO - Setting next_dagrun for dataset_with_extra_from_classic_operator to 2026-06-18 00:00:00+00:00, run_after=2026-06-19 00:00:00+00:00
[2026-06-19T17:14:19.929+0000] {processor.py:208} INFO - Processing /home/airflow/.local/lib/python3.12/site-packages/airflow/example_dags/example_outlet_event_extra.py took 2.351 seconds
[2026-06-19T17:14:52.420+0000] {processor.py:186} INFO - Started process (PID=931) to work on /home/airflow/.local/lib/python3.12/site-packages/airflow/example_dags/example_outlet_event_extra.py
[2026-06-19T17:14:52.425+0000] {processor.py:914} INFO - Processing file /home/airflow/.local/lib/python3.12/site-packages/airflow/example_dags/example_outlet_event_extra.py for tasks to queue
[2026-06-19T17:14:52.437+0000] {logging_mixin.py:190} INFO - [2026-06-19T17:14:52.436+0000] {dagbag.py:588} INFO - Filling up the DagBag from /home/airflow/.local/lib/python3.12/site-packages/airflow/example_dags/example_outlet_event_extra.py
[2026-06-19T17:14:54.404+0000] {processor.py:925} INFO - DAG(s) 'dataset_with_extra_by_yield', 'dataset_with_extra_from_classic_operator', 'dataset_with_extra_by_context' retrieved from /home/airflow/.local/lib/python3.12/site-packages/airflow/example_dags/example_outlet_event_extra.py
[2026-06-19T17:14:54.481+0000] {logging_mixin.py:190} INFO - [2026-06-19T17:14:54.480+0000] {dag.py:3239} INFO - Sync 3 DAGs
[2026-06-19T17:14:54.549+0000] {logging_mixin.py:190} INFO - [2026-06-19T17:14:54.548+0000] {dag.py:4180} INFO - Setting next_dagrun for dataset_with_extra_by_context to 2026-06-18 00:00:00+00:00, run_after=2026-06-19 00:00:00+00:00
[2026-06-19T17:14:54.569+0000] {logging_mixin.py:190} INFO - [2026-06-19T17:14:54.569+0000] {dag.py:4180} INFO - Setting next_dagrun for dataset_with_extra_by_yield to 2026-06-18 00:00:00+00:00, run_after=2026-06-19 00:00:00+00:00
[2026-06-19T17:14:54.578+0000] {logging_mixin.py:190} INFO - [2026-06-19T17:14:54.578+0000] {dag.py:4180} INFO - Setting next_dagrun for dataset_with_extra_from_classic_operator to 2026-06-18 00:00:00+00:00, run_after=2026-06-19 00:00:00+00:00
[2026-06-19T17:14:54.631+0000] {processor.py:208} INFO - Processing /home/airflow/.local/lib/python3.12/site-packages/airflow/example_dags/example_outlet_event_extra.py took 2.231 seconds
[2026-06-19T17:15:24.876+0000] {processor.py:186} INFO - Started process (PID=1000) to work on /home/airflow/.local/lib/python3.12/site-packages/airflow/example_dags/example_outlet_event_extra.py
[2026-06-19T17:15:24.881+0000] {processor.py:914} INFO - Processing file /home/airflow/.local/lib/python3.12/site-packages/airflow/example_dags/example_outlet_event_extra.py for tasks to queue
[2026-06-19T17:15:24.887+0000] {logging_mixin.py:190} INFO - [2026-06-19T17:15:24.886+0000] {dagbag.py:588} INFO - Filling up the DagBag from /home/airflow/.local/lib/python3.12/site-packages/airflow/example_dags/example_outlet_event_extra.py
[2026-06-19T17:15:25.793+0000] {processor.py:925} INFO - DAG(s) 'dataset_with_extra_by_context', 'dataset_with_extra_by_yield', 'dataset_with_extra_from_classic_operator' retrieved from /home/airflow/.local/lib/python3.12/site-packages/airflow/example_dags/example_outlet_event_extra.py
[2026-06-19T17:15:25.850+0000] {logging_mixin.py:190} INFO - [2026-06-19T17:15:25.850+0000] {dag.py:3239} INFO - Sync 3 DAGs
[2026-06-19T17:15:25.902+0000] {logging_mixin.py:190} INFO - [2026-06-19T17:15:25.901+0000] {dag.py:4180} INFO - Setting next_dagrun for dataset_with_extra_by_context to 2026-06-18 00:00:00+00:00, run_after=2026-06-19 00:00:00+00:00
[2026-06-19T17:15:25.911+0000] {logging_mixin.py:190} INFO - [2026-06-19T17:15:25.910+0000] {dag.py:4180} INFO - Setting next_dagrun for dataset_with_extra_by_yield to 2026-06-18 00:00:00+00:00, run_after=2026-06-19 00:00:00+00:00
[2026-06-19T17:15:25.916+0000] {logging_mixin.py:190} INFO - [2026-06-19T17:15:25.916+0000] {dag.py:4180} INFO - Setting next_dagrun for dataset_with_extra_from_classic_operator to 2026-06-18 00:00:00+00:00, run_after=2026-06-19 00:00:00+00:00
[2026-06-19T17:15:25.954+0000] {processor.py:208} INFO - Processing /home/airflow/.local/lib/python3.12/site-packages/airflow/example_dags/example_outlet_event_extra.py took 1.091 seconds
[2026-06-19T17:15:59.731+0000] {processor.py:186} INFO - Started process (PID=1071) to work on /home/airflow/.local/lib/python3.12/site-packages/airflow/example_dags/example_outlet_event_extra.py
[2026-06-19T17:15:59.743+0000] {processor.py:914} INFO - Processing file /home/airflow/.local/lib/python3.12/site-packages/airflow/example_dags/example_outlet_event_extra.py for tasks to queue
[2026-06-19T17:15:59.763+0000] {logging_mixin.py:190} INFO - [2026-06-19T17:15:59.762+0000] {dagbag.py:588} INFO - Filling up the DagBag from /home/airflow/.local/lib/python3.12/site-packages/airflow/example_dags/example_outlet_event_extra.py
[2026-06-19T17:16:02.489+0000] {processor.py:925} INFO - DAG(s) 'dataset_with_extra_by_context', 'dataset_with_extra_from_classic_operator', 'dataset_with_extra_by_yield' retrieved from /home/airflow/.local/lib/python3.12/site-packages/airflow/example_dags/example_outlet_event_extra.py
[2026-06-19T17:16:02.578+0000] {logging_mixin.py:190} INFO - [2026-06-19T17:16:02.576+0000] {dag.py:3239} INFO - Sync 3 DAGs
[2026-06-19T17:16:02.731+0000] {logging_mixin.py:190} INFO - [2026-06-19T17:16:02.730+0000] {dag.py:4180} INFO - Setting next_dagrun for dataset_with_extra_by_context to 2026-06-18 00:00:00+00:00, run_after=2026-06-19 00:00:00+00:00
[2026-06-19T17:16:02.763+0000] {logging_mixin.py:190} INFO - [2026-06-19T17:16:02.762+0000] {dag.py:4180} INFO - Setting next_dagrun for dataset_with_extra_by_yield to 2026-06-18 00:00:00+00:00, run_after=2026-06-19 00:00:00+00:00
[2026-06-19T17:16:02.779+0000] {logging_mixin.py:190} INFO - [2026-06-19T17:16:02.778+0000] {dag.py:4180} INFO - Setting next_dagrun for dataset_with_extra_from_classic_operator to 2026-06-18 00:00:00+00:00, run_after=2026-06-19 00:00:00+00:00
[2026-06-19T17:16:02.863+0000] {processor.py:208} INFO - Processing /home/airflow/.local/lib/python3.12/site-packages/airflow/example_dags/example_outlet_event_extra.py took 3.191 seconds
[2026-06-19T17:16:33.098+0000] {processor.py:186} INFO - Started process (PID=1139) to work on /home/airflow/.local/lib/python3.12/site-packages/airflow/example_dags/example_outlet_event_extra.py
[2026-06-19T17:16:33.102+0000] {processor.py:914} INFO - Processing file /home/airflow/.local/lib/python3.12/site-packages/airflow/example_dags/example_outlet_event_extra.py for tasks to queue
[2026-06-19T17:16:33.107+0000] {logging_mixin.py:190} INFO - [2026-06-19T17:16:33.106+0000] {dagbag.py:588} INFO - Filling up the DagBag from /home/airflow/.local/lib/python3.12/site-packages/airflow/example_dags/example_outlet_event_extra.py
[2026-06-19T17:16:33.915+0000] {processor.py:925} INFO - DAG(s) 'dataset_with_extra_from_classic_operator', 'dataset_with_extra_by_yield', 'dataset_with_extra_by_context' retrieved from /home/airflow/.local/lib/python3.12/site-packages/airflow/example_dags/example_outlet_event_extra.py
[2026-06-19T17:16:33.960+0000] {logging_mixin.py:190} INFO - [2026-06-19T17:16:33.959+0000] {dag.py:3239} INFO - Sync 3 DAGs
[2026-06-19T17:16:34.004+0000] {logging_mixin.py:190} INFO - [2026-06-19T17:16:34.004+0000] {dag.py:4180} INFO - Setting next_dagrun for dataset_with_extra_by_context to 2026-06-18 00:00:00+00:00, run_after=2026-06-19 00:00:00+00:00
[2026-06-19T17:16:34.013+0000] {logging_mixin.py:190} INFO - [2026-06-19T17:16:34.013+0000] {dag.py:4180} INFO - Setting next_dagrun for dataset_with_extra_by_yield to 2026-06-18 00:00:00+00:00, run_after=2026-06-19 00:00:00+00:00
[2026-06-19T17:16:34.019+0000] {logging_mixin.py:190} INFO - [2026-06-19T17:16:34.018+0000] {dag.py:4180} INFO - Setting next_dagrun for dataset_with_extra_from_classic_operator to 2026-06-18 00:00:00+00:00, run_after=2026-06-19 00:00:00+00:00
[2026-06-19T17:16:34.052+0000] {processor.py:208} INFO - Processing /home/airflow/.local/lib/python3.12/site-packages/airflow/example_dags/example_outlet_event_extra.py took 0.962 seconds
[2026-06-19T17:17:04.303+0000] {processor.py:186} INFO - Started process (PID=1203) to work on /home/airflow/.local/lib/python3.12/site-packages/airflow/example_dags/example_outlet_event_extra.py
[2026-06-19T17:17:04.307+0000] {processor.py:914} INFO - Processing file /home/airflow/.local/lib/python3.12/site-packages/airflow/example_dags/example_outlet_event_extra.py for tasks to queue
[2026-06-19T17:17:04.315+0000] {logging_mixin.py:190} INFO - [2026-06-19T17:17:04.314+0000] {dagbag.py:588} INFO - Filling up the DagBag from /home/airflow/.local/lib/python3.12/site-packages/airflow/example_dags/example_outlet_event_extra.py
[2026-06-19T17:17:05.554+0000] {processor.py:925} INFO - DAG(s) 'dataset_with_extra_by_yield', 'dataset_with_extra_from_classic_operator', 'dataset_with_extra_by_context' retrieved from /home/airflow/.local/lib/python3.12/site-packages/airflow/example_dags/example_outlet_event_extra.py
[2026-06-19T17:17:05.600+0000] {logging_mixin.py:190} INFO - [2026-06-19T17:17:05.600+0000] {dag.py:3239} INFO - Sync 3 DAGs
[2026-06-19T17:17:05.648+0000] {logging_mixin.py:190} INFO - [2026-06-19T17:17:05.647+0000] {dag.py:4180} INFO - Setting next_dagrun for dataset_with_extra_by_context to 2026-06-18 00:00:00+00:00, run_after=2026-06-19 00:00:00+00:00
[2026-06-19T17:17:05.658+0000] {logging_mixin.py:190} INFO - [2026-06-19T17:17:05.657+0000] {dag.py:4180} INFO - Setting next_dagrun for dataset_with_extra_by_yield to 2026-06-18 00:00:00+00:00, run_after=2026-06-19 00:00:00+00:00
[2026-06-19T17:17:05.664+0000] {logging_mixin.py:190} INFO - [2026-06-19T17:17:05.663+0000] {dag.py:4180} INFO - Setting next_dagrun for dataset_with_extra_from_classic_operator to 2026-06-18 00:00:00+00:00, run_after=2026-06-19 00:00:00+00:00
[2026-06-19T17:17:05.700+0000] {processor.py:208} INFO - Processing /home/airflow/.local/lib/python3.12/site-packages/airflow/example_dags/example_outlet_event_extra.py took 1.408 seconds
[2026-06-19T17:17:36.020+0000] {processor.py:186} INFO - Started process (PID=1268) to work on /home/airflow/.local/lib/python3.12/site-packages/airflow/example_dags/example_outlet_event_extra.py
[2026-06-19T17:17:36.022+0000] {processor.py:914} INFO - Processing file /home/airflow/.local/lib/python3.12/site-packages/airflow/example_dags/example_outlet_event_extra.py for tasks to queue
[2026-06-19T17:17:36.025+0000] {logging_mixin.py:190} INFO - [2026-06-19T17:17:36.025+0000] {dagbag.py:588} INFO - Filling up the DagBag from /home/airflow/.local/lib/python3.12/site-packages/airflow/example_dags/example_outlet_event_extra.py
[2026-06-19T17:17:36.600+0000] {processor.py:925} INFO - DAG(s) 'dataset_with_extra_from_classic_operator', 'dataset_with_extra_by_context', 'dataset_with_extra_by_yield' retrieved from /home/airflow/.local/lib/python3.12/site-packages/airflow/example_dags/example_outlet_event_extra.py
[2026-06-19T17:17:36.632+0000] {logging_mixin.py:190} INFO - [2026-06-19T17:17:36.632+0000] {dag.py:3239} INFO - Sync 3 DAGs
[2026-06-19T17:17:36.666+0000] {logging_mixin.py:190} INFO - [2026-06-19T17:17:36.665+0000] {dag.py:4180} INFO - Setting next_dagrun for dataset_with_extra_by_context to 2026-06-18 00:00:00+00:00, run_after=2026-06-19 00:00:00+00:00
[2026-06-19T17:17:36.674+0000] {logging_mixin.py:190} INFO - [2026-06-19T17:17:36.674+0000] {dag.py:4180} INFO - Setting next_dagrun for dataset_with_extra_by_yield to 2026-06-18 00:00:00+00:00, run_after=2026-06-19 00:00:00+00:00
[2026-06-19T17:17:36.679+0000] {logging_mixin.py:190} INFO - [2026-06-19T17:17:36.679+0000] {dag.py:4180} INFO - Setting next_dagrun for dataset_with_extra_from_classic_operator to 2026-06-18 00:00:00+00:00, run_after=2026-06-19 00:00:00+00:00
[2026-06-19T17:17:36.704+0000] {processor.py:208} INFO - Processing /home/airflow/.local/lib/python3.12/site-packages/airflow/example_dags/example_outlet_event_extra.py took 0.690 seconds
