[2026-06-19T16:38:49.769+0000] {processor.py:186} INFO - Started process (PID=96) to work on /home/airflow/.local/lib/python3.12/site-packages/airflow/example_dags/example_dynamic_task_mapping_with_no_taskflow_operators.py
[2026-06-19T16:38:49.771+0000] {processor.py:914} INFO - Processing file /home/airflow/.local/lib/python3.12/site-packages/airflow/example_dags/example_dynamic_task_mapping_with_no_taskflow_operators.py for tasks to queue
[2026-06-19T16:38:49.777+0000] {logging_mixin.py:190} INFO - [2026-06-19T16:38:49.776+0000] {dagbag.py:588} INFO - Filling up the DagBag from /home/airflow/.local/lib/python3.12/site-packages/airflow/example_dags/example_dynamic_task_mapping_with_no_taskflow_operators.py
[2026-06-19T16:38:49.805+0000] {processor.py:925} INFO - DAG(s) 'example_dynamic_task_mapping_with_no_taskflow_operators' retrieved from /home/airflow/.local/lib/python3.12/site-packages/airflow/example_dags/example_dynamic_task_mapping_with_no_taskflow_operators.py
[2026-06-19T16:38:49.861+0000] {logging_mixin.py:190} INFO - [2026-06-19T16:38:49.860+0000] {dag.py:3239} INFO - Sync 1 DAGs
[2026-06-19T16:38:49.891+0000] {logging_mixin.py:190} INFO - [2026-06-19T16:38:49.890+0000] {dag.py:4180} INFO - Setting next_dagrun for example_dynamic_task_mapping_with_no_taskflow_operators to None, run_after=None
[2026-06-19T16:38:49.932+0000] {processor.py:208} INFO - Processing /home/airflow/.local/lib/python3.12/site-packages/airflow/example_dags/example_dynamic_task_mapping_with_no_taskflow_operators.py took 0.174 seconds
[2026-06-19T16:39:21.188+0000] {processor.py:186} INFO - Started process (PID=160) to work on /home/airflow/.local/lib/python3.12/site-packages/airflow/example_dags/example_dynamic_task_mapping_with_no_taskflow_operators.py
[2026-06-19T16:39:21.200+0000] {processor.py:914} INFO - Processing file /home/airflow/.local/lib/python3.12/site-packages/airflow/example_dags/example_dynamic_task_mapping_with_no_taskflow_operators.py for tasks to queue
[2026-06-19T16:39:21.213+0000] {logging_mixin.py:190} INFO - [2026-06-19T16:39:21.211+0000] {dagbag.py:588} INFO - Filling up the DagBag from /home/airflow/.local/lib/python3.12/site-packages/airflow/example_dags/example_dynamic_task_mapping_with_no_taskflow_operators.py
[2026-06-19T16:39:21.253+0000] {processor.py:925} INFO - DAG(s) 'example_dynamic_task_mapping_with_no_taskflow_operators' retrieved from /home/airflow/.local/lib/python3.12/site-packages/airflow/example_dags/example_dynamic_task_mapping_with_no_taskflow_operators.py
[2026-06-19T16:39:21.333+0000] {logging_mixin.py:190} INFO - [2026-06-19T16:39:21.332+0000] {dag.py:3239} INFO - Sync 1 DAGs
[2026-06-19T16:39:21.426+0000] {logging_mixin.py:190} INFO - [2026-06-19T16:39:21.425+0000] {dag.py:4180} INFO - Setting next_dagrun for example_dynamic_task_mapping_with_no_taskflow_operators to None, run_after=None
[2026-06-19T16:39:21.539+0000] {processor.py:208} INFO - Processing /home/airflow/.local/lib/python3.12/site-packages/airflow/example_dags/example_dynamic_task_mapping_with_no_taskflow_operators.py took 0.378 seconds
[2026-06-19T16:39:52.235+0000] {processor.py:186} INFO - Started process (PID=223) to work on /home/airflow/.local/lib/python3.12/site-packages/airflow/example_dags/example_dynamic_task_mapping_with_no_taskflow_operators.py
[2026-06-19T16:39:52.242+0000] {processor.py:914} INFO - Processing file /home/airflow/.local/lib/python3.12/site-packages/airflow/example_dags/example_dynamic_task_mapping_with_no_taskflow_operators.py for tasks to queue
[2026-06-19T16:39:52.261+0000] {logging_mixin.py:190} INFO - [2026-06-19T16:39:52.259+0000] {dagbag.py:588} INFO - Filling up the DagBag from /home/airflow/.local/lib/python3.12/site-packages/airflow/example_dags/example_dynamic_task_mapping_with_no_taskflow_operators.py
[2026-06-19T16:39:52.296+0000] {processor.py:925} INFO - DAG(s) 'example_dynamic_task_mapping_with_no_taskflow_operators' retrieved from /home/airflow/.local/lib/python3.12/site-packages/airflow/example_dags/example_dynamic_task_mapping_with_no_taskflow_operators.py
[2026-06-19T16:39:52.362+0000] {logging_mixin.py:190} INFO - [2026-06-19T16:39:52.361+0000] {dag.py:3239} INFO - Sync 1 DAGs
[2026-06-19T16:39:52.396+0000] {logging_mixin.py:190} INFO - [2026-06-19T16:39:52.395+0000] {dag.py:4180} INFO - Setting next_dagrun for example_dynamic_task_mapping_with_no_taskflow_operators to None, run_after=None
[2026-06-19T16:39:52.448+0000] {processor.py:208} INFO - Processing /home/airflow/.local/lib/python3.12/site-packages/airflow/example_dags/example_dynamic_task_mapping_with_no_taskflow_operators.py took 0.239 seconds
[2026-06-19T16:42:13.010+0000] {processor.py:186} INFO - Started process (PID=107) to work on /home/airflow/.local/lib/python3.12/site-packages/airflow/example_dags/example_dynamic_task_mapping_with_no_taskflow_operators.py
[2026-06-19T16:42:13.015+0000] {processor.py:914} INFO - Processing file /home/airflow/.local/lib/python3.12/site-packages/airflow/example_dags/example_dynamic_task_mapping_with_no_taskflow_operators.py for tasks to queue
[2026-06-19T16:42:13.029+0000] {logging_mixin.py:190} INFO - [2026-06-19T16:42:13.028+0000] {dagbag.py:588} INFO - Filling up the DagBag from /home/airflow/.local/lib/python3.12/site-packages/airflow/example_dags/example_dynamic_task_mapping_with_no_taskflow_operators.py
[2026-06-19T16:42:13.093+0000] {processor.py:925} INFO - DAG(s) 'example_dynamic_task_mapping_with_no_taskflow_operators' retrieved from /home/airflow/.local/lib/python3.12/site-packages/airflow/example_dags/example_dynamic_task_mapping_with_no_taskflow_operators.py
[2026-06-19T16:42:13.182+0000] {logging_mixin.py:190} INFO - [2026-06-19T16:42:13.181+0000] {dag.py:3239} INFO - Sync 1 DAGs
[2026-06-19T16:42:13.237+0000] {logging_mixin.py:190} INFO - [2026-06-19T16:42:13.236+0000] {dag.py:4180} INFO - Setting next_dagrun for example_dynamic_task_mapping_with_no_taskflow_operators to None, run_after=None
[2026-06-19T16:42:13.356+0000] {processor.py:208} INFO - Processing /home/airflow/.local/lib/python3.12/site-packages/airflow/example_dags/example_dynamic_task_mapping_with_no_taskflow_operators.py took 0.374 seconds
[2026-06-19T16:42:59.914+0000] {processor.py:186} INFO - Started process (PID=178) to work on /home/airflow/.local/lib/python3.12/site-packages/airflow/example_dags/example_dynamic_task_mapping_with_no_taskflow_operators.py
[2026-06-19T16:42:59.946+0000] {processor.py:914} INFO - Processing file /home/airflow/.local/lib/python3.12/site-packages/airflow/example_dags/example_dynamic_task_mapping_with_no_taskflow_operators.py for tasks to queue
[2026-06-19T16:43:00.057+0000] {logging_mixin.py:190} INFO - [2026-06-19T16:43:00.056+0000] {dagbag.py:588} INFO - Filling up the DagBag from /home/airflow/.local/lib/python3.12/site-packages/airflow/example_dags/example_dynamic_task_mapping_with_no_taskflow_operators.py
[2026-06-19T16:43:00.209+0000] {processor.py:925} INFO - DAG(s) 'example_dynamic_task_mapping_with_no_taskflow_operators' retrieved from /home/airflow/.local/lib/python3.12/site-packages/airflow/example_dags/example_dynamic_task_mapping_with_no_taskflow_operators.py
[2026-06-19T16:43:00.493+0000] {logging_mixin.py:190} INFO - [2026-06-19T16:43:00.492+0000] {dag.py:3239} INFO - Sync 1 DAGs
[2026-06-19T16:43:00.749+0000] {logging_mixin.py:190} INFO - [2026-06-19T16:43:00.748+0000] {dag.py:4180} INFO - Setting next_dagrun for example_dynamic_task_mapping_with_no_taskflow_operators to None, run_after=None
[2026-06-19T16:43:00.937+0000] {processor.py:208} INFO - Processing /home/airflow/.local/lib/python3.12/site-packages/airflow/example_dags/example_dynamic_task_mapping_with_no_taskflow_operators.py took 1.074 seconds
[2026-06-19T16:43:45.669+0000] {processor.py:186} INFO - Started process (PID=250) to work on /home/airflow/.local/lib/python3.12/site-packages/airflow/example_dags/example_dynamic_task_mapping_with_no_taskflow_operators.py
[2026-06-19T16:43:45.684+0000] {processor.py:914} INFO - Processing file /home/airflow/.local/lib/python3.12/site-packages/airflow/example_dags/example_dynamic_task_mapping_with_no_taskflow_operators.py for tasks to queue
[2026-06-19T16:43:45.710+0000] {logging_mixin.py:190} INFO - [2026-06-19T16:43:45.709+0000] {dagbag.py:588} INFO - Filling up the DagBag from /home/airflow/.local/lib/python3.12/site-packages/airflow/example_dags/example_dynamic_task_mapping_with_no_taskflow_operators.py
[2026-06-19T16:43:45.760+0000] {processor.py:925} INFO - DAG(s) 'example_dynamic_task_mapping_with_no_taskflow_operators' retrieved from /home/airflow/.local/lib/python3.12/site-packages/airflow/example_dags/example_dynamic_task_mapping_with_no_taskflow_operators.py
[2026-06-19T16:43:45.892+0000] {logging_mixin.py:190} INFO - [2026-06-19T16:43:45.891+0000] {dag.py:3239} INFO - Sync 1 DAGs
[2026-06-19T16:43:46.001+0000] {logging_mixin.py:190} INFO - [2026-06-19T16:43:46.000+0000] {dag.py:4180} INFO - Setting next_dagrun for example_dynamic_task_mapping_with_no_taskflow_operators to None, run_after=None
[2026-06-19T16:43:46.118+0000] {processor.py:208} INFO - Processing /home/airflow/.local/lib/python3.12/site-packages/airflow/example_dags/example_dynamic_task_mapping_with_no_taskflow_operators.py took 0.493 seconds
[2026-06-19T16:44:26.956+0000] {processor.py:186} INFO - Started process (PID=314) to work on /home/airflow/.local/lib/python3.12/site-packages/airflow/example_dags/example_dynamic_task_mapping_with_no_taskflow_operators.py
[2026-06-19T16:44:26.961+0000] {processor.py:914} INFO - Processing file /home/airflow/.local/lib/python3.12/site-packages/airflow/example_dags/example_dynamic_task_mapping_with_no_taskflow_operators.py for tasks to queue
[2026-06-19T16:44:26.983+0000] {logging_mixin.py:190} INFO - [2026-06-19T16:44:26.980+0000] {dagbag.py:588} INFO - Filling up the DagBag from /home/airflow/.local/lib/python3.12/site-packages/airflow/example_dags/example_dynamic_task_mapping_with_no_taskflow_operators.py
[2026-06-19T16:44:27.017+0000] {processor.py:925} INFO - DAG(s) 'example_dynamic_task_mapping_with_no_taskflow_operators' retrieved from /home/airflow/.local/lib/python3.12/site-packages/airflow/example_dags/example_dynamic_task_mapping_with_no_taskflow_operators.py
[2026-06-19T16:44:27.096+0000] {logging_mixin.py:190} INFO - [2026-06-19T16:44:27.095+0000] {dag.py:3239} INFO - Sync 1 DAGs
[2026-06-19T16:44:27.182+0000] {logging_mixin.py:190} INFO - [2026-06-19T16:44:27.181+0000] {dag.py:4180} INFO - Setting next_dagrun for example_dynamic_task_mapping_with_no_taskflow_operators to None, run_after=None
[2026-06-19T16:44:27.281+0000] {processor.py:208} INFO - Processing /home/airflow/.local/lib/python3.12/site-packages/airflow/example_dags/example_dynamic_task_mapping_with_no_taskflow_operators.py took 0.346 seconds
[2026-06-19T16:44:58.081+0000] {processor.py:186} INFO - Started process (PID=377) to work on /home/airflow/.local/lib/python3.12/site-packages/airflow/example_dags/example_dynamic_task_mapping_with_no_taskflow_operators.py
[2026-06-19T16:44:58.086+0000] {processor.py:914} INFO - Processing file /home/airflow/.local/lib/python3.12/site-packages/airflow/example_dags/example_dynamic_task_mapping_with_no_taskflow_operators.py for tasks to queue
[2026-06-19T16:44:58.096+0000] {logging_mixin.py:190} INFO - [2026-06-19T16:44:58.095+0000] {dagbag.py:588} INFO - Filling up the DagBag from /home/airflow/.local/lib/python3.12/site-packages/airflow/example_dags/example_dynamic_task_mapping_with_no_taskflow_operators.py
[2026-06-19T16:44:58.122+0000] {processor.py:925} INFO - DAG(s) 'example_dynamic_task_mapping_with_no_taskflow_operators' retrieved from /home/airflow/.local/lib/python3.12/site-packages/airflow/example_dags/example_dynamic_task_mapping_with_no_taskflow_operators.py
[2026-06-19T16:44:58.178+0000] {logging_mixin.py:190} INFO - [2026-06-19T16:44:58.177+0000] {dag.py:3239} INFO - Sync 1 DAGs
[2026-06-19T16:44:58.225+0000] {logging_mixin.py:190} INFO - [2026-06-19T16:44:58.225+0000] {dag.py:4180} INFO - Setting next_dagrun for example_dynamic_task_mapping_with_no_taskflow_operators to None, run_after=None
[2026-06-19T16:44:58.269+0000] {processor.py:208} INFO - Processing /home/airflow/.local/lib/python3.12/site-packages/airflow/example_dags/example_dynamic_task_mapping_with_no_taskflow_operators.py took 0.206 seconds
[2026-06-19T16:45:29.453+0000] {processor.py:186} INFO - Started process (PID=446) to work on /home/airflow/.local/lib/python3.12/site-packages/airflow/example_dags/example_dynamic_task_mapping_with_no_taskflow_operators.py
[2026-06-19T16:45:29.479+0000] {processor.py:914} INFO - Processing file /home/airflow/.local/lib/python3.12/site-packages/airflow/example_dags/example_dynamic_task_mapping_with_no_taskflow_operators.py for tasks to queue
[2026-06-19T16:45:29.496+0000] {logging_mixin.py:190} INFO - [2026-06-19T16:45:29.495+0000] {dagbag.py:588} INFO - Filling up the DagBag from /home/airflow/.local/lib/python3.12/site-packages/airflow/example_dags/example_dynamic_task_mapping_with_no_taskflow_operators.py
[2026-06-19T16:45:29.582+0000] {processor.py:925} INFO - DAG(s) 'example_dynamic_task_mapping_with_no_taskflow_operators' retrieved from /home/airflow/.local/lib/python3.12/site-packages/airflow/example_dags/example_dynamic_task_mapping_with_no_taskflow_operators.py
[2026-06-19T16:45:29.671+0000] {logging_mixin.py:190} INFO - [2026-06-19T16:45:29.670+0000] {dag.py:3239} INFO - Sync 1 DAGs
[2026-06-19T16:45:29.723+0000] {logging_mixin.py:190} INFO - [2026-06-19T16:45:29.722+0000] {dag.py:4180} INFO - Setting next_dagrun for example_dynamic_task_mapping_with_no_taskflow_operators to None, run_after=None
[2026-06-19T16:45:29.777+0000] {processor.py:208} INFO - Processing /home/airflow/.local/lib/python3.12/site-packages/airflow/example_dags/example_dynamic_task_mapping_with_no_taskflow_operators.py took 0.349 seconds
[2026-06-19T16:46:00.484+0000] {processor.py:186} INFO - Started process (PID=510) to work on /home/airflow/.local/lib/python3.12/site-packages/airflow/example_dags/example_dynamic_task_mapping_with_no_taskflow_operators.py
[2026-06-19T16:46:00.492+0000] {processor.py:914} INFO - Processing file /home/airflow/.local/lib/python3.12/site-packages/airflow/example_dags/example_dynamic_task_mapping_with_no_taskflow_operators.py for tasks to queue
[2026-06-19T16:46:00.518+0000] {logging_mixin.py:190} INFO - [2026-06-19T16:46:00.517+0000] {dagbag.py:588} INFO - Filling up the DagBag from /home/airflow/.local/lib/python3.12/site-packages/airflow/example_dags/example_dynamic_task_mapping_with_no_taskflow_operators.py
[2026-06-19T16:46:00.589+0000] {processor.py:925} INFO - DAG(s) 'example_dynamic_task_mapping_with_no_taskflow_operators' retrieved from /home/airflow/.local/lib/python3.12/site-packages/airflow/example_dags/example_dynamic_task_mapping_with_no_taskflow_operators.py
[2026-06-19T16:46:00.702+0000] {logging_mixin.py:190} INFO - [2026-06-19T16:46:00.701+0000] {dag.py:3239} INFO - Sync 1 DAGs
[2026-06-19T16:46:00.789+0000] {logging_mixin.py:190} INFO - [2026-06-19T16:46:00.788+0000] {dag.py:4180} INFO - Setting next_dagrun for example_dynamic_task_mapping_with_no_taskflow_operators to None, run_after=None
[2026-06-19T16:46:00.861+0000] {processor.py:208} INFO - Processing /home/airflow/.local/lib/python3.12/site-packages/airflow/example_dags/example_dynamic_task_mapping_with_no_taskflow_operators.py took 0.420 seconds
[2026-06-19T16:46:31.531+0000] {processor.py:186} INFO - Started process (PID=574) to work on /home/airflow/.local/lib/python3.12/site-packages/airflow/example_dags/example_dynamic_task_mapping_with_no_taskflow_operators.py
[2026-06-19T16:46:31.540+0000] {processor.py:914} INFO - Processing file /home/airflow/.local/lib/python3.12/site-packages/airflow/example_dags/example_dynamic_task_mapping_with_no_taskflow_operators.py for tasks to queue
[2026-06-19T16:46:31.547+0000] {logging_mixin.py:190} INFO - [2026-06-19T16:46:31.546+0000] {dagbag.py:588} INFO - Filling up the DagBag from /home/airflow/.local/lib/python3.12/site-packages/airflow/example_dags/example_dynamic_task_mapping_with_no_taskflow_operators.py
[2026-06-19T16:46:31.564+0000] {processor.py:925} INFO - DAG(s) 'example_dynamic_task_mapping_with_no_taskflow_operators' retrieved from /home/airflow/.local/lib/python3.12/site-packages/airflow/example_dags/example_dynamic_task_mapping_with_no_taskflow_operators.py
[2026-06-19T16:46:31.610+0000] {logging_mixin.py:190} INFO - [2026-06-19T16:46:31.609+0000] {dag.py:3239} INFO - Sync 1 DAGs
[2026-06-19T16:46:31.648+0000] {logging_mixin.py:190} INFO - [2026-06-19T16:46:31.647+0000] {dag.py:4180} INFO - Setting next_dagrun for example_dynamic_task_mapping_with_no_taskflow_operators to None, run_after=None
[2026-06-19T16:46:31.706+0000] {processor.py:208} INFO - Processing /home/airflow/.local/lib/python3.12/site-packages/airflow/example_dags/example_dynamic_task_mapping_with_no_taskflow_operators.py took 0.190 seconds
[2026-06-19T16:47:02.484+0000] {processor.py:186} INFO - Started process (PID=638) to work on /home/airflow/.local/lib/python3.12/site-packages/airflow/example_dags/example_dynamic_task_mapping_with_no_taskflow_operators.py
[2026-06-19T16:47:02.492+0000] {processor.py:914} INFO - Processing file /home/airflow/.local/lib/python3.12/site-packages/airflow/example_dags/example_dynamic_task_mapping_with_no_taskflow_operators.py for tasks to queue
[2026-06-19T16:47:02.507+0000] {logging_mixin.py:190} INFO - [2026-06-19T16:47:02.505+0000] {dagbag.py:588} INFO - Filling up the DagBag from /home/airflow/.local/lib/python3.12/site-packages/airflow/example_dags/example_dynamic_task_mapping_with_no_taskflow_operators.py
[2026-06-19T16:47:02.541+0000] {processor.py:925} INFO - DAG(s) 'example_dynamic_task_mapping_with_no_taskflow_operators' retrieved from /home/airflow/.local/lib/python3.12/site-packages/airflow/example_dags/example_dynamic_task_mapping_with_no_taskflow_operators.py
[2026-06-19T16:47:02.605+0000] {logging_mixin.py:190} INFO - [2026-06-19T16:47:02.604+0000] {dag.py:3239} INFO - Sync 1 DAGs
[2026-06-19T16:47:02.647+0000] {logging_mixin.py:190} INFO - [2026-06-19T16:47:02.647+0000] {dag.py:4180} INFO - Setting next_dagrun for example_dynamic_task_mapping_with_no_taskflow_operators to None, run_after=None
[2026-06-19T16:47:02.699+0000] {processor.py:208} INFO - Processing /home/airflow/.local/lib/python3.12/site-packages/airflow/example_dags/example_dynamic_task_mapping_with_no_taskflow_operators.py took 0.237 seconds
[2026-06-19T16:47:33.204+0000] {processor.py:186} INFO - Started process (PID=702) to work on /home/airflow/.local/lib/python3.12/site-packages/airflow/example_dags/example_dynamic_task_mapping_with_no_taskflow_operators.py
[2026-06-19T16:47:33.209+0000] {processor.py:914} INFO - Processing file /home/airflow/.local/lib/python3.12/site-packages/airflow/example_dags/example_dynamic_task_mapping_with_no_taskflow_operators.py for tasks to queue
[2026-06-19T16:47:33.217+0000] {logging_mixin.py:190} INFO - [2026-06-19T16:47:33.216+0000] {dagbag.py:588} INFO - Filling up the DagBag from /home/airflow/.local/lib/python3.12/site-packages/airflow/example_dags/example_dynamic_task_mapping_with_no_taskflow_operators.py
[2026-06-19T16:47:33.242+0000] {processor.py:925} INFO - DAG(s) 'example_dynamic_task_mapping_with_no_taskflow_operators' retrieved from /home/airflow/.local/lib/python3.12/site-packages/airflow/example_dags/example_dynamic_task_mapping_with_no_taskflow_operators.py
[2026-06-19T16:47:33.327+0000] {logging_mixin.py:190} INFO - [2026-06-19T16:47:33.326+0000] {dag.py:3239} INFO - Sync 1 DAGs
[2026-06-19T16:47:33.417+0000] {logging_mixin.py:190} INFO - [2026-06-19T16:47:33.416+0000] {dag.py:4180} INFO - Setting next_dagrun for example_dynamic_task_mapping_with_no_taskflow_operators to None, run_after=None
[2026-06-19T16:47:33.516+0000] {processor.py:208} INFO - Processing /home/airflow/.local/lib/python3.12/site-packages/airflow/example_dags/example_dynamic_task_mapping_with_no_taskflow_operators.py took 0.330 seconds
[2026-06-19T16:48:04.012+0000] {processor.py:186} INFO - Started process (PID=765) to work on /home/airflow/.local/lib/python3.12/site-packages/airflow/example_dags/example_dynamic_task_mapping_with_no_taskflow_operators.py
[2026-06-19T16:48:04.043+0000] {processor.py:914} INFO - Processing file /home/airflow/.local/lib/python3.12/site-packages/airflow/example_dags/example_dynamic_task_mapping_with_no_taskflow_operators.py for tasks to queue
[2026-06-19T16:48:04.065+0000] {logging_mixin.py:190} INFO - [2026-06-19T16:48:04.062+0000] {dagbag.py:588} INFO - Filling up the DagBag from /home/airflow/.local/lib/python3.12/site-packages/airflow/example_dags/example_dynamic_task_mapping_with_no_taskflow_operators.py
[2026-06-19T16:48:04.127+0000] {processor.py:925} INFO - DAG(s) 'example_dynamic_task_mapping_with_no_taskflow_operators' retrieved from /home/airflow/.local/lib/python3.12/site-packages/airflow/example_dags/example_dynamic_task_mapping_with_no_taskflow_operators.py
[2026-06-19T16:48:04.199+0000] {logging_mixin.py:190} INFO - [2026-06-19T16:48:04.199+0000] {dag.py:3239} INFO - Sync 1 DAGs
[2026-06-19T16:48:04.244+0000] {logging_mixin.py:190} INFO - [2026-06-19T16:48:04.244+0000] {dag.py:4180} INFO - Setting next_dagrun for example_dynamic_task_mapping_with_no_taskflow_operators to None, run_after=None
[2026-06-19T16:48:04.331+0000] {processor.py:208} INFO - Processing /home/airflow/.local/lib/python3.12/site-packages/airflow/example_dags/example_dynamic_task_mapping_with_no_taskflow_operators.py took 0.359 seconds
[2026-06-19T16:48:36.046+0000] {processor.py:186} INFO - Started process (PID=830) to work on /home/airflow/.local/lib/python3.12/site-packages/airflow/example_dags/example_dynamic_task_mapping_with_no_taskflow_operators.py
[2026-06-19T16:48:36.050+0000] {processor.py:914} INFO - Processing file /home/airflow/.local/lib/python3.12/site-packages/airflow/example_dags/example_dynamic_task_mapping_with_no_taskflow_operators.py for tasks to queue
[2026-06-19T16:48:36.065+0000] {logging_mixin.py:190} INFO - [2026-06-19T16:48:36.064+0000] {dagbag.py:588} INFO - Filling up the DagBag from /home/airflow/.local/lib/python3.12/site-packages/airflow/example_dags/example_dynamic_task_mapping_with_no_taskflow_operators.py
[2026-06-19T16:48:36.109+0000] {processor.py:925} INFO - DAG(s) 'example_dynamic_task_mapping_with_no_taskflow_operators' retrieved from /home/airflow/.local/lib/python3.12/site-packages/airflow/example_dags/example_dynamic_task_mapping_with_no_taskflow_operators.py
[2026-06-19T16:48:36.240+0000] {logging_mixin.py:190} INFO - [2026-06-19T16:48:36.237+0000] {dag.py:3239} INFO - Sync 1 DAGs
[2026-06-19T16:48:36.339+0000] {logging_mixin.py:190} INFO - [2026-06-19T16:48:36.338+0000] {dag.py:4180} INFO - Setting next_dagrun for example_dynamic_task_mapping_with_no_taskflow_operators to None, run_after=None
[2026-06-19T16:48:36.442+0000] {processor.py:208} INFO - Processing /home/airflow/.local/lib/python3.12/site-packages/airflow/example_dags/example_dynamic_task_mapping_with_no_taskflow_operators.py took 0.422 seconds
[2026-06-19T16:49:08.948+0000] {processor.py:186} INFO - Started process (PID=895) to work on /home/airflow/.local/lib/python3.12/site-packages/airflow/example_dags/example_dynamic_task_mapping_with_no_taskflow_operators.py
[2026-06-19T16:49:08.959+0000] {processor.py:914} INFO - Processing file /home/airflow/.local/lib/python3.12/site-packages/airflow/example_dags/example_dynamic_task_mapping_with_no_taskflow_operators.py for tasks to queue
[2026-06-19T16:49:08.975+0000] {logging_mixin.py:190} INFO - [2026-06-19T16:49:08.974+0000] {dagbag.py:588} INFO - Filling up the DagBag from /home/airflow/.local/lib/python3.12/site-packages/airflow/example_dags/example_dynamic_task_mapping_with_no_taskflow_operators.py
[2026-06-19T16:49:09.039+0000] {processor.py:925} INFO - DAG(s) 'example_dynamic_task_mapping_with_no_taskflow_operators' retrieved from /home/airflow/.local/lib/python3.12/site-packages/airflow/example_dags/example_dynamic_task_mapping_with_no_taskflow_operators.py
[2026-06-19T16:49:09.143+0000] {logging_mixin.py:190} INFO - [2026-06-19T16:49:09.143+0000] {dag.py:3239} INFO - Sync 1 DAGs
[2026-06-19T16:49:09.184+0000] {logging_mixin.py:190} INFO - [2026-06-19T16:49:09.184+0000] {dag.py:4180} INFO - Setting next_dagrun for example_dynamic_task_mapping_with_no_taskflow_operators to None, run_after=None
[2026-06-19T16:49:09.289+0000] {processor.py:208} INFO - Processing /home/airflow/.local/lib/python3.12/site-packages/airflow/example_dags/example_dynamic_task_mapping_with_no_taskflow_operators.py took 0.402 seconds
[2026-06-19T16:49:39.515+0000] {processor.py:186} INFO - Started process (PID=958) to work on /home/airflow/.local/lib/python3.12/site-packages/airflow/example_dags/example_dynamic_task_mapping_with_no_taskflow_operators.py
[2026-06-19T16:49:39.522+0000] {processor.py:914} INFO - Processing file /home/airflow/.local/lib/python3.12/site-packages/airflow/example_dags/example_dynamic_task_mapping_with_no_taskflow_operators.py for tasks to queue
[2026-06-19T16:49:39.531+0000] {logging_mixin.py:190} INFO - [2026-06-19T16:49:39.530+0000] {dagbag.py:588} INFO - Filling up the DagBag from /home/airflow/.local/lib/python3.12/site-packages/airflow/example_dags/example_dynamic_task_mapping_with_no_taskflow_operators.py
[2026-06-19T16:49:39.558+0000] {processor.py:925} INFO - DAG(s) 'example_dynamic_task_mapping_with_no_taskflow_operators' retrieved from /home/airflow/.local/lib/python3.12/site-packages/airflow/example_dags/example_dynamic_task_mapping_with_no_taskflow_operators.py
[2026-06-19T16:49:39.624+0000] {logging_mixin.py:190} INFO - [2026-06-19T16:49:39.622+0000] {dag.py:3239} INFO - Sync 1 DAGs
[2026-06-19T16:49:39.674+0000] {logging_mixin.py:190} INFO - [2026-06-19T16:49:39.674+0000] {dag.py:4180} INFO - Setting next_dagrun for example_dynamic_task_mapping_with_no_taskflow_operators to None, run_after=None
[2026-06-19T16:49:39.725+0000] {processor.py:208} INFO - Processing /home/airflow/.local/lib/python3.12/site-packages/airflow/example_dags/example_dynamic_task_mapping_with_no_taskflow_operators.py took 0.230 seconds
[2026-06-19T16:50:10.252+0000] {processor.py:186} INFO - Started process (PID=1022) to work on /home/airflow/.local/lib/python3.12/site-packages/airflow/example_dags/example_dynamic_task_mapping_with_no_taskflow_operators.py
[2026-06-19T16:50:10.258+0000] {processor.py:914} INFO - Processing file /home/airflow/.local/lib/python3.12/site-packages/airflow/example_dags/example_dynamic_task_mapping_with_no_taskflow_operators.py for tasks to queue
[2026-06-19T16:50:10.269+0000] {logging_mixin.py:190} INFO - [2026-06-19T16:50:10.268+0000] {dagbag.py:588} INFO - Filling up the DagBag from /home/airflow/.local/lib/python3.12/site-packages/airflow/example_dags/example_dynamic_task_mapping_with_no_taskflow_operators.py
[2026-06-19T16:50:10.298+0000] {processor.py:925} INFO - DAG(s) 'example_dynamic_task_mapping_with_no_taskflow_operators' retrieved from /home/airflow/.local/lib/python3.12/site-packages/airflow/example_dags/example_dynamic_task_mapping_with_no_taskflow_operators.py
[2026-06-19T16:50:10.362+0000] {logging_mixin.py:190} INFO - [2026-06-19T16:50:10.361+0000] {dag.py:3239} INFO - Sync 1 DAGs
[2026-06-19T16:50:10.399+0000] {logging_mixin.py:190} INFO - [2026-06-19T16:50:10.398+0000] {dag.py:4180} INFO - Setting next_dagrun for example_dynamic_task_mapping_with_no_taskflow_operators to None, run_after=None
[2026-06-19T16:50:10.441+0000] {processor.py:208} INFO - Processing /home/airflow/.local/lib/python3.12/site-packages/airflow/example_dags/example_dynamic_task_mapping_with_no_taskflow_operators.py took 0.216 seconds
[2026-06-19T16:50:41.082+0000] {processor.py:186} INFO - Started process (PID=1086) to work on /home/airflow/.local/lib/python3.12/site-packages/airflow/example_dags/example_dynamic_task_mapping_with_no_taskflow_operators.py
[2026-06-19T16:50:41.086+0000] {processor.py:914} INFO - Processing file /home/airflow/.local/lib/python3.12/site-packages/airflow/example_dags/example_dynamic_task_mapping_with_no_taskflow_operators.py for tasks to queue
[2026-06-19T16:50:41.098+0000] {logging_mixin.py:190} INFO - [2026-06-19T16:50:41.097+0000] {dagbag.py:588} INFO - Filling up the DagBag from /home/airflow/.local/lib/python3.12/site-packages/airflow/example_dags/example_dynamic_task_mapping_with_no_taskflow_operators.py
[2026-06-19T16:50:41.122+0000] {processor.py:925} INFO - DAG(s) 'example_dynamic_task_mapping_with_no_taskflow_operators' retrieved from /home/airflow/.local/lib/python3.12/site-packages/airflow/example_dags/example_dynamic_task_mapping_with_no_taskflow_operators.py
[2026-06-19T16:50:41.178+0000] {logging_mixin.py:190} INFO - [2026-06-19T16:50:41.177+0000] {dag.py:3239} INFO - Sync 1 DAGs
[2026-06-19T16:50:41.215+0000] {logging_mixin.py:190} INFO - [2026-06-19T16:50:41.215+0000] {dag.py:4180} INFO - Setting next_dagrun for example_dynamic_task_mapping_with_no_taskflow_operators to None, run_after=None
[2026-06-19T16:50:41.258+0000] {processor.py:208} INFO - Processing /home/airflow/.local/lib/python3.12/site-packages/airflow/example_dags/example_dynamic_task_mapping_with_no_taskflow_operators.py took 0.191 seconds
[2026-06-19T16:51:11.697+0000] {processor.py:186} INFO - Started process (PID=1150) to work on /home/airflow/.local/lib/python3.12/site-packages/airflow/example_dags/example_dynamic_task_mapping_with_no_taskflow_operators.py
[2026-06-19T16:51:11.708+0000] {processor.py:914} INFO - Processing file /home/airflow/.local/lib/python3.12/site-packages/airflow/example_dags/example_dynamic_task_mapping_with_no_taskflow_operators.py for tasks to queue
[2026-06-19T16:51:11.720+0000] {logging_mixin.py:190} INFO - [2026-06-19T16:51:11.719+0000] {dagbag.py:588} INFO - Filling up the DagBag from /home/airflow/.local/lib/python3.12/site-packages/airflow/example_dags/example_dynamic_task_mapping_with_no_taskflow_operators.py
[2026-06-19T16:51:11.775+0000] {processor.py:925} INFO - DAG(s) 'example_dynamic_task_mapping_with_no_taskflow_operators' retrieved from /home/airflow/.local/lib/python3.12/site-packages/airflow/example_dags/example_dynamic_task_mapping_with_no_taskflow_operators.py
[2026-06-19T16:51:11.889+0000] {logging_mixin.py:190} INFO - [2026-06-19T16:51:11.888+0000] {dag.py:3239} INFO - Sync 1 DAGs
[2026-06-19T16:51:11.950+0000] {logging_mixin.py:190} INFO - [2026-06-19T16:51:11.949+0000] {dag.py:4180} INFO - Setting next_dagrun for example_dynamic_task_mapping_with_no_taskflow_operators to None, run_after=None
[2026-06-19T16:51:12.037+0000] {processor.py:208} INFO - Processing /home/airflow/.local/lib/python3.12/site-packages/airflow/example_dags/example_dynamic_task_mapping_with_no_taskflow_operators.py took 0.363 seconds
[2026-06-19T16:51:42.202+0000] {processor.py:186} INFO - Started process (PID=1213) to work on /home/airflow/.local/lib/python3.12/site-packages/airflow/example_dags/example_dynamic_task_mapping_with_no_taskflow_operators.py
[2026-06-19T16:51:42.207+0000] {processor.py:914} INFO - Processing file /home/airflow/.local/lib/python3.12/site-packages/airflow/example_dags/example_dynamic_task_mapping_with_no_taskflow_operators.py for tasks to queue
[2026-06-19T16:51:42.214+0000] {logging_mixin.py:190} INFO - [2026-06-19T16:51:42.214+0000] {dagbag.py:588} INFO - Filling up the DagBag from /home/airflow/.local/lib/python3.12/site-packages/airflow/example_dags/example_dynamic_task_mapping_with_no_taskflow_operators.py
[2026-06-19T16:51:42.237+0000] {processor.py:925} INFO - DAG(s) 'example_dynamic_task_mapping_with_no_taskflow_operators' retrieved from /home/airflow/.local/lib/python3.12/site-packages/airflow/example_dags/example_dynamic_task_mapping_with_no_taskflow_operators.py
[2026-06-19T16:51:42.314+0000] {logging_mixin.py:190} INFO - [2026-06-19T16:51:42.313+0000] {dag.py:3239} INFO - Sync 1 DAGs
[2026-06-19T16:51:42.358+0000] {logging_mixin.py:190} INFO - [2026-06-19T16:51:42.357+0000] {dag.py:4180} INFO - Setting next_dagrun for example_dynamic_task_mapping_with_no_taskflow_operators to None, run_after=None
[2026-06-19T16:51:42.486+0000] {processor.py:208} INFO - Processing /home/airflow/.local/lib/python3.12/site-packages/airflow/example_dags/example_dynamic_task_mapping_with_no_taskflow_operators.py took 0.297 seconds
[2026-06-19T16:52:12.833+0000] {processor.py:186} INFO - Started process (PID=1277) to work on /home/airflow/.local/lib/python3.12/site-packages/airflow/example_dags/example_dynamic_task_mapping_with_no_taskflow_operators.py
[2026-06-19T16:52:12.838+0000] {processor.py:914} INFO - Processing file /home/airflow/.local/lib/python3.12/site-packages/airflow/example_dags/example_dynamic_task_mapping_with_no_taskflow_operators.py for tasks to queue
[2026-06-19T16:52:12.852+0000] {logging_mixin.py:190} INFO - [2026-06-19T16:52:12.851+0000] {dagbag.py:588} INFO - Filling up the DagBag from /home/airflow/.local/lib/python3.12/site-packages/airflow/example_dags/example_dynamic_task_mapping_with_no_taskflow_operators.py
[2026-06-19T16:52:12.907+0000] {processor.py:925} INFO - DAG(s) 'example_dynamic_task_mapping_with_no_taskflow_operators' retrieved from /home/airflow/.local/lib/python3.12/site-packages/airflow/example_dags/example_dynamic_task_mapping_with_no_taskflow_operators.py
[2026-06-19T16:52:13.059+0000] {logging_mixin.py:190} INFO - [2026-06-19T16:52:13.058+0000] {dag.py:3239} INFO - Sync 1 DAGs
[2026-06-19T16:52:13.191+0000] {logging_mixin.py:190} INFO - [2026-06-19T16:52:13.191+0000] {dag.py:4180} INFO - Setting next_dagrun for example_dynamic_task_mapping_with_no_taskflow_operators to None, run_after=None
[2026-06-19T16:52:13.335+0000] {processor.py:208} INFO - Processing /home/airflow/.local/lib/python3.12/site-packages/airflow/example_dags/example_dynamic_task_mapping_with_no_taskflow_operators.py took 0.521 seconds
[2026-06-19T16:52:44.613+0000] {processor.py:186} INFO - Started process (PID=1341) to work on /home/airflow/.local/lib/python3.12/site-packages/airflow/example_dags/example_dynamic_task_mapping_with_no_taskflow_operators.py
[2026-06-19T16:52:44.624+0000] {processor.py:914} INFO - Processing file /home/airflow/.local/lib/python3.12/site-packages/airflow/example_dags/example_dynamic_task_mapping_with_no_taskflow_operators.py for tasks to queue
[2026-06-19T16:52:44.638+0000] {logging_mixin.py:190} INFO - [2026-06-19T16:52:44.637+0000] {dagbag.py:588} INFO - Filling up the DagBag from /home/airflow/.local/lib/python3.12/site-packages/airflow/example_dags/example_dynamic_task_mapping_with_no_taskflow_operators.py
[2026-06-19T16:52:44.683+0000] {processor.py:925} INFO - DAG(s) 'example_dynamic_task_mapping_with_no_taskflow_operators' retrieved from /home/airflow/.local/lib/python3.12/site-packages/airflow/example_dags/example_dynamic_task_mapping_with_no_taskflow_operators.py
[2026-06-19T16:52:44.785+0000] {logging_mixin.py:190} INFO - [2026-06-19T16:52:44.784+0000] {dag.py:3239} INFO - Sync 1 DAGs
[2026-06-19T16:52:44.887+0000] {logging_mixin.py:190} INFO - [2026-06-19T16:52:44.886+0000] {dag.py:4180} INFO - Setting next_dagrun for example_dynamic_task_mapping_with_no_taskflow_operators to None, run_after=None
[2026-06-19T16:52:44.986+0000] {processor.py:208} INFO - Processing /home/airflow/.local/lib/python3.12/site-packages/airflow/example_dags/example_dynamic_task_mapping_with_no_taskflow_operators.py took 0.394 seconds
[2026-06-19T16:53:15.966+0000] {processor.py:186} INFO - Started process (PID=1405) to work on /home/airflow/.local/lib/python3.12/site-packages/airflow/example_dags/example_dynamic_task_mapping_with_no_taskflow_operators.py
[2026-06-19T16:53:15.976+0000] {processor.py:914} INFO - Processing file /home/airflow/.local/lib/python3.12/site-packages/airflow/example_dags/example_dynamic_task_mapping_with_no_taskflow_operators.py for tasks to queue
[2026-06-19T16:53:15.993+0000] {logging_mixin.py:190} INFO - [2026-06-19T16:53:15.991+0000] {dagbag.py:588} INFO - Filling up the DagBag from /home/airflow/.local/lib/python3.12/site-packages/airflow/example_dags/example_dynamic_task_mapping_with_no_taskflow_operators.py
[2026-06-19T16:53:16.050+0000] {processor.py:925} INFO - DAG(s) 'example_dynamic_task_mapping_with_no_taskflow_operators' retrieved from /home/airflow/.local/lib/python3.12/site-packages/airflow/example_dags/example_dynamic_task_mapping_with_no_taskflow_operators.py
[2026-06-19T16:53:16.231+0000] {logging_mixin.py:190} INFO - [2026-06-19T16:53:16.230+0000] {dag.py:3239} INFO - Sync 1 DAGs
[2026-06-19T16:53:16.320+0000] {logging_mixin.py:190} INFO - [2026-06-19T16:53:16.319+0000] {dag.py:4180} INFO - Setting next_dagrun for example_dynamic_task_mapping_with_no_taskflow_operators to None, run_after=None
[2026-06-19T16:53:16.397+0000] {processor.py:208} INFO - Processing /home/airflow/.local/lib/python3.12/site-packages/airflow/example_dags/example_dynamic_task_mapping_with_no_taskflow_operators.py took 0.465 seconds
[2026-06-19T16:53:46.698+0000] {processor.py:186} INFO - Started process (PID=1468) to work on /home/airflow/.local/lib/python3.12/site-packages/airflow/example_dags/example_dynamic_task_mapping_with_no_taskflow_operators.py
[2026-06-19T16:53:46.703+0000] {processor.py:914} INFO - Processing file /home/airflow/.local/lib/python3.12/site-packages/airflow/example_dags/example_dynamic_task_mapping_with_no_taskflow_operators.py for tasks to queue
[2026-06-19T16:53:46.714+0000] {logging_mixin.py:190} INFO - [2026-06-19T16:53:46.713+0000] {dagbag.py:588} INFO - Filling up the DagBag from /home/airflow/.local/lib/python3.12/site-packages/airflow/example_dags/example_dynamic_task_mapping_with_no_taskflow_operators.py
[2026-06-19T16:53:46.736+0000] {processor.py:925} INFO - DAG(s) 'example_dynamic_task_mapping_with_no_taskflow_operators' retrieved from /home/airflow/.local/lib/python3.12/site-packages/airflow/example_dags/example_dynamic_task_mapping_with_no_taskflow_operators.py
[2026-06-19T16:53:46.775+0000] {logging_mixin.py:190} INFO - [2026-06-19T16:53:46.775+0000] {dag.py:3239} INFO - Sync 1 DAGs
[2026-06-19T16:53:46.804+0000] {logging_mixin.py:190} INFO - [2026-06-19T16:53:46.804+0000] {dag.py:4180} INFO - Setting next_dagrun for example_dynamic_task_mapping_with_no_taskflow_operators to None, run_after=None
[2026-06-19T16:53:46.840+0000] {processor.py:208} INFO - Processing /home/airflow/.local/lib/python3.12/site-packages/airflow/example_dags/example_dynamic_task_mapping_with_no_taskflow_operators.py took 0.154 seconds
[2026-06-19T16:54:16.988+0000] {processor.py:186} INFO - Started process (PID=1532) to work on /home/airflow/.local/lib/python3.12/site-packages/airflow/example_dags/example_dynamic_task_mapping_with_no_taskflow_operators.py
[2026-06-19T16:54:16.990+0000] {processor.py:914} INFO - Processing file /home/airflow/.local/lib/python3.12/site-packages/airflow/example_dags/example_dynamic_task_mapping_with_no_taskflow_operators.py for tasks to queue
[2026-06-19T16:54:16.998+0000] {logging_mixin.py:190} INFO - [2026-06-19T16:54:16.997+0000] {dagbag.py:588} INFO - Filling up the DagBag from /home/airflow/.local/lib/python3.12/site-packages/airflow/example_dags/example_dynamic_task_mapping_with_no_taskflow_operators.py
[2026-06-19T16:54:17.015+0000] {processor.py:925} INFO - DAG(s) 'example_dynamic_task_mapping_with_no_taskflow_operators' retrieved from /home/airflow/.local/lib/python3.12/site-packages/airflow/example_dags/example_dynamic_task_mapping_with_no_taskflow_operators.py
[2026-06-19T16:54:17.051+0000] {logging_mixin.py:190} INFO - [2026-06-19T16:54:17.051+0000] {dag.py:3239} INFO - Sync 1 DAGs
[2026-06-19T16:54:17.077+0000] {logging_mixin.py:190} INFO - [2026-06-19T16:54:17.077+0000] {dag.py:4180} INFO - Setting next_dagrun for example_dynamic_task_mapping_with_no_taskflow_operators to None, run_after=None
[2026-06-19T16:54:17.111+0000] {processor.py:208} INFO - Processing /home/airflow/.local/lib/python3.12/site-packages/airflow/example_dags/example_dynamic_task_mapping_with_no_taskflow_operators.py took 0.135 seconds
[2026-06-19T16:54:47.527+0000] {processor.py:186} INFO - Started process (PID=1596) to work on /home/airflow/.local/lib/python3.12/site-packages/airflow/example_dags/example_dynamic_task_mapping_with_no_taskflow_operators.py
[2026-06-19T16:54:47.544+0000] {processor.py:914} INFO - Processing file /home/airflow/.local/lib/python3.12/site-packages/airflow/example_dags/example_dynamic_task_mapping_with_no_taskflow_operators.py for tasks to queue
[2026-06-19T16:54:47.557+0000] {logging_mixin.py:190} INFO - [2026-06-19T16:54:47.555+0000] {dagbag.py:588} INFO - Filling up the DagBag from /home/airflow/.local/lib/python3.12/site-packages/airflow/example_dags/example_dynamic_task_mapping_with_no_taskflow_operators.py
[2026-06-19T16:54:47.604+0000] {processor.py:925} INFO - DAG(s) 'example_dynamic_task_mapping_with_no_taskflow_operators' retrieved from /home/airflow/.local/lib/python3.12/site-packages/airflow/example_dags/example_dynamic_task_mapping_with_no_taskflow_operators.py
[2026-06-19T16:54:47.694+0000] {logging_mixin.py:190} INFO - [2026-06-19T16:54:47.693+0000] {dag.py:3239} INFO - Sync 1 DAGs
[2026-06-19T16:54:47.781+0000] {logging_mixin.py:190} INFO - [2026-06-19T16:54:47.780+0000] {dag.py:4180} INFO - Setting next_dagrun for example_dynamic_task_mapping_with_no_taskflow_operators to None, run_after=None
[2026-06-19T16:54:47.865+0000] {processor.py:208} INFO - Processing /home/airflow/.local/lib/python3.12/site-packages/airflow/example_dags/example_dynamic_task_mapping_with_no_taskflow_operators.py took 0.362 seconds
[2026-06-19T16:55:18.002+0000] {processor.py:186} INFO - Started process (PID=1659) to work on /home/airflow/.local/lib/python3.12/site-packages/airflow/example_dags/example_dynamic_task_mapping_with_no_taskflow_operators.py
[2026-06-19T16:55:18.007+0000] {processor.py:914} INFO - Processing file /home/airflow/.local/lib/python3.12/site-packages/airflow/example_dags/example_dynamic_task_mapping_with_no_taskflow_operators.py for tasks to queue
[2026-06-19T16:55:18.014+0000] {logging_mixin.py:190} INFO - [2026-06-19T16:55:18.014+0000] {dagbag.py:588} INFO - Filling up the DagBag from /home/airflow/.local/lib/python3.12/site-packages/airflow/example_dags/example_dynamic_task_mapping_with_no_taskflow_operators.py
[2026-06-19T16:55:18.041+0000] {processor.py:925} INFO - DAG(s) 'example_dynamic_task_mapping_with_no_taskflow_operators' retrieved from /home/airflow/.local/lib/python3.12/site-packages/airflow/example_dags/example_dynamic_task_mapping_with_no_taskflow_operators.py
[2026-06-19T16:55:18.098+0000] {logging_mixin.py:190} INFO - [2026-06-19T16:55:18.098+0000] {dag.py:3239} INFO - Sync 1 DAGs
[2026-06-19T16:55:18.143+0000] {logging_mixin.py:190} INFO - [2026-06-19T16:55:18.142+0000] {dag.py:4180} INFO - Setting next_dagrun for example_dynamic_task_mapping_with_no_taskflow_operators to None, run_after=None
[2026-06-19T16:55:18.199+0000] {processor.py:208} INFO - Processing /home/airflow/.local/lib/python3.12/site-packages/airflow/example_dags/example_dynamic_task_mapping_with_no_taskflow_operators.py took 0.214 seconds
[2026-06-19T16:55:48.984+0000] {processor.py:186} INFO - Started process (PID=1722) to work on /home/airflow/.local/lib/python3.12/site-packages/airflow/example_dags/example_dynamic_task_mapping_with_no_taskflow_operators.py
[2026-06-19T16:55:48.986+0000] {processor.py:914} INFO - Processing file /home/airflow/.local/lib/python3.12/site-packages/airflow/example_dags/example_dynamic_task_mapping_with_no_taskflow_operators.py for tasks to queue
[2026-06-19T16:55:48.991+0000] {logging_mixin.py:190} INFO - [2026-06-19T16:55:48.990+0000] {dagbag.py:588} INFO - Filling up the DagBag from /home/airflow/.local/lib/python3.12/site-packages/airflow/example_dags/example_dynamic_task_mapping_with_no_taskflow_operators.py
[2026-06-19T16:55:49.002+0000] {processor.py:925} INFO - DAG(s) 'example_dynamic_task_mapping_with_no_taskflow_operators' retrieved from /home/airflow/.local/lib/python3.12/site-packages/airflow/example_dags/example_dynamic_task_mapping_with_no_taskflow_operators.py
[2026-06-19T16:55:49.027+0000] {logging_mixin.py:190} INFO - [2026-06-19T16:55:49.026+0000] {dag.py:3239} INFO - Sync 1 DAGs
[2026-06-19T16:55:49.044+0000] {logging_mixin.py:190} INFO - [2026-06-19T16:55:49.044+0000] {dag.py:4180} INFO - Setting next_dagrun for example_dynamic_task_mapping_with_no_taskflow_operators to None, run_after=None
[2026-06-19T16:55:49.063+0000] {processor.py:208} INFO - Processing /home/airflow/.local/lib/python3.12/site-packages/airflow/example_dags/example_dynamic_task_mapping_with_no_taskflow_operators.py took 0.086 seconds
[2026-06-19T16:56:19.626+0000] {processor.py:186} INFO - Started process (PID=1786) to work on /home/airflow/.local/lib/python3.12/site-packages/airflow/example_dags/example_dynamic_task_mapping_with_no_taskflow_operators.py
[2026-06-19T16:56:19.629+0000] {processor.py:914} INFO - Processing file /home/airflow/.local/lib/python3.12/site-packages/airflow/example_dags/example_dynamic_task_mapping_with_no_taskflow_operators.py for tasks to queue
[2026-06-19T16:56:19.636+0000] {logging_mixin.py:190} INFO - [2026-06-19T16:56:19.635+0000] {dagbag.py:588} INFO - Filling up the DagBag from /home/airflow/.local/lib/python3.12/site-packages/airflow/example_dags/example_dynamic_task_mapping_with_no_taskflow_operators.py
[2026-06-19T16:56:19.653+0000] {processor.py:925} INFO - DAG(s) 'example_dynamic_task_mapping_with_no_taskflow_operators' retrieved from /home/airflow/.local/lib/python3.12/site-packages/airflow/example_dags/example_dynamic_task_mapping_with_no_taskflow_operators.py
[2026-06-19T16:56:19.687+0000] {logging_mixin.py:190} INFO - [2026-06-19T16:56:19.686+0000] {dag.py:3239} INFO - Sync 1 DAGs
[2026-06-19T16:56:19.712+0000] {logging_mixin.py:190} INFO - [2026-06-19T16:56:19.712+0000] {dag.py:4180} INFO - Setting next_dagrun for example_dynamic_task_mapping_with_no_taskflow_operators to None, run_after=None
[2026-06-19T16:56:19.755+0000] {processor.py:208} INFO - Processing /home/airflow/.local/lib/python3.12/site-packages/airflow/example_dags/example_dynamic_task_mapping_with_no_taskflow_operators.py took 0.139 seconds
[2026-06-19T16:56:50.355+0000] {processor.py:186} INFO - Started process (PID=1850) to work on /home/airflow/.local/lib/python3.12/site-packages/airflow/example_dags/example_dynamic_task_mapping_with_no_taskflow_operators.py
[2026-06-19T16:56:50.358+0000] {processor.py:914} INFO - Processing file /home/airflow/.local/lib/python3.12/site-packages/airflow/example_dags/example_dynamic_task_mapping_with_no_taskflow_operators.py for tasks to queue
[2026-06-19T16:56:50.363+0000] {logging_mixin.py:190} INFO - [2026-06-19T16:56:50.362+0000] {dagbag.py:588} INFO - Filling up the DagBag from /home/airflow/.local/lib/python3.12/site-packages/airflow/example_dags/example_dynamic_task_mapping_with_no_taskflow_operators.py
[2026-06-19T16:56:50.375+0000] {processor.py:925} INFO - DAG(s) 'example_dynamic_task_mapping_with_no_taskflow_operators' retrieved from /home/airflow/.local/lib/python3.12/site-packages/airflow/example_dags/example_dynamic_task_mapping_with_no_taskflow_operators.py
[2026-06-19T16:56:50.404+0000] {logging_mixin.py:190} INFO - [2026-06-19T16:56:50.404+0000] {dag.py:3239} INFO - Sync 1 DAGs
[2026-06-19T16:56:50.426+0000] {logging_mixin.py:190} INFO - [2026-06-19T16:56:50.426+0000] {dag.py:4180} INFO - Setting next_dagrun for example_dynamic_task_mapping_with_no_taskflow_operators to None, run_after=None
[2026-06-19T16:56:50.452+0000] {processor.py:208} INFO - Processing /home/airflow/.local/lib/python3.12/site-packages/airflow/example_dags/example_dynamic_task_mapping_with_no_taskflow_operators.py took 0.108 seconds
[2026-06-19T16:57:21.937+0000] {processor.py:186} INFO - Started process (PID=1914) to work on /home/airflow/.local/lib/python3.12/site-packages/airflow/example_dags/example_dynamic_task_mapping_with_no_taskflow_operators.py
[2026-06-19T16:57:21.942+0000] {processor.py:914} INFO - Processing file /home/airflow/.local/lib/python3.12/site-packages/airflow/example_dags/example_dynamic_task_mapping_with_no_taskflow_operators.py for tasks to queue
[2026-06-19T16:57:21.950+0000] {logging_mixin.py:190} INFO - [2026-06-19T16:57:21.949+0000] {dagbag.py:588} INFO - Filling up the DagBag from /home/airflow/.local/lib/python3.12/site-packages/airflow/example_dags/example_dynamic_task_mapping_with_no_taskflow_operators.py
[2026-06-19T16:57:21.972+0000] {processor.py:925} INFO - DAG(s) 'example_dynamic_task_mapping_with_no_taskflow_operators' retrieved from /home/airflow/.local/lib/python3.12/site-packages/airflow/example_dags/example_dynamic_task_mapping_with_no_taskflow_operators.py
[2026-06-19T16:57:22.021+0000] {logging_mixin.py:190} INFO - [2026-06-19T16:57:22.020+0000] {dag.py:3239} INFO - Sync 1 DAGs
[2026-06-19T16:57:22.062+0000] {logging_mixin.py:190} INFO - [2026-06-19T16:57:22.062+0000] {dag.py:4180} INFO - Setting next_dagrun for example_dynamic_task_mapping_with_no_taskflow_operators to None, run_after=None
[2026-06-19T16:57:22.103+0000] {processor.py:208} INFO - Processing /home/airflow/.local/lib/python3.12/site-packages/airflow/example_dags/example_dynamic_task_mapping_with_no_taskflow_operators.py took 0.181 seconds
[2026-06-19T16:57:52.403+0000] {processor.py:186} INFO - Started process (PID=1975) to work on /home/airflow/.local/lib/python3.12/site-packages/airflow/example_dags/example_dynamic_task_mapping_with_no_taskflow_operators.py
[2026-06-19T16:57:52.406+0000] {processor.py:914} INFO - Processing file /home/airflow/.local/lib/python3.12/site-packages/airflow/example_dags/example_dynamic_task_mapping_with_no_taskflow_operators.py for tasks to queue
[2026-06-19T16:57:52.413+0000] {logging_mixin.py:190} INFO - [2026-06-19T16:57:52.412+0000] {dagbag.py:588} INFO - Filling up the DagBag from /home/airflow/.local/lib/python3.12/site-packages/airflow/example_dags/example_dynamic_task_mapping_with_no_taskflow_operators.py
[2026-06-19T16:57:52.436+0000] {processor.py:925} INFO - DAG(s) 'example_dynamic_task_mapping_with_no_taskflow_operators' retrieved from /home/airflow/.local/lib/python3.12/site-packages/airflow/example_dags/example_dynamic_task_mapping_with_no_taskflow_operators.py
[2026-06-19T16:57:52.478+0000] {logging_mixin.py:190} INFO - [2026-06-19T16:57:52.478+0000] {dag.py:3239} INFO - Sync 1 DAGs
[2026-06-19T16:57:52.515+0000] {logging_mixin.py:190} INFO - [2026-06-19T16:57:52.514+0000] {dag.py:4180} INFO - Setting next_dagrun for example_dynamic_task_mapping_with_no_taskflow_operators to None, run_after=None
[2026-06-19T16:57:52.555+0000] {processor.py:208} INFO - Processing /home/airflow/.local/lib/python3.12/site-packages/airflow/example_dags/example_dynamic_task_mapping_with_no_taskflow_operators.py took 0.166 seconds
[2026-06-19T16:58:22.735+0000] {processor.py:186} INFO - Started process (PID=2040) to work on /home/airflow/.local/lib/python3.12/site-packages/airflow/example_dags/example_dynamic_task_mapping_with_no_taskflow_operators.py
[2026-06-19T16:58:22.740+0000] {processor.py:914} INFO - Processing file /home/airflow/.local/lib/python3.12/site-packages/airflow/example_dags/example_dynamic_task_mapping_with_no_taskflow_operators.py for tasks to queue
[2026-06-19T16:58:22.746+0000] {logging_mixin.py:190} INFO - [2026-06-19T16:58:22.745+0000] {dagbag.py:588} INFO - Filling up the DagBag from /home/airflow/.local/lib/python3.12/site-packages/airflow/example_dags/example_dynamic_task_mapping_with_no_taskflow_operators.py
[2026-06-19T16:58:22.766+0000] {processor.py:925} INFO - DAG(s) 'example_dynamic_task_mapping_with_no_taskflow_operators' retrieved from /home/airflow/.local/lib/python3.12/site-packages/airflow/example_dags/example_dynamic_task_mapping_with_no_taskflow_operators.py
[2026-06-19T16:58:22.807+0000] {logging_mixin.py:190} INFO - [2026-06-19T16:58:22.806+0000] {dag.py:3239} INFO - Sync 1 DAGs
[2026-06-19T16:58:22.838+0000] {logging_mixin.py:190} INFO - [2026-06-19T16:58:22.838+0000] {dag.py:4180} INFO - Setting next_dagrun for example_dynamic_task_mapping_with_no_taskflow_operators to None, run_after=None
[2026-06-19T16:58:22.870+0000] {processor.py:208} INFO - Processing /home/airflow/.local/lib/python3.12/site-packages/airflow/example_dags/example_dynamic_task_mapping_with_no_taskflow_operators.py took 0.152 seconds
[2026-06-19T16:58:53.522+0000] {processor.py:186} INFO - Started process (PID=2104) to work on /home/airflow/.local/lib/python3.12/site-packages/airflow/example_dags/example_dynamic_task_mapping_with_no_taskflow_operators.py
[2026-06-19T16:58:53.524+0000] {processor.py:914} INFO - Processing file /home/airflow/.local/lib/python3.12/site-packages/airflow/example_dags/example_dynamic_task_mapping_with_no_taskflow_operators.py for tasks to queue
[2026-06-19T16:58:53.529+0000] {logging_mixin.py:190} INFO - [2026-06-19T16:58:53.529+0000] {dagbag.py:588} INFO - Filling up the DagBag from /home/airflow/.local/lib/python3.12/site-packages/airflow/example_dags/example_dynamic_task_mapping_with_no_taskflow_operators.py
[2026-06-19T16:58:53.544+0000] {processor.py:925} INFO - DAG(s) 'example_dynamic_task_mapping_with_no_taskflow_operators' retrieved from /home/airflow/.local/lib/python3.12/site-packages/airflow/example_dags/example_dynamic_task_mapping_with_no_taskflow_operators.py
[2026-06-19T16:58:53.579+0000] {logging_mixin.py:190} INFO - [2026-06-19T16:58:53.579+0000] {dag.py:3239} INFO - Sync 1 DAGs
[2026-06-19T16:58:53.607+0000] {logging_mixin.py:190} INFO - [2026-06-19T16:58:53.607+0000] {dag.py:4180} INFO - Setting next_dagrun for example_dynamic_task_mapping_with_no_taskflow_operators to None, run_after=None
[2026-06-19T16:58:53.636+0000] {processor.py:208} INFO - Processing /home/airflow/.local/lib/python3.12/site-packages/airflow/example_dags/example_dynamic_task_mapping_with_no_taskflow_operators.py took 0.123 seconds
[2026-06-19T16:59:24.393+0000] {processor.py:186} INFO - Started process (PID=2168) to work on /home/airflow/.local/lib/python3.12/site-packages/airflow/example_dags/example_dynamic_task_mapping_with_no_taskflow_operators.py
[2026-06-19T16:59:24.396+0000] {processor.py:914} INFO - Processing file /home/airflow/.local/lib/python3.12/site-packages/airflow/example_dags/example_dynamic_task_mapping_with_no_taskflow_operators.py for tasks to queue
[2026-06-19T16:59:24.401+0000] {logging_mixin.py:190} INFO - [2026-06-19T16:59:24.400+0000] {dagbag.py:588} INFO - Filling up the DagBag from /home/airflow/.local/lib/python3.12/site-packages/airflow/example_dags/example_dynamic_task_mapping_with_no_taskflow_operators.py
[2026-06-19T16:59:24.413+0000] {processor.py:925} INFO - DAG(s) 'example_dynamic_task_mapping_with_no_taskflow_operators' retrieved from /home/airflow/.local/lib/python3.12/site-packages/airflow/example_dags/example_dynamic_task_mapping_with_no_taskflow_operators.py
[2026-06-19T16:59:24.447+0000] {logging_mixin.py:190} INFO - [2026-06-19T16:59:24.447+0000] {dag.py:3239} INFO - Sync 1 DAGs
[2026-06-19T16:59:24.475+0000] {logging_mixin.py:190} INFO - [2026-06-19T16:59:24.475+0000] {dag.py:4180} INFO - Setting next_dagrun for example_dynamic_task_mapping_with_no_taskflow_operators to None, run_after=None
[2026-06-19T16:59:24.499+0000] {processor.py:208} INFO - Processing /home/airflow/.local/lib/python3.12/site-packages/airflow/example_dags/example_dynamic_task_mapping_with_no_taskflow_operators.py took 0.114 seconds
[2026-06-19T16:59:54.876+0000] {processor.py:186} INFO - Started process (PID=2232) to work on /home/airflow/.local/lib/python3.12/site-packages/airflow/example_dags/example_dynamic_task_mapping_with_no_taskflow_operators.py
[2026-06-19T16:59:54.880+0000] {processor.py:914} INFO - Processing file /home/airflow/.local/lib/python3.12/site-packages/airflow/example_dags/example_dynamic_task_mapping_with_no_taskflow_operators.py for tasks to queue
[2026-06-19T16:59:54.886+0000] {logging_mixin.py:190} INFO - [2026-06-19T16:59:54.885+0000] {dagbag.py:588} INFO - Filling up the DagBag from /home/airflow/.local/lib/python3.12/site-packages/airflow/example_dags/example_dynamic_task_mapping_with_no_taskflow_operators.py
[2026-06-19T16:59:54.907+0000] {processor.py:925} INFO - DAG(s) 'example_dynamic_task_mapping_with_no_taskflow_operators' retrieved from /home/airflow/.local/lib/python3.12/site-packages/airflow/example_dags/example_dynamic_task_mapping_with_no_taskflow_operators.py
[2026-06-19T16:59:54.947+0000] {logging_mixin.py:190} INFO - [2026-06-19T16:59:54.947+0000] {dag.py:3239} INFO - Sync 1 DAGs
[2026-06-19T16:59:54.970+0000] {logging_mixin.py:190} INFO - [2026-06-19T16:59:54.970+0000] {dag.py:4180} INFO - Setting next_dagrun for example_dynamic_task_mapping_with_no_taskflow_operators to None, run_after=None
[2026-06-19T16:59:54.999+0000] {processor.py:208} INFO - Processing /home/airflow/.local/lib/python3.12/site-packages/airflow/example_dags/example_dynamic_task_mapping_with_no_taskflow_operators.py took 0.139 seconds
[2026-06-19T17:00:25.814+0000] {processor.py:186} INFO - Started process (PID=2296) to work on /home/airflow/.local/lib/python3.12/site-packages/airflow/example_dags/example_dynamic_task_mapping_with_no_taskflow_operators.py
[2026-06-19T17:00:25.819+0000] {processor.py:914} INFO - Processing file /home/airflow/.local/lib/python3.12/site-packages/airflow/example_dags/example_dynamic_task_mapping_with_no_taskflow_operators.py for tasks to queue
[2026-06-19T17:00:25.826+0000] {logging_mixin.py:190} INFO - [2026-06-19T17:00:25.825+0000] {dagbag.py:588} INFO - Filling up the DagBag from /home/airflow/.local/lib/python3.12/site-packages/airflow/example_dags/example_dynamic_task_mapping_with_no_taskflow_operators.py
[2026-06-19T17:00:25.849+0000] {processor.py:925} INFO - DAG(s) 'example_dynamic_task_mapping_with_no_taskflow_operators' retrieved from /home/airflow/.local/lib/python3.12/site-packages/airflow/example_dags/example_dynamic_task_mapping_with_no_taskflow_operators.py
[2026-06-19T17:00:25.901+0000] {logging_mixin.py:190} INFO - [2026-06-19T17:00:25.901+0000] {dag.py:3239} INFO - Sync 1 DAGs
[2026-06-19T17:00:25.967+0000] {logging_mixin.py:190} INFO - [2026-06-19T17:00:25.966+0000] {dag.py:4180} INFO - Setting next_dagrun for example_dynamic_task_mapping_with_no_taskflow_operators to None, run_after=None
[2026-06-19T17:00:26.032+0000] {processor.py:208} INFO - Processing /home/airflow/.local/lib/python3.12/site-packages/airflow/example_dags/example_dynamic_task_mapping_with_no_taskflow_operators.py took 0.233 seconds
[2026-06-19T17:00:57.075+0000] {processor.py:186} INFO - Started process (PID=2360) to work on /home/airflow/.local/lib/python3.12/site-packages/airflow/example_dags/example_dynamic_task_mapping_with_no_taskflow_operators.py
[2026-06-19T17:00:57.078+0000] {processor.py:914} INFO - Processing file /home/airflow/.local/lib/python3.12/site-packages/airflow/example_dags/example_dynamic_task_mapping_with_no_taskflow_operators.py for tasks to queue
[2026-06-19T17:00:57.084+0000] {logging_mixin.py:190} INFO - [2026-06-19T17:00:57.083+0000] {dagbag.py:588} INFO - Filling up the DagBag from /home/airflow/.local/lib/python3.12/site-packages/airflow/example_dags/example_dynamic_task_mapping_with_no_taskflow_operators.py
[2026-06-19T17:00:57.099+0000] {processor.py:925} INFO - DAG(s) 'example_dynamic_task_mapping_with_no_taskflow_operators' retrieved from /home/airflow/.local/lib/python3.12/site-packages/airflow/example_dags/example_dynamic_task_mapping_with_no_taskflow_operators.py
[2026-06-19T17:00:57.132+0000] {logging_mixin.py:190} INFO - [2026-06-19T17:00:57.131+0000] {dag.py:3239} INFO - Sync 1 DAGs
[2026-06-19T17:00:57.159+0000] {logging_mixin.py:190} INFO - [2026-06-19T17:00:57.158+0000] {dag.py:4180} INFO - Setting next_dagrun for example_dynamic_task_mapping_with_no_taskflow_operators to None, run_after=None
[2026-06-19T17:00:57.203+0000] {processor.py:208} INFO - Processing /home/airflow/.local/lib/python3.12/site-packages/airflow/example_dags/example_dynamic_task_mapping_with_no_taskflow_operators.py took 0.136 seconds
[2026-06-19T17:01:27.720+0000] {processor.py:186} INFO - Started process (PID=2423) to work on /home/airflow/.local/lib/python3.12/site-packages/airflow/example_dags/example_dynamic_task_mapping_with_no_taskflow_operators.py
[2026-06-19T17:01:27.725+0000] {processor.py:914} INFO - Processing file /home/airflow/.local/lib/python3.12/site-packages/airflow/example_dags/example_dynamic_task_mapping_with_no_taskflow_operators.py for tasks to queue
[2026-06-19T17:01:27.737+0000] {logging_mixin.py:190} INFO - [2026-06-19T17:01:27.736+0000] {dagbag.py:588} INFO - Filling up the DagBag from /home/airflow/.local/lib/python3.12/site-packages/airflow/example_dags/example_dynamic_task_mapping_with_no_taskflow_operators.py
[2026-06-19T17:01:27.763+0000] {processor.py:925} INFO - DAG(s) 'example_dynamic_task_mapping_with_no_taskflow_operators' retrieved from /home/airflow/.local/lib/python3.12/site-packages/airflow/example_dags/example_dynamic_task_mapping_with_no_taskflow_operators.py
[2026-06-19T17:01:27.823+0000] {logging_mixin.py:190} INFO - [2026-06-19T17:01:27.823+0000] {dag.py:3239} INFO - Sync 1 DAGs
[2026-06-19T17:01:27.887+0000] {logging_mixin.py:190} INFO - [2026-06-19T17:01:27.887+0000] {dag.py:4180} INFO - Setting next_dagrun for example_dynamic_task_mapping_with_no_taskflow_operators to None, run_after=None
[2026-06-19T17:01:27.961+0000] {processor.py:208} INFO - Processing /home/airflow/.local/lib/python3.12/site-packages/airflow/example_dags/example_dynamic_task_mapping_with_no_taskflow_operators.py took 0.263 seconds
[2026-06-19T17:01:58.294+0000] {processor.py:186} INFO - Started process (PID=2487) to work on /home/airflow/.local/lib/python3.12/site-packages/airflow/example_dags/example_dynamic_task_mapping_with_no_taskflow_operators.py
[2026-06-19T17:01:58.298+0000] {processor.py:914} INFO - Processing file /home/airflow/.local/lib/python3.12/site-packages/airflow/example_dags/example_dynamic_task_mapping_with_no_taskflow_operators.py for tasks to queue
[2026-06-19T17:01:58.306+0000] {logging_mixin.py:190} INFO - [2026-06-19T17:01:58.306+0000] {dagbag.py:588} INFO - Filling up the DagBag from /home/airflow/.local/lib/python3.12/site-packages/airflow/example_dags/example_dynamic_task_mapping_with_no_taskflow_operators.py
[2026-06-19T17:01:58.328+0000] {processor.py:925} INFO - DAG(s) 'example_dynamic_task_mapping_with_no_taskflow_operators' retrieved from /home/airflow/.local/lib/python3.12/site-packages/airflow/example_dags/example_dynamic_task_mapping_with_no_taskflow_operators.py
[2026-06-19T17:01:58.370+0000] {logging_mixin.py:190} INFO - [2026-06-19T17:01:58.369+0000] {dag.py:3239} INFO - Sync 1 DAGs
[2026-06-19T17:01:58.401+0000] {logging_mixin.py:190} INFO - [2026-06-19T17:01:58.400+0000] {dag.py:4180} INFO - Setting next_dagrun for example_dynamic_task_mapping_with_no_taskflow_operators to None, run_after=None
[2026-06-19T17:01:58.437+0000] {processor.py:208} INFO - Processing /home/airflow/.local/lib/python3.12/site-packages/airflow/example_dags/example_dynamic_task_mapping_with_no_taskflow_operators.py took 0.157 seconds
[2026-06-19T17:02:29.168+0000] {processor.py:186} INFO - Started process (PID=2551) to work on /home/airflow/.local/lib/python3.12/site-packages/airflow/example_dags/example_dynamic_task_mapping_with_no_taskflow_operators.py
[2026-06-19T17:02:29.171+0000] {processor.py:914} INFO - Processing file /home/airflow/.local/lib/python3.12/site-packages/airflow/example_dags/example_dynamic_task_mapping_with_no_taskflow_operators.py for tasks to queue
[2026-06-19T17:02:29.174+0000] {logging_mixin.py:190} INFO - [2026-06-19T17:02:29.174+0000] {dagbag.py:588} INFO - Filling up the DagBag from /home/airflow/.local/lib/python3.12/site-packages/airflow/example_dags/example_dynamic_task_mapping_with_no_taskflow_operators.py
[2026-06-19T17:02:29.186+0000] {processor.py:925} INFO - DAG(s) 'example_dynamic_task_mapping_with_no_taskflow_operators' retrieved from /home/airflow/.local/lib/python3.12/site-packages/airflow/example_dags/example_dynamic_task_mapping_with_no_taskflow_operators.py
[2026-06-19T17:02:29.213+0000] {logging_mixin.py:190} INFO - [2026-06-19T17:02:29.212+0000] {dag.py:3239} INFO - Sync 1 DAGs
[2026-06-19T17:02:29.234+0000] {logging_mixin.py:190} INFO - [2026-06-19T17:02:29.233+0000] {dag.py:4180} INFO - Setting next_dagrun for example_dynamic_task_mapping_with_no_taskflow_operators to None, run_after=None
[2026-06-19T17:02:29.262+0000] {processor.py:208} INFO - Processing /home/airflow/.local/lib/python3.12/site-packages/airflow/example_dags/example_dynamic_task_mapping_with_no_taskflow_operators.py took 0.103 seconds
[2026-06-19T17:04:30.417+0000] {processor.py:186} INFO - Started process (PID=101) to work on /home/airflow/.local/lib/python3.12/site-packages/airflow/example_dags/example_dynamic_task_mapping_with_no_taskflow_operators.py
[2026-06-19T17:04:30.428+0000] {processor.py:914} INFO - Processing file /home/airflow/.local/lib/python3.12/site-packages/airflow/example_dags/example_dynamic_task_mapping_with_no_taskflow_operators.py for tasks to queue
[2026-06-19T17:04:30.434+0000] {logging_mixin.py:190} INFO - [2026-06-19T17:04:30.433+0000] {dagbag.py:588} INFO - Filling up the DagBag from /home/airflow/.local/lib/python3.12/site-packages/airflow/example_dags/example_dynamic_task_mapping_with_no_taskflow_operators.py
[2026-06-19T17:04:30.473+0000] {processor.py:925} INFO - DAG(s) 'example_dynamic_task_mapping_with_no_taskflow_operators' retrieved from /home/airflow/.local/lib/python3.12/site-packages/airflow/example_dags/example_dynamic_task_mapping_with_no_taskflow_operators.py
[2026-06-19T17:04:30.549+0000] {logging_mixin.py:190} INFO - [2026-06-19T17:04:30.548+0000] {dag.py:3239} INFO - Sync 1 DAGs
[2026-06-19T17:04:30.586+0000] {logging_mixin.py:190} INFO - [2026-06-19T17:04:30.586+0000] {dag.py:4180} INFO - Setting next_dagrun for example_dynamic_task_mapping_with_no_taskflow_operators to None, run_after=None
[2026-06-19T17:04:30.629+0000] {processor.py:208} INFO - Processing /home/airflow/.local/lib/python3.12/site-packages/airflow/example_dags/example_dynamic_task_mapping_with_no_taskflow_operators.py took 0.238 seconds
[2026-06-19T17:05:02.451+0000] {processor.py:186} INFO - Started process (PID=165) to work on /home/airflow/.local/lib/python3.12/site-packages/airflow/example_dags/example_dynamic_task_mapping_with_no_taskflow_operators.py
[2026-06-19T17:05:02.456+0000] {processor.py:914} INFO - Processing file /home/airflow/.local/lib/python3.12/site-packages/airflow/example_dags/example_dynamic_task_mapping_with_no_taskflow_operators.py for tasks to queue
[2026-06-19T17:05:02.463+0000] {logging_mixin.py:190} INFO - [2026-06-19T17:05:02.462+0000] {dagbag.py:588} INFO - Filling up the DagBag from /home/airflow/.local/lib/python3.12/site-packages/airflow/example_dags/example_dynamic_task_mapping_with_no_taskflow_operators.py
[2026-06-19T17:05:02.489+0000] {processor.py:925} INFO - DAG(s) 'example_dynamic_task_mapping_with_no_taskflow_operators' retrieved from /home/airflow/.local/lib/python3.12/site-packages/airflow/example_dags/example_dynamic_task_mapping_with_no_taskflow_operators.py
[2026-06-19T17:05:02.542+0000] {logging_mixin.py:190} INFO - [2026-06-19T17:05:02.541+0000] {dag.py:3239} INFO - Sync 1 DAGs
[2026-06-19T17:05:02.578+0000] {logging_mixin.py:190} INFO - [2026-06-19T17:05:02.577+0000] {dag.py:4180} INFO - Setting next_dagrun for example_dynamic_task_mapping_with_no_taskflow_operators to None, run_after=None
[2026-06-19T17:05:02.615+0000] {processor.py:208} INFO - Processing /home/airflow/.local/lib/python3.12/site-packages/airflow/example_dags/example_dynamic_task_mapping_with_no_taskflow_operators.py took 0.180 seconds
[2026-06-19T17:05:33.119+0000] {processor.py:186} INFO - Started process (PID=229) to work on /home/airflow/.local/lib/python3.12/site-packages/airflow/example_dags/example_dynamic_task_mapping_with_no_taskflow_operators.py
[2026-06-19T17:05:33.122+0000] {processor.py:914} INFO - Processing file /home/airflow/.local/lib/python3.12/site-packages/airflow/example_dags/example_dynamic_task_mapping_with_no_taskflow_operators.py for tasks to queue
[2026-06-19T17:05:33.126+0000] {logging_mixin.py:190} INFO - [2026-06-19T17:05:33.125+0000] {dagbag.py:588} INFO - Filling up the DagBag from /home/airflow/.local/lib/python3.12/site-packages/airflow/example_dags/example_dynamic_task_mapping_with_no_taskflow_operators.py
[2026-06-19T17:05:33.136+0000] {processor.py:925} INFO - DAG(s) 'example_dynamic_task_mapping_with_no_taskflow_operators' retrieved from /home/airflow/.local/lib/python3.12/site-packages/airflow/example_dags/example_dynamic_task_mapping_with_no_taskflow_operators.py
[2026-06-19T17:05:33.163+0000] {logging_mixin.py:190} INFO - [2026-06-19T17:05:33.163+0000] {dag.py:3239} INFO - Sync 1 DAGs
[2026-06-19T17:05:33.187+0000] {logging_mixin.py:190} INFO - [2026-06-19T17:05:33.187+0000] {dag.py:4180} INFO - Setting next_dagrun for example_dynamic_task_mapping_with_no_taskflow_operators to None, run_after=None
[2026-06-19T17:05:33.224+0000] {processor.py:208} INFO - Processing /home/airflow/.local/lib/python3.12/site-packages/airflow/example_dags/example_dynamic_task_mapping_with_no_taskflow_operators.py took 0.112 seconds
[2026-06-19T17:06:07.641+0000] {processor.py:186} INFO - Started process (PID=298) to work on /home/airflow/.local/lib/python3.12/site-packages/airflow/example_dags/example_dynamic_task_mapping_with_no_taskflow_operators.py
[2026-06-19T17:06:07.668+0000] {processor.py:914} INFO - Processing file /home/airflow/.local/lib/python3.12/site-packages/airflow/example_dags/example_dynamic_task_mapping_with_no_taskflow_operators.py for tasks to queue
[2026-06-19T17:06:07.686+0000] {logging_mixin.py:190} INFO - [2026-06-19T17:06:07.685+0000] {dagbag.py:588} INFO - Filling up the DagBag from /home/airflow/.local/lib/python3.12/site-packages/airflow/example_dags/example_dynamic_task_mapping_with_no_taskflow_operators.py
[2026-06-19T17:06:07.727+0000] {processor.py:925} INFO - DAG(s) 'example_dynamic_task_mapping_with_no_taskflow_operators' retrieved from /home/airflow/.local/lib/python3.12/site-packages/airflow/example_dags/example_dynamic_task_mapping_with_no_taskflow_operators.py
[2026-06-19T17:06:07.811+0000] {logging_mixin.py:190} INFO - [2026-06-19T17:06:07.810+0000] {dag.py:3239} INFO - Sync 1 DAGs
[2026-06-19T17:06:07.903+0000] {logging_mixin.py:190} INFO - [2026-06-19T17:06:07.902+0000] {dag.py:4180} INFO - Setting next_dagrun for example_dynamic_task_mapping_with_no_taskflow_operators to None, run_after=None
[2026-06-19T17:06:07.995+0000] {processor.py:208} INFO - Processing /home/airflow/.local/lib/python3.12/site-packages/airflow/example_dags/example_dynamic_task_mapping_with_no_taskflow_operators.py took 0.398 seconds
[2026-06-19T17:08:05.095+0000] {processor.py:186} INFO - Started process (PID=101) to work on /home/airflow/.local/lib/python3.12/site-packages/airflow/example_dags/example_dynamic_task_mapping_with_no_taskflow_operators.py
[2026-06-19T17:08:05.104+0000] {processor.py:914} INFO - Processing file /home/airflow/.local/lib/python3.12/site-packages/airflow/example_dags/example_dynamic_task_mapping_with_no_taskflow_operators.py for tasks to queue
[2026-06-19T17:08:05.116+0000] {logging_mixin.py:190} INFO - [2026-06-19T17:08:05.114+0000] {dagbag.py:588} INFO - Filling up the DagBag from /home/airflow/.local/lib/python3.12/site-packages/airflow/example_dags/example_dynamic_task_mapping_with_no_taskflow_operators.py
[2026-06-19T17:08:05.152+0000] {processor.py:925} INFO - DAG(s) 'example_dynamic_task_mapping_with_no_taskflow_operators' retrieved from /home/airflow/.local/lib/python3.12/site-packages/airflow/example_dags/example_dynamic_task_mapping_with_no_taskflow_operators.py
[2026-06-19T17:08:05.214+0000] {logging_mixin.py:190} INFO - [2026-06-19T17:08:05.213+0000] {dag.py:3239} INFO - Sync 1 DAGs
[2026-06-19T17:08:05.257+0000] {logging_mixin.py:190} INFO - [2026-06-19T17:08:05.256+0000] {dag.py:4180} INFO - Setting next_dagrun for example_dynamic_task_mapping_with_no_taskflow_operators to None, run_after=None
[2026-06-19T17:08:05.299+0000] {processor.py:208} INFO - Processing /home/airflow/.local/lib/python3.12/site-packages/airflow/example_dags/example_dynamic_task_mapping_with_no_taskflow_operators.py took 0.252 seconds
[2026-06-19T17:08:35.464+0000] {processor.py:186} INFO - Started process (PID=164) to work on /home/airflow/.local/lib/python3.12/site-packages/airflow/example_dags/example_dynamic_task_mapping_with_no_taskflow_operators.py
[2026-06-19T17:08:35.470+0000] {processor.py:914} INFO - Processing file /home/airflow/.local/lib/python3.12/site-packages/airflow/example_dags/example_dynamic_task_mapping_with_no_taskflow_operators.py for tasks to queue
[2026-06-19T17:08:35.476+0000] {logging_mixin.py:190} INFO - [2026-06-19T17:08:35.475+0000] {dagbag.py:588} INFO - Filling up the DagBag from /home/airflow/.local/lib/python3.12/site-packages/airflow/example_dags/example_dynamic_task_mapping_with_no_taskflow_operators.py
[2026-06-19T17:08:35.496+0000] {processor.py:925} INFO - DAG(s) 'example_dynamic_task_mapping_with_no_taskflow_operators' retrieved from /home/airflow/.local/lib/python3.12/site-packages/airflow/example_dags/example_dynamic_task_mapping_with_no_taskflow_operators.py
[2026-06-19T17:08:35.547+0000] {logging_mixin.py:190} INFO - [2026-06-19T17:08:35.547+0000] {dag.py:3239} INFO - Sync 1 DAGs
[2026-06-19T17:08:35.587+0000] {logging_mixin.py:190} INFO - [2026-06-19T17:08:35.587+0000] {dag.py:4180} INFO - Setting next_dagrun for example_dynamic_task_mapping_with_no_taskflow_operators to None, run_after=None
[2026-06-19T17:08:35.637+0000] {processor.py:208} INFO - Processing /home/airflow/.local/lib/python3.12/site-packages/airflow/example_dags/example_dynamic_task_mapping_with_no_taskflow_operators.py took 0.191 seconds
[2026-06-19T17:09:07.809+0000] {processor.py:186} INFO - Started process (PID=234) to work on /home/airflow/.local/lib/python3.12/site-packages/airflow/example_dags/example_dynamic_task_mapping_with_no_taskflow_operators.py
[2026-06-19T17:09:07.812+0000] {processor.py:914} INFO - Processing file /home/airflow/.local/lib/python3.12/site-packages/airflow/example_dags/example_dynamic_task_mapping_with_no_taskflow_operators.py for tasks to queue
[2026-06-19T17:09:07.817+0000] {logging_mixin.py:190} INFO - [2026-06-19T17:09:07.816+0000] {dagbag.py:588} INFO - Filling up the DagBag from /home/airflow/.local/lib/python3.12/site-packages/airflow/example_dags/example_dynamic_task_mapping_with_no_taskflow_operators.py
[2026-06-19T17:09:07.827+0000] {processor.py:925} INFO - DAG(s) 'example_dynamic_task_mapping_with_no_taskflow_operators' retrieved from /home/airflow/.local/lib/python3.12/site-packages/airflow/example_dags/example_dynamic_task_mapping_with_no_taskflow_operators.py
[2026-06-19T17:09:07.852+0000] {logging_mixin.py:190} INFO - [2026-06-19T17:09:07.852+0000] {dag.py:3239} INFO - Sync 1 DAGs
[2026-06-19T17:09:07.868+0000] {logging_mixin.py:190} INFO - [2026-06-19T17:09:07.868+0000] {dag.py:4180} INFO - Setting next_dagrun for example_dynamic_task_mapping_with_no_taskflow_operators to None, run_after=None
[2026-06-19T17:09:07.891+0000] {processor.py:208} INFO - Processing /home/airflow/.local/lib/python3.12/site-packages/airflow/example_dags/example_dynamic_task_mapping_with_no_taskflow_operators.py took 0.091 seconds
[2026-06-19T17:09:39.780+0000] {processor.py:186} INFO - Started process (PID=299) to work on /home/airflow/.local/lib/python3.12/site-packages/airflow/example_dags/example_dynamic_task_mapping_with_no_taskflow_operators.py
[2026-06-19T17:09:39.784+0000] {processor.py:914} INFO - Processing file /home/airflow/.local/lib/python3.12/site-packages/airflow/example_dags/example_dynamic_task_mapping_with_no_taskflow_operators.py for tasks to queue
[2026-06-19T17:09:39.791+0000] {logging_mixin.py:190} INFO - [2026-06-19T17:09:39.790+0000] {dagbag.py:588} INFO - Filling up the DagBag from /home/airflow/.local/lib/python3.12/site-packages/airflow/example_dags/example_dynamic_task_mapping_with_no_taskflow_operators.py
[2026-06-19T17:09:39.820+0000] {processor.py:925} INFO - DAG(s) 'example_dynamic_task_mapping_with_no_taskflow_operators' retrieved from /home/airflow/.local/lib/python3.12/site-packages/airflow/example_dags/example_dynamic_task_mapping_with_no_taskflow_operators.py
[2026-06-19T17:09:39.877+0000] {logging_mixin.py:190} INFO - [2026-06-19T17:09:39.876+0000] {dag.py:3239} INFO - Sync 1 DAGs
[2026-06-19T17:09:39.916+0000] {logging_mixin.py:190} INFO - [2026-06-19T17:09:39.916+0000] {dag.py:4180} INFO - Setting next_dagrun for example_dynamic_task_mapping_with_no_taskflow_operators to None, run_after=None
[2026-06-19T17:09:39.966+0000] {processor.py:208} INFO - Processing /home/airflow/.local/lib/python3.12/site-packages/airflow/example_dags/example_dynamic_task_mapping_with_no_taskflow_operators.py took 0.205 seconds
[2026-06-19T17:10:13.583+0000] {processor.py:186} INFO - Started process (PID=364) to work on /home/airflow/.local/lib/python3.12/site-packages/airflow/example_dags/example_dynamic_task_mapping_with_no_taskflow_operators.py
[2026-06-19T17:10:13.588+0000] {processor.py:914} INFO - Processing file /home/airflow/.local/lib/python3.12/site-packages/airflow/example_dags/example_dynamic_task_mapping_with_no_taskflow_operators.py for tasks to queue
[2026-06-19T17:10:13.599+0000] {logging_mixin.py:190} INFO - [2026-06-19T17:10:13.598+0000] {dagbag.py:588} INFO - Filling up the DagBag from /home/airflow/.local/lib/python3.12/site-packages/airflow/example_dags/example_dynamic_task_mapping_with_no_taskflow_operators.py
[2026-06-19T17:10:13.636+0000] {processor.py:925} INFO - DAG(s) 'example_dynamic_task_mapping_with_no_taskflow_operators' retrieved from /home/airflow/.local/lib/python3.12/site-packages/airflow/example_dags/example_dynamic_task_mapping_with_no_taskflow_operators.py
[2026-06-19T17:10:13.756+0000] {logging_mixin.py:190} INFO - [2026-06-19T17:10:13.754+0000] {dag.py:3239} INFO - Sync 1 DAGs
[2026-06-19T17:10:13.827+0000] {logging_mixin.py:190} INFO - [2026-06-19T17:10:13.827+0000] {dag.py:4180} INFO - Setting next_dagrun for example_dynamic_task_mapping_with_no_taskflow_operators to None, run_after=None
[2026-06-19T17:10:13.859+0000] {processor.py:208} INFO - Processing /home/airflow/.local/lib/python3.12/site-packages/airflow/example_dags/example_dynamic_task_mapping_with_no_taskflow_operators.py took 0.298 seconds
[2026-06-19T17:10:44.164+0000] {processor.py:186} INFO - Started process (PID=427) to work on /home/airflow/.local/lib/python3.12/site-packages/airflow/example_dags/example_dynamic_task_mapping_with_no_taskflow_operators.py
[2026-06-19T17:10:44.166+0000] {processor.py:914} INFO - Processing file /home/airflow/.local/lib/python3.12/site-packages/airflow/example_dags/example_dynamic_task_mapping_with_no_taskflow_operators.py for tasks to queue
[2026-06-19T17:10:44.171+0000] {logging_mixin.py:190} INFO - [2026-06-19T17:10:44.170+0000] {dagbag.py:588} INFO - Filling up the DagBag from /home/airflow/.local/lib/python3.12/site-packages/airflow/example_dags/example_dynamic_task_mapping_with_no_taskflow_operators.py
[2026-06-19T17:10:44.181+0000] {processor.py:925} INFO - DAG(s) 'example_dynamic_task_mapping_with_no_taskflow_operators' retrieved from /home/airflow/.local/lib/python3.12/site-packages/airflow/example_dags/example_dynamic_task_mapping_with_no_taskflow_operators.py
[2026-06-19T17:10:44.203+0000] {logging_mixin.py:190} INFO - [2026-06-19T17:10:44.203+0000] {dag.py:3239} INFO - Sync 1 DAGs
[2026-06-19T17:10:44.223+0000] {logging_mixin.py:190} INFO - [2026-06-19T17:10:44.223+0000] {dag.py:4180} INFO - Setting next_dagrun for example_dynamic_task_mapping_with_no_taskflow_operators to None, run_after=None
[2026-06-19T17:10:44.246+0000] {processor.py:208} INFO - Processing /home/airflow/.local/lib/python3.12/site-packages/airflow/example_dags/example_dynamic_task_mapping_with_no_taskflow_operators.py took 0.091 seconds
[2026-06-19T17:11:17.103+0000] {processor.py:186} INFO - Started process (PID=491) to work on /home/airflow/.local/lib/python3.12/site-packages/airflow/example_dags/example_dynamic_task_mapping_with_no_taskflow_operators.py
[2026-06-19T17:11:17.111+0000] {processor.py:914} INFO - Processing file /home/airflow/.local/lib/python3.12/site-packages/airflow/example_dags/example_dynamic_task_mapping_with_no_taskflow_operators.py for tasks to queue
[2026-06-19T17:11:17.122+0000] {logging_mixin.py:190} INFO - [2026-06-19T17:11:17.121+0000] {dagbag.py:588} INFO - Filling up the DagBag from /home/airflow/.local/lib/python3.12/site-packages/airflow/example_dags/example_dynamic_task_mapping_with_no_taskflow_operators.py
[2026-06-19T17:11:17.170+0000] {processor.py:925} INFO - DAG(s) 'example_dynamic_task_mapping_with_no_taskflow_operators' retrieved from /home/airflow/.local/lib/python3.12/site-packages/airflow/example_dags/example_dynamic_task_mapping_with_no_taskflow_operators.py
[2026-06-19T17:11:17.261+0000] {logging_mixin.py:190} INFO - [2026-06-19T17:11:17.251+0000] {dag.py:3239} INFO - Sync 1 DAGs
[2026-06-19T17:11:17.366+0000] {logging_mixin.py:190} INFO - [2026-06-19T17:11:17.356+0000] {dag.py:4180} INFO - Setting next_dagrun for example_dynamic_task_mapping_with_no_taskflow_operators to None, run_after=None
[2026-06-19T17:11:17.481+0000] {processor.py:208} INFO - Processing /home/airflow/.local/lib/python3.12/site-packages/airflow/example_dags/example_dynamic_task_mapping_with_no_taskflow_operators.py took 0.404 seconds
[2026-06-19T17:11:47.867+0000] {processor.py:186} INFO - Started process (PID=555) to work on /home/airflow/.local/lib/python3.12/site-packages/airflow/example_dags/example_dynamic_task_mapping_with_no_taskflow_operators.py
[2026-06-19T17:11:47.871+0000] {processor.py:914} INFO - Processing file /home/airflow/.local/lib/python3.12/site-packages/airflow/example_dags/example_dynamic_task_mapping_with_no_taskflow_operators.py for tasks to queue
[2026-06-19T17:11:47.879+0000] {logging_mixin.py:190} INFO - [2026-06-19T17:11:47.879+0000] {dagbag.py:588} INFO - Filling up the DagBag from /home/airflow/.local/lib/python3.12/site-packages/airflow/example_dags/example_dynamic_task_mapping_with_no_taskflow_operators.py
[2026-06-19T17:11:47.900+0000] {processor.py:925} INFO - DAG(s) 'example_dynamic_task_mapping_with_no_taskflow_operators' retrieved from /home/airflow/.local/lib/python3.12/site-packages/airflow/example_dags/example_dynamic_task_mapping_with_no_taskflow_operators.py
[2026-06-19T17:11:47.961+0000] {logging_mixin.py:190} INFO - [2026-06-19T17:11:47.961+0000] {dag.py:3239} INFO - Sync 1 DAGs
[2026-06-19T17:11:47.992+0000] {logging_mixin.py:190} INFO - [2026-06-19T17:11:47.992+0000] {dag.py:4180} INFO - Setting next_dagrun for example_dynamic_task_mapping_with_no_taskflow_operators to None, run_after=None
[2026-06-19T17:11:48.041+0000] {processor.py:208} INFO - Processing /home/airflow/.local/lib/python3.12/site-packages/airflow/example_dags/example_dynamic_task_mapping_with_no_taskflow_operators.py took 0.189 seconds
[2026-06-19T17:12:18.672+0000] {processor.py:186} INFO - Started process (PID=618) to work on /home/airflow/.local/lib/python3.12/site-packages/airflow/example_dags/example_dynamic_task_mapping_with_no_taskflow_operators.py
[2026-06-19T17:12:18.678+0000] {processor.py:914} INFO - Processing file /home/airflow/.local/lib/python3.12/site-packages/airflow/example_dags/example_dynamic_task_mapping_with_no_taskflow_operators.py for tasks to queue
[2026-06-19T17:12:18.689+0000] {logging_mixin.py:190} INFO - [2026-06-19T17:12:18.688+0000] {dagbag.py:588} INFO - Filling up the DagBag from /home/airflow/.local/lib/python3.12/site-packages/airflow/example_dags/example_dynamic_task_mapping_with_no_taskflow_operators.py
[2026-06-19T17:12:18.724+0000] {processor.py:925} INFO - DAG(s) 'example_dynamic_task_mapping_with_no_taskflow_operators' retrieved from /home/airflow/.local/lib/python3.12/site-packages/airflow/example_dags/example_dynamic_task_mapping_with_no_taskflow_operators.py
[2026-06-19T17:12:18.788+0000] {logging_mixin.py:190} INFO - [2026-06-19T17:12:18.788+0000] {dag.py:3239} INFO - Sync 1 DAGs
[2026-06-19T17:12:18.829+0000] {logging_mixin.py:190} INFO - [2026-06-19T17:12:18.828+0000] {dag.py:4180} INFO - Setting next_dagrun for example_dynamic_task_mapping_with_no_taskflow_operators to None, run_after=None
[2026-06-19T17:12:18.871+0000] {processor.py:208} INFO - Processing /home/airflow/.local/lib/python3.12/site-packages/airflow/example_dags/example_dynamic_task_mapping_with_no_taskflow_operators.py took 0.220 seconds
[2026-06-19T17:12:49.087+0000] {processor.py:186} INFO - Started process (PID=681) to work on /home/airflow/.local/lib/python3.12/site-packages/airflow/example_dags/example_dynamic_task_mapping_with_no_taskflow_operators.py
[2026-06-19T17:12:49.090+0000] {processor.py:914} INFO - Processing file /home/airflow/.local/lib/python3.12/site-packages/airflow/example_dags/example_dynamic_task_mapping_with_no_taskflow_operators.py for tasks to queue
[2026-06-19T17:12:49.095+0000] {logging_mixin.py:190} INFO - [2026-06-19T17:12:49.095+0000] {dagbag.py:588} INFO - Filling up the DagBag from /home/airflow/.local/lib/python3.12/site-packages/airflow/example_dags/example_dynamic_task_mapping_with_no_taskflow_operators.py
[2026-06-19T17:12:49.108+0000] {processor.py:925} INFO - DAG(s) 'example_dynamic_task_mapping_with_no_taskflow_operators' retrieved from /home/airflow/.local/lib/python3.12/site-packages/airflow/example_dags/example_dynamic_task_mapping_with_no_taskflow_operators.py
[2026-06-19T17:12:49.138+0000] {logging_mixin.py:190} INFO - [2026-06-19T17:12:49.138+0000] {dag.py:3239} INFO - Sync 1 DAGs
[2026-06-19T17:12:49.158+0000] {logging_mixin.py:190} INFO - [2026-06-19T17:12:49.158+0000] {dag.py:4180} INFO - Setting next_dagrun for example_dynamic_task_mapping_with_no_taskflow_operators to None, run_after=None
[2026-06-19T17:12:49.182+0000] {processor.py:208} INFO - Processing /home/airflow/.local/lib/python3.12/site-packages/airflow/example_dags/example_dynamic_task_mapping_with_no_taskflow_operators.py took 0.101 seconds
[2026-06-19T17:13:20.012+0000] {processor.py:186} INFO - Started process (PID=745) to work on /home/airflow/.local/lib/python3.12/site-packages/airflow/example_dags/example_dynamic_task_mapping_with_no_taskflow_operators.py
[2026-06-19T17:13:20.017+0000] {processor.py:914} INFO - Processing file /home/airflow/.local/lib/python3.12/site-packages/airflow/example_dags/example_dynamic_task_mapping_with_no_taskflow_operators.py for tasks to queue
[2026-06-19T17:13:20.028+0000] {logging_mixin.py:190} INFO - [2026-06-19T17:13:20.026+0000] {dagbag.py:588} INFO - Filling up the DagBag from /home/airflow/.local/lib/python3.12/site-packages/airflow/example_dags/example_dynamic_task_mapping_with_no_taskflow_operators.py
[2026-06-19T17:13:20.067+0000] {processor.py:925} INFO - DAG(s) 'example_dynamic_task_mapping_with_no_taskflow_operators' retrieved from /home/airflow/.local/lib/python3.12/site-packages/airflow/example_dags/example_dynamic_task_mapping_with_no_taskflow_operators.py
[2026-06-19T17:13:20.141+0000] {logging_mixin.py:190} INFO - [2026-06-19T17:13:20.140+0000] {dag.py:3239} INFO - Sync 1 DAGs
[2026-06-19T17:13:20.208+0000] {logging_mixin.py:190} INFO - [2026-06-19T17:13:20.207+0000] {dag.py:4180} INFO - Setting next_dagrun for example_dynamic_task_mapping_with_no_taskflow_operators to None, run_after=None
[2026-06-19T17:13:20.280+0000] {processor.py:208} INFO - Processing /home/airflow/.local/lib/python3.12/site-packages/airflow/example_dags/example_dynamic_task_mapping_with_no_taskflow_operators.py took 0.294 seconds
[2026-06-19T17:13:50.601+0000] {processor.py:186} INFO - Started process (PID=809) to work on /home/airflow/.local/lib/python3.12/site-packages/airflow/example_dags/example_dynamic_task_mapping_with_no_taskflow_operators.py
[2026-06-19T17:13:50.610+0000] {processor.py:914} INFO - Processing file /home/airflow/.local/lib/python3.12/site-packages/airflow/example_dags/example_dynamic_task_mapping_with_no_taskflow_operators.py for tasks to queue
[2026-06-19T17:13:50.625+0000] {logging_mixin.py:190} INFO - [2026-06-19T17:13:50.624+0000] {dagbag.py:588} INFO - Filling up the DagBag from /home/airflow/.local/lib/python3.12/site-packages/airflow/example_dags/example_dynamic_task_mapping_with_no_taskflow_operators.py
[2026-06-19T17:13:50.660+0000] {processor.py:925} INFO - DAG(s) 'example_dynamic_task_mapping_with_no_taskflow_operators' retrieved from /home/airflow/.local/lib/python3.12/site-packages/airflow/example_dags/example_dynamic_task_mapping_with_no_taskflow_operators.py
[2026-06-19T17:13:50.740+0000] {logging_mixin.py:190} INFO - [2026-06-19T17:13:50.740+0000] {dag.py:3239} INFO - Sync 1 DAGs
[2026-06-19T17:13:50.799+0000] {logging_mixin.py:190} INFO - [2026-06-19T17:13:50.798+0000] {dag.py:4180} INFO - Setting next_dagrun for example_dynamic_task_mapping_with_no_taskflow_operators to None, run_after=None
[2026-06-19T17:13:50.904+0000] {processor.py:208} INFO - Processing /home/airflow/.local/lib/python3.12/site-packages/airflow/example_dags/example_dynamic_task_mapping_with_no_taskflow_operators.py took 0.329 seconds
[2026-06-19T17:14:21.748+0000] {processor.py:186} INFO - Started process (PID=873) to work on /home/airflow/.local/lib/python3.12/site-packages/airflow/example_dags/example_dynamic_task_mapping_with_no_taskflow_operators.py
[2026-06-19T17:14:21.753+0000] {processor.py:914} INFO - Processing file /home/airflow/.local/lib/python3.12/site-packages/airflow/example_dags/example_dynamic_task_mapping_with_no_taskflow_operators.py for tasks to queue
[2026-06-19T17:14:21.761+0000] {logging_mixin.py:190} INFO - [2026-06-19T17:14:21.760+0000] {dagbag.py:588} INFO - Filling up the DagBag from /home/airflow/.local/lib/python3.12/site-packages/airflow/example_dags/example_dynamic_task_mapping_with_no_taskflow_operators.py
[2026-06-19T17:14:21.790+0000] {processor.py:925} INFO - DAG(s) 'example_dynamic_task_mapping_with_no_taskflow_operators' retrieved from /home/airflow/.local/lib/python3.12/site-packages/airflow/example_dags/example_dynamic_task_mapping_with_no_taskflow_operators.py
[2026-06-19T17:14:21.862+0000] {logging_mixin.py:190} INFO - [2026-06-19T17:14:21.862+0000] {dag.py:3239} INFO - Sync 1 DAGs
[2026-06-19T17:14:21.912+0000] {logging_mixin.py:190} INFO - [2026-06-19T17:14:21.911+0000] {dag.py:4180} INFO - Setting next_dagrun for example_dynamic_task_mapping_with_no_taskflow_operators to None, run_after=None
[2026-06-19T17:14:21.980+0000] {processor.py:208} INFO - Processing /home/airflow/.local/lib/python3.12/site-packages/airflow/example_dags/example_dynamic_task_mapping_with_no_taskflow_operators.py took 0.250 seconds
[2026-06-19T17:14:54.598+0000] {processor.py:186} INFO - Started process (PID=937) to work on /home/airflow/.local/lib/python3.12/site-packages/airflow/example_dags/example_dynamic_task_mapping_with_no_taskflow_operators.py
[2026-06-19T17:14:54.602+0000] {processor.py:914} INFO - Processing file /home/airflow/.local/lib/python3.12/site-packages/airflow/example_dags/example_dynamic_task_mapping_with_no_taskflow_operators.py for tasks to queue
[2026-06-19T17:14:54.611+0000] {logging_mixin.py:190} INFO - [2026-06-19T17:14:54.610+0000] {dagbag.py:588} INFO - Filling up the DagBag from /home/airflow/.local/lib/python3.12/site-packages/airflow/example_dags/example_dynamic_task_mapping_with_no_taskflow_operators.py
[2026-06-19T17:14:54.636+0000] {processor.py:925} INFO - DAG(s) 'example_dynamic_task_mapping_with_no_taskflow_operators' retrieved from /home/airflow/.local/lib/python3.12/site-packages/airflow/example_dags/example_dynamic_task_mapping_with_no_taskflow_operators.py
[2026-06-19T17:14:54.703+0000] {logging_mixin.py:190} INFO - [2026-06-19T17:14:54.703+0000] {dag.py:3239} INFO - Sync 1 DAGs
[2026-06-19T17:14:54.774+0000] {logging_mixin.py:190} INFO - [2026-06-19T17:14:54.773+0000] {dag.py:4180} INFO - Setting next_dagrun for example_dynamic_task_mapping_with_no_taskflow_operators to None, run_after=None
[2026-06-19T17:14:54.827+0000] {processor.py:208} INFO - Processing /home/airflow/.local/lib/python3.12/site-packages/airflow/example_dags/example_dynamic_task_mapping_with_no_taskflow_operators.py took 0.242 seconds
[2026-06-19T17:15:25.646+0000] {processor.py:186} INFO - Started process (PID=1001) to work on /home/airflow/.local/lib/python3.12/site-packages/airflow/example_dags/example_dynamic_task_mapping_with_no_taskflow_operators.py
[2026-06-19T17:15:25.650+0000] {processor.py:914} INFO - Processing file /home/airflow/.local/lib/python3.12/site-packages/airflow/example_dags/example_dynamic_task_mapping_with_no_taskflow_operators.py for tasks to queue
[2026-06-19T17:15:25.655+0000] {logging_mixin.py:190} INFO - [2026-06-19T17:15:25.655+0000] {dagbag.py:588} INFO - Filling up the DagBag from /home/airflow/.local/lib/python3.12/site-packages/airflow/example_dags/example_dynamic_task_mapping_with_no_taskflow_operators.py
[2026-06-19T17:15:25.668+0000] {processor.py:925} INFO - DAG(s) 'example_dynamic_task_mapping_with_no_taskflow_operators' retrieved from /home/airflow/.local/lib/python3.12/site-packages/airflow/example_dags/example_dynamic_task_mapping_with_no_taskflow_operators.py
[2026-06-19T17:15:25.703+0000] {logging_mixin.py:190} INFO - [2026-06-19T17:15:25.703+0000] {dag.py:3239} INFO - Sync 1 DAGs
[2026-06-19T17:15:25.728+0000] {logging_mixin.py:190} INFO - [2026-06-19T17:15:25.728+0000] {dag.py:4180} INFO - Setting next_dagrun for example_dynamic_task_mapping_with_no_taskflow_operators to None, run_after=None
[2026-06-19T17:15:25.758+0000] {processor.py:208} INFO - Processing /home/airflow/.local/lib/python3.12/site-packages/airflow/example_dags/example_dynamic_task_mapping_with_no_taskflow_operators.py took 0.122 seconds
[2026-06-19T17:15:57.705+0000] {processor.py:186} INFO - Started process (PID=1064) to work on /home/airflow/.local/lib/python3.12/site-packages/airflow/example_dags/example_dynamic_task_mapping_with_no_taskflow_operators.py
[2026-06-19T17:15:57.713+0000] {processor.py:914} INFO - Processing file /home/airflow/.local/lib/python3.12/site-packages/airflow/example_dags/example_dynamic_task_mapping_with_no_taskflow_operators.py for tasks to queue
[2026-06-19T17:15:57.739+0000] {logging_mixin.py:190} INFO - [2026-06-19T17:15:57.738+0000] {dagbag.py:588} INFO - Filling up the DagBag from /home/airflow/.local/lib/python3.12/site-packages/airflow/example_dags/example_dynamic_task_mapping_with_no_taskflow_operators.py
[2026-06-19T17:15:57.792+0000] {processor.py:925} INFO - DAG(s) 'example_dynamic_task_mapping_with_no_taskflow_operators' retrieved from /home/airflow/.local/lib/python3.12/site-packages/airflow/example_dags/example_dynamic_task_mapping_with_no_taskflow_operators.py
[2026-06-19T17:15:57.882+0000] {logging_mixin.py:190} INFO - [2026-06-19T17:15:57.882+0000] {dag.py:3239} INFO - Sync 1 DAGs
[2026-06-19T17:15:57.957+0000] {logging_mixin.py:190} INFO - [2026-06-19T17:15:57.954+0000] {dag.py:4180} INFO - Setting next_dagrun for example_dynamic_task_mapping_with_no_taskflow_operators to None, run_after=None
[2026-06-19T17:15:58.055+0000] {processor.py:208} INFO - Processing /home/airflow/.local/lib/python3.12/site-packages/airflow/example_dags/example_dynamic_task_mapping_with_no_taskflow_operators.py took 0.388 seconds
[2026-06-19T17:16:28.196+0000] {processor.py:186} INFO - Started process (PID=1129) to work on /home/airflow/.local/lib/python3.12/site-packages/airflow/example_dags/example_dynamic_task_mapping_with_no_taskflow_operators.py
[2026-06-19T17:16:28.199+0000] {processor.py:914} INFO - Processing file /home/airflow/.local/lib/python3.12/site-packages/airflow/example_dags/example_dynamic_task_mapping_with_no_taskflow_operators.py for tasks to queue
[2026-06-19T17:16:28.204+0000] {logging_mixin.py:190} INFO - [2026-06-19T17:16:28.203+0000] {dagbag.py:588} INFO - Filling up the DagBag from /home/airflow/.local/lib/python3.12/site-packages/airflow/example_dags/example_dynamic_task_mapping_with_no_taskflow_operators.py
[2026-06-19T17:16:28.217+0000] {processor.py:925} INFO - DAG(s) 'example_dynamic_task_mapping_with_no_taskflow_operators' retrieved from /home/airflow/.local/lib/python3.12/site-packages/airflow/example_dags/example_dynamic_task_mapping_with_no_taskflow_operators.py
[2026-06-19T17:16:28.246+0000] {logging_mixin.py:190} INFO - [2026-06-19T17:16:28.246+0000] {dag.py:3239} INFO - Sync 1 DAGs
[2026-06-19T17:16:28.266+0000] {logging_mixin.py:190} INFO - [2026-06-19T17:16:28.266+0000] {dag.py:4180} INFO - Setting next_dagrun for example_dynamic_task_mapping_with_no_taskflow_operators to None, run_after=None
[2026-06-19T17:16:28.290+0000] {processor.py:208} INFO - Processing /home/airflow/.local/lib/python3.12/site-packages/airflow/example_dags/example_dynamic_task_mapping_with_no_taskflow_operators.py took 0.103 seconds
[2026-06-19T17:16:58.779+0000] {processor.py:186} INFO - Started process (PID=1193) to work on /home/airflow/.local/lib/python3.12/site-packages/airflow/example_dags/example_dynamic_task_mapping_with_no_taskflow_operators.py
[2026-06-19T17:16:58.784+0000] {processor.py:914} INFO - Processing file /home/airflow/.local/lib/python3.12/site-packages/airflow/example_dags/example_dynamic_task_mapping_with_no_taskflow_operators.py for tasks to queue
[2026-06-19T17:16:58.794+0000] {logging_mixin.py:190} INFO - [2026-06-19T17:16:58.793+0000] {dagbag.py:588} INFO - Filling up the DagBag from /home/airflow/.local/lib/python3.12/site-packages/airflow/example_dags/example_dynamic_task_mapping_with_no_taskflow_operators.py
[2026-06-19T17:16:58.819+0000] {processor.py:925} INFO - DAG(s) 'example_dynamic_task_mapping_with_no_taskflow_operators' retrieved from /home/airflow/.local/lib/python3.12/site-packages/airflow/example_dags/example_dynamic_task_mapping_with_no_taskflow_operators.py
[2026-06-19T17:16:58.886+0000] {logging_mixin.py:190} INFO - [2026-06-19T17:16:58.886+0000] {dag.py:3239} INFO - Sync 1 DAGs
[2026-06-19T17:16:58.955+0000] {logging_mixin.py:190} INFO - [2026-06-19T17:16:58.954+0000] {dag.py:4180} INFO - Setting next_dagrun for example_dynamic_task_mapping_with_no_taskflow_operators to None, run_after=None
[2026-06-19T17:16:59.024+0000] {processor.py:208} INFO - Processing /home/airflow/.local/lib/python3.12/site-packages/airflow/example_dags/example_dynamic_task_mapping_with_no_taskflow_operators.py took 0.267 seconds
[2026-06-19T17:17:29.252+0000] {processor.py:186} INFO - Started process (PID=1257) to work on /home/airflow/.local/lib/python3.12/site-packages/airflow/example_dags/example_dynamic_task_mapping_with_no_taskflow_operators.py
[2026-06-19T17:17:29.256+0000] {processor.py:914} INFO - Processing file /home/airflow/.local/lib/python3.12/site-packages/airflow/example_dags/example_dynamic_task_mapping_with_no_taskflow_operators.py for tasks to queue
[2026-06-19T17:17:29.262+0000] {logging_mixin.py:190} INFO - [2026-06-19T17:17:29.261+0000] {dagbag.py:588} INFO - Filling up the DagBag from /home/airflow/.local/lib/python3.12/site-packages/airflow/example_dags/example_dynamic_task_mapping_with_no_taskflow_operators.py
[2026-06-19T17:17:29.282+0000] {processor.py:925} INFO - DAG(s) 'example_dynamic_task_mapping_with_no_taskflow_operators' retrieved from /home/airflow/.local/lib/python3.12/site-packages/airflow/example_dags/example_dynamic_task_mapping_with_no_taskflow_operators.py
[2026-06-19T17:17:29.322+0000] {logging_mixin.py:190} INFO - [2026-06-19T17:17:29.321+0000] {dag.py:3239} INFO - Sync 1 DAGs
[2026-06-19T17:17:29.349+0000] {logging_mixin.py:190} INFO - [2026-06-19T17:17:29.349+0000] {dag.py:4180} INFO - Setting next_dagrun for example_dynamic_task_mapping_with_no_taskflow_operators to None, run_after=None
[2026-06-19T17:17:29.379+0000] {processor.py:208} INFO - Processing /home/airflow/.local/lib/python3.12/site-packages/airflow/example_dags/example_dynamic_task_mapping_with_no_taskflow_operators.py took 0.138 seconds
[2026-06-19T17:17:59.838+0000] {processor.py:186} INFO - Started process (PID=1321) to work on /home/airflow/.local/lib/python3.12/site-packages/airflow/example_dags/example_dynamic_task_mapping_with_no_taskflow_operators.py
[2026-06-19T17:17:59.841+0000] {processor.py:914} INFO - Processing file /home/airflow/.local/lib/python3.12/site-packages/airflow/example_dags/example_dynamic_task_mapping_with_no_taskflow_operators.py for tasks to queue
[2026-06-19T17:17:59.847+0000] {logging_mixin.py:190} INFO - [2026-06-19T17:17:59.846+0000] {dagbag.py:588} INFO - Filling up the DagBag from /home/airflow/.local/lib/python3.12/site-packages/airflow/example_dags/example_dynamic_task_mapping_with_no_taskflow_operators.py
[2026-06-19T17:17:59.864+0000] {processor.py:925} INFO - DAG(s) 'example_dynamic_task_mapping_with_no_taskflow_operators' retrieved from /home/airflow/.local/lib/python3.12/site-packages/airflow/example_dags/example_dynamic_task_mapping_with_no_taskflow_operators.py
[2026-06-19T17:17:59.903+0000] {logging_mixin.py:190} INFO - [2026-06-19T17:17:59.903+0000] {dag.py:3239} INFO - Sync 1 DAGs
[2026-06-19T17:17:59.935+0000] {logging_mixin.py:190} INFO - [2026-06-19T17:17:59.934+0000] {dag.py:4180} INFO - Setting next_dagrun for example_dynamic_task_mapping_with_no_taskflow_operators to None, run_after=None
[2026-06-19T17:17:59.969+0000] {processor.py:208} INFO - Processing /home/airflow/.local/lib/python3.12/site-packages/airflow/example_dags/example_dynamic_task_mapping_with_no_taskflow_operators.py took 0.144 seconds
