[2026-06-19T16:38:47.401+0000] {processor.py:186} INFO - Started process (PID=88) to work on /home/airflow/.local/lib/python3.12/site-packages/airflow/example_dags/example_inlet_event_extra.py
[2026-06-19T16:38:47.404+0000] {processor.py:914} INFO - Processing file /home/airflow/.local/lib/python3.12/site-packages/airflow/example_dags/example_inlet_event_extra.py for tasks to queue
[2026-06-19T16:38:47.412+0000] {logging_mixin.py:190} INFO - [2026-06-19T16:38:47.411+0000] {dagbag.py:588} INFO - Filling up the DagBag from /home/airflow/.local/lib/python3.12/site-packages/airflow/example_dags/example_inlet_event_extra.py
[2026-06-19T16:38:48.727+0000] {processor.py:925} INFO - DAG(s) 'read_dataset_event', 'read_dataset_event_from_classic' retrieved from /home/airflow/.local/lib/python3.12/site-packages/airflow/example_dags/example_inlet_event_extra.py
[2026-06-19T16:38:48.781+0000] {logging_mixin.py:190} INFO - [2026-06-19T16:38:48.779+0000] {dag.py:3239} INFO - Sync 2 DAGs
[2026-06-19T16:38:48.833+0000] {logging_mixin.py:190} INFO - [2026-06-19T16:38:48.833+0000] {dag.py:4180} INFO - Setting next_dagrun for read_dataset_event to 2026-06-18 00:00:00+00:00, run_after=2026-06-19 00:00:00+00:00
[2026-06-19T16:38:48.845+0000] {logging_mixin.py:190} INFO - [2026-06-19T16:38:48.844+0000] {dag.py:4180} INFO - Setting next_dagrun for read_dataset_event_from_classic to 2026-06-18 00:00:00+00:00, run_after=2026-06-19 00:00:00+00:00
[2026-06-19T16:38:48.864+0000] {processor.py:208} INFO - Processing /home/airflow/.local/lib/python3.12/site-packages/airflow/example_dags/example_inlet_event_extra.py took 1.481 seconds
[2026-06-19T16:39:19.163+0000] {processor.py:186} INFO - Started process (PID=155) to work on /home/airflow/.local/lib/python3.12/site-packages/airflow/example_dags/example_inlet_event_extra.py
[2026-06-19T16:39:19.168+0000] {processor.py:914} INFO - Processing file /home/airflow/.local/lib/python3.12/site-packages/airflow/example_dags/example_inlet_event_extra.py for tasks to queue
[2026-06-19T16:39:19.177+0000] {logging_mixin.py:190} INFO - [2026-06-19T16:39:19.176+0000] {dagbag.py:588} INFO - Filling up the DagBag from /home/airflow/.local/lib/python3.12/site-packages/airflow/example_dags/example_inlet_event_extra.py
[2026-06-19T16:39:20.872+0000] {processor.py:925} INFO - DAG(s) 'read_dataset_event', 'read_dataset_event_from_classic' retrieved from /home/airflow/.local/lib/python3.12/site-packages/airflow/example_dags/example_inlet_event_extra.py
[2026-06-19T16:39:20.928+0000] {logging_mixin.py:190} INFO - [2026-06-19T16:39:20.928+0000] {dag.py:3239} INFO - Sync 2 DAGs
[2026-06-19T16:39:21.015+0000] {logging_mixin.py:190} INFO - [2026-06-19T16:39:21.015+0000] {dag.py:4180} INFO - Setting next_dagrun for read_dataset_event to 2026-06-18 00:00:00+00:00, run_after=2026-06-19 00:00:00+00:00
[2026-06-19T16:39:21.042+0000] {logging_mixin.py:190} INFO - [2026-06-19T16:39:21.041+0000] {dag.py:4180} INFO - Setting next_dagrun for read_dataset_event_from_classic to 2026-06-18 00:00:00+00:00, run_after=2026-06-19 00:00:00+00:00
[2026-06-19T16:39:21.086+0000] {processor.py:208} INFO - Processing /home/airflow/.local/lib/python3.12/site-packages/airflow/example_dags/example_inlet_event_extra.py took 1.937 seconds
[2026-06-19T16:39:51.411+0000] {processor.py:186} INFO - Started process (PID=221) to work on /home/airflow/.local/lib/python3.12/site-packages/airflow/example_dags/example_inlet_event_extra.py
[2026-06-19T16:39:51.416+0000] {processor.py:914} INFO - Processing file /home/airflow/.local/lib/python3.12/site-packages/airflow/example_dags/example_inlet_event_extra.py for tasks to queue
[2026-06-19T16:39:51.429+0000] {logging_mixin.py:190} INFO - [2026-06-19T16:39:51.426+0000] {dagbag.py:588} INFO - Filling up the DagBag from /home/airflow/.local/lib/python3.12/site-packages/airflow/example_dags/example_inlet_event_extra.py
[2026-06-19T16:39:53.227+0000] {processor.py:925} INFO - DAG(s) 'read_dataset_event', 'read_dataset_event_from_classic' retrieved from /home/airflow/.local/lib/python3.12/site-packages/airflow/example_dags/example_inlet_event_extra.py
[2026-06-19T16:39:53.280+0000] {logging_mixin.py:190} INFO - [2026-06-19T16:39:53.280+0000] {dag.py:3239} INFO - Sync 2 DAGs
[2026-06-19T16:39:53.339+0000] {logging_mixin.py:190} INFO - [2026-06-19T16:39:53.338+0000] {dag.py:4180} INFO - Setting next_dagrun for read_dataset_event to 2026-06-18 00:00:00+00:00, run_after=2026-06-19 00:00:00+00:00
[2026-06-19T16:39:53.361+0000] {logging_mixin.py:190} INFO - [2026-06-19T16:39:53.361+0000] {dag.py:4180} INFO - Setting next_dagrun for read_dataset_event_from_classic to 2026-06-18 00:00:00+00:00, run_after=2026-06-19 00:00:00+00:00
[2026-06-19T16:39:53.405+0000] {processor.py:208} INFO - Processing /home/airflow/.local/lib/python3.12/site-packages/airflow/example_dags/example_inlet_event_extra.py took 2.029 seconds
[2026-06-19T16:42:06.277+0000] {processor.py:186} INFO - Started process (PID=99) to work on /home/airflow/.local/lib/python3.12/site-packages/airflow/example_dags/example_inlet_event_extra.py
[2026-06-19T16:42:06.287+0000] {processor.py:914} INFO - Processing file /home/airflow/.local/lib/python3.12/site-packages/airflow/example_dags/example_inlet_event_extra.py for tasks to queue
[2026-06-19T16:42:06.304+0000] {logging_mixin.py:190} INFO - [2026-06-19T16:42:06.303+0000] {dagbag.py:588} INFO - Filling up the DagBag from /home/airflow/.local/lib/python3.12/site-packages/airflow/example_dags/example_inlet_event_extra.py
[2026-06-19T16:42:09.496+0000] {processor.py:925} INFO - DAG(s) 'read_dataset_event', 'read_dataset_event_from_classic' retrieved from /home/airflow/.local/lib/python3.12/site-packages/airflow/example_dags/example_inlet_event_extra.py
[2026-06-19T16:42:09.689+0000] {logging_mixin.py:190} INFO - [2026-06-19T16:42:09.687+0000] {dag.py:3239} INFO - Sync 2 DAGs
[2026-06-19T16:42:09.853+0000] {logging_mixin.py:190} INFO - [2026-06-19T16:42:09.852+0000] {dag.py:4180} INFO - Setting next_dagrun for read_dataset_event to 2026-06-18 00:00:00+00:00, run_after=2026-06-19 00:00:00+00:00
[2026-06-19T16:42:09.872+0000] {logging_mixin.py:190} INFO - [2026-06-19T16:42:09.871+0000] {dag.py:4180} INFO - Setting next_dagrun for read_dataset_event_from_classic to 2026-06-18 00:00:00+00:00, run_after=2026-06-19 00:00:00+00:00
[2026-06-19T16:42:09.927+0000] {processor.py:208} INFO - Processing /home/airflow/.local/lib/python3.12/site-packages/airflow/example_dags/example_inlet_event_extra.py took 3.681 seconds
[2026-06-19T16:42:44.045+0000] {processor.py:186} INFO - Started process (PID=167) to work on /home/airflow/.local/lib/python3.12/site-packages/airflow/example_dags/example_inlet_event_extra.py
[2026-06-19T16:42:44.255+0000] {processor.py:914} INFO - Processing file /home/airflow/.local/lib/python3.12/site-packages/airflow/example_dags/example_inlet_event_extra.py for tasks to queue
[2026-06-19T16:42:44.283+0000] {logging_mixin.py:190} INFO - [2026-06-19T16:42:44.282+0000] {dagbag.py:588} INFO - Filling up the DagBag from /home/airflow/.local/lib/python3.12/site-packages/airflow/example_dags/example_inlet_event_extra.py
[2026-06-19T16:42:54.180+0000] {processor.py:925} INFO - DAG(s) 'read_dataset_event', 'read_dataset_event_from_classic' retrieved from /home/airflow/.local/lib/python3.12/site-packages/airflow/example_dags/example_inlet_event_extra.py
[2026-06-19T16:42:54.358+0000] {logging_mixin.py:190} INFO - [2026-06-19T16:42:54.358+0000] {dag.py:3239} INFO - Sync 2 DAGs
[2026-06-19T16:42:54.591+0000] {logging_mixin.py:190} INFO - [2026-06-19T16:42:54.590+0000] {dag.py:4180} INFO - Setting next_dagrun for read_dataset_event to 2026-06-18 00:00:00+00:00, run_after=2026-06-19 00:00:00+00:00
[2026-06-19T16:42:55.028+0000] {logging_mixin.py:190} INFO - [2026-06-19T16:42:55.027+0000] {dag.py:4180} INFO - Setting next_dagrun for read_dataset_event_from_classic to 2026-06-18 00:00:00+00:00, run_after=2026-06-19 00:00:00+00:00
[2026-06-19T16:42:55.452+0000] {processor.py:208} INFO - Processing /home/airflow/.local/lib/python3.12/site-packages/airflow/example_dags/example_inlet_event_extra.py took 11.462 seconds
[2026-06-19T16:43:34.726+0000] {processor.py:186} INFO - Started process (PID=234) to work on /home/airflow/.local/lib/python3.12/site-packages/airflow/example_dags/example_inlet_event_extra.py
[2026-06-19T16:43:34.775+0000] {processor.py:914} INFO - Processing file /home/airflow/.local/lib/python3.12/site-packages/airflow/example_dags/example_inlet_event_extra.py for tasks to queue
[2026-06-19T16:43:34.851+0000] {logging_mixin.py:190} INFO - [2026-06-19T16:43:34.849+0000] {dagbag.py:588} INFO - Filling up the DagBag from /home/airflow/.local/lib/python3.12/site-packages/airflow/example_dags/example_inlet_event_extra.py
[2026-06-19T16:43:39.449+0000] {processor.py:925} INFO - DAG(s) 'read_dataset_event', 'read_dataset_event_from_classic' retrieved from /home/airflow/.local/lib/python3.12/site-packages/airflow/example_dags/example_inlet_event_extra.py
[2026-06-19T16:43:39.544+0000] {logging_mixin.py:190} INFO - [2026-06-19T16:43:39.543+0000] {dag.py:3239} INFO - Sync 2 DAGs
[2026-06-19T16:43:39.652+0000] {logging_mixin.py:190} INFO - [2026-06-19T16:43:39.652+0000] {dag.py:4180} INFO - Setting next_dagrun for read_dataset_event to 2026-06-18 00:00:00+00:00, run_after=2026-06-19 00:00:00+00:00
[2026-06-19T16:43:39.676+0000] {logging_mixin.py:190} INFO - [2026-06-19T16:43:39.674+0000] {dag.py:4180} INFO - Setting next_dagrun for read_dataset_event_from_classic to 2026-06-18 00:00:00+00:00, run_after=2026-06-19 00:00:00+00:00
[2026-06-19T16:43:39.766+0000] {processor.py:208} INFO - Processing /home/airflow/.local/lib/python3.12/site-packages/airflow/example_dags/example_inlet_event_extra.py took 5.075 seconds
[2026-06-19T16:44:21.689+0000] {processor.py:186} INFO - Started process (PID=307) to work on /home/airflow/.local/lib/python3.12/site-packages/airflow/example_dags/example_inlet_event_extra.py
[2026-06-19T16:44:21.693+0000] {processor.py:914} INFO - Processing file /home/airflow/.local/lib/python3.12/site-packages/airflow/example_dags/example_inlet_event_extra.py for tasks to queue
[2026-06-19T16:44:21.709+0000] {logging_mixin.py:190} INFO - [2026-06-19T16:44:21.708+0000] {dagbag.py:588} INFO - Filling up the DagBag from /home/airflow/.local/lib/python3.12/site-packages/airflow/example_dags/example_inlet_event_extra.py
[2026-06-19T16:44:25.086+0000] {processor.py:925} INFO - DAG(s) 'read_dataset_event_from_classic', 'read_dataset_event' retrieved from /home/airflow/.local/lib/python3.12/site-packages/airflow/example_dags/example_inlet_event_extra.py
[2026-06-19T16:44:25.153+0000] {logging_mixin.py:190} INFO - [2026-06-19T16:44:25.153+0000] {dag.py:3239} INFO - Sync 2 DAGs
[2026-06-19T16:44:25.290+0000] {logging_mixin.py:190} INFO - [2026-06-19T16:44:25.289+0000] {dag.py:4180} INFO - Setting next_dagrun for read_dataset_event to 2026-06-18 00:00:00+00:00, run_after=2026-06-19 00:00:00+00:00
[2026-06-19T16:44:25.320+0000] {logging_mixin.py:190} INFO - [2026-06-19T16:44:25.319+0000] {dag.py:4180} INFO - Setting next_dagrun for read_dataset_event_from_classic to 2026-06-18 00:00:00+00:00, run_after=2026-06-19 00:00:00+00:00
[2026-06-19T16:44:25.370+0000] {processor.py:208} INFO - Processing /home/airflow/.local/lib/python3.12/site-packages/airflow/example_dags/example_inlet_event_extra.py took 3.715 seconds
[2026-06-19T16:44:55.836+0000] {processor.py:186} INFO - Started process (PID=372) to work on /home/airflow/.local/lib/python3.12/site-packages/airflow/example_dags/example_inlet_event_extra.py
[2026-06-19T16:44:55.839+0000] {processor.py:914} INFO - Processing file /home/airflow/.local/lib/python3.12/site-packages/airflow/example_dags/example_inlet_event_extra.py for tasks to queue
[2026-06-19T16:44:55.847+0000] {logging_mixin.py:190} INFO - [2026-06-19T16:44:55.846+0000] {dagbag.py:588} INFO - Filling up the DagBag from /home/airflow/.local/lib/python3.12/site-packages/airflow/example_dags/example_inlet_event_extra.py
[2026-06-19T16:44:57.132+0000] {processor.py:925} INFO - DAG(s) 'read_dataset_event_from_classic', 'read_dataset_event' retrieved from /home/airflow/.local/lib/python3.12/site-packages/airflow/example_dags/example_inlet_event_extra.py
[2026-06-19T16:44:57.177+0000] {logging_mixin.py:190} INFO - [2026-06-19T16:44:57.177+0000] {dag.py:3239} INFO - Sync 2 DAGs
[2026-06-19T16:44:57.230+0000] {logging_mixin.py:190} INFO - [2026-06-19T16:44:57.229+0000] {dag.py:4180} INFO - Setting next_dagrun for read_dataset_event to 2026-06-18 00:00:00+00:00, run_after=2026-06-19 00:00:00+00:00
[2026-06-19T16:44:57.245+0000] {logging_mixin.py:190} INFO - [2026-06-19T16:44:57.245+0000] {dag.py:4180} INFO - Setting next_dagrun for read_dataset_event_from_classic to 2026-06-18 00:00:00+00:00, run_after=2026-06-19 00:00:00+00:00
[2026-06-19T16:44:57.281+0000] {processor.py:208} INFO - Processing /home/airflow/.local/lib/python3.12/site-packages/airflow/example_dags/example_inlet_event_extra.py took 1.458 seconds
[2026-06-19T16:45:27.402+0000] {processor.py:186} INFO - Started process (PID=437) to work on /home/airflow/.local/lib/python3.12/site-packages/airflow/example_dags/example_inlet_event_extra.py
[2026-06-19T16:45:27.406+0000] {processor.py:914} INFO - Processing file /home/airflow/.local/lib/python3.12/site-packages/airflow/example_dags/example_inlet_event_extra.py for tasks to queue
[2026-06-19T16:45:27.415+0000] {logging_mixin.py:190} INFO - [2026-06-19T16:45:27.414+0000] {dagbag.py:588} INFO - Filling up the DagBag from /home/airflow/.local/lib/python3.12/site-packages/airflow/example_dags/example_inlet_event_extra.py
[2026-06-19T16:45:29.571+0000] {processor.py:925} INFO - DAG(s) 'read_dataset_event_from_classic', 'read_dataset_event' retrieved from /home/airflow/.local/lib/python3.12/site-packages/airflow/example_dags/example_inlet_event_extra.py
[2026-06-19T16:45:29.661+0000] {logging_mixin.py:190} INFO - [2026-06-19T16:45:29.660+0000] {dag.py:3239} INFO - Sync 2 DAGs
[2026-06-19T16:45:29.741+0000] {logging_mixin.py:190} INFO - [2026-06-19T16:45:29.740+0000] {dag.py:4180} INFO - Setting next_dagrun for read_dataset_event to 2026-06-18 00:00:00+00:00, run_after=2026-06-19 00:00:00+00:00
[2026-06-19T16:45:29.759+0000] {logging_mixin.py:190} INFO - [2026-06-19T16:45:29.758+0000] {dag.py:4180} INFO - Setting next_dagrun for read_dataset_event_from_classic to 2026-06-18 00:00:00+00:00, run_after=2026-06-19 00:00:00+00:00
[2026-06-19T16:45:29.812+0000] {processor.py:208} INFO - Processing /home/airflow/.local/lib/python3.12/site-packages/airflow/example_dags/example_inlet_event_extra.py took 2.422 seconds
[2026-06-19T16:46:00.030+0000] {processor.py:186} INFO - Started process (PID=508) to work on /home/airflow/.local/lib/python3.12/site-packages/airflow/example_dags/example_inlet_event_extra.py
[2026-06-19T16:46:00.039+0000] {processor.py:914} INFO - Processing file /home/airflow/.local/lib/python3.12/site-packages/airflow/example_dags/example_inlet_event_extra.py for tasks to queue
[2026-06-19T16:46:00.052+0000] {logging_mixin.py:190} INFO - [2026-06-19T16:46:00.051+0000] {dagbag.py:588} INFO - Filling up the DagBag from /home/airflow/.local/lib/python3.12/site-packages/airflow/example_dags/example_inlet_event_extra.py
[2026-06-19T16:46:02.564+0000] {processor.py:925} INFO - DAG(s) 'read_dataset_event_from_classic', 'read_dataset_event' retrieved from /home/airflow/.local/lib/python3.12/site-packages/airflow/example_dags/example_inlet_event_extra.py
[2026-06-19T16:46:02.662+0000] {logging_mixin.py:190} INFO - [2026-06-19T16:46:02.661+0000] {dag.py:3239} INFO - Sync 2 DAGs
[2026-06-19T16:46:02.825+0000] {logging_mixin.py:190} INFO - [2026-06-19T16:46:02.825+0000] {dag.py:4180} INFO - Setting next_dagrun for read_dataset_event to 2026-06-18 00:00:00+00:00, run_after=2026-06-19 00:00:00+00:00
[2026-06-19T16:46:02.859+0000] {logging_mixin.py:190} INFO - [2026-06-19T16:46:02.859+0000] {dag.py:4180} INFO - Setting next_dagrun for read_dataset_event_from_classic to 2026-06-18 00:00:00+00:00, run_after=2026-06-19 00:00:00+00:00
[2026-06-19T16:46:02.915+0000] {processor.py:208} INFO - Processing /home/airflow/.local/lib/python3.12/site-packages/airflow/example_dags/example_inlet_event_extra.py took 2.920 seconds
[2026-06-19T16:46:33.983+0000] {processor.py:186} INFO - Started process (PID=580) to work on /home/airflow/.local/lib/python3.12/site-packages/airflow/example_dags/example_inlet_event_extra.py
[2026-06-19T16:46:33.990+0000] {processor.py:914} INFO - Processing file /home/airflow/.local/lib/python3.12/site-packages/airflow/example_dags/example_inlet_event_extra.py for tasks to queue
[2026-06-19T16:46:33.998+0000] {logging_mixin.py:190} INFO - [2026-06-19T16:46:33.997+0000] {dagbag.py:588} INFO - Filling up the DagBag from /home/airflow/.local/lib/python3.12/site-packages/airflow/example_dags/example_inlet_event_extra.py
[2026-06-19T16:46:35.951+0000] {processor.py:925} INFO - DAG(s) 'read_dataset_event', 'read_dataset_event_from_classic' retrieved from /home/airflow/.local/lib/python3.12/site-packages/airflow/example_dags/example_inlet_event_extra.py
[2026-06-19T16:46:36.097+0000] {logging_mixin.py:190} INFO - [2026-06-19T16:46:36.095+0000] {dag.py:3239} INFO - Sync 2 DAGs
[2026-06-19T16:46:36.277+0000] {logging_mixin.py:190} INFO - [2026-06-19T16:46:36.276+0000] {dag.py:4180} INFO - Setting next_dagrun for read_dataset_event to 2026-06-18 00:00:00+00:00, run_after=2026-06-19 00:00:00+00:00
[2026-06-19T16:46:36.315+0000] {logging_mixin.py:190} INFO - [2026-06-19T16:46:36.314+0000] {dag.py:4180} INFO - Setting next_dagrun for read_dataset_event_from_classic to 2026-06-18 00:00:00+00:00, run_after=2026-06-19 00:00:00+00:00
[2026-06-19T16:46:36.438+0000] {processor.py:208} INFO - Processing /home/airflow/.local/lib/python3.12/site-packages/airflow/example_dags/example_inlet_event_extra.py took 2.468 seconds
[2026-06-19T16:47:07.148+0000] {processor.py:186} INFO - Started process (PID=648) to work on /home/airflow/.local/lib/python3.12/site-packages/airflow/example_dags/example_inlet_event_extra.py
[2026-06-19T16:47:07.152+0000] {processor.py:914} INFO - Processing file /home/airflow/.local/lib/python3.12/site-packages/airflow/example_dags/example_inlet_event_extra.py for tasks to queue
[2026-06-19T16:47:07.160+0000] {logging_mixin.py:190} INFO - [2026-06-19T16:47:07.159+0000] {dagbag.py:588} INFO - Filling up the DagBag from /home/airflow/.local/lib/python3.12/site-packages/airflow/example_dags/example_inlet_event_extra.py
[2026-06-19T16:47:08.380+0000] {processor.py:925} INFO - DAG(s) 'read_dataset_event_from_classic', 'read_dataset_event' retrieved from /home/airflow/.local/lib/python3.12/site-packages/airflow/example_dags/example_inlet_event_extra.py
[2026-06-19T16:47:08.434+0000] {logging_mixin.py:190} INFO - [2026-06-19T16:47:08.433+0000] {dag.py:3239} INFO - Sync 2 DAGs
[2026-06-19T16:47:08.489+0000] {logging_mixin.py:190} INFO - [2026-06-19T16:47:08.488+0000] {dag.py:4180} INFO - Setting next_dagrun for read_dataset_event to 2026-06-18 00:00:00+00:00, run_after=2026-06-19 00:00:00+00:00
[2026-06-19T16:47:08.505+0000] {logging_mixin.py:190} INFO - [2026-06-19T16:47:08.504+0000] {dag.py:4180} INFO - Setting next_dagrun for read_dataset_event_from_classic to 2026-06-18 00:00:00+00:00, run_after=2026-06-19 00:00:00+00:00
[2026-06-19T16:47:08.540+0000] {processor.py:208} INFO - Processing /home/airflow/.local/lib/python3.12/site-packages/airflow/example_dags/example_inlet_event_extra.py took 1.410 seconds
[2026-06-19T16:47:38.750+0000] {processor.py:186} INFO - Started process (PID=713) to work on /home/airflow/.local/lib/python3.12/site-packages/airflow/example_dags/example_inlet_event_extra.py
[2026-06-19T16:47:38.754+0000] {processor.py:914} INFO - Processing file /home/airflow/.local/lib/python3.12/site-packages/airflow/example_dags/example_inlet_event_extra.py for tasks to queue
[2026-06-19T16:47:38.759+0000] {logging_mixin.py:190} INFO - [2026-06-19T16:47:38.759+0000] {dagbag.py:588} INFO - Filling up the DagBag from /home/airflow/.local/lib/python3.12/site-packages/airflow/example_dags/example_inlet_event_extra.py
[2026-06-19T16:47:39.664+0000] {processor.py:925} INFO - DAG(s) 'read_dataset_event', 'read_dataset_event_from_classic' retrieved from /home/airflow/.local/lib/python3.12/site-packages/airflow/example_dags/example_inlet_event_extra.py
[2026-06-19T16:47:39.701+0000] {logging_mixin.py:190} INFO - [2026-06-19T16:47:39.700+0000] {dag.py:3239} INFO - Sync 2 DAGs
[2026-06-19T16:47:39.743+0000] {logging_mixin.py:190} INFO - [2026-06-19T16:47:39.742+0000] {dag.py:4180} INFO - Setting next_dagrun for read_dataset_event to 2026-06-18 00:00:00+00:00, run_after=2026-06-19 00:00:00+00:00
[2026-06-19T16:47:39.753+0000] {logging_mixin.py:190} INFO - [2026-06-19T16:47:39.752+0000] {dag.py:4180} INFO - Setting next_dagrun for read_dataset_event_from_classic to 2026-06-18 00:00:00+00:00, run_after=2026-06-19 00:00:00+00:00
[2026-06-19T16:47:39.776+0000] {processor.py:208} INFO - Processing /home/airflow/.local/lib/python3.12/site-packages/airflow/example_dags/example_inlet_event_extra.py took 1.035 seconds
[2026-06-19T16:48:10.294+0000] {processor.py:186} INFO - Started process (PID=777) to work on /home/airflow/.local/lib/python3.12/site-packages/airflow/example_dags/example_inlet_event_extra.py
[2026-06-19T16:48:10.304+0000] {processor.py:914} INFO - Processing file /home/airflow/.local/lib/python3.12/site-packages/airflow/example_dags/example_inlet_event_extra.py for tasks to queue
[2026-06-19T16:48:10.313+0000] {logging_mixin.py:190} INFO - [2026-06-19T16:48:10.312+0000] {dagbag.py:588} INFO - Filling up the DagBag from /home/airflow/.local/lib/python3.12/site-packages/airflow/example_dags/example_inlet_event_extra.py
[2026-06-19T16:48:12.399+0000] {processor.py:925} INFO - DAG(s) 'read_dataset_event_from_classic', 'read_dataset_event' retrieved from /home/airflow/.local/lib/python3.12/site-packages/airflow/example_dags/example_inlet_event_extra.py
[2026-06-19T16:48:12.474+0000] {logging_mixin.py:190} INFO - [2026-06-19T16:48:12.472+0000] {dag.py:3239} INFO - Sync 2 DAGs
[2026-06-19T16:48:12.554+0000] {logging_mixin.py:190} INFO - [2026-06-19T16:48:12.554+0000] {dag.py:4180} INFO - Setting next_dagrun for read_dataset_event to 2026-06-18 00:00:00+00:00, run_after=2026-06-19 00:00:00+00:00
[2026-06-19T16:48:12.578+0000] {logging_mixin.py:190} INFO - [2026-06-19T16:48:12.577+0000] {dag.py:4180} INFO - Setting next_dagrun for read_dataset_event_from_classic to 2026-06-18 00:00:00+00:00, run_after=2026-06-19 00:00:00+00:00
[2026-06-19T16:48:12.622+0000] {processor.py:208} INFO - Processing /home/airflow/.local/lib/python3.12/site-packages/airflow/example_dags/example_inlet_event_extra.py took 2.350 seconds
[2026-06-19T16:48:43.526+0000] {processor.py:186} INFO - Started process (PID=844) to work on /home/airflow/.local/lib/python3.12/site-packages/airflow/example_dags/example_inlet_event_extra.py
[2026-06-19T16:48:43.532+0000] {processor.py:914} INFO - Processing file /home/airflow/.local/lib/python3.12/site-packages/airflow/example_dags/example_inlet_event_extra.py for tasks to queue
[2026-06-19T16:48:43.545+0000] {logging_mixin.py:190} INFO - [2026-06-19T16:48:43.543+0000] {dagbag.py:588} INFO - Filling up the DagBag from /home/airflow/.local/lib/python3.12/site-packages/airflow/example_dags/example_inlet_event_extra.py
[2026-06-19T16:48:46.806+0000] {processor.py:925} INFO - DAG(s) 'read_dataset_event_from_classic', 'read_dataset_event' retrieved from /home/airflow/.local/lib/python3.12/site-packages/airflow/example_dags/example_inlet_event_extra.py
[2026-06-19T16:48:46.864+0000] {logging_mixin.py:190} INFO - [2026-06-19T16:48:46.863+0000] {dag.py:3239} INFO - Sync 2 DAGs
[2026-06-19T16:48:46.959+0000] {logging_mixin.py:190} INFO - [2026-06-19T16:48:46.958+0000] {dag.py:4180} INFO - Setting next_dagrun for read_dataset_event to 2026-06-18 00:00:00+00:00, run_after=2026-06-19 00:00:00+00:00
[2026-06-19T16:48:46.980+0000] {logging_mixin.py:190} INFO - [2026-06-19T16:48:46.979+0000] {dag.py:4180} INFO - Setting next_dagrun for read_dataset_event_from_classic to 2026-06-18 00:00:00+00:00, run_after=2026-06-19 00:00:00+00:00
[2026-06-19T16:48:47.034+0000] {processor.py:208} INFO - Processing /home/airflow/.local/lib/python3.12/site-packages/airflow/example_dags/example_inlet_event_extra.py took 3.534 seconds
[2026-06-19T16:49:17.841+0000] {processor.py:186} INFO - Started process (PID=912) to work on /home/airflow/.local/lib/python3.12/site-packages/airflow/example_dags/example_inlet_event_extra.py
[2026-06-19T16:49:17.854+0000] {processor.py:914} INFO - Processing file /home/airflow/.local/lib/python3.12/site-packages/airflow/example_dags/example_inlet_event_extra.py for tasks to queue
[2026-06-19T16:49:17.888+0000] {logging_mixin.py:190} INFO - [2026-06-19T16:49:17.885+0000] {dagbag.py:588} INFO - Filling up the DagBag from /home/airflow/.local/lib/python3.12/site-packages/airflow/example_dags/example_inlet_event_extra.py
[2026-06-19T16:49:20.336+0000] {processor.py:925} INFO - DAG(s) 'read_dataset_event', 'read_dataset_event_from_classic' retrieved from /home/airflow/.local/lib/python3.12/site-packages/airflow/example_dags/example_inlet_event_extra.py
[2026-06-19T16:49:20.411+0000] {logging_mixin.py:190} INFO - [2026-06-19T16:49:20.407+0000] {dag.py:3239} INFO - Sync 2 DAGs
[2026-06-19T16:49:20.500+0000] {logging_mixin.py:190} INFO - [2026-06-19T16:49:20.500+0000] {dag.py:4180} INFO - Setting next_dagrun for read_dataset_event to 2026-06-18 00:00:00+00:00, run_after=2026-06-19 00:00:00+00:00
[2026-06-19T16:49:20.530+0000] {logging_mixin.py:190} INFO - [2026-06-19T16:49:20.530+0000] {dag.py:4180} INFO - Setting next_dagrun for read_dataset_event_from_classic to 2026-06-18 00:00:00+00:00, run_after=2026-06-19 00:00:00+00:00
[2026-06-19T16:49:20.595+0000] {processor.py:208} INFO - Processing /home/airflow/.local/lib/python3.12/site-packages/airflow/example_dags/example_inlet_event_extra.py took 2.784 seconds
[2026-06-19T16:49:51.252+0000] {processor.py:186} INFO - Started process (PID=979) to work on /home/airflow/.local/lib/python3.12/site-packages/airflow/example_dags/example_inlet_event_extra.py
[2026-06-19T16:49:51.259+0000] {processor.py:914} INFO - Processing file /home/airflow/.local/lib/python3.12/site-packages/airflow/example_dags/example_inlet_event_extra.py for tasks to queue
[2026-06-19T16:49:51.276+0000] {logging_mixin.py:190} INFO - [2026-06-19T16:49:51.275+0000] {dagbag.py:588} INFO - Filling up the DagBag from /home/airflow/.local/lib/python3.12/site-packages/airflow/example_dags/example_inlet_event_extra.py
[2026-06-19T16:49:54.400+0000] {processor.py:925} INFO - DAG(s) 'read_dataset_event_from_classic', 'read_dataset_event' retrieved from /home/airflow/.local/lib/python3.12/site-packages/airflow/example_dags/example_inlet_event_extra.py
[2026-06-19T16:49:54.476+0000] {logging_mixin.py:190} INFO - [2026-06-19T16:49:54.475+0000] {dag.py:3239} INFO - Sync 2 DAGs
[2026-06-19T16:49:54.565+0000] {logging_mixin.py:190} INFO - [2026-06-19T16:49:54.564+0000] {dag.py:4180} INFO - Setting next_dagrun for read_dataset_event to 2026-06-18 00:00:00+00:00, run_after=2026-06-19 00:00:00+00:00
[2026-06-19T16:49:54.585+0000] {logging_mixin.py:190} INFO - [2026-06-19T16:49:54.584+0000] {dag.py:4180} INFO - Setting next_dagrun for read_dataset_event_from_classic to 2026-06-18 00:00:00+00:00, run_after=2026-06-19 00:00:00+00:00
[2026-06-19T16:49:54.644+0000] {processor.py:208} INFO - Processing /home/airflow/.local/lib/python3.12/site-packages/airflow/example_dags/example_inlet_event_extra.py took 3.426 seconds
[2026-06-19T16:50:25.528+0000] {processor.py:186} INFO - Started process (PID=1047) to work on /home/airflow/.local/lib/python3.12/site-packages/airflow/example_dags/example_inlet_event_extra.py
[2026-06-19T16:50:25.538+0000] {processor.py:914} INFO - Processing file /home/airflow/.local/lib/python3.12/site-packages/airflow/example_dags/example_inlet_event_extra.py for tasks to queue
[2026-06-19T16:50:25.548+0000] {logging_mixin.py:190} INFO - [2026-06-19T16:50:25.547+0000] {dagbag.py:588} INFO - Filling up the DagBag from /home/airflow/.local/lib/python3.12/site-packages/airflow/example_dags/example_inlet_event_extra.py
[2026-06-19T16:50:27.547+0000] {processor.py:925} INFO - DAG(s) 'read_dataset_event_from_classic', 'read_dataset_event' retrieved from /home/airflow/.local/lib/python3.12/site-packages/airflow/example_dags/example_inlet_event_extra.py
[2026-06-19T16:50:27.644+0000] {logging_mixin.py:190} INFO - [2026-06-19T16:50:27.643+0000] {dag.py:3239} INFO - Sync 2 DAGs
[2026-06-19T16:50:27.751+0000] {logging_mixin.py:190} INFO - [2026-06-19T16:50:27.750+0000] {dag.py:4180} INFO - Setting next_dagrun for read_dataset_event to 2026-06-18 00:00:00+00:00, run_after=2026-06-19 00:00:00+00:00
[2026-06-19T16:50:27.779+0000] {logging_mixin.py:190} INFO - [2026-06-19T16:50:27.778+0000] {dag.py:4180} INFO - Setting next_dagrun for read_dataset_event_from_classic to 2026-06-18 00:00:00+00:00, run_after=2026-06-19 00:00:00+00:00
[2026-06-19T16:50:27.835+0000] {processor.py:208} INFO - Processing /home/airflow/.local/lib/python3.12/site-packages/airflow/example_dags/example_inlet_event_extra.py took 2.333 seconds
[2026-06-19T16:50:58.261+0000] {processor.py:186} INFO - Started process (PID=1116) to work on /home/airflow/.local/lib/python3.12/site-packages/airflow/example_dags/example_inlet_event_extra.py
[2026-06-19T16:50:58.269+0000] {processor.py:914} INFO - Processing file /home/airflow/.local/lib/python3.12/site-packages/airflow/example_dags/example_inlet_event_extra.py for tasks to queue
[2026-06-19T16:50:58.276+0000] {logging_mixin.py:190} INFO - [2026-06-19T16:50:58.275+0000] {dagbag.py:588} INFO - Filling up the DagBag from /home/airflow/.local/lib/python3.12/site-packages/airflow/example_dags/example_inlet_event_extra.py
[2026-06-19T16:50:59.991+0000] {processor.py:925} INFO - DAG(s) 'read_dataset_event', 'read_dataset_event_from_classic' retrieved from /home/airflow/.local/lib/python3.12/site-packages/airflow/example_dags/example_inlet_event_extra.py
[2026-06-19T16:51:00.086+0000] {logging_mixin.py:190} INFO - [2026-06-19T16:51:00.085+0000] {dag.py:3239} INFO - Sync 2 DAGs
[2026-06-19T16:51:00.235+0000] {logging_mixin.py:190} INFO - [2026-06-19T16:51:00.234+0000] {dag.py:4180} INFO - Setting next_dagrun for read_dataset_event to 2026-06-18 00:00:00+00:00, run_after=2026-06-19 00:00:00+00:00
[2026-06-19T16:51:00.265+0000] {logging_mixin.py:190} INFO - [2026-06-19T16:51:00.264+0000] {dag.py:4180} INFO - Setting next_dagrun for read_dataset_event_from_classic to 2026-06-18 00:00:00+00:00, run_after=2026-06-19 00:00:00+00:00
[2026-06-19T16:51:00.325+0000] {processor.py:208} INFO - Processing /home/airflow/.local/lib/python3.12/site-packages/airflow/example_dags/example_inlet_event_extra.py took 2.075 seconds
[2026-06-19T16:51:31.195+0000] {processor.py:186} INFO - Started process (PID=1189) to work on /home/airflow/.local/lib/python3.12/site-packages/airflow/example_dags/example_inlet_event_extra.py
[2026-06-19T16:51:31.209+0000] {processor.py:914} INFO - Processing file /home/airflow/.local/lib/python3.12/site-packages/airflow/example_dags/example_inlet_event_extra.py for tasks to queue
[2026-06-19T16:51:31.221+0000] {logging_mixin.py:190} INFO - [2026-06-19T16:51:31.220+0000] {dagbag.py:588} INFO - Filling up the DagBag from /home/airflow/.local/lib/python3.12/site-packages/airflow/example_dags/example_inlet_event_extra.py
[2026-06-19T16:51:33.176+0000] {processor.py:925} INFO - DAG(s) 'read_dataset_event', 'read_dataset_event_from_classic' retrieved from /home/airflow/.local/lib/python3.12/site-packages/airflow/example_dags/example_inlet_event_extra.py
[2026-06-19T16:51:33.247+0000] {logging_mixin.py:190} INFO - [2026-06-19T16:51:33.246+0000] {dag.py:3239} INFO - Sync 2 DAGs
[2026-06-19T16:51:33.340+0000] {logging_mixin.py:190} INFO - [2026-06-19T16:51:33.339+0000] {dag.py:4180} INFO - Setting next_dagrun for read_dataset_event to 2026-06-18 00:00:00+00:00, run_after=2026-06-19 00:00:00+00:00
[2026-06-19T16:51:33.381+0000] {logging_mixin.py:190} INFO - [2026-06-19T16:51:33.380+0000] {dag.py:4180} INFO - Setting next_dagrun for read_dataset_event_from_classic to 2026-06-18 00:00:00+00:00, run_after=2026-06-19 00:00:00+00:00
[2026-06-19T16:51:33.438+0000] {processor.py:208} INFO - Processing /home/airflow/.local/lib/python3.12/site-packages/airflow/example_dags/example_inlet_event_extra.py took 2.271 seconds
[2026-06-19T16:52:03.762+0000] {processor.py:186} INFO - Started process (PID=1259) to work on /home/airflow/.local/lib/python3.12/site-packages/airflow/example_dags/example_inlet_event_extra.py
[2026-06-19T16:52:03.767+0000] {processor.py:914} INFO - Processing file /home/airflow/.local/lib/python3.12/site-packages/airflow/example_dags/example_inlet_event_extra.py for tasks to queue
[2026-06-19T16:52:03.776+0000] {logging_mixin.py:190} INFO - [2026-06-19T16:52:03.775+0000] {dagbag.py:588} INFO - Filling up the DagBag from /home/airflow/.local/lib/python3.12/site-packages/airflow/example_dags/example_inlet_event_extra.py
[2026-06-19T16:52:06.280+0000] {processor.py:925} INFO - DAG(s) 'read_dataset_event_from_classic', 'read_dataset_event' retrieved from /home/airflow/.local/lib/python3.12/site-packages/airflow/example_dags/example_inlet_event_extra.py
[2026-06-19T16:52:06.360+0000] {logging_mixin.py:190} INFO - [2026-06-19T16:52:06.358+0000] {dag.py:3239} INFO - Sync 2 DAGs
[2026-06-19T16:52:06.445+0000] {logging_mixin.py:190} INFO - [2026-06-19T16:52:06.444+0000] {dag.py:4180} INFO - Setting next_dagrun for read_dataset_event to 2026-06-18 00:00:00+00:00, run_after=2026-06-19 00:00:00+00:00
[2026-06-19T16:52:06.466+0000] {logging_mixin.py:190} INFO - [2026-06-19T16:52:06.466+0000] {dag.py:4180} INFO - Setting next_dagrun for read_dataset_event_from_classic to 2026-06-18 00:00:00+00:00, run_after=2026-06-19 00:00:00+00:00
[2026-06-19T16:52:06.520+0000] {processor.py:208} INFO - Processing /home/airflow/.local/lib/python3.12/site-packages/airflow/example_dags/example_inlet_event_extra.py took 2.781 seconds
[2026-06-19T16:52:37.787+0000] {processor.py:186} INFO - Started process (PID=1331) to work on /home/airflow/.local/lib/python3.12/site-packages/airflow/example_dags/example_inlet_event_extra.py
[2026-06-19T16:52:37.801+0000] {processor.py:914} INFO - Processing file /home/airflow/.local/lib/python3.12/site-packages/airflow/example_dags/example_inlet_event_extra.py for tasks to queue
[2026-06-19T16:52:37.824+0000] {logging_mixin.py:190} INFO - [2026-06-19T16:52:37.822+0000] {dagbag.py:588} INFO - Filling up the DagBag from /home/airflow/.local/lib/python3.12/site-packages/airflow/example_dags/example_inlet_event_extra.py
[2026-06-19T16:52:39.733+0000] {processor.py:925} INFO - DAG(s) 'read_dataset_event_from_classic', 'read_dataset_event' retrieved from /home/airflow/.local/lib/python3.12/site-packages/airflow/example_dags/example_inlet_event_extra.py
[2026-06-19T16:52:39.774+0000] {logging_mixin.py:190} INFO - [2026-06-19T16:52:39.773+0000] {dag.py:3239} INFO - Sync 2 DAGs
[2026-06-19T16:52:39.811+0000] {logging_mixin.py:190} INFO - [2026-06-19T16:52:39.810+0000] {dag.py:4180} INFO - Setting next_dagrun for read_dataset_event to 2026-06-18 00:00:00+00:00, run_after=2026-06-19 00:00:00+00:00
[2026-06-19T16:52:39.824+0000] {logging_mixin.py:190} INFO - [2026-06-19T16:52:39.824+0000] {dag.py:4180} INFO - Setting next_dagrun for read_dataset_event_from_classic to 2026-06-18 00:00:00+00:00, run_after=2026-06-19 00:00:00+00:00
[2026-06-19T16:52:39.861+0000] {processor.py:208} INFO - Processing /home/airflow/.local/lib/python3.12/site-packages/airflow/example_dags/example_inlet_event_extra.py took 2.107 seconds
[2026-06-19T16:53:11.245+0000] {processor.py:186} INFO - Started process (PID=1398) to work on /home/airflow/.local/lib/python3.12/site-packages/airflow/example_dags/example_inlet_event_extra.py
[2026-06-19T16:53:11.250+0000] {processor.py:914} INFO - Processing file /home/airflow/.local/lib/python3.12/site-packages/airflow/example_dags/example_inlet_event_extra.py for tasks to queue
[2026-06-19T16:53:11.260+0000] {logging_mixin.py:190} INFO - [2026-06-19T16:53:11.259+0000] {dagbag.py:588} INFO - Filling up the DagBag from /home/airflow/.local/lib/python3.12/site-packages/airflow/example_dags/example_inlet_event_extra.py
[2026-06-19T16:53:13.599+0000] {processor.py:925} INFO - DAG(s) 'read_dataset_event', 'read_dataset_event_from_classic' retrieved from /home/airflow/.local/lib/python3.12/site-packages/airflow/example_dags/example_inlet_event_extra.py
[2026-06-19T16:53:13.658+0000] {logging_mixin.py:190} INFO - [2026-06-19T16:53:13.657+0000] {dag.py:3239} INFO - Sync 2 DAGs
[2026-06-19T16:53:13.730+0000] {logging_mixin.py:190} INFO - [2026-06-19T16:53:13.730+0000] {dag.py:4180} INFO - Setting next_dagrun for read_dataset_event to 2026-06-18 00:00:00+00:00, run_after=2026-06-19 00:00:00+00:00
[2026-06-19T16:53:13.748+0000] {logging_mixin.py:190} INFO - [2026-06-19T16:53:13.747+0000] {dag.py:4180} INFO - Setting next_dagrun for read_dataset_event_from_classic to 2026-06-18 00:00:00+00:00, run_after=2026-06-19 00:00:00+00:00
[2026-06-19T16:53:13.802+0000] {processor.py:208} INFO - Processing /home/airflow/.local/lib/python3.12/site-packages/airflow/example_dags/example_inlet_event_extra.py took 2.586 seconds
[2026-06-19T16:53:44.165+0000] {processor.py:186} INFO - Started process (PID=1466) to work on /home/airflow/.local/lib/python3.12/site-packages/airflow/example_dags/example_inlet_event_extra.py
[2026-06-19T16:53:44.170+0000] {processor.py:914} INFO - Processing file /home/airflow/.local/lib/python3.12/site-packages/airflow/example_dags/example_inlet_event_extra.py for tasks to queue
[2026-06-19T16:53:44.178+0000] {logging_mixin.py:190} INFO - [2026-06-19T16:53:44.177+0000] {dagbag.py:588} INFO - Filling up the DagBag from /home/airflow/.local/lib/python3.12/site-packages/airflow/example_dags/example_inlet_event_extra.py
[2026-06-19T16:53:45.575+0000] {processor.py:925} INFO - DAG(s) 'read_dataset_event_from_classic', 'read_dataset_event' retrieved from /home/airflow/.local/lib/python3.12/site-packages/airflow/example_dags/example_inlet_event_extra.py
[2026-06-19T16:53:45.649+0000] {logging_mixin.py:190} INFO - [2026-06-19T16:53:45.648+0000] {dag.py:3239} INFO - Sync 2 DAGs
[2026-06-19T16:53:45.702+0000] {logging_mixin.py:190} INFO - [2026-06-19T16:53:45.702+0000] {dag.py:4180} INFO - Setting next_dagrun for read_dataset_event to 2026-06-18 00:00:00+00:00, run_after=2026-06-19 00:00:00+00:00
[2026-06-19T16:53:45.718+0000] {logging_mixin.py:190} INFO - [2026-06-19T16:53:45.717+0000] {dag.py:4180} INFO - Setting next_dagrun for read_dataset_event_from_classic to 2026-06-18 00:00:00+00:00, run_after=2026-06-19 00:00:00+00:00
[2026-06-19T16:53:45.763+0000] {processor.py:208} INFO - Processing /home/airflow/.local/lib/python3.12/site-packages/airflow/example_dags/example_inlet_event_extra.py took 1.611 seconds
[2026-06-19T16:54:15.916+0000] {processor.py:186} INFO - Started process (PID=1530) to work on /home/airflow/.local/lib/python3.12/site-packages/airflow/example_dags/example_inlet_event_extra.py
[2026-06-19T16:54:15.919+0000] {processor.py:914} INFO - Processing file /home/airflow/.local/lib/python3.12/site-packages/airflow/example_dags/example_inlet_event_extra.py for tasks to queue
[2026-06-19T16:54:15.925+0000] {logging_mixin.py:190} INFO - [2026-06-19T16:54:15.925+0000] {dagbag.py:588} INFO - Filling up the DagBag from /home/airflow/.local/lib/python3.12/site-packages/airflow/example_dags/example_inlet_event_extra.py
[2026-06-19T16:54:16.894+0000] {processor.py:925} INFO - DAG(s) 'read_dataset_event', 'read_dataset_event_from_classic' retrieved from /home/airflow/.local/lib/python3.12/site-packages/airflow/example_dags/example_inlet_event_extra.py
[2026-06-19T16:54:16.927+0000] {logging_mixin.py:190} INFO - [2026-06-19T16:54:16.926+0000] {dag.py:3239} INFO - Sync 2 DAGs
[2026-06-19T16:54:16.968+0000] {logging_mixin.py:190} INFO - [2026-06-19T16:54:16.968+0000] {dag.py:4180} INFO - Setting next_dagrun for read_dataset_event to 2026-06-18 00:00:00+00:00, run_after=2026-06-19 00:00:00+00:00
[2026-06-19T16:54:16.978+0000] {logging_mixin.py:190} INFO - [2026-06-19T16:54:16.978+0000] {dag.py:4180} INFO - Setting next_dagrun for read_dataset_event_from_classic to 2026-06-18 00:00:00+00:00, run_after=2026-06-19 00:00:00+00:00
[2026-06-19T16:54:17.010+0000] {processor.py:208} INFO - Processing /home/airflow/.local/lib/python3.12/site-packages/airflow/example_dags/example_inlet_event_extra.py took 1.105 seconds
[2026-06-19T16:54:47.175+0000] {processor.py:186} INFO - Started process (PID=1595) to work on /home/airflow/.local/lib/python3.12/site-packages/airflow/example_dags/example_inlet_event_extra.py
[2026-06-19T16:54:47.180+0000] {processor.py:914} INFO - Processing file /home/airflow/.local/lib/python3.12/site-packages/airflow/example_dags/example_inlet_event_extra.py for tasks to queue
[2026-06-19T16:54:47.189+0000] {logging_mixin.py:190} INFO - [2026-06-19T16:54:47.188+0000] {dagbag.py:588} INFO - Filling up the DagBag from /home/airflow/.local/lib/python3.12/site-packages/airflow/example_dags/example_inlet_event_extra.py
[2026-06-19T16:54:49.081+0000] {processor.py:925} INFO - DAG(s) 'read_dataset_event_from_classic', 'read_dataset_event' retrieved from /home/airflow/.local/lib/python3.12/site-packages/airflow/example_dags/example_inlet_event_extra.py
[2026-06-19T16:54:49.145+0000] {logging_mixin.py:190} INFO - [2026-06-19T16:54:49.144+0000] {dag.py:3239} INFO - Sync 2 DAGs
[2026-06-19T16:54:49.227+0000] {logging_mixin.py:190} INFO - [2026-06-19T16:54:49.226+0000] {dag.py:4180} INFO - Setting next_dagrun for read_dataset_event to 2026-06-18 00:00:00+00:00, run_after=2026-06-19 00:00:00+00:00
[2026-06-19T16:54:49.245+0000] {logging_mixin.py:190} INFO - [2026-06-19T16:54:49.245+0000] {dag.py:4180} INFO - Setting next_dagrun for read_dataset_event_from_classic to 2026-06-18 00:00:00+00:00, run_after=2026-06-19 00:00:00+00:00
[2026-06-19T16:54:49.301+0000] {processor.py:208} INFO - Processing /home/airflow/.local/lib/python3.12/site-packages/airflow/example_dags/example_inlet_event_extra.py took 2.143 seconds
[2026-06-19T16:55:20.073+0000] {processor.py:186} INFO - Started process (PID=1661) to work on /home/airflow/.local/lib/python3.12/site-packages/airflow/example_dags/example_inlet_event_extra.py
[2026-06-19T16:55:20.079+0000] {processor.py:914} INFO - Processing file /home/airflow/.local/lib/python3.12/site-packages/airflow/example_dags/example_inlet_event_extra.py for tasks to queue
[2026-06-19T16:55:20.091+0000] {logging_mixin.py:190} INFO - [2026-06-19T16:55:20.090+0000] {dagbag.py:588} INFO - Filling up the DagBag from /home/airflow/.local/lib/python3.12/site-packages/airflow/example_dags/example_inlet_event_extra.py
[2026-06-19T16:55:21.988+0000] {processor.py:925} INFO - DAG(s) 'read_dataset_event_from_classic', 'read_dataset_event' retrieved from /home/airflow/.local/lib/python3.12/site-packages/airflow/example_dags/example_inlet_event_extra.py
[2026-06-19T16:55:22.076+0000] {logging_mixin.py:190} INFO - [2026-06-19T16:55:22.075+0000] {dag.py:3239} INFO - Sync 2 DAGs
[2026-06-19T16:55:22.169+0000] {logging_mixin.py:190} INFO - [2026-06-19T16:55:22.168+0000] {dag.py:4180} INFO - Setting next_dagrun for read_dataset_event to 2026-06-18 00:00:00+00:00, run_after=2026-06-19 00:00:00+00:00
[2026-06-19T16:55:22.187+0000] {logging_mixin.py:190} INFO - [2026-06-19T16:55:22.186+0000] {dag.py:4180} INFO - Setting next_dagrun for read_dataset_event_from_classic to 2026-06-18 00:00:00+00:00, run_after=2026-06-19 00:00:00+00:00
[2026-06-19T16:55:22.231+0000] {processor.py:208} INFO - Processing /home/airflow/.local/lib/python3.12/site-packages/airflow/example_dags/example_inlet_event_extra.py took 2.175 seconds
[2026-06-19T16:55:52.954+0000] {processor.py:186} INFO - Started process (PID=1729) to work on /home/airflow/.local/lib/python3.12/site-packages/airflow/example_dags/example_inlet_event_extra.py
[2026-06-19T16:55:52.956+0000] {processor.py:914} INFO - Processing file /home/airflow/.local/lib/python3.12/site-packages/airflow/example_dags/example_inlet_event_extra.py for tasks to queue
[2026-06-19T16:55:52.961+0000] {logging_mixin.py:190} INFO - [2026-06-19T16:55:52.960+0000] {dagbag.py:588} INFO - Filling up the DagBag from /home/airflow/.local/lib/python3.12/site-packages/airflow/example_dags/example_inlet_event_extra.py
[2026-06-19T16:55:53.714+0000] {processor.py:925} INFO - DAG(s) 'read_dataset_event', 'read_dataset_event_from_classic' retrieved from /home/airflow/.local/lib/python3.12/site-packages/airflow/example_dags/example_inlet_event_extra.py
[2026-06-19T16:55:53.742+0000] {logging_mixin.py:190} INFO - [2026-06-19T16:55:53.742+0000] {dag.py:3239} INFO - Sync 2 DAGs
[2026-06-19T16:55:53.772+0000] {logging_mixin.py:190} INFO - [2026-06-19T16:55:53.772+0000] {dag.py:4180} INFO - Setting next_dagrun for read_dataset_event to 2026-06-18 00:00:00+00:00, run_after=2026-06-19 00:00:00+00:00
[2026-06-19T16:55:53.779+0000] {logging_mixin.py:190} INFO - [2026-06-19T16:55:53.779+0000] {dag.py:4180} INFO - Setting next_dagrun for read_dataset_event_from_classic to 2026-06-18 00:00:00+00:00, run_after=2026-06-19 00:00:00+00:00
[2026-06-19T16:55:53.799+0000] {processor.py:208} INFO - Processing /home/airflow/.local/lib/python3.12/site-packages/airflow/example_dags/example_inlet_event_extra.py took 0.853 seconds
[2026-06-19T16:56:23.933+0000] {processor.py:186} INFO - Started process (PID=1793) to work on /home/airflow/.local/lib/python3.12/site-packages/airflow/example_dags/example_inlet_event_extra.py
[2026-06-19T16:56:23.937+0000] {processor.py:914} INFO - Processing file /home/airflow/.local/lib/python3.12/site-packages/airflow/example_dags/example_inlet_event_extra.py for tasks to queue
[2026-06-19T16:56:23.942+0000] {logging_mixin.py:190} INFO - [2026-06-19T16:56:23.942+0000] {dagbag.py:588} INFO - Filling up the DagBag from /home/airflow/.local/lib/python3.12/site-packages/airflow/example_dags/example_inlet_event_extra.py
[2026-06-19T16:56:24.661+0000] {processor.py:925} INFO - DAG(s) 'read_dataset_event', 'read_dataset_event_from_classic' retrieved from /home/airflow/.local/lib/python3.12/site-packages/airflow/example_dags/example_inlet_event_extra.py
[2026-06-19T16:56:24.685+0000] {logging_mixin.py:190} INFO - [2026-06-19T16:56:24.685+0000] {dag.py:3239} INFO - Sync 2 DAGs
[2026-06-19T16:56:24.763+0000] {logging_mixin.py:190} INFO - [2026-06-19T16:56:24.763+0000] {dag.py:4180} INFO - Setting next_dagrun for read_dataset_event to 2026-06-18 00:00:00+00:00, run_after=2026-06-19 00:00:00+00:00
[2026-06-19T16:56:24.785+0000] {logging_mixin.py:190} INFO - [2026-06-19T16:56:24.785+0000] {dag.py:4180} INFO - Setting next_dagrun for read_dataset_event_from_classic to 2026-06-18 00:00:00+00:00, run_after=2026-06-19 00:00:00+00:00
[2026-06-19T16:56:24.831+0000] {processor.py:208} INFO - Processing /home/airflow/.local/lib/python3.12/site-packages/airflow/example_dags/example_inlet_event_extra.py took 0.908 seconds
[2026-06-19T16:56:55.322+0000] {processor.py:186} INFO - Started process (PID=1859) to work on /home/airflow/.local/lib/python3.12/site-packages/airflow/example_dags/example_inlet_event_extra.py
[2026-06-19T16:56:55.324+0000] {processor.py:914} INFO - Processing file /home/airflow/.local/lib/python3.12/site-packages/airflow/example_dags/example_inlet_event_extra.py for tasks to queue
[2026-06-19T16:56:55.330+0000] {logging_mixin.py:190} INFO - [2026-06-19T16:56:55.329+0000] {dagbag.py:588} INFO - Filling up the DagBag from /home/airflow/.local/lib/python3.12/site-packages/airflow/example_dags/example_inlet_event_extra.py
[2026-06-19T16:56:56.035+0000] {processor.py:925} INFO - DAG(s) 'read_dataset_event_from_classic', 'read_dataset_event' retrieved from /home/airflow/.local/lib/python3.12/site-packages/airflow/example_dags/example_inlet_event_extra.py
[2026-06-19T16:56:56.061+0000] {logging_mixin.py:190} INFO - [2026-06-19T16:56:56.061+0000] {dag.py:3239} INFO - Sync 2 DAGs
[2026-06-19T16:56:56.092+0000] {logging_mixin.py:190} INFO - [2026-06-19T16:56:56.092+0000] {dag.py:4180} INFO - Setting next_dagrun for read_dataset_event to 2026-06-18 00:00:00+00:00, run_after=2026-06-19 00:00:00+00:00
[2026-06-19T16:56:56.100+0000] {logging_mixin.py:190} INFO - [2026-06-19T16:56:56.100+0000] {dag.py:4180} INFO - Setting next_dagrun for read_dataset_event_from_classic to 2026-06-18 00:00:00+00:00, run_after=2026-06-19 00:00:00+00:00
[2026-06-19T16:56:56.134+0000] {processor.py:208} INFO - Processing /home/airflow/.local/lib/python3.12/site-packages/airflow/example_dags/example_inlet_event_extra.py took 0.824 seconds
[2026-06-19T16:57:26.947+0000] {processor.py:186} INFO - Started process (PID=1924) to work on /home/airflow/.local/lib/python3.12/site-packages/airflow/example_dags/example_inlet_event_extra.py
[2026-06-19T16:57:26.952+0000] {processor.py:914} INFO - Processing file /home/airflow/.local/lib/python3.12/site-packages/airflow/example_dags/example_inlet_event_extra.py for tasks to queue
[2026-06-19T16:57:26.958+0000] {logging_mixin.py:190} INFO - [2026-06-19T16:57:26.958+0000] {dagbag.py:588} INFO - Filling up the DagBag from /home/airflow/.local/lib/python3.12/site-packages/airflow/example_dags/example_inlet_event_extra.py
[2026-06-19T16:57:28.033+0000] {processor.py:925} INFO - DAG(s) 'read_dataset_event', 'read_dataset_event_from_classic' retrieved from /home/airflow/.local/lib/python3.12/site-packages/airflow/example_dags/example_inlet_event_extra.py
[2026-06-19T16:57:28.088+0000] {logging_mixin.py:190} INFO - [2026-06-19T16:57:28.087+0000] {dag.py:3239} INFO - Sync 2 DAGs
[2026-06-19T16:57:28.146+0000] {logging_mixin.py:190} INFO - [2026-06-19T16:57:28.146+0000] {dag.py:4180} INFO - Setting next_dagrun for read_dataset_event to 2026-06-18 00:00:00+00:00, run_after=2026-06-19 00:00:00+00:00
[2026-06-19T16:57:28.157+0000] {logging_mixin.py:190} INFO - [2026-06-19T16:57:28.157+0000] {dag.py:4180} INFO - Setting next_dagrun for read_dataset_event_from_classic to 2026-06-18 00:00:00+00:00, run_after=2026-06-19 00:00:00+00:00
[2026-06-19T16:57:28.189+0000] {processor.py:208} INFO - Processing /home/airflow/.local/lib/python3.12/site-packages/airflow/example_dags/example_inlet_event_extra.py took 1.254 seconds
[2026-06-19T16:57:58.427+0000] {processor.py:186} INFO - Started process (PID=1989) to work on /home/airflow/.local/lib/python3.12/site-packages/airflow/example_dags/example_inlet_event_extra.py
[2026-06-19T16:57:58.429+0000] {processor.py:914} INFO - Processing file /home/airflow/.local/lib/python3.12/site-packages/airflow/example_dags/example_inlet_event_extra.py for tasks to queue
[2026-06-19T16:57:58.433+0000] {logging_mixin.py:190} INFO - [2026-06-19T16:57:58.433+0000] {dagbag.py:588} INFO - Filling up the DagBag from /home/airflow/.local/lib/python3.12/site-packages/airflow/example_dags/example_inlet_event_extra.py
[2026-06-19T16:57:59.144+0000] {processor.py:925} INFO - DAG(s) 'read_dataset_event', 'read_dataset_event_from_classic' retrieved from /home/airflow/.local/lib/python3.12/site-packages/airflow/example_dags/example_inlet_event_extra.py
[2026-06-19T16:57:59.173+0000] {logging_mixin.py:190} INFO - [2026-06-19T16:57:59.173+0000] {dag.py:3239} INFO - Sync 2 DAGs
[2026-06-19T16:57:59.206+0000] {logging_mixin.py:190} INFO - [2026-06-19T16:57:59.206+0000] {dag.py:4180} INFO - Setting next_dagrun for read_dataset_event to 2026-06-18 00:00:00+00:00, run_after=2026-06-19 00:00:00+00:00
[2026-06-19T16:57:59.214+0000] {logging_mixin.py:190} INFO - [2026-06-19T16:57:59.214+0000] {dag.py:4180} INFO - Setting next_dagrun for read_dataset_event_from_classic to 2026-06-18 00:00:00+00:00, run_after=2026-06-19 00:00:00+00:00
[2026-06-19T16:57:59.238+0000] {processor.py:208} INFO - Processing /home/airflow/.local/lib/python3.12/site-packages/airflow/example_dags/example_inlet_event_extra.py took 0.818 seconds
[2026-06-19T16:58:29.775+0000] {processor.py:186} INFO - Started process (PID=2054) to work on /home/airflow/.local/lib/python3.12/site-packages/airflow/example_dags/example_inlet_event_extra.py
[2026-06-19T16:58:29.780+0000] {processor.py:914} INFO - Processing file /home/airflow/.local/lib/python3.12/site-packages/airflow/example_dags/example_inlet_event_extra.py for tasks to queue
[2026-06-19T16:58:29.787+0000] {logging_mixin.py:190} INFO - [2026-06-19T16:58:29.786+0000] {dagbag.py:588} INFO - Filling up the DagBag from /home/airflow/.local/lib/python3.12/site-packages/airflow/example_dags/example_inlet_event_extra.py
[2026-06-19T16:58:31.596+0000] {processor.py:925} INFO - DAG(s) 'read_dataset_event_from_classic', 'read_dataset_event' retrieved from /home/airflow/.local/lib/python3.12/site-packages/airflow/example_dags/example_inlet_event_extra.py
[2026-06-19T16:58:31.668+0000] {logging_mixin.py:190} INFO - [2026-06-19T16:58:31.668+0000] {dag.py:3239} INFO - Sync 2 DAGs
[2026-06-19T16:58:31.763+0000] {logging_mixin.py:190} INFO - [2026-06-19T16:58:31.762+0000] {dag.py:4180} INFO - Setting next_dagrun for read_dataset_event to 2026-06-18 00:00:00+00:00, run_after=2026-06-19 00:00:00+00:00
[2026-06-19T16:58:31.782+0000] {logging_mixin.py:190} INFO - [2026-06-19T16:58:31.782+0000] {dag.py:4180} INFO - Setting next_dagrun for read_dataset_event_from_classic to 2026-06-18 00:00:00+00:00, run_after=2026-06-19 00:00:00+00:00
[2026-06-19T16:58:31.819+0000] {processor.py:208} INFO - Processing /home/airflow/.local/lib/python3.12/site-packages/airflow/example_dags/example_inlet_event_extra.py took 2.059 seconds
[2026-06-19T16:59:02.265+0000] {processor.py:186} INFO - Started process (PID=2120) to work on /home/airflow/.local/lib/python3.12/site-packages/airflow/example_dags/example_inlet_event_extra.py
[2026-06-19T16:59:02.272+0000] {processor.py:914} INFO - Processing file /home/airflow/.local/lib/python3.12/site-packages/airflow/example_dags/example_inlet_event_extra.py for tasks to queue
[2026-06-19T16:59:02.276+0000] {logging_mixin.py:190} INFO - [2026-06-19T16:59:02.276+0000] {dagbag.py:588} INFO - Filling up the DagBag from /home/airflow/.local/lib/python3.12/site-packages/airflow/example_dags/example_inlet_event_extra.py
[2026-06-19T16:59:03.477+0000] {processor.py:925} INFO - DAG(s) 'read_dataset_event_from_classic', 'read_dataset_event' retrieved from /home/airflow/.local/lib/python3.12/site-packages/airflow/example_dags/example_inlet_event_extra.py
[2026-06-19T16:59:03.527+0000] {logging_mixin.py:190} INFO - [2026-06-19T16:59:03.527+0000] {dag.py:3239} INFO - Sync 2 DAGs
[2026-06-19T16:59:03.587+0000] {logging_mixin.py:190} INFO - [2026-06-19T16:59:03.586+0000] {dag.py:4180} INFO - Setting next_dagrun for read_dataset_event to 2026-06-18 00:00:00+00:00, run_after=2026-06-19 00:00:00+00:00
[2026-06-19T16:59:03.601+0000] {logging_mixin.py:190} INFO - [2026-06-19T16:59:03.601+0000] {dag.py:4180} INFO - Setting next_dagrun for read_dataset_event_from_classic to 2026-06-18 00:00:00+00:00, run_after=2026-06-19 00:00:00+00:00
[2026-06-19T16:59:03.635+0000] {processor.py:208} INFO - Processing /home/airflow/.local/lib/python3.12/site-packages/airflow/example_dags/example_inlet_event_extra.py took 1.377 seconds
[2026-06-19T16:59:33.902+0000] {processor.py:186} INFO - Started process (PID=2192) to work on /home/airflow/.local/lib/python3.12/site-packages/airflow/example_dags/example_inlet_event_extra.py
[2026-06-19T16:59:33.906+0000] {processor.py:914} INFO - Processing file /home/airflow/.local/lib/python3.12/site-packages/airflow/example_dags/example_inlet_event_extra.py for tasks to queue
[2026-06-19T16:59:33.909+0000] {logging_mixin.py:190} INFO - [2026-06-19T16:59:33.909+0000] {dagbag.py:588} INFO - Filling up the DagBag from /home/airflow/.local/lib/python3.12/site-packages/airflow/example_dags/example_inlet_event_extra.py
[2026-06-19T16:59:35.080+0000] {processor.py:925} INFO - DAG(s) 'read_dataset_event_from_classic', 'read_dataset_event' retrieved from /home/airflow/.local/lib/python3.12/site-packages/airflow/example_dags/example_inlet_event_extra.py
[2026-06-19T16:59:35.123+0000] {logging_mixin.py:190} INFO - [2026-06-19T16:59:35.123+0000] {dag.py:3239} INFO - Sync 2 DAGs
[2026-06-19T16:59:35.192+0000] {logging_mixin.py:190} INFO - [2026-06-19T16:59:35.191+0000] {dag.py:4180} INFO - Setting next_dagrun for read_dataset_event to 2026-06-18 00:00:00+00:00, run_after=2026-06-19 00:00:00+00:00
[2026-06-19T16:59:35.209+0000] {logging_mixin.py:190} INFO - [2026-06-19T16:59:35.208+0000] {dag.py:4180} INFO - Setting next_dagrun for read_dataset_event_from_classic to 2026-06-18 00:00:00+00:00, run_after=2026-06-19 00:00:00+00:00
[2026-06-19T16:59:35.250+0000] {processor.py:208} INFO - Processing /home/airflow/.local/lib/python3.12/site-packages/airflow/example_dags/example_inlet_event_extra.py took 1.357 seconds
[2026-06-19T17:00:05.946+0000] {processor.py:186} INFO - Started process (PID=2260) to work on /home/airflow/.local/lib/python3.12/site-packages/airflow/example_dags/example_inlet_event_extra.py
[2026-06-19T17:00:05.960+0000] {processor.py:914} INFO - Processing file /home/airflow/.local/lib/python3.12/site-packages/airflow/example_dags/example_inlet_event_extra.py for tasks to queue
[2026-06-19T17:00:05.964+0000] {logging_mixin.py:190} INFO - [2026-06-19T17:00:05.963+0000] {dagbag.py:588} INFO - Filling up the DagBag from /home/airflow/.local/lib/python3.12/site-packages/airflow/example_dags/example_inlet_event_extra.py
[2026-06-19T17:00:06.717+0000] {processor.py:925} INFO - DAG(s) 'read_dataset_event', 'read_dataset_event_from_classic' retrieved from /home/airflow/.local/lib/python3.12/site-packages/airflow/example_dags/example_inlet_event_extra.py
[2026-06-19T17:00:06.747+0000] {logging_mixin.py:190} INFO - [2026-06-19T17:00:06.747+0000] {dag.py:3239} INFO - Sync 2 DAGs
[2026-06-19T17:00:06.782+0000] {logging_mixin.py:190} INFO - [2026-06-19T17:00:06.781+0000] {dag.py:4180} INFO - Setting next_dagrun for read_dataset_event to 2026-06-18 00:00:00+00:00, run_after=2026-06-19 00:00:00+00:00
[2026-06-19T17:00:06.790+0000] {logging_mixin.py:190} INFO - [2026-06-19T17:00:06.790+0000] {dag.py:4180} INFO - Setting next_dagrun for read_dataset_event_from_classic to 2026-06-18 00:00:00+00:00, run_after=2026-06-19 00:00:00+00:00
[2026-06-19T17:00:06.811+0000] {processor.py:208} INFO - Processing /home/airflow/.local/lib/python3.12/site-packages/airflow/example_dags/example_inlet_event_extra.py took 0.872 seconds
[2026-06-19T17:00:37.270+0000] {processor.py:186} INFO - Started process (PID=2325) to work on /home/airflow/.local/lib/python3.12/site-packages/airflow/example_dags/example_inlet_event_extra.py
[2026-06-19T17:00:37.274+0000] {processor.py:914} INFO - Processing file /home/airflow/.local/lib/python3.12/site-packages/airflow/example_dags/example_inlet_event_extra.py for tasks to queue
[2026-06-19T17:00:37.281+0000] {logging_mixin.py:190} INFO - [2026-06-19T17:00:37.280+0000] {dagbag.py:588} INFO - Filling up the DagBag from /home/airflow/.local/lib/python3.12/site-packages/airflow/example_dags/example_inlet_event_extra.py
[2026-06-19T17:00:38.428+0000] {processor.py:925} INFO - DAG(s) 'read_dataset_event', 'read_dataset_event_from_classic' retrieved from /home/airflow/.local/lib/python3.12/site-packages/airflow/example_dags/example_inlet_event_extra.py
[2026-06-19T17:00:38.476+0000] {logging_mixin.py:190} INFO - [2026-06-19T17:00:38.476+0000] {dag.py:3239} INFO - Sync 2 DAGs
[2026-06-19T17:00:38.558+0000] {logging_mixin.py:190} INFO - [2026-06-19T17:00:38.557+0000] {dag.py:4180} INFO - Setting next_dagrun for read_dataset_event to 2026-06-18 00:00:00+00:00, run_after=2026-06-19 00:00:00+00:00
[2026-06-19T17:00:38.577+0000] {logging_mixin.py:190} INFO - [2026-06-19T17:00:38.576+0000] {dag.py:4180} INFO - Setting next_dagrun for read_dataset_event_from_classic to 2026-06-18 00:00:00+00:00, run_after=2026-06-19 00:00:00+00:00
[2026-06-19T17:00:38.630+0000] {processor.py:208} INFO - Processing /home/airflow/.local/lib/python3.12/site-packages/airflow/example_dags/example_inlet_event_extra.py took 1.372 seconds
[2026-06-19T17:01:09.117+0000] {processor.py:186} INFO - Started process (PID=2390) to work on /home/airflow/.local/lib/python3.12/site-packages/airflow/example_dags/example_inlet_event_extra.py
[2026-06-19T17:01:09.120+0000] {processor.py:914} INFO - Processing file /home/airflow/.local/lib/python3.12/site-packages/airflow/example_dags/example_inlet_event_extra.py for tasks to queue
[2026-06-19T17:01:09.126+0000] {logging_mixin.py:190} INFO - [2026-06-19T17:01:09.126+0000] {dagbag.py:588} INFO - Filling up the DagBag from /home/airflow/.local/lib/python3.12/site-packages/airflow/example_dags/example_inlet_event_extra.py
[2026-06-19T17:01:10.103+0000] {processor.py:925} INFO - DAG(s) 'read_dataset_event', 'read_dataset_event_from_classic' retrieved from /home/airflow/.local/lib/python3.12/site-packages/airflow/example_dags/example_inlet_event_extra.py
[2026-06-19T17:01:10.135+0000] {logging_mixin.py:190} INFO - [2026-06-19T17:01:10.134+0000] {dag.py:3239} INFO - Sync 2 DAGs
[2026-06-19T17:01:10.180+0000] {logging_mixin.py:190} INFO - [2026-06-19T17:01:10.179+0000] {dag.py:4180} INFO - Setting next_dagrun for read_dataset_event to 2026-06-18 00:00:00+00:00, run_after=2026-06-19 00:00:00+00:00
[2026-06-19T17:01:10.191+0000] {logging_mixin.py:190} INFO - [2026-06-19T17:01:10.190+0000] {dag.py:4180} INFO - Setting next_dagrun for read_dataset_event_from_classic to 2026-06-18 00:00:00+00:00, run_after=2026-06-19 00:00:00+00:00
[2026-06-19T17:01:10.218+0000] {processor.py:208} INFO - Processing /home/airflow/.local/lib/python3.12/site-packages/airflow/example_dags/example_inlet_event_extra.py took 1.111 seconds
[2026-06-19T17:01:40.810+0000] {processor.py:186} INFO - Started process (PID=2456) to work on /home/airflow/.local/lib/python3.12/site-packages/airflow/example_dags/example_inlet_event_extra.py
[2026-06-19T17:01:40.817+0000] {processor.py:914} INFO - Processing file /home/airflow/.local/lib/python3.12/site-packages/airflow/example_dags/example_inlet_event_extra.py for tasks to queue
[2026-06-19T17:01:40.833+0000] {logging_mixin.py:190} INFO - [2026-06-19T17:01:40.832+0000] {dagbag.py:588} INFO - Filling up the DagBag from /home/airflow/.local/lib/python3.12/site-packages/airflow/example_dags/example_inlet_event_extra.py
[2026-06-19T17:01:42.201+0000] {processor.py:925} INFO - DAG(s) 'read_dataset_event', 'read_dataset_event_from_classic' retrieved from /home/airflow/.local/lib/python3.12/site-packages/airflow/example_dags/example_inlet_event_extra.py
[2026-06-19T17:01:42.239+0000] {logging_mixin.py:190} INFO - [2026-06-19T17:01:42.239+0000] {dag.py:3239} INFO - Sync 2 DAGs
[2026-06-19T17:01:42.285+0000] {logging_mixin.py:190} INFO - [2026-06-19T17:01:42.285+0000] {dag.py:4180} INFO - Setting next_dagrun for read_dataset_event to 2026-06-18 00:00:00+00:00, run_after=2026-06-19 00:00:00+00:00
[2026-06-19T17:01:42.297+0000] {logging_mixin.py:190} INFO - [2026-06-19T17:01:42.297+0000] {dag.py:4180} INFO - Setting next_dagrun for read_dataset_event_from_classic to 2026-06-18 00:00:00+00:00, run_after=2026-06-19 00:00:00+00:00
[2026-06-19T17:01:42.326+0000] {processor.py:208} INFO - Processing /home/airflow/.local/lib/python3.12/site-packages/airflow/example_dags/example_inlet_event_extra.py took 1.540 seconds
[2026-06-19T17:02:12.770+0000] {processor.py:186} INFO - Started process (PID=2521) to work on /home/airflow/.local/lib/python3.12/site-packages/airflow/example_dags/example_inlet_event_extra.py
[2026-06-19T17:02:12.779+0000] {processor.py:914} INFO - Processing file /home/airflow/.local/lib/python3.12/site-packages/airflow/example_dags/example_inlet_event_extra.py for tasks to queue
[2026-06-19T17:02:12.785+0000] {logging_mixin.py:190} INFO - [2026-06-19T17:02:12.785+0000] {dagbag.py:588} INFO - Filling up the DagBag from /home/airflow/.local/lib/python3.12/site-packages/airflow/example_dags/example_inlet_event_extra.py
[2026-06-19T17:02:14.038+0000] {processor.py:925} INFO - DAG(s) 'read_dataset_event_from_classic', 'read_dataset_event' retrieved from /home/airflow/.local/lib/python3.12/site-packages/airflow/example_dags/example_inlet_event_extra.py
[2026-06-19T17:02:14.075+0000] {logging_mixin.py:190} INFO - [2026-06-19T17:02:14.074+0000] {dag.py:3239} INFO - Sync 2 DAGs
[2026-06-19T17:02:14.119+0000] {logging_mixin.py:190} INFO - [2026-06-19T17:02:14.119+0000] {dag.py:4180} INFO - Setting next_dagrun for read_dataset_event to 2026-06-18 00:00:00+00:00, run_after=2026-06-19 00:00:00+00:00
[2026-06-19T17:02:14.132+0000] {logging_mixin.py:190} INFO - [2026-06-19T17:02:14.131+0000] {dag.py:4180} INFO - Setting next_dagrun for read_dataset_event_from_classic to 2026-06-18 00:00:00+00:00, run_after=2026-06-19 00:00:00+00:00
[2026-06-19T17:02:14.172+0000] {processor.py:208} INFO - Processing /home/airflow/.local/lib/python3.12/site-packages/airflow/example_dags/example_inlet_event_extra.py took 1.416 seconds
[2026-06-19T17:02:44.629+0000] {processor.py:186} INFO - Started process (PID=2586) to work on /home/airflow/.local/lib/python3.12/site-packages/airflow/example_dags/example_inlet_event_extra.py
[2026-06-19T17:02:44.634+0000] {processor.py:914} INFO - Processing file /home/airflow/.local/lib/python3.12/site-packages/airflow/example_dags/example_inlet_event_extra.py for tasks to queue
[2026-06-19T17:02:44.647+0000] {logging_mixin.py:190} INFO - [2026-06-19T17:02:44.646+0000] {dagbag.py:588} INFO - Filling up the DagBag from /home/airflow/.local/lib/python3.12/site-packages/airflow/example_dags/example_inlet_event_extra.py
[2026-06-19T17:02:46.338+0000] {processor.py:925} INFO - DAG(s) 'read_dataset_event_from_classic', 'read_dataset_event' retrieved from /home/airflow/.local/lib/python3.12/site-packages/airflow/example_dags/example_inlet_event_extra.py
[2026-06-19T17:02:46.393+0000] {logging_mixin.py:190} INFO - [2026-06-19T17:02:46.392+0000] {dag.py:3239} INFO - Sync 2 DAGs
[2026-06-19T17:02:46.473+0000] {logging_mixin.py:190} INFO - [2026-06-19T17:02:46.473+0000] {dag.py:4180} INFO - Setting next_dagrun for read_dataset_event to 2026-06-18 00:00:00+00:00, run_after=2026-06-19 00:00:00+00:00
[2026-06-19T17:02:46.490+0000] {logging_mixin.py:190} INFO - [2026-06-19T17:02:46.490+0000] {dag.py:4180} INFO - Setting next_dagrun for read_dataset_event_from_classic to 2026-06-18 00:00:00+00:00, run_after=2026-06-19 00:00:00+00:00
[2026-06-19T17:02:46.531+0000] {processor.py:208} INFO - Processing /home/airflow/.local/lib/python3.12/site-packages/airflow/example_dags/example_inlet_event_extra.py took 1.920 seconds
[2026-06-19T17:04:28.333+0000] {processor.py:186} INFO - Started process (PID=93) to work on /home/airflow/.local/lib/python3.12/site-packages/airflow/example_dags/example_inlet_event_extra.py
[2026-06-19T17:04:28.338+0000] {processor.py:914} INFO - Processing file /home/airflow/.local/lib/python3.12/site-packages/airflow/example_dags/example_inlet_event_extra.py for tasks to queue
[2026-06-19T17:04:28.345+0000] {logging_mixin.py:190} INFO - [2026-06-19T17:04:28.344+0000] {dagbag.py:588} INFO - Filling up the DagBag from /home/airflow/.local/lib/python3.12/site-packages/airflow/example_dags/example_inlet_event_extra.py
[2026-06-19T17:04:29.410+0000] {processor.py:925} INFO - DAG(s) 'read_dataset_event_from_classic', 'read_dataset_event' retrieved from /home/airflow/.local/lib/python3.12/site-packages/airflow/example_dags/example_inlet_event_extra.py
[2026-06-19T17:04:29.451+0000] {logging_mixin.py:190} INFO - [2026-06-19T17:04:29.451+0000] {dag.py:3239} INFO - Sync 2 DAGs
[2026-06-19T17:04:29.490+0000] {logging_mixin.py:190} INFO - [2026-06-19T17:04:29.489+0000] {dag.py:4180} INFO - Setting next_dagrun for read_dataset_event to 2026-06-18 00:00:00+00:00, run_after=2026-06-19 00:00:00+00:00
[2026-06-19T17:04:29.501+0000] {logging_mixin.py:190} INFO - [2026-06-19T17:04:29.501+0000] {dag.py:4180} INFO - Setting next_dagrun for read_dataset_event_from_classic to 2026-06-18 00:00:00+00:00, run_after=2026-06-19 00:00:00+00:00
[2026-06-19T17:04:29.527+0000] {processor.py:208} INFO - Processing /home/airflow/.local/lib/python3.12/site-packages/airflow/example_dags/example_inlet_event_extra.py took 1.207 seconds
[2026-06-19T17:04:59.912+0000] {processor.py:186} INFO - Started process (PID=159) to work on /home/airflow/.local/lib/python3.12/site-packages/airflow/example_dags/example_inlet_event_extra.py
[2026-06-19T17:04:59.920+0000] {processor.py:914} INFO - Processing file /home/airflow/.local/lib/python3.12/site-packages/airflow/example_dags/example_inlet_event_extra.py for tasks to queue
[2026-06-19T17:04:59.936+0000] {logging_mixin.py:190} INFO - [2026-06-19T17:04:59.934+0000] {dagbag.py:588} INFO - Filling up the DagBag from /home/airflow/.local/lib/python3.12/site-packages/airflow/example_dags/example_inlet_event_extra.py
[2026-06-19T17:05:01.618+0000] {processor.py:925} INFO - DAG(s) 'read_dataset_event_from_classic', 'read_dataset_event' retrieved from /home/airflow/.local/lib/python3.12/site-packages/airflow/example_dags/example_inlet_event_extra.py
[2026-06-19T17:05:01.674+0000] {logging_mixin.py:190} INFO - [2026-06-19T17:05:01.673+0000] {dag.py:3239} INFO - Sync 2 DAGs
[2026-06-19T17:05:01.750+0000] {logging_mixin.py:190} INFO - [2026-06-19T17:05:01.749+0000] {dag.py:4180} INFO - Setting next_dagrun for read_dataset_event to 2026-06-18 00:00:00+00:00, run_after=2026-06-19 00:00:00+00:00
[2026-06-19T17:05:01.764+0000] {logging_mixin.py:190} INFO - [2026-06-19T17:05:01.763+0000] {dag.py:4180} INFO - Setting next_dagrun for read_dataset_event_from_classic to 2026-06-18 00:00:00+00:00, run_after=2026-06-19 00:00:00+00:00
[2026-06-19T17:05:01.803+0000] {processor.py:208} INFO - Processing /home/airflow/.local/lib/python3.12/site-packages/airflow/example_dags/example_inlet_event_extra.py took 1.919 seconds
[2026-06-19T17:05:32.213+0000] {processor.py:186} INFO - Started process (PID=225) to work on /home/airflow/.local/lib/python3.12/site-packages/airflow/example_dags/example_inlet_event_extra.py
[2026-06-19T17:05:32.216+0000] {processor.py:914} INFO - Processing file /home/airflow/.local/lib/python3.12/site-packages/airflow/example_dags/example_inlet_event_extra.py for tasks to queue
[2026-06-19T17:05:32.225+0000] {logging_mixin.py:190} INFO - [2026-06-19T17:05:32.223+0000] {dagbag.py:588} INFO - Filling up the DagBag from /home/airflow/.local/lib/python3.12/site-packages/airflow/example_dags/example_inlet_event_extra.py
[2026-06-19T17:05:32.849+0000] {processor.py:925} INFO - DAG(s) 'read_dataset_event_from_classic', 'read_dataset_event' retrieved from /home/airflow/.local/lib/python3.12/site-packages/airflow/example_dags/example_inlet_event_extra.py
[2026-06-19T17:05:32.878+0000] {logging_mixin.py:190} INFO - [2026-06-19T17:05:32.878+0000] {dag.py:3239} INFO - Sync 2 DAGs
[2026-06-19T17:05:32.904+0000] {logging_mixin.py:190} INFO - [2026-06-19T17:05:32.904+0000] {dag.py:4180} INFO - Setting next_dagrun for read_dataset_event to 2026-06-18 00:00:00+00:00, run_after=2026-06-19 00:00:00+00:00
[2026-06-19T17:05:32.912+0000] {logging_mixin.py:190} INFO - [2026-06-19T17:05:32.912+0000] {dag.py:4180} INFO - Setting next_dagrun for read_dataset_event_from_classic to 2026-06-18 00:00:00+00:00, run_after=2026-06-19 00:00:00+00:00
[2026-06-19T17:05:32.928+0000] {processor.py:208} INFO - Processing /home/airflow/.local/lib/python3.12/site-packages/airflow/example_dags/example_inlet_event_extra.py took 0.723 seconds
[2026-06-19T17:06:04.117+0000] {processor.py:186} INFO - Started process (PID=289) to work on /home/airflow/.local/lib/python3.12/site-packages/airflow/example_dags/example_inlet_event_extra.py
[2026-06-19T17:06:04.123+0000] {processor.py:914} INFO - Processing file /home/airflow/.local/lib/python3.12/site-packages/airflow/example_dags/example_inlet_event_extra.py for tasks to queue
[2026-06-19T17:06:04.131+0000] {logging_mixin.py:190} INFO - [2026-06-19T17:06:04.131+0000] {dagbag.py:588} INFO - Filling up the DagBag from /home/airflow/.local/lib/python3.12/site-packages/airflow/example_dags/example_inlet_event_extra.py
[2026-06-19T17:06:06.104+0000] {processor.py:925} INFO - DAG(s) 'read_dataset_event', 'read_dataset_event_from_classic' retrieved from /home/airflow/.local/lib/python3.12/site-packages/airflow/example_dags/example_inlet_event_extra.py
[2026-06-19T17:06:06.189+0000] {logging_mixin.py:190} INFO - [2026-06-19T17:06:06.188+0000] {dag.py:3239} INFO - Sync 2 DAGs
[2026-06-19T17:06:06.413+0000] {logging_mixin.py:190} INFO - [2026-06-19T17:06:06.412+0000] {dag.py:4180} INFO - Setting next_dagrun for read_dataset_event to 2026-06-18 00:00:00+00:00, run_after=2026-06-19 00:00:00+00:00
[2026-06-19T17:06:06.448+0000] {logging_mixin.py:190} INFO - [2026-06-19T17:06:06.447+0000] {dag.py:4180} INFO - Setting next_dagrun for read_dataset_event_from_classic to 2026-06-18 00:00:00+00:00, run_after=2026-06-19 00:00:00+00:00
[2026-06-19T17:06:06.542+0000] {processor.py:208} INFO - Processing /home/airflow/.local/lib/python3.12/site-packages/airflow/example_dags/example_inlet_event_extra.py took 2.449 seconds
[2026-06-19T17:08:02.755+0000] {processor.py:186} INFO - Started process (PID=93) to work on /home/airflow/.local/lib/python3.12/site-packages/airflow/example_dags/example_inlet_event_extra.py
[2026-06-19T17:08:02.758+0000] {processor.py:914} INFO - Processing file /home/airflow/.local/lib/python3.12/site-packages/airflow/example_dags/example_inlet_event_extra.py for tasks to queue
[2026-06-19T17:08:02.764+0000] {logging_mixin.py:190} INFO - [2026-06-19T17:08:02.764+0000] {dagbag.py:588} INFO - Filling up the DagBag from /home/airflow/.local/lib/python3.12/site-packages/airflow/example_dags/example_inlet_event_extra.py
[2026-06-19T17:08:03.612+0000] {processor.py:925} INFO - DAG(s) 'read_dataset_event_from_classic', 'read_dataset_event' retrieved from /home/airflow/.local/lib/python3.12/site-packages/airflow/example_dags/example_inlet_event_extra.py
[2026-06-19T17:08:03.644+0000] {logging_mixin.py:190} INFO - [2026-06-19T17:08:03.644+0000] {dag.py:3239} INFO - Sync 2 DAGs
[2026-06-19T17:08:03.687+0000] {logging_mixin.py:190} INFO - [2026-06-19T17:08:03.687+0000] {dag.py:4180} INFO - Setting next_dagrun for read_dataset_event to 2026-06-18 00:00:00+00:00, run_after=2026-06-19 00:00:00+00:00
[2026-06-19T17:08:03.696+0000] {logging_mixin.py:190} INFO - [2026-06-19T17:08:03.696+0000] {dag.py:4180} INFO - Setting next_dagrun for read_dataset_event_from_classic to 2026-06-18 00:00:00+00:00, run_after=2026-06-19 00:00:00+00:00
[2026-06-19T17:08:03.727+0000] {processor.py:208} INFO - Processing /home/airflow/.local/lib/python3.12/site-packages/airflow/example_dags/example_inlet_event_extra.py took 0.981 seconds
[2026-06-19T17:08:34.049+0000] {processor.py:186} INFO - Started process (PID=158) to work on /home/airflow/.local/lib/python3.12/site-packages/airflow/example_dags/example_inlet_event_extra.py
[2026-06-19T17:08:34.056+0000] {processor.py:914} INFO - Processing file /home/airflow/.local/lib/python3.12/site-packages/airflow/example_dags/example_inlet_event_extra.py for tasks to queue
[2026-06-19T17:08:34.063+0000] {logging_mixin.py:190} INFO - [2026-06-19T17:08:34.062+0000] {dagbag.py:588} INFO - Filling up the DagBag from /home/airflow/.local/lib/python3.12/site-packages/airflow/example_dags/example_inlet_event_extra.py
[2026-06-19T17:08:35.521+0000] {processor.py:925} INFO - DAG(s) 'read_dataset_event_from_classic', 'read_dataset_event' retrieved from /home/airflow/.local/lib/python3.12/site-packages/airflow/example_dags/example_inlet_event_extra.py
[2026-06-19T17:08:35.574+0000] {logging_mixin.py:190} INFO - [2026-06-19T17:08:35.574+0000] {dag.py:3239} INFO - Sync 2 DAGs
[2026-06-19T17:08:35.647+0000] {logging_mixin.py:190} INFO - [2026-06-19T17:08:35.646+0000] {dag.py:4180} INFO - Setting next_dagrun for read_dataset_event to 2026-06-18 00:00:00+00:00, run_after=2026-06-19 00:00:00+00:00
[2026-06-19T17:08:35.665+0000] {logging_mixin.py:190} INFO - [2026-06-19T17:08:35.665+0000] {dag.py:4180} INFO - Setting next_dagrun for read_dataset_event_from_classic to 2026-06-18 00:00:00+00:00, run_after=2026-06-19 00:00:00+00:00
[2026-06-19T17:08:35.715+0000] {processor.py:208} INFO - Processing /home/airflow/.local/lib/python3.12/site-packages/airflow/example_dags/example_inlet_event_extra.py took 1.678 seconds
[2026-06-19T17:09:05.992+0000] {processor.py:186} INFO - Started process (PID=226) to work on /home/airflow/.local/lib/python3.12/site-packages/airflow/example_dags/example_inlet_event_extra.py
[2026-06-19T17:09:05.996+0000] {processor.py:914} INFO - Processing file /home/airflow/.local/lib/python3.12/site-packages/airflow/example_dags/example_inlet_event_extra.py for tasks to queue
[2026-06-19T17:09:06.001+0000] {logging_mixin.py:190} INFO - [2026-06-19T17:09:06.000+0000] {dagbag.py:588} INFO - Filling up the DagBag from /home/airflow/.local/lib/python3.12/site-packages/airflow/example_dags/example_inlet_event_extra.py
[2026-06-19T17:09:06.801+0000] {processor.py:925} INFO - DAG(s) 'read_dataset_event', 'read_dataset_event_from_classic' retrieved from /home/airflow/.local/lib/python3.12/site-packages/airflow/example_dags/example_inlet_event_extra.py
[2026-06-19T17:09:06.843+0000] {logging_mixin.py:190} INFO - [2026-06-19T17:09:06.843+0000] {dag.py:3239} INFO - Sync 2 DAGs
[2026-06-19T17:09:06.898+0000] {logging_mixin.py:190} INFO - [2026-06-19T17:09:06.897+0000] {dag.py:4180} INFO - Setting next_dagrun for read_dataset_event to 2026-06-18 00:00:00+00:00, run_after=2026-06-19 00:00:00+00:00
[2026-06-19T17:09:06.908+0000] {logging_mixin.py:190} INFO - [2026-06-19T17:09:06.908+0000] {dag.py:4180} INFO - Setting next_dagrun for read_dataset_event_from_classic to 2026-06-18 00:00:00+00:00, run_after=2026-06-19 00:00:00+00:00
[2026-06-19T17:09:06.941+0000] {processor.py:208} INFO - Processing /home/airflow/.local/lib/python3.12/site-packages/airflow/example_dags/example_inlet_event_extra.py took 0.962 seconds
[2026-06-19T17:09:37.950+0000] {processor.py:186} INFO - Started process (PID=296) to work on /home/airflow/.local/lib/python3.12/site-packages/airflow/example_dags/example_inlet_event_extra.py
[2026-06-19T17:09:37.954+0000] {processor.py:914} INFO - Processing file /home/airflow/.local/lib/python3.12/site-packages/airflow/example_dags/example_inlet_event_extra.py for tasks to queue
[2026-06-19T17:09:37.962+0000] {logging_mixin.py:190} INFO - [2026-06-19T17:09:37.961+0000] {dagbag.py:588} INFO - Filling up the DagBag from /home/airflow/.local/lib/python3.12/site-packages/airflow/example_dags/example_inlet_event_extra.py
[2026-06-19T17:09:39.493+0000] {processor.py:925} INFO - DAG(s) 'read_dataset_event_from_classic', 'read_dataset_event' retrieved from /home/airflow/.local/lib/python3.12/site-packages/airflow/example_dags/example_inlet_event_extra.py
[2026-06-19T17:09:39.540+0000] {logging_mixin.py:190} INFO - [2026-06-19T17:09:39.539+0000] {dag.py:3239} INFO - Sync 2 DAGs
[2026-06-19T17:09:39.597+0000] {logging_mixin.py:190} INFO - [2026-06-19T17:09:39.597+0000] {dag.py:4180} INFO - Setting next_dagrun for read_dataset_event to 2026-06-18 00:00:00+00:00, run_after=2026-06-19 00:00:00+00:00
[2026-06-19T17:09:39.616+0000] {logging_mixin.py:190} INFO - [2026-06-19T17:09:39.615+0000] {dag.py:4180} INFO - Setting next_dagrun for read_dataset_event_from_classic to 2026-06-18 00:00:00+00:00, run_after=2026-06-19 00:00:00+00:00
[2026-06-19T17:09:39.660+0000] {processor.py:208} INFO - Processing /home/airflow/.local/lib/python3.12/site-packages/airflow/example_dags/example_inlet_event_extra.py took 1.728 seconds
[2026-06-19T17:10:09.878+0000] {processor.py:186} INFO - Started process (PID=361) to work on /home/airflow/.local/lib/python3.12/site-packages/airflow/example_dags/example_inlet_event_extra.py
[2026-06-19T17:10:09.885+0000] {processor.py:914} INFO - Processing file /home/airflow/.local/lib/python3.12/site-packages/airflow/example_dags/example_inlet_event_extra.py for tasks to queue
[2026-06-19T17:10:09.896+0000] {logging_mixin.py:190} INFO - [2026-06-19T17:10:09.895+0000] {dagbag.py:588} INFO - Filling up the DagBag from /home/airflow/.local/lib/python3.12/site-packages/airflow/example_dags/example_inlet_event_extra.py
[2026-06-19T17:10:12.412+0000] {processor.py:925} INFO - DAG(s) 'read_dataset_event', 'read_dataset_event_from_classic' retrieved from /home/airflow/.local/lib/python3.12/site-packages/airflow/example_dags/example_inlet_event_extra.py
[2026-06-19T17:10:12.556+0000] {logging_mixin.py:190} INFO - [2026-06-19T17:10:12.555+0000] {dag.py:3239} INFO - Sync 2 DAGs
[2026-06-19T17:10:12.712+0000] {logging_mixin.py:190} INFO - [2026-06-19T17:10:12.711+0000] {dag.py:4180} INFO - Setting next_dagrun for read_dataset_event to 2026-06-18 00:00:00+00:00, run_after=2026-06-19 00:00:00+00:00
[2026-06-19T17:10:12.743+0000] {logging_mixin.py:190} INFO - [2026-06-19T17:10:12.743+0000] {dag.py:4180} INFO - Setting next_dagrun for read_dataset_event_from_classic to 2026-06-18 00:00:00+00:00, run_after=2026-06-19 00:00:00+00:00
[2026-06-19T17:10:12.800+0000] {processor.py:208} INFO - Processing /home/airflow/.local/lib/python3.12/site-packages/airflow/example_dags/example_inlet_event_extra.py took 2.943 seconds
[2026-06-19T17:10:43.263+0000] {processor.py:186} INFO - Started process (PID=425) to work on /home/airflow/.local/lib/python3.12/site-packages/airflow/example_dags/example_inlet_event_extra.py
[2026-06-19T17:10:43.265+0000] {processor.py:914} INFO - Processing file /home/airflow/.local/lib/python3.12/site-packages/airflow/example_dags/example_inlet_event_extra.py for tasks to queue
[2026-06-19T17:10:43.268+0000] {logging_mixin.py:190} INFO - [2026-06-19T17:10:43.268+0000] {dagbag.py:588} INFO - Filling up the DagBag from /home/airflow/.local/lib/python3.12/site-packages/airflow/example_dags/example_inlet_event_extra.py
[2026-06-19T17:10:43.936+0000] {processor.py:925} INFO - DAG(s) 'read_dataset_event', 'read_dataset_event_from_classic' retrieved from /home/airflow/.local/lib/python3.12/site-packages/airflow/example_dags/example_inlet_event_extra.py
[2026-06-19T17:10:43.958+0000] {logging_mixin.py:190} INFO - [2026-06-19T17:10:43.958+0000] {dag.py:3239} INFO - Sync 2 DAGs
[2026-06-19T17:10:43.989+0000] {logging_mixin.py:190} INFO - [2026-06-19T17:10:43.988+0000] {dag.py:4180} INFO - Setting next_dagrun for read_dataset_event to 2026-06-18 00:00:00+00:00, run_after=2026-06-19 00:00:00+00:00
[2026-06-19T17:10:43.995+0000] {logging_mixin.py:190} INFO - [2026-06-19T17:10:43.995+0000] {dag.py:4180} INFO - Setting next_dagrun for read_dataset_event_from_classic to 2026-06-18 00:00:00+00:00, run_after=2026-06-19 00:00:00+00:00
[2026-06-19T17:10:44.017+0000] {processor.py:208} INFO - Processing /home/airflow/.local/lib/python3.12/site-packages/airflow/example_dags/example_inlet_event_extra.py took 0.761 seconds
[2026-06-19T17:11:14.670+0000] {processor.py:186} INFO - Started process (PID=489) to work on /home/airflow/.local/lib/python3.12/site-packages/airflow/example_dags/example_inlet_event_extra.py
[2026-06-19T17:11:14.673+0000] {processor.py:914} INFO - Processing file /home/airflow/.local/lib/python3.12/site-packages/airflow/example_dags/example_inlet_event_extra.py for tasks to queue
[2026-06-19T17:11:14.678+0000] {logging_mixin.py:190} INFO - [2026-06-19T17:11:14.678+0000] {dagbag.py:588} INFO - Filling up the DagBag from /home/airflow/.local/lib/python3.12/site-packages/airflow/example_dags/example_inlet_event_extra.py
[2026-06-19T17:11:16.068+0000] {processor.py:925} INFO - DAG(s) 'read_dataset_event', 'read_dataset_event_from_classic' retrieved from /home/airflow/.local/lib/python3.12/site-packages/airflow/example_dags/example_inlet_event_extra.py
[2026-06-19T17:11:16.198+0000] {logging_mixin.py:190} INFO - [2026-06-19T17:11:16.198+0000] {dag.py:3239} INFO - Sync 2 DAGs
[2026-06-19T17:11:16.336+0000] {logging_mixin.py:190} INFO - [2026-06-19T17:11:16.335+0000] {dag.py:4180} INFO - Setting next_dagrun for read_dataset_event to 2026-06-18 00:00:00+00:00, run_after=2026-06-19 00:00:00+00:00
[2026-06-19T17:11:16.420+0000] {logging_mixin.py:190} INFO - [2026-06-19T17:11:16.419+0000] {dag.py:4180} INFO - Setting next_dagrun for read_dataset_event_from_classic to 2026-06-18 00:00:00+00:00, run_after=2026-06-19 00:00:00+00:00
[2026-06-19T17:11:16.537+0000] {processor.py:208} INFO - Processing /home/airflow/.local/lib/python3.12/site-packages/airflow/example_dags/example_inlet_event_extra.py took 1.876 seconds
[2026-06-19T17:11:46.698+0000] {processor.py:186} INFO - Started process (PID=552) to work on /home/airflow/.local/lib/python3.12/site-packages/airflow/example_dags/example_inlet_event_extra.py
[2026-06-19T17:11:46.701+0000] {processor.py:914} INFO - Processing file /home/airflow/.local/lib/python3.12/site-packages/airflow/example_dags/example_inlet_event_extra.py for tasks to queue
[2026-06-19T17:11:46.705+0000] {logging_mixin.py:190} INFO - [2026-06-19T17:11:46.704+0000] {dagbag.py:588} INFO - Filling up the DagBag from /home/airflow/.local/lib/python3.12/site-packages/airflow/example_dags/example_inlet_event_extra.py
[2026-06-19T17:11:47.477+0000] {processor.py:925} INFO - DAG(s) 'read_dataset_event', 'read_dataset_event_from_classic' retrieved from /home/airflow/.local/lib/python3.12/site-packages/airflow/example_dags/example_inlet_event_extra.py
[2026-06-19T17:11:47.512+0000] {logging_mixin.py:190} INFO - [2026-06-19T17:11:47.511+0000] {dag.py:3239} INFO - Sync 2 DAGs
[2026-06-19T17:11:47.544+0000] {logging_mixin.py:190} INFO - [2026-06-19T17:11:47.544+0000] {dag.py:4180} INFO - Setting next_dagrun for read_dataset_event to 2026-06-18 00:00:00+00:00, run_after=2026-06-19 00:00:00+00:00
[2026-06-19T17:11:47.554+0000] {logging_mixin.py:190} INFO - [2026-06-19T17:11:47.553+0000] {dag.py:4180} INFO - Setting next_dagrun for read_dataset_event_from_classic to 2026-06-18 00:00:00+00:00, run_after=2026-06-19 00:00:00+00:00
[2026-06-19T17:11:47.584+0000] {processor.py:208} INFO - Processing /home/airflow/.local/lib/python3.12/site-packages/airflow/example_dags/example_inlet_event_extra.py took 0.894 seconds
[2026-06-19T17:12:18.439+0000] {processor.py:186} INFO - Started process (PID=616) to work on /home/airflow/.local/lib/python3.12/site-packages/airflow/example_dags/example_inlet_event_extra.py
[2026-06-19T17:12:18.444+0000] {processor.py:914} INFO - Processing file /home/airflow/.local/lib/python3.12/site-packages/airflow/example_dags/example_inlet_event_extra.py for tasks to queue
[2026-06-19T17:12:18.450+0000] {logging_mixin.py:190} INFO - [2026-06-19T17:12:18.449+0000] {dagbag.py:588} INFO - Filling up the DagBag from /home/airflow/.local/lib/python3.12/site-packages/airflow/example_dags/example_inlet_event_extra.py
[2026-06-19T17:12:20.705+0000] {processor.py:925} INFO - DAG(s) 'read_dataset_event', 'read_dataset_event_from_classic' retrieved from /home/airflow/.local/lib/python3.12/site-packages/airflow/example_dags/example_inlet_event_extra.py
[2026-06-19T17:12:20.789+0000] {logging_mixin.py:190} INFO - [2026-06-19T17:12:20.785+0000] {dag.py:3239} INFO - Sync 2 DAGs
[2026-06-19T17:12:20.910+0000] {logging_mixin.py:190} INFO - [2026-06-19T17:12:20.910+0000] {dag.py:4180} INFO - Setting next_dagrun for read_dataset_event to 2026-06-18 00:00:00+00:00, run_after=2026-06-19 00:00:00+00:00
[2026-06-19T17:12:20.935+0000] {logging_mixin.py:190} INFO - [2026-06-19T17:12:20.934+0000] {dag.py:4180} INFO - Setting next_dagrun for read_dataset_event_from_classic to 2026-06-18 00:00:00+00:00, run_after=2026-06-19 00:00:00+00:00
[2026-06-19T17:12:21.008+0000] {processor.py:208} INFO - Processing /home/airflow/.local/lib/python3.12/site-packages/airflow/example_dags/example_inlet_event_extra.py took 2.586 seconds
[2026-06-19T17:12:51.387+0000] {processor.py:186} INFO - Started process (PID=685) to work on /home/airflow/.local/lib/python3.12/site-packages/airflow/example_dags/example_inlet_event_extra.py
[2026-06-19T17:12:51.391+0000] {processor.py:914} INFO - Processing file /home/airflow/.local/lib/python3.12/site-packages/airflow/example_dags/example_inlet_event_extra.py for tasks to queue
[2026-06-19T17:12:51.398+0000] {logging_mixin.py:190} INFO - [2026-06-19T17:12:51.397+0000] {dagbag.py:588} INFO - Filling up the DagBag from /home/airflow/.local/lib/python3.12/site-packages/airflow/example_dags/example_inlet_event_extra.py
[2026-06-19T17:12:52.243+0000] {processor.py:925} INFO - DAG(s) 'read_dataset_event_from_classic', 'read_dataset_event' retrieved from /home/airflow/.local/lib/python3.12/site-packages/airflow/example_dags/example_inlet_event_extra.py
[2026-06-19T17:12:52.268+0000] {logging_mixin.py:190} INFO - [2026-06-19T17:12:52.268+0000] {dag.py:3239} INFO - Sync 2 DAGs
[2026-06-19T17:12:52.299+0000] {logging_mixin.py:190} INFO - [2026-06-19T17:12:52.298+0000] {dag.py:4180} INFO - Setting next_dagrun for read_dataset_event to 2026-06-18 00:00:00+00:00, run_after=2026-06-19 00:00:00+00:00
[2026-06-19T17:12:52.306+0000] {logging_mixin.py:190} INFO - [2026-06-19T17:12:52.305+0000] {dag.py:4180} INFO - Setting next_dagrun for read_dataset_event_from_classic to 2026-06-18 00:00:00+00:00, run_after=2026-06-19 00:00:00+00:00
[2026-06-19T17:12:52.322+0000] {processor.py:208} INFO - Processing /home/airflow/.local/lib/python3.12/site-packages/airflow/example_dags/example_inlet_event_extra.py took 0.947 seconds
[2026-06-19T17:13:22.901+0000] {processor.py:186} INFO - Started process (PID=750) to work on /home/airflow/.local/lib/python3.12/site-packages/airflow/example_dags/example_inlet_event_extra.py
[2026-06-19T17:13:22.917+0000] {processor.py:914} INFO - Processing file /home/airflow/.local/lib/python3.12/site-packages/airflow/example_dags/example_inlet_event_extra.py for tasks to queue
[2026-06-19T17:13:22.939+0000] {logging_mixin.py:190} INFO - [2026-06-19T17:13:22.937+0000] {dagbag.py:588} INFO - Filling up the DagBag from /home/airflow/.local/lib/python3.12/site-packages/airflow/example_dags/example_inlet_event_extra.py
[2026-06-19T17:13:25.327+0000] {processor.py:925} INFO - DAG(s) 'read_dataset_event_from_classic', 'read_dataset_event' retrieved from /home/airflow/.local/lib/python3.12/site-packages/airflow/example_dags/example_inlet_event_extra.py
[2026-06-19T17:13:25.415+0000] {logging_mixin.py:190} INFO - [2026-06-19T17:13:25.415+0000] {dag.py:3239} INFO - Sync 2 DAGs
[2026-06-19T17:13:25.489+0000] {logging_mixin.py:190} INFO - [2026-06-19T17:13:25.489+0000] {dag.py:4180} INFO - Setting next_dagrun for read_dataset_event to 2026-06-18 00:00:00+00:00, run_after=2026-06-19 00:00:00+00:00
[2026-06-19T17:13:25.508+0000] {logging_mixin.py:190} INFO - [2026-06-19T17:13:25.507+0000] {dag.py:4180} INFO - Setting next_dagrun for read_dataset_event_from_classic to 2026-06-18 00:00:00+00:00, run_after=2026-06-19 00:00:00+00:00
[2026-06-19T17:13:25.550+0000] {processor.py:208} INFO - Processing /home/airflow/.local/lib/python3.12/site-packages/airflow/example_dags/example_inlet_event_extra.py took 2.687 seconds
[2026-06-19T17:13:56.348+0000] {processor.py:186} INFO - Started process (PID=816) to work on /home/airflow/.local/lib/python3.12/site-packages/airflow/example_dags/example_inlet_event_extra.py
[2026-06-19T17:13:56.355+0000] {processor.py:914} INFO - Processing file /home/airflow/.local/lib/python3.12/site-packages/airflow/example_dags/example_inlet_event_extra.py for tasks to queue
[2026-06-19T17:13:56.370+0000] {logging_mixin.py:190} INFO - [2026-06-19T17:13:56.368+0000] {dagbag.py:588} INFO - Filling up the DagBag from /home/airflow/.local/lib/python3.12/site-packages/airflow/example_dags/example_inlet_event_extra.py
[2026-06-19T17:13:59.488+0000] {processor.py:925} INFO - DAG(s) 'read_dataset_event_from_classic', 'read_dataset_event' retrieved from /home/airflow/.local/lib/python3.12/site-packages/airflow/example_dags/example_inlet_event_extra.py
[2026-06-19T17:13:59.633+0000] {logging_mixin.py:190} INFO - [2026-06-19T17:13:59.632+0000] {dag.py:3239} INFO - Sync 2 DAGs
[2026-06-19T17:13:59.772+0000] {logging_mixin.py:190} INFO - [2026-06-19T17:13:59.771+0000] {dag.py:4180} INFO - Setting next_dagrun for read_dataset_event to 2026-06-18 00:00:00+00:00, run_after=2026-06-19 00:00:00+00:00
[2026-06-19T17:13:59.865+0000] {logging_mixin.py:190} INFO - [2026-06-19T17:13:59.864+0000] {dag.py:4180} INFO - Setting next_dagrun for read_dataset_event_from_classic to 2026-06-18 00:00:00+00:00, run_after=2026-06-19 00:00:00+00:00
[2026-06-19T17:14:00.006+0000] {processor.py:208} INFO - Processing /home/airflow/.local/lib/python3.12/site-packages/airflow/example_dags/example_inlet_event_extra.py took 3.690 seconds
[2026-06-19T17:14:30.728+0000] {processor.py:186} INFO - Started process (PID=883) to work on /home/airflow/.local/lib/python3.12/site-packages/airflow/example_dags/example_inlet_event_extra.py
[2026-06-19T17:14:30.732+0000] {processor.py:914} INFO - Processing file /home/airflow/.local/lib/python3.12/site-packages/airflow/example_dags/example_inlet_event_extra.py for tasks to queue
[2026-06-19T17:14:30.738+0000] {logging_mixin.py:190} INFO - [2026-06-19T17:14:30.738+0000] {dagbag.py:588} INFO - Filling up the DagBag from /home/airflow/.local/lib/python3.12/site-packages/airflow/example_dags/example_inlet_event_extra.py
[2026-06-19T17:14:32.216+0000] {processor.py:925} INFO - DAG(s) 'read_dataset_event', 'read_dataset_event_from_classic' retrieved from /home/airflow/.local/lib/python3.12/site-packages/airflow/example_dags/example_inlet_event_extra.py
[2026-06-19T17:14:32.279+0000] {logging_mixin.py:190} INFO - [2026-06-19T17:14:32.278+0000] {dag.py:3239} INFO - Sync 2 DAGs
[2026-06-19T17:14:32.378+0000] {logging_mixin.py:190} INFO - [2026-06-19T17:14:32.377+0000] {dag.py:4180} INFO - Setting next_dagrun for read_dataset_event to 2026-06-18 00:00:00+00:00, run_after=2026-06-19 00:00:00+00:00
[2026-06-19T17:14:32.417+0000] {logging_mixin.py:190} INFO - [2026-06-19T17:14:32.416+0000] {dag.py:4180} INFO - Setting next_dagrun for read_dataset_event_from_classic to 2026-06-18 00:00:00+00:00, run_after=2026-06-19 00:00:00+00:00
[2026-06-19T17:14:32.480+0000] {processor.py:208} INFO - Processing /home/airflow/.local/lib/python3.12/site-packages/airflow/example_dags/example_inlet_event_extra.py took 1.762 seconds
[2026-06-19T17:15:03.425+0000] {processor.py:186} INFO - Started process (PID=948) to work on /home/airflow/.local/lib/python3.12/site-packages/airflow/example_dags/example_inlet_event_extra.py
[2026-06-19T17:15:03.428+0000] {processor.py:914} INFO - Processing file /home/airflow/.local/lib/python3.12/site-packages/airflow/example_dags/example_inlet_event_extra.py for tasks to queue
[2026-06-19T17:15:03.432+0000] {logging_mixin.py:190} INFO - [2026-06-19T17:15:03.432+0000] {dagbag.py:588} INFO - Filling up the DagBag from /home/airflow/.local/lib/python3.12/site-packages/airflow/example_dags/example_inlet_event_extra.py
[2026-06-19T17:15:04.075+0000] {processor.py:925} INFO - DAG(s) 'read_dataset_event', 'read_dataset_event_from_classic' retrieved from /home/airflow/.local/lib/python3.12/site-packages/airflow/example_dags/example_inlet_event_extra.py
[2026-06-19T17:15:04.103+0000] {logging_mixin.py:190} INFO - [2026-06-19T17:15:04.102+0000] {dag.py:3239} INFO - Sync 2 DAGs
[2026-06-19T17:15:04.191+0000] {logging_mixin.py:190} INFO - [2026-06-19T17:15:04.190+0000] {dag.py:4180} INFO - Setting next_dagrun for read_dataset_event to 2026-06-18 00:00:00+00:00, run_after=2026-06-19 00:00:00+00:00
[2026-06-19T17:15:04.255+0000] {logging_mixin.py:190} INFO - [2026-06-19T17:15:04.244+0000] {dag.py:4180} INFO - Setting next_dagrun for read_dataset_event_from_classic to 2026-06-18 00:00:00+00:00, run_after=2026-06-19 00:00:00+00:00
[2026-06-19T17:15:04.302+0000] {processor.py:208} INFO - Processing /home/airflow/.local/lib/python3.12/site-packages/airflow/example_dags/example_inlet_event_extra.py took 0.883 seconds
[2026-06-19T17:15:35.309+0000] {processor.py:186} INFO - Started process (PID=1012) to work on /home/airflow/.local/lib/python3.12/site-packages/airflow/example_dags/example_inlet_event_extra.py
[2026-06-19T17:15:35.319+0000] {processor.py:914} INFO - Processing file /home/airflow/.local/lib/python3.12/site-packages/airflow/example_dags/example_inlet_event_extra.py for tasks to queue
[2026-06-19T17:15:35.328+0000] {logging_mixin.py:190} INFO - [2026-06-19T17:15:35.327+0000] {dagbag.py:588} INFO - Filling up the DagBag from /home/airflow/.local/lib/python3.12/site-packages/airflow/example_dags/example_inlet_event_extra.py
[2026-06-19T17:15:36.805+0000] {processor.py:925} INFO - DAG(s) 'read_dataset_event_from_classic', 'read_dataset_event' retrieved from /home/airflow/.local/lib/python3.12/site-packages/airflow/example_dags/example_inlet_event_extra.py
[2026-06-19T17:15:36.844+0000] {logging_mixin.py:190} INFO - [2026-06-19T17:15:36.843+0000] {dag.py:3239} INFO - Sync 2 DAGs
[2026-06-19T17:15:36.888+0000] {logging_mixin.py:190} INFO - [2026-06-19T17:15:36.887+0000] {dag.py:4180} INFO - Setting next_dagrun for read_dataset_event to 2026-06-18 00:00:00+00:00, run_after=2026-06-19 00:00:00+00:00
[2026-06-19T17:15:36.901+0000] {logging_mixin.py:190} INFO - [2026-06-19T17:15:36.900+0000] {dag.py:4180} INFO - Setting next_dagrun for read_dataset_event_from_classic to 2026-06-18 00:00:00+00:00, run_after=2026-06-19 00:00:00+00:00
[2026-06-19T17:15:36.932+0000] {processor.py:208} INFO - Processing /home/airflow/.local/lib/python3.12/site-packages/airflow/example_dags/example_inlet_event_extra.py took 1.647 seconds
[2026-06-19T17:16:07.416+0000] {processor.py:186} INFO - Started process (PID=1076) to work on /home/airflow/.local/lib/python3.12/site-packages/airflow/example_dags/example_inlet_event_extra.py
[2026-06-19T17:16:07.419+0000] {processor.py:914} INFO - Processing file /home/airflow/.local/lib/python3.12/site-packages/airflow/example_dags/example_inlet_event_extra.py for tasks to queue
[2026-06-19T17:16:07.424+0000] {logging_mixin.py:190} INFO - [2026-06-19T17:16:07.423+0000] {dagbag.py:588} INFO - Filling up the DagBag from /home/airflow/.local/lib/python3.12/site-packages/airflow/example_dags/example_inlet_event_extra.py
[2026-06-19T17:16:08.206+0000] {processor.py:925} INFO - DAG(s) 'read_dataset_event_from_classic', 'read_dataset_event' retrieved from /home/airflow/.local/lib/python3.12/site-packages/airflow/example_dags/example_inlet_event_extra.py
[2026-06-19T17:16:08.234+0000] {logging_mixin.py:190} INFO - [2026-06-19T17:16:08.234+0000] {dag.py:3239} INFO - Sync 2 DAGs
[2026-06-19T17:16:08.266+0000] {logging_mixin.py:190} INFO - [2026-06-19T17:16:08.265+0000] {dag.py:4180} INFO - Setting next_dagrun for read_dataset_event to 2026-06-18 00:00:00+00:00, run_after=2026-06-19 00:00:00+00:00
[2026-06-19T17:16:08.274+0000] {logging_mixin.py:190} INFO - [2026-06-19T17:16:08.273+0000] {dag.py:4180} INFO - Setting next_dagrun for read_dataset_event_from_classic to 2026-06-18 00:00:00+00:00, run_after=2026-06-19 00:00:00+00:00
[2026-06-19T17:16:08.298+0000] {processor.py:208} INFO - Processing /home/airflow/.local/lib/python3.12/site-packages/airflow/example_dags/example_inlet_event_extra.py took 0.889 seconds
[2026-06-19T17:16:39.041+0000] {processor.py:186} INFO - Started process (PID=1147) to work on /home/airflow/.local/lib/python3.12/site-packages/airflow/example_dags/example_inlet_event_extra.py
[2026-06-19T17:16:39.044+0000] {processor.py:914} INFO - Processing file /home/airflow/.local/lib/python3.12/site-packages/airflow/example_dags/example_inlet_event_extra.py for tasks to queue
[2026-06-19T17:16:39.049+0000] {logging_mixin.py:190} INFO - [2026-06-19T17:16:39.048+0000] {dagbag.py:588} INFO - Filling up the DagBag from /home/airflow/.local/lib/python3.12/site-packages/airflow/example_dags/example_inlet_event_extra.py
[2026-06-19T17:16:39.687+0000] {processor.py:925} INFO - DAG(s) 'read_dataset_event', 'read_dataset_event_from_classic' retrieved from /home/airflow/.local/lib/python3.12/site-packages/airflow/example_dags/example_inlet_event_extra.py
[2026-06-19T17:16:39.721+0000] {logging_mixin.py:190} INFO - [2026-06-19T17:16:39.721+0000] {dag.py:3239} INFO - Sync 2 DAGs
[2026-06-19T17:16:39.760+0000] {logging_mixin.py:190} INFO - [2026-06-19T17:16:39.760+0000] {dag.py:4180} INFO - Setting next_dagrun for read_dataset_event to 2026-06-18 00:00:00+00:00, run_after=2026-06-19 00:00:00+00:00
[2026-06-19T17:16:39.770+0000] {logging_mixin.py:190} INFO - [2026-06-19T17:16:39.770+0000] {dag.py:4180} INFO - Setting next_dagrun for read_dataset_event_from_classic to 2026-06-18 00:00:00+00:00, run_after=2026-06-19 00:00:00+00:00
[2026-06-19T17:16:39.793+0000] {processor.py:208} INFO - Processing /home/airflow/.local/lib/python3.12/site-packages/airflow/example_dags/example_inlet_event_extra.py took 0.758 seconds
[2026-06-19T17:17:10.683+0000] {processor.py:186} INFO - Started process (PID=1211) to work on /home/airflow/.local/lib/python3.12/site-packages/airflow/example_dags/example_inlet_event_extra.py
[2026-06-19T17:17:10.689+0000] {processor.py:914} INFO - Processing file /home/airflow/.local/lib/python3.12/site-packages/airflow/example_dags/example_inlet_event_extra.py for tasks to queue
[2026-06-19T17:17:10.696+0000] {logging_mixin.py:190} INFO - [2026-06-19T17:17:10.696+0000] {dagbag.py:588} INFO - Filling up the DagBag from /home/airflow/.local/lib/python3.12/site-packages/airflow/example_dags/example_inlet_event_extra.py
[2026-06-19T17:17:11.752+0000] {processor.py:925} INFO - DAG(s) 'read_dataset_event_from_classic', 'read_dataset_event' retrieved from /home/airflow/.local/lib/python3.12/site-packages/airflow/example_dags/example_inlet_event_extra.py
[2026-06-19T17:17:11.788+0000] {logging_mixin.py:190} INFO - [2026-06-19T17:17:11.787+0000] {dag.py:3239} INFO - Sync 2 DAGs
[2026-06-19T17:17:11.836+0000] {logging_mixin.py:190} INFO - [2026-06-19T17:17:11.836+0000] {dag.py:4180} INFO - Setting next_dagrun for read_dataset_event to 2026-06-18 00:00:00+00:00, run_after=2026-06-19 00:00:00+00:00
[2026-06-19T17:17:11.849+0000] {logging_mixin.py:190} INFO - [2026-06-19T17:17:11.849+0000] {dag.py:4180} INFO - Setting next_dagrun for read_dataset_event_from_classic to 2026-06-18 00:00:00+00:00, run_after=2026-06-19 00:00:00+00:00
[2026-06-19T17:17:11.880+0000] {processor.py:208} INFO - Processing /home/airflow/.local/lib/python3.12/site-packages/airflow/example_dags/example_inlet_event_extra.py took 1.213 seconds
[2026-06-19T17:17:42.251+0000] {processor.py:186} INFO - Started process (PID=1275) to work on /home/airflow/.local/lib/python3.12/site-packages/airflow/example_dags/example_inlet_event_extra.py
[2026-06-19T17:17:42.257+0000] {processor.py:914} INFO - Processing file /home/airflow/.local/lib/python3.12/site-packages/airflow/example_dags/example_inlet_event_extra.py for tasks to queue
[2026-06-19T17:17:42.268+0000] {logging_mixin.py:190} INFO - [2026-06-19T17:17:42.267+0000] {dagbag.py:588} INFO - Filling up the DagBag from /home/airflow/.local/lib/python3.12/site-packages/airflow/example_dags/example_inlet_event_extra.py
[2026-06-19T17:17:44.520+0000] {processor.py:925} INFO - DAG(s) 'read_dataset_event', 'read_dataset_event_from_classic' retrieved from /home/airflow/.local/lib/python3.12/site-packages/airflow/example_dags/example_inlet_event_extra.py
[2026-06-19T17:17:44.620+0000] {logging_mixin.py:190} INFO - [2026-06-19T17:17:44.619+0000] {dag.py:3239} INFO - Sync 2 DAGs
[2026-06-19T17:17:44.798+0000] {logging_mixin.py:190} INFO - [2026-06-19T17:17:44.797+0000] {dag.py:4180} INFO - Setting next_dagrun for read_dataset_event to 2026-06-18 00:00:00+00:00, run_after=2026-06-19 00:00:00+00:00
[2026-06-19T17:17:44.836+0000] {logging_mixin.py:190} INFO - [2026-06-19T17:17:44.835+0000] {dag.py:4180} INFO - Setting next_dagrun for read_dataset_event_from_classic to 2026-06-18 00:00:00+00:00, run_after=2026-06-19 00:00:00+00:00
[2026-06-19T17:17:44.925+0000] {processor.py:208} INFO - Processing /home/airflow/.local/lib/python3.12/site-packages/airflow/example_dags/example_inlet_event_extra.py took 2.699 seconds
