[2026-06-19T16:38:51.676+0000] {processor.py:186} INFO - Started process (PID=107) to work on /home/airflow/.local/lib/python3.12/site-packages/airflow/example_dags/example_dataset_alias.py
[2026-06-19T16:38:51.679+0000] {processor.py:914} INFO - Processing file /home/airflow/.local/lib/python3.12/site-packages/airflow/example_dags/example_dataset_alias.py for tasks to queue
[2026-06-19T16:38:51.684+0000] {logging_mixin.py:190} INFO - [2026-06-19T16:38:51.683+0000] {dagbag.py:588} INFO - Filling up the DagBag from /home/airflow/.local/lib/python3.12/site-packages/airflow/example_dags/example_dataset_alias.py
[2026-06-19T16:38:52.656+0000] {processor.py:925} INFO - DAG(s) 'dataset_alias_example_alias_consumer', 'dataset_s3_bucket_consumer', 'dataset_alias_example_alias_producer', 'dataset_s3_bucket_producer' retrieved from /home/airflow/.local/lib/python3.12/site-packages/airflow/example_dags/example_dataset_alias.py
[2026-06-19T16:38:52.677+0000] {logging_mixin.py:190} INFO - [2026-06-19T16:38:52.676+0000] {dag.py:3239} INFO - Sync 4 DAGs
[2026-06-19T16:38:52.699+0000] {logging_mixin.py:190} INFO - [2026-06-19T16:38:52.699+0000] {dag.py:4180} INFO - Setting next_dagrun for dataset_alias_example_alias_consumer to None, run_after=None
[2026-06-19T16:38:52.702+0000] {logging_mixin.py:190} INFO - [2026-06-19T16:38:52.702+0000] {dag.py:4180} INFO - Setting next_dagrun for dataset_alias_example_alias_producer to None, run_after=None
[2026-06-19T16:38:52.704+0000] {logging_mixin.py:190} INFO - [2026-06-19T16:38:52.704+0000] {dag.py:4180} INFO - Setting next_dagrun for dataset_s3_bucket_consumer to None, run_after=None
[2026-06-19T16:38:52.706+0000] {logging_mixin.py:190} INFO - [2026-06-19T16:38:52.706+0000] {dag.py:4180} INFO - Setting next_dagrun for dataset_s3_bucket_producer to None, run_after=None
[2026-06-19T16:38:52.725+0000] {processor.py:208} INFO - Processing /home/airflow/.local/lib/python3.12/site-packages/airflow/example_dags/example_dataset_alias.py took 1.067 seconds
[2026-06-19T16:39:24.657+0000] {processor.py:186} INFO - Started process (PID=171) to work on /home/airflow/.local/lib/python3.12/site-packages/airflow/example_dags/example_dataset_alias.py
[2026-06-19T16:39:24.661+0000] {processor.py:914} INFO - Processing file /home/airflow/.local/lib/python3.12/site-packages/airflow/example_dags/example_dataset_alias.py for tasks to queue
[2026-06-19T16:39:24.669+0000] {logging_mixin.py:190} INFO - [2026-06-19T16:39:24.668+0000] {dagbag.py:588} INFO - Filling up the DagBag from /home/airflow/.local/lib/python3.12/site-packages/airflow/example_dags/example_dataset_alias.py
[2026-06-19T16:39:26.034+0000] {processor.py:925} INFO - DAG(s) 'dataset_s3_bucket_consumer', 'dataset_s3_bucket_producer', 'dataset_alias_example_alias_producer', 'dataset_alias_example_alias_consumer' retrieved from /home/airflow/.local/lib/python3.12/site-packages/airflow/example_dags/example_dataset_alias.py
[2026-06-19T16:39:26.076+0000] {logging_mixin.py:190} INFO - [2026-06-19T16:39:26.076+0000] {dag.py:3239} INFO - Sync 4 DAGs
[2026-06-19T16:39:26.129+0000] {logging_mixin.py:190} INFO - [2026-06-19T16:39:26.128+0000] {dag.py:4180} INFO - Setting next_dagrun for dataset_alias_example_alias_consumer to None, run_after=None
[2026-06-19T16:39:26.138+0000] {logging_mixin.py:190} INFO - [2026-06-19T16:39:26.137+0000] {dag.py:4180} INFO - Setting next_dagrun for dataset_alias_example_alias_producer to None, run_after=None
[2026-06-19T16:39:26.145+0000] {logging_mixin.py:190} INFO - [2026-06-19T16:39:26.144+0000] {dag.py:4180} INFO - Setting next_dagrun for dataset_s3_bucket_consumer to None, run_after=None
[2026-06-19T16:39:26.150+0000] {logging_mixin.py:190} INFO - [2026-06-19T16:39:26.149+0000] {dag.py:4180} INFO - Setting next_dagrun for dataset_s3_bucket_producer to None, run_after=None
[2026-06-19T16:39:26.222+0000] {processor.py:208} INFO - Processing /home/airflow/.local/lib/python3.12/site-packages/airflow/example_dags/example_dataset_alias.py took 1.585 seconds
[2026-06-19T16:39:56.532+0000] {processor.py:186} INFO - Started process (PID=235) to work on /home/airflow/.local/lib/python3.12/site-packages/airflow/example_dags/example_dataset_alias.py
[2026-06-19T16:39:56.535+0000] {processor.py:914} INFO - Processing file /home/airflow/.local/lib/python3.12/site-packages/airflow/example_dags/example_dataset_alias.py for tasks to queue
[2026-06-19T16:39:56.541+0000] {logging_mixin.py:190} INFO - [2026-06-19T16:39:56.539+0000] {dagbag.py:588} INFO - Filling up the DagBag from /home/airflow/.local/lib/python3.12/site-packages/airflow/example_dags/example_dataset_alias.py
[2026-06-19T16:39:57.754+0000] {processor.py:925} INFO - DAG(s) 'dataset_s3_bucket_consumer', 'dataset_s3_bucket_producer', 'dataset_alias_example_alias_producer', 'dataset_alias_example_alias_consumer' retrieved from /home/airflow/.local/lib/python3.12/site-packages/airflow/example_dags/example_dataset_alias.py
[2026-06-19T16:39:57.789+0000] {logging_mixin.py:190} INFO - [2026-06-19T16:39:57.789+0000] {dag.py:3239} INFO - Sync 4 DAGs
[2026-06-19T16:39:57.826+0000] {logging_mixin.py:190} INFO - [2026-06-19T16:39:57.825+0000] {dag.py:4180} INFO - Setting next_dagrun for dataset_alias_example_alias_consumer to None, run_after=None
[2026-06-19T16:39:57.831+0000] {logging_mixin.py:190} INFO - [2026-06-19T16:39:57.831+0000] {dag.py:4180} INFO - Setting next_dagrun for dataset_alias_example_alias_producer to None, run_after=None
[2026-06-19T16:39:57.836+0000] {logging_mixin.py:190} INFO - [2026-06-19T16:39:57.836+0000] {dag.py:4180} INFO - Setting next_dagrun for dataset_s3_bucket_consumer to None, run_after=None
[2026-06-19T16:39:57.840+0000] {logging_mixin.py:190} INFO - [2026-06-19T16:39:57.839+0000] {dag.py:4180} INFO - Setting next_dagrun for dataset_s3_bucket_producer to None, run_after=None
[2026-06-19T16:39:57.871+0000] {processor.py:208} INFO - Processing /home/airflow/.local/lib/python3.12/site-packages/airflow/example_dags/example_dataset_alias.py took 1.350 seconds
[2026-06-19T16:42:18.118+0000] {processor.py:186} INFO - Started process (PID=118) to work on /home/airflow/.local/lib/python3.12/site-packages/airflow/example_dags/example_dataset_alias.py
[2026-06-19T16:42:18.123+0000] {processor.py:914} INFO - Processing file /home/airflow/.local/lib/python3.12/site-packages/airflow/example_dags/example_dataset_alias.py for tasks to queue
[2026-06-19T16:42:18.132+0000] {logging_mixin.py:190} INFO - [2026-06-19T16:42:18.131+0000] {dagbag.py:588} INFO - Filling up the DagBag from /home/airflow/.local/lib/python3.12/site-packages/airflow/example_dags/example_dataset_alias.py
[2026-06-19T16:42:21.512+0000] {processor.py:925} INFO - DAG(s) 'dataset_s3_bucket_consumer', 'dataset_alias_example_alias_consumer', 'dataset_alias_example_alias_producer', 'dataset_s3_bucket_producer' retrieved from /home/airflow/.local/lib/python3.12/site-packages/airflow/example_dags/example_dataset_alias.py
[2026-06-19T16:42:21.646+0000] {logging_mixin.py:190} INFO - [2026-06-19T16:42:21.645+0000] {dag.py:3239} INFO - Sync 4 DAGs
[2026-06-19T16:42:21.723+0000] {logging_mixin.py:190} INFO - [2026-06-19T16:42:21.723+0000] {dag.py:4180} INFO - Setting next_dagrun for dataset_alias_example_alias_consumer to None, run_after=None
[2026-06-19T16:42:21.740+0000] {logging_mixin.py:190} INFO - [2026-06-19T16:42:21.739+0000] {dag.py:4180} INFO - Setting next_dagrun for dataset_alias_example_alias_producer to None, run_after=None
[2026-06-19T16:42:21.757+0000] {logging_mixin.py:190} INFO - [2026-06-19T16:42:21.756+0000] {dag.py:4180} INFO - Setting next_dagrun for dataset_s3_bucket_consumer to None, run_after=None
[2026-06-19T16:42:21.771+0000] {logging_mixin.py:190} INFO - [2026-06-19T16:42:21.770+0000] {dag.py:4180} INFO - Setting next_dagrun for dataset_s3_bucket_producer to None, run_after=None
[2026-06-19T16:42:21.935+0000] {processor.py:208} INFO - Processing /home/airflow/.local/lib/python3.12/site-packages/airflow/example_dags/example_dataset_alias.py took 3.842 seconds
[2026-06-19T16:43:19.230+0000] {processor.py:186} INFO - Started process (PID=206) to work on /home/airflow/.local/lib/python3.12/site-packages/airflow/example_dags/example_dataset_alias.py
[2026-06-19T16:43:19.247+0000] {processor.py:914} INFO - Processing file /home/airflow/.local/lib/python3.12/site-packages/airflow/example_dags/example_dataset_alias.py for tasks to queue
[2026-06-19T16:43:19.266+0000] {logging_mixin.py:190} INFO - [2026-06-19T16:43:19.265+0000] {dagbag.py:588} INFO - Filling up the DagBag from /home/airflow/.local/lib/python3.12/site-packages/airflow/example_dags/example_dataset_alias.py
[2026-06-19T16:43:24.905+0000] {processor.py:925} INFO - DAG(s) 'dataset_alias_example_alias_consumer', 'dataset_alias_example_alias_producer', 'dataset_s3_bucket_producer', 'dataset_s3_bucket_consumer' retrieved from /home/airflow/.local/lib/python3.12/site-packages/airflow/example_dags/example_dataset_alias.py
[2026-06-19T16:43:25.160+0000] {logging_mixin.py:190} INFO - [2026-06-19T16:43:25.157+0000] {dag.py:3239} INFO - Sync 4 DAGs
[2026-06-19T16:43:25.366+0000] {logging_mixin.py:190} INFO - [2026-06-19T16:43:25.365+0000] {dag.py:4180} INFO - Setting next_dagrun for dataset_alias_example_alias_consumer to None, run_after=None
[2026-06-19T16:43:25.409+0000] {logging_mixin.py:190} INFO - [2026-06-19T16:43:25.397+0000] {dag.py:4180} INFO - Setting next_dagrun for dataset_alias_example_alias_producer to None, run_after=None
[2026-06-19T16:43:25.425+0000] {logging_mixin.py:190} INFO - [2026-06-19T16:43:25.425+0000] {dag.py:4180} INFO - Setting next_dagrun for dataset_s3_bucket_consumer to None, run_after=None
[2026-06-19T16:43:25.434+0000] {logging_mixin.py:190} INFO - [2026-06-19T16:43:25.433+0000] {dag.py:4180} INFO - Setting next_dagrun for dataset_s3_bucket_producer to None, run_after=None
[2026-06-19T16:43:25.605+0000] {processor.py:208} INFO - Processing /home/airflow/.local/lib/python3.12/site-packages/airflow/example_dags/example_dataset_alias.py took 6.412 seconds
[2026-06-19T16:43:58.441+0000] {processor.py:186} INFO - Started process (PID=277) to work on /home/airflow/.local/lib/python3.12/site-packages/airflow/example_dags/example_dataset_alias.py
[2026-06-19T16:43:58.475+0000] {processor.py:914} INFO - Processing file /home/airflow/.local/lib/python3.12/site-packages/airflow/example_dags/example_dataset_alias.py for tasks to queue
[2026-06-19T16:43:58.510+0000] {logging_mixin.py:190} INFO - [2026-06-19T16:43:58.509+0000] {dagbag.py:588} INFO - Filling up the DagBag from /home/airflow/.local/lib/python3.12/site-packages/airflow/example_dags/example_dataset_alias.py
[2026-06-19T16:44:04.489+0000] {processor.py:925} INFO - DAG(s) 'dataset_s3_bucket_consumer', 'dataset_alias_example_alias_producer', 'dataset_alias_example_alias_consumer', 'dataset_s3_bucket_producer' retrieved from /home/airflow/.local/lib/python3.12/site-packages/airflow/example_dags/example_dataset_alias.py
[2026-06-19T16:44:04.748+0000] {logging_mixin.py:190} INFO - [2026-06-19T16:44:04.746+0000] {dag.py:3239} INFO - Sync 4 DAGs
[2026-06-19T16:44:04.971+0000] {logging_mixin.py:190} INFO - [2026-06-19T16:44:04.971+0000] {dag.py:4180} INFO - Setting next_dagrun for dataset_alias_example_alias_consumer to None, run_after=None
[2026-06-19T16:44:05.007+0000] {logging_mixin.py:190} INFO - [2026-06-19T16:44:05.007+0000] {dag.py:4180} INFO - Setting next_dagrun for dataset_alias_example_alias_producer to None, run_after=None
[2026-06-19T16:44:05.025+0000] {logging_mixin.py:190} INFO - [2026-06-19T16:44:05.024+0000] {dag.py:4180} INFO - Setting next_dagrun for dataset_s3_bucket_consumer to None, run_after=None
[2026-06-19T16:44:05.050+0000] {logging_mixin.py:190} INFO - [2026-06-19T16:44:05.050+0000] {dag.py:4180} INFO - Setting next_dagrun for dataset_s3_bucket_producer to None, run_after=None
[2026-06-19T16:44:05.290+0000] {processor.py:208} INFO - Processing /home/airflow/.local/lib/python3.12/site-packages/airflow/example_dags/example_dataset_alias.py took 6.901 seconds
[2026-06-19T16:44:35.715+0000] {processor.py:186} INFO - Started process (PID=344) to work on /home/airflow/.local/lib/python3.12/site-packages/airflow/example_dags/example_dataset_alias.py
[2026-06-19T16:44:35.718+0000] {processor.py:914} INFO - Processing file /home/airflow/.local/lib/python3.12/site-packages/airflow/example_dags/example_dataset_alias.py for tasks to queue
[2026-06-19T16:44:35.725+0000] {logging_mixin.py:190} INFO - [2026-06-19T16:44:35.724+0000] {dagbag.py:588} INFO - Filling up the DagBag from /home/airflow/.local/lib/python3.12/site-packages/airflow/example_dags/example_dataset_alias.py
[2026-06-19T16:44:37.639+0000] {processor.py:925} INFO - DAG(s) 'dataset_s3_bucket_producer', 'dataset_alias_example_alias_consumer', 'dataset_s3_bucket_consumer', 'dataset_alias_example_alias_producer' retrieved from /home/airflow/.local/lib/python3.12/site-packages/airflow/example_dags/example_dataset_alias.py
[2026-06-19T16:44:37.748+0000] {logging_mixin.py:190} INFO - [2026-06-19T16:44:37.746+0000] {dag.py:3239} INFO - Sync 4 DAGs
[2026-06-19T16:44:37.849+0000] {logging_mixin.py:190} INFO - [2026-06-19T16:44:37.849+0000] {dag.py:4180} INFO - Setting next_dagrun for dataset_alias_example_alias_consumer to None, run_after=None
[2026-06-19T16:44:37.860+0000] {logging_mixin.py:190} INFO - [2026-06-19T16:44:37.859+0000] {dag.py:4180} INFO - Setting next_dagrun for dataset_alias_example_alias_producer to None, run_after=None
[2026-06-19T16:44:37.868+0000] {logging_mixin.py:190} INFO - [2026-06-19T16:44:37.867+0000] {dag.py:4180} INFO - Setting next_dagrun for dataset_s3_bucket_consumer to None, run_after=None
[2026-06-19T16:44:37.875+0000] {logging_mixin.py:190} INFO - [2026-06-19T16:44:37.874+0000] {dag.py:4180} INFO - Setting next_dagrun for dataset_s3_bucket_producer to None, run_after=None
[2026-06-19T16:44:37.946+0000] {processor.py:208} INFO - Processing /home/airflow/.local/lib/python3.12/site-packages/airflow/example_dags/example_dataset_alias.py took 2.249 seconds
[2026-06-19T16:45:11.304+0000] {processor.py:186} INFO - Started process (PID=410) to work on /home/airflow/.local/lib/python3.12/site-packages/airflow/example_dags/example_dataset_alias.py
[2026-06-19T16:45:11.312+0000] {processor.py:914} INFO - Processing file /home/airflow/.local/lib/python3.12/site-packages/airflow/example_dags/example_dataset_alias.py for tasks to queue
[2026-06-19T16:45:11.331+0000] {logging_mixin.py:190} INFO - [2026-06-19T16:45:11.329+0000] {dagbag.py:588} INFO - Filling up the DagBag from /home/airflow/.local/lib/python3.12/site-packages/airflow/example_dags/example_dataset_alias.py
[2026-06-19T16:45:13.646+0000] {processor.py:925} INFO - DAG(s) 'dataset_alias_example_alias_producer', 'dataset_s3_bucket_producer', 'dataset_s3_bucket_consumer', 'dataset_alias_example_alias_consumer' retrieved from /home/airflow/.local/lib/python3.12/site-packages/airflow/example_dags/example_dataset_alias.py
[2026-06-19T16:45:13.742+0000] {logging_mixin.py:190} INFO - [2026-06-19T16:45:13.740+0000] {dag.py:3239} INFO - Sync 4 DAGs
[2026-06-19T16:45:13.827+0000] {logging_mixin.py:190} INFO - [2026-06-19T16:45:13.827+0000] {dag.py:4180} INFO - Setting next_dagrun for dataset_alias_example_alias_consumer to None, run_after=None
[2026-06-19T16:45:13.840+0000] {logging_mixin.py:190} INFO - [2026-06-19T16:45:13.840+0000] {dag.py:4180} INFO - Setting next_dagrun for dataset_alias_example_alias_producer to None, run_after=None
[2026-06-19T16:45:13.850+0000] {logging_mixin.py:190} INFO - [2026-06-19T16:45:13.849+0000] {dag.py:4180} INFO - Setting next_dagrun for dataset_s3_bucket_consumer to None, run_after=None
[2026-06-19T16:45:13.857+0000] {logging_mixin.py:190} INFO - [2026-06-19T16:45:13.856+0000] {dag.py:4180} INFO - Setting next_dagrun for dataset_s3_bucket_producer to None, run_after=None
[2026-06-19T16:45:13.920+0000] {processor.py:208} INFO - Processing /home/airflow/.local/lib/python3.12/site-packages/airflow/example_dags/example_dataset_alias.py took 2.661 seconds
[2026-06-19T16:45:44.334+0000] {processor.py:186} INFO - Started process (PID=480) to work on /home/airflow/.local/lib/python3.12/site-packages/airflow/example_dags/example_dataset_alias.py
[2026-06-19T16:45:44.340+0000] {processor.py:914} INFO - Processing file /home/airflow/.local/lib/python3.12/site-packages/airflow/example_dags/example_dataset_alias.py for tasks to queue
[2026-06-19T16:45:44.352+0000] {logging_mixin.py:190} INFO - [2026-06-19T16:45:44.351+0000] {dagbag.py:588} INFO - Filling up the DagBag from /home/airflow/.local/lib/python3.12/site-packages/airflow/example_dags/example_dataset_alias.py
[2026-06-19T16:45:45.500+0000] {processor.py:925} INFO - DAG(s) 'dataset_s3_bucket_producer', 'dataset_alias_example_alias_consumer', 'dataset_alias_example_alias_producer', 'dataset_s3_bucket_consumer' retrieved from /home/airflow/.local/lib/python3.12/site-packages/airflow/example_dags/example_dataset_alias.py
[2026-06-19T16:45:45.552+0000] {logging_mixin.py:190} INFO - [2026-06-19T16:45:45.551+0000] {dag.py:3239} INFO - Sync 4 DAGs
[2026-06-19T16:45:45.605+0000] {logging_mixin.py:190} INFO - [2026-06-19T16:45:45.605+0000] {dag.py:4180} INFO - Setting next_dagrun for dataset_alias_example_alias_consumer to None, run_after=None
[2026-06-19T16:45:45.612+0000] {logging_mixin.py:190} INFO - [2026-06-19T16:45:45.612+0000] {dag.py:4180} INFO - Setting next_dagrun for dataset_alias_example_alias_producer to None, run_after=None
[2026-06-19T16:45:45.617+0000] {logging_mixin.py:190} INFO - [2026-06-19T16:45:45.617+0000] {dag.py:4180} INFO - Setting next_dagrun for dataset_s3_bucket_consumer to None, run_after=None
[2026-06-19T16:45:45.621+0000] {logging_mixin.py:190} INFO - [2026-06-19T16:45:45.621+0000] {dag.py:4180} INFO - Setting next_dagrun for dataset_s3_bucket_producer to None, run_after=None
[2026-06-19T16:45:45.669+0000] {processor.py:208} INFO - Processing /home/airflow/.local/lib/python3.12/site-packages/airflow/example_dags/example_dataset_alias.py took 1.350 seconds
[2026-06-19T16:46:17.976+0000] {processor.py:186} INFO - Started process (PID=545) to work on /home/airflow/.local/lib/python3.12/site-packages/airflow/example_dags/example_dataset_alias.py
[2026-06-19T16:46:17.982+0000] {processor.py:914} INFO - Processing file /home/airflow/.local/lib/python3.12/site-packages/airflow/example_dags/example_dataset_alias.py for tasks to queue
[2026-06-19T16:46:18.001+0000] {logging_mixin.py:190} INFO - [2026-06-19T16:46:18.000+0000] {dagbag.py:588} INFO - Filling up the DagBag from /home/airflow/.local/lib/python3.12/site-packages/airflow/example_dags/example_dataset_alias.py
[2026-06-19T16:46:20.416+0000] {processor.py:925} INFO - DAG(s) 'dataset_alias_example_alias_producer', 'dataset_s3_bucket_consumer', 'dataset_alias_example_alias_consumer', 'dataset_s3_bucket_producer' retrieved from /home/airflow/.local/lib/python3.12/site-packages/airflow/example_dags/example_dataset_alias.py
[2026-06-19T16:46:20.475+0000] {logging_mixin.py:190} INFO - [2026-06-19T16:46:20.474+0000] {dag.py:3239} INFO - Sync 4 DAGs
[2026-06-19T16:46:20.541+0000] {logging_mixin.py:190} INFO - [2026-06-19T16:46:20.540+0000] {dag.py:4180} INFO - Setting next_dagrun for dataset_alias_example_alias_consumer to None, run_after=None
[2026-06-19T16:46:20.550+0000] {logging_mixin.py:190} INFO - [2026-06-19T16:46:20.550+0000] {dag.py:4180} INFO - Setting next_dagrun for dataset_alias_example_alias_producer to None, run_after=None
[2026-06-19T16:46:20.557+0000] {logging_mixin.py:190} INFO - [2026-06-19T16:46:20.557+0000] {dag.py:4180} INFO - Setting next_dagrun for dataset_s3_bucket_consumer to None, run_after=None
[2026-06-19T16:46:20.563+0000] {logging_mixin.py:190} INFO - [2026-06-19T16:46:20.562+0000] {dag.py:4180} INFO - Setting next_dagrun for dataset_s3_bucket_producer to None, run_after=None
[2026-06-19T16:46:20.617+0000] {processor.py:208} INFO - Processing /home/airflow/.local/lib/python3.12/site-packages/airflow/example_dags/example_dataset_alias.py took 2.663 seconds
[2026-06-19T16:46:51.335+0000] {processor.py:186} INFO - Started process (PID=609) to work on /home/airflow/.local/lib/python3.12/site-packages/airflow/example_dags/example_dataset_alias.py
[2026-06-19T16:46:51.346+0000] {processor.py:914} INFO - Processing file /home/airflow/.local/lib/python3.12/site-packages/airflow/example_dags/example_dataset_alias.py for tasks to queue
[2026-06-19T16:46:51.375+0000] {logging_mixin.py:190} INFO - [2026-06-19T16:46:51.374+0000] {dagbag.py:588} INFO - Filling up the DagBag from /home/airflow/.local/lib/python3.12/site-packages/airflow/example_dags/example_dataset_alias.py
[2026-06-19T16:46:54.885+0000] {processor.py:925} INFO - DAG(s) 'dataset_s3_bucket_consumer', 'dataset_s3_bucket_producer', 'dataset_alias_example_alias_consumer', 'dataset_alias_example_alias_producer' retrieved from /home/airflow/.local/lib/python3.12/site-packages/airflow/example_dags/example_dataset_alias.py
[2026-06-19T16:46:54.996+0000] {logging_mixin.py:190} INFO - [2026-06-19T16:46:54.995+0000] {dag.py:3239} INFO - Sync 4 DAGs
[2026-06-19T16:46:55.069+0000] {logging_mixin.py:190} INFO - [2026-06-19T16:46:55.069+0000] {dag.py:4180} INFO - Setting next_dagrun for dataset_alias_example_alias_consumer to None, run_after=None
[2026-06-19T16:46:55.083+0000] {logging_mixin.py:190} INFO - [2026-06-19T16:46:55.082+0000] {dag.py:4180} INFO - Setting next_dagrun for dataset_alias_example_alias_producer to None, run_after=None
[2026-06-19T16:46:55.095+0000] {logging_mixin.py:190} INFO - [2026-06-19T16:46:55.094+0000] {dag.py:4180} INFO - Setting next_dagrun for dataset_s3_bucket_consumer to None, run_after=None
[2026-06-19T16:46:55.100+0000] {logging_mixin.py:190} INFO - [2026-06-19T16:46:55.100+0000] {dag.py:4180} INFO - Setting next_dagrun for dataset_s3_bucket_producer to None, run_after=None
[2026-06-19T16:46:55.197+0000] {processor.py:208} INFO - Processing /home/airflow/.local/lib/python3.12/site-packages/airflow/example_dags/example_dataset_alias.py took 3.943 seconds
[2026-06-19T16:47:26.136+0000] {processor.py:186} INFO - Started process (PID=682) to work on /home/airflow/.local/lib/python3.12/site-packages/airflow/example_dags/example_dataset_alias.py
[2026-06-19T16:47:26.139+0000] {processor.py:914} INFO - Processing file /home/airflow/.local/lib/python3.12/site-packages/airflow/example_dags/example_dataset_alias.py for tasks to queue
[2026-06-19T16:47:26.153+0000] {logging_mixin.py:190} INFO - [2026-06-19T16:47:26.152+0000] {dagbag.py:588} INFO - Filling up the DagBag from /home/airflow/.local/lib/python3.12/site-packages/airflow/example_dags/example_dataset_alias.py
[2026-06-19T16:47:27.379+0000] {processor.py:925} INFO - DAG(s) 'dataset_alias_example_alias_consumer', 'dataset_s3_bucket_consumer', 'dataset_alias_example_alias_producer', 'dataset_s3_bucket_producer' retrieved from /home/airflow/.local/lib/python3.12/site-packages/airflow/example_dags/example_dataset_alias.py
[2026-06-19T16:47:27.429+0000] {logging_mixin.py:190} INFO - [2026-06-19T16:47:27.428+0000] {dag.py:3239} INFO - Sync 4 DAGs
[2026-06-19T16:47:27.490+0000] {logging_mixin.py:190} INFO - [2026-06-19T16:47:27.490+0000] {dag.py:4180} INFO - Setting next_dagrun for dataset_alias_example_alias_consumer to None, run_after=None
[2026-06-19T16:47:27.497+0000] {logging_mixin.py:190} INFO - [2026-06-19T16:47:27.496+0000] {dag.py:4180} INFO - Setting next_dagrun for dataset_alias_example_alias_producer to None, run_after=None
[2026-06-19T16:47:27.503+0000] {logging_mixin.py:190} INFO - [2026-06-19T16:47:27.502+0000] {dag.py:4180} INFO - Setting next_dagrun for dataset_s3_bucket_consumer to None, run_after=None
[2026-06-19T16:47:27.508+0000] {logging_mixin.py:190} INFO - [2026-06-19T16:47:27.508+0000] {dag.py:4180} INFO - Setting next_dagrun for dataset_s3_bucket_producer to None, run_after=None
[2026-06-19T16:47:27.558+0000] {processor.py:208} INFO - Processing /home/airflow/.local/lib/python3.12/site-packages/airflow/example_dags/example_dataset_alias.py took 1.448 seconds
[2026-06-19T16:47:57.965+0000] {processor.py:186} INFO - Started process (PID=748) to work on /home/airflow/.local/lib/python3.12/site-packages/airflow/example_dags/example_dataset_alias.py
[2026-06-19T16:47:57.971+0000] {processor.py:914} INFO - Processing file /home/airflow/.local/lib/python3.12/site-packages/airflow/example_dags/example_dataset_alias.py for tasks to queue
[2026-06-19T16:47:57.981+0000] {logging_mixin.py:190} INFO - [2026-06-19T16:47:57.980+0000] {dagbag.py:588} INFO - Filling up the DagBag from /home/airflow/.local/lib/python3.12/site-packages/airflow/example_dags/example_dataset_alias.py
[2026-06-19T16:48:01.128+0000] {processor.py:925} INFO - DAG(s) 'dataset_s3_bucket_producer', 'dataset_s3_bucket_consumer', 'dataset_alias_example_alias_consumer', 'dataset_alias_example_alias_producer' retrieved from /home/airflow/.local/lib/python3.12/site-packages/airflow/example_dags/example_dataset_alias.py
[2026-06-19T16:48:01.253+0000] {logging_mixin.py:190} INFO - [2026-06-19T16:48:01.250+0000] {dag.py:3239} INFO - Sync 4 DAGs
[2026-06-19T16:48:01.392+0000] {logging_mixin.py:190} INFO - [2026-06-19T16:48:01.391+0000] {dag.py:4180} INFO - Setting next_dagrun for dataset_alias_example_alias_consumer to None, run_after=None
[2026-06-19T16:48:01.429+0000] {logging_mixin.py:190} INFO - [2026-06-19T16:48:01.428+0000] {dag.py:4180} INFO - Setting next_dagrun for dataset_alias_example_alias_producer to None, run_after=None
[2026-06-19T16:48:01.444+0000] {logging_mixin.py:190} INFO - [2026-06-19T16:48:01.443+0000] {dag.py:4180} INFO - Setting next_dagrun for dataset_s3_bucket_consumer to None, run_after=None
[2026-06-19T16:48:01.473+0000] {logging_mixin.py:190} INFO - [2026-06-19T16:48:01.473+0000] {dag.py:4180} INFO - Setting next_dagrun for dataset_s3_bucket_producer to None, run_after=None
[2026-06-19T16:48:01.637+0000] {processor.py:208} INFO - Processing /home/airflow/.local/lib/python3.12/site-packages/airflow/example_dags/example_dataset_alias.py took 3.694 seconds
[2026-06-19T16:48:31.837+0000] {processor.py:186} INFO - Started process (PID=823) to work on /home/airflow/.local/lib/python3.12/site-packages/airflow/example_dags/example_dataset_alias.py
[2026-06-19T16:48:31.842+0000] {processor.py:914} INFO - Processing file /home/airflow/.local/lib/python3.12/site-packages/airflow/example_dags/example_dataset_alias.py for tasks to queue
[2026-06-19T16:48:31.856+0000] {logging_mixin.py:190} INFO - [2026-06-19T16:48:31.855+0000] {dagbag.py:588} INFO - Filling up the DagBag from /home/airflow/.local/lib/python3.12/site-packages/airflow/example_dags/example_dataset_alias.py
[2026-06-19T16:48:35.409+0000] {processor.py:925} INFO - DAG(s) 'dataset_alias_example_alias_producer', 'dataset_s3_bucket_producer', 'dataset_s3_bucket_consumer', 'dataset_alias_example_alias_consumer' retrieved from /home/airflow/.local/lib/python3.12/site-packages/airflow/example_dags/example_dataset_alias.py
[2026-06-19T16:48:35.500+0000] {logging_mixin.py:190} INFO - [2026-06-19T16:48:35.498+0000] {dag.py:3239} INFO - Sync 4 DAGs
[2026-06-19T16:48:35.586+0000] {logging_mixin.py:190} INFO - [2026-06-19T16:48:35.585+0000] {dag.py:4180} INFO - Setting next_dagrun for dataset_alias_example_alias_consumer to None, run_after=None
[2026-06-19T16:48:35.597+0000] {logging_mixin.py:190} INFO - [2026-06-19T16:48:35.596+0000] {dag.py:4180} INFO - Setting next_dagrun for dataset_alias_example_alias_producer to None, run_after=None
[2026-06-19T16:48:35.605+0000] {logging_mixin.py:190} INFO - [2026-06-19T16:48:35.604+0000] {dag.py:4180} INFO - Setting next_dagrun for dataset_s3_bucket_consumer to None, run_after=None
[2026-06-19T16:48:35.612+0000] {logging_mixin.py:190} INFO - [2026-06-19T16:48:35.612+0000] {dag.py:4180} INFO - Setting next_dagrun for dataset_s3_bucket_producer to None, run_after=None
[2026-06-19T16:48:35.799+0000] {processor.py:208} INFO - Processing /home/airflow/.local/lib/python3.12/site-packages/airflow/example_dags/example_dataset_alias.py took 3.985 seconds
[2026-06-19T16:49:07.570+0000] {processor.py:186} INFO - Started process (PID=893) to work on /home/airflow/.local/lib/python3.12/site-packages/airflow/example_dags/example_dataset_alias.py
[2026-06-19T16:49:07.580+0000] {processor.py:914} INFO - Processing file /home/airflow/.local/lib/python3.12/site-packages/airflow/example_dags/example_dataset_alias.py for tasks to queue
[2026-06-19T16:49:07.627+0000] {logging_mixin.py:190} INFO - [2026-06-19T16:49:07.625+0000] {dagbag.py:588} INFO - Filling up the DagBag from /home/airflow/.local/lib/python3.12/site-packages/airflow/example_dags/example_dataset_alias.py
[2026-06-19T16:49:12.118+0000] {processor.py:925} INFO - DAG(s) 'dataset_alias_example_alias_producer', 'dataset_alias_example_alias_consumer', 'dataset_s3_bucket_producer', 'dataset_s3_bucket_consumer' retrieved from /home/airflow/.local/lib/python3.12/site-packages/airflow/example_dags/example_dataset_alias.py
[2026-06-19T16:49:12.295+0000] {logging_mixin.py:190} INFO - [2026-06-19T16:49:12.293+0000] {dag.py:3239} INFO - Sync 4 DAGs
[2026-06-19T16:49:12.456+0000] {logging_mixin.py:190} INFO - [2026-06-19T16:49:12.456+0000] {dag.py:4180} INFO - Setting next_dagrun for dataset_alias_example_alias_consumer to None, run_after=None
[2026-06-19T16:49:12.476+0000] {logging_mixin.py:190} INFO - [2026-06-19T16:49:12.475+0000] {dag.py:4180} INFO - Setting next_dagrun for dataset_alias_example_alias_producer to None, run_after=None
[2026-06-19T16:49:12.491+0000] {logging_mixin.py:190} INFO - [2026-06-19T16:49:12.490+0000] {dag.py:4180} INFO - Setting next_dagrun for dataset_s3_bucket_consumer to None, run_after=None
[2026-06-19T16:49:12.501+0000] {logging_mixin.py:190} INFO - [2026-06-19T16:49:12.500+0000] {dag.py:4180} INFO - Setting next_dagrun for dataset_s3_bucket_producer to None, run_after=None
[2026-06-19T16:49:12.581+0000] {processor.py:208} INFO - Processing /home/airflow/.local/lib/python3.12/site-packages/airflow/example_dags/example_dataset_alias.py took 5.067 seconds
[2026-06-19T16:49:43.178+0000] {processor.py:186} INFO - Started process (PID=962) to work on /home/airflow/.local/lib/python3.12/site-packages/airflow/example_dags/example_dataset_alias.py
[2026-06-19T16:49:43.186+0000] {processor.py:914} INFO - Processing file /home/airflow/.local/lib/python3.12/site-packages/airflow/example_dags/example_dataset_alias.py for tasks to queue
[2026-06-19T16:49:43.191+0000] {logging_mixin.py:190} INFO - [2026-06-19T16:49:43.190+0000] {dagbag.py:588} INFO - Filling up the DagBag from /home/airflow/.local/lib/python3.12/site-packages/airflow/example_dags/example_dataset_alias.py
[2026-06-19T16:49:44.641+0000] {processor.py:925} INFO - DAG(s) 'dataset_s3_bucket_consumer', 'dataset_s3_bucket_producer', 'dataset_alias_example_alias_consumer', 'dataset_alias_example_alias_producer' retrieved from /home/airflow/.local/lib/python3.12/site-packages/airflow/example_dags/example_dataset_alias.py
[2026-06-19T16:49:44.703+0000] {logging_mixin.py:190} INFO - [2026-06-19T16:49:44.702+0000] {dag.py:3239} INFO - Sync 4 DAGs
[2026-06-19T16:49:44.820+0000] {logging_mixin.py:190} INFO - [2026-06-19T16:49:44.820+0000] {dag.py:4180} INFO - Setting next_dagrun for dataset_alias_example_alias_consumer to None, run_after=None
[2026-06-19T16:49:44.845+0000] {logging_mixin.py:190} INFO - [2026-06-19T16:49:44.845+0000] {dag.py:4180} INFO - Setting next_dagrun for dataset_alias_example_alias_producer to None, run_after=None
[2026-06-19T16:49:44.859+0000] {logging_mixin.py:190} INFO - [2026-06-19T16:49:44.858+0000] {dag.py:4180} INFO - Setting next_dagrun for dataset_s3_bucket_consumer to None, run_after=None
[2026-06-19T16:49:44.867+0000] {logging_mixin.py:190} INFO - [2026-06-19T16:49:44.866+0000] {dag.py:4180} INFO - Setting next_dagrun for dataset_s3_bucket_producer to None, run_after=None
[2026-06-19T16:49:44.987+0000] {processor.py:208} INFO - Processing /home/airflow/.local/lib/python3.12/site-packages/airflow/example_dags/example_dataset_alias.py took 1.822 seconds
[2026-06-19T16:50:15.158+0000] {processor.py:186} INFO - Started process (PID=1028) to work on /home/airflow/.local/lib/python3.12/site-packages/airflow/example_dags/example_dataset_alias.py
[2026-06-19T16:50:15.162+0000] {processor.py:914} INFO - Processing file /home/airflow/.local/lib/python3.12/site-packages/airflow/example_dags/example_dataset_alias.py for tasks to queue
[2026-06-19T16:50:15.171+0000] {logging_mixin.py:190} INFO - [2026-06-19T16:50:15.170+0000] {dagbag.py:588} INFO - Filling up the DagBag from /home/airflow/.local/lib/python3.12/site-packages/airflow/example_dags/example_dataset_alias.py
[2026-06-19T16:50:16.521+0000] {processor.py:925} INFO - DAG(s) 'dataset_s3_bucket_producer', 'dataset_alias_example_alias_consumer', 'dataset_alias_example_alias_producer', 'dataset_s3_bucket_consumer' retrieved from /home/airflow/.local/lib/python3.12/site-packages/airflow/example_dags/example_dataset_alias.py
[2026-06-19T16:50:16.577+0000] {logging_mixin.py:190} INFO - [2026-06-19T16:50:16.575+0000] {dag.py:3239} INFO - Sync 4 DAGs
[2026-06-19T16:50:16.630+0000] {logging_mixin.py:190} INFO - [2026-06-19T16:50:16.630+0000] {dag.py:4180} INFO - Setting next_dagrun for dataset_alias_example_alias_consumer to None, run_after=None
[2026-06-19T16:50:16.638+0000] {logging_mixin.py:190} INFO - [2026-06-19T16:50:16.637+0000] {dag.py:4180} INFO - Setting next_dagrun for dataset_alias_example_alias_producer to None, run_after=None
[2026-06-19T16:50:16.644+0000] {logging_mixin.py:190} INFO - [2026-06-19T16:50:16.643+0000] {dag.py:4180} INFO - Setting next_dagrun for dataset_s3_bucket_consumer to None, run_after=None
[2026-06-19T16:50:16.648+0000] {logging_mixin.py:190} INFO - [2026-06-19T16:50:16.648+0000] {dag.py:4180} INFO - Setting next_dagrun for dataset_s3_bucket_producer to None, run_after=None
[2026-06-19T16:50:16.706+0000] {processor.py:208} INFO - Processing /home/airflow/.local/lib/python3.12/site-packages/airflow/example_dags/example_dataset_alias.py took 1.559 seconds
[2026-06-19T16:50:46.903+0000] {processor.py:186} INFO - Started process (PID=1093) to work on /home/airflow/.local/lib/python3.12/site-packages/airflow/example_dags/example_dataset_alias.py
[2026-06-19T16:50:46.908+0000] {processor.py:914} INFO - Processing file /home/airflow/.local/lib/python3.12/site-packages/airflow/example_dags/example_dataset_alias.py for tasks to queue
[2026-06-19T16:50:46.918+0000] {logging_mixin.py:190} INFO - [2026-06-19T16:50:46.917+0000] {dagbag.py:588} INFO - Filling up the DagBag from /home/airflow/.local/lib/python3.12/site-packages/airflow/example_dags/example_dataset_alias.py
[2026-06-19T16:50:49.018+0000] {processor.py:925} INFO - DAG(s) 'dataset_s3_bucket_consumer', 'dataset_s3_bucket_producer', 'dataset_alias_example_alias_consumer', 'dataset_alias_example_alias_producer' retrieved from /home/airflow/.local/lib/python3.12/site-packages/airflow/example_dags/example_dataset_alias.py
[2026-06-19T16:50:49.076+0000] {logging_mixin.py:190} INFO - [2026-06-19T16:50:49.075+0000] {dag.py:3239} INFO - Sync 4 DAGs
[2026-06-19T16:50:49.143+0000] {logging_mixin.py:190} INFO - [2026-06-19T16:50:49.143+0000] {dag.py:4180} INFO - Setting next_dagrun for dataset_alias_example_alias_consumer to None, run_after=None
[2026-06-19T16:50:49.152+0000] {logging_mixin.py:190} INFO - [2026-06-19T16:50:49.152+0000] {dag.py:4180} INFO - Setting next_dagrun for dataset_alias_example_alias_producer to None, run_after=None
[2026-06-19T16:50:49.159+0000] {logging_mixin.py:190} INFO - [2026-06-19T16:50:49.158+0000] {dag.py:4180} INFO - Setting next_dagrun for dataset_s3_bucket_consumer to None, run_after=None
[2026-06-19T16:50:49.165+0000] {logging_mixin.py:190} INFO - [2026-06-19T16:50:49.164+0000] {dag.py:4180} INFO - Setting next_dagrun for dataset_s3_bucket_producer to None, run_after=None
[2026-06-19T16:50:49.216+0000] {processor.py:208} INFO - Processing /home/airflow/.local/lib/python3.12/site-packages/airflow/example_dags/example_dataset_alias.py took 2.339 seconds
[2026-06-19T16:51:20.032+0000] {processor.py:186} INFO - Started process (PID=1161) to work on /home/airflow/.local/lib/python3.12/site-packages/airflow/example_dags/example_dataset_alias.py
[2026-06-19T16:51:20.036+0000] {processor.py:914} INFO - Processing file /home/airflow/.local/lib/python3.12/site-packages/airflow/example_dags/example_dataset_alias.py for tasks to queue
[2026-06-19T16:51:20.042+0000] {logging_mixin.py:190} INFO - [2026-06-19T16:51:20.042+0000] {dagbag.py:588} INFO - Filling up the DagBag from /home/airflow/.local/lib/python3.12/site-packages/airflow/example_dags/example_dataset_alias.py
[2026-06-19T16:51:21.220+0000] {processor.py:925} INFO - DAG(s) 'dataset_s3_bucket_consumer', 'dataset_alias_example_alias_producer', 'dataset_alias_example_alias_consumer', 'dataset_s3_bucket_producer' retrieved from /home/airflow/.local/lib/python3.12/site-packages/airflow/example_dags/example_dataset_alias.py
[2026-06-19T16:51:21.287+0000] {logging_mixin.py:190} INFO - [2026-06-19T16:51:21.285+0000] {dag.py:3239} INFO - Sync 4 DAGs
[2026-06-19T16:51:21.359+0000] {logging_mixin.py:190} INFO - [2026-06-19T16:51:21.358+0000] {dag.py:4180} INFO - Setting next_dagrun for dataset_alias_example_alias_consumer to None, run_after=None
[2026-06-19T16:51:21.368+0000] {logging_mixin.py:190} INFO - [2026-06-19T16:51:21.368+0000] {dag.py:4180} INFO - Setting next_dagrun for dataset_alias_example_alias_producer to None, run_after=None
[2026-06-19T16:51:21.374+0000] {logging_mixin.py:190} INFO - [2026-06-19T16:51:21.373+0000] {dag.py:4180} INFO - Setting next_dagrun for dataset_s3_bucket_consumer to None, run_after=None
[2026-06-19T16:51:21.383+0000] {logging_mixin.py:190} INFO - [2026-06-19T16:51:21.382+0000] {dag.py:4180} INFO - Setting next_dagrun for dataset_s3_bucket_producer to None, run_after=None
[2026-06-19T16:51:21.445+0000] {processor.py:208} INFO - Processing /home/airflow/.local/lib/python3.12/site-packages/airflow/example_dags/example_dataset_alias.py took 1.423 seconds
[2026-06-19T16:51:52.546+0000] {processor.py:186} INFO - Started process (PID=1228) to work on /home/airflow/.local/lib/python3.12/site-packages/airflow/example_dags/example_dataset_alias.py
[2026-06-19T16:51:52.550+0000] {processor.py:914} INFO - Processing file /home/airflow/.local/lib/python3.12/site-packages/airflow/example_dags/example_dataset_alias.py for tasks to queue
[2026-06-19T16:51:52.557+0000] {logging_mixin.py:190} INFO - [2026-06-19T16:51:52.556+0000] {dagbag.py:588} INFO - Filling up the DagBag from /home/airflow/.local/lib/python3.12/site-packages/airflow/example_dags/example_dataset_alias.py
[2026-06-19T16:51:53.926+0000] {processor.py:925} INFO - DAG(s) 'dataset_alias_example_alias_consumer', 'dataset_s3_bucket_consumer', 'dataset_s3_bucket_producer', 'dataset_alias_example_alias_producer' retrieved from /home/airflow/.local/lib/python3.12/site-packages/airflow/example_dags/example_dataset_alias.py
[2026-06-19T16:51:54.001+0000] {logging_mixin.py:190} INFO - [2026-06-19T16:51:53.999+0000] {dag.py:3239} INFO - Sync 4 DAGs
[2026-06-19T16:51:54.065+0000] {logging_mixin.py:190} INFO - [2026-06-19T16:51:54.064+0000] {dag.py:4180} INFO - Setting next_dagrun for dataset_alias_example_alias_consumer to None, run_after=None
[2026-06-19T16:51:54.074+0000] {logging_mixin.py:190} INFO - [2026-06-19T16:51:54.073+0000] {dag.py:4180} INFO - Setting next_dagrun for dataset_alias_example_alias_producer to None, run_after=None
[2026-06-19T16:51:54.080+0000] {logging_mixin.py:190} INFO - [2026-06-19T16:51:54.079+0000] {dag.py:4180} INFO - Setting next_dagrun for dataset_s3_bucket_consumer to None, run_after=None
[2026-06-19T16:51:54.086+0000] {logging_mixin.py:190} INFO - [2026-06-19T16:51:54.085+0000] {dag.py:4180} INFO - Setting next_dagrun for dataset_s3_bucket_producer to None, run_after=None
[2026-06-19T16:51:54.142+0000] {processor.py:208} INFO - Processing /home/airflow/.local/lib/python3.12/site-packages/airflow/example_dags/example_dataset_alias.py took 1.612 seconds
[2026-06-19T16:52:24.900+0000] {processor.py:186} INFO - Started process (PID=1296) to work on /home/airflow/.local/lib/python3.12/site-packages/airflow/example_dags/example_dataset_alias.py
[2026-06-19T16:52:24.906+0000] {processor.py:914} INFO - Processing file /home/airflow/.local/lib/python3.12/site-packages/airflow/example_dags/example_dataset_alias.py for tasks to queue
[2026-06-19T16:52:24.916+0000] {logging_mixin.py:190} INFO - [2026-06-19T16:52:24.915+0000] {dagbag.py:588} INFO - Filling up the DagBag from /home/airflow/.local/lib/python3.12/site-packages/airflow/example_dags/example_dataset_alias.py
[2026-06-19T16:52:26.457+0000] {processor.py:925} INFO - DAG(s) 'dataset_alias_example_alias_producer', 'dataset_alias_example_alias_consumer', 'dataset_s3_bucket_consumer', 'dataset_s3_bucket_producer' retrieved from /home/airflow/.local/lib/python3.12/site-packages/airflow/example_dags/example_dataset_alias.py
[2026-06-19T16:52:26.506+0000] {logging_mixin.py:190} INFO - [2026-06-19T16:52:26.505+0000] {dag.py:3239} INFO - Sync 4 DAGs
[2026-06-19T16:52:26.558+0000] {logging_mixin.py:190} INFO - [2026-06-19T16:52:26.557+0000] {dag.py:4180} INFO - Setting next_dagrun for dataset_alias_example_alias_consumer to None, run_after=None
[2026-06-19T16:52:26.565+0000] {logging_mixin.py:190} INFO - [2026-06-19T16:52:26.564+0000] {dag.py:4180} INFO - Setting next_dagrun for dataset_alias_example_alias_producer to None, run_after=None
[2026-06-19T16:52:26.573+0000] {logging_mixin.py:190} INFO - [2026-06-19T16:52:26.572+0000] {dag.py:4180} INFO - Setting next_dagrun for dataset_s3_bucket_consumer to None, run_after=None
[2026-06-19T16:52:26.578+0000] {logging_mixin.py:190} INFO - [2026-06-19T16:52:26.578+0000] {dag.py:4180} INFO - Setting next_dagrun for dataset_s3_bucket_producer to None, run_after=None
[2026-06-19T16:52:26.632+0000] {processor.py:208} INFO - Processing /home/airflow/.local/lib/python3.12/site-packages/airflow/example_dags/example_dataset_alias.py took 1.750 seconds
[2026-06-19T16:52:57.041+0000] {processor.py:186} INFO - Started process (PID=1361) to work on /home/airflow/.local/lib/python3.12/site-packages/airflow/example_dags/example_dataset_alias.py
[2026-06-19T16:52:57.057+0000] {processor.py:914} INFO - Processing file /home/airflow/.local/lib/python3.12/site-packages/airflow/example_dags/example_dataset_alias.py for tasks to queue
[2026-06-19T16:52:57.069+0000] {logging_mixin.py:190} INFO - [2026-06-19T16:52:57.068+0000] {dagbag.py:588} INFO - Filling up the DagBag from /home/airflow/.local/lib/python3.12/site-packages/airflow/example_dags/example_dataset_alias.py
[2026-06-19T16:52:59.564+0000] {processor.py:925} INFO - DAG(s) 'dataset_alias_example_alias_consumer', 'dataset_s3_bucket_producer', 'dataset_alias_example_alias_producer', 'dataset_s3_bucket_consumer' retrieved from /home/airflow/.local/lib/python3.12/site-packages/airflow/example_dags/example_dataset_alias.py
[2026-06-19T16:52:59.622+0000] {logging_mixin.py:190} INFO - [2026-06-19T16:52:59.621+0000] {dag.py:3239} INFO - Sync 4 DAGs
[2026-06-19T16:52:59.689+0000] {logging_mixin.py:190} INFO - [2026-06-19T16:52:59.688+0000] {dag.py:4180} INFO - Setting next_dagrun for dataset_alias_example_alias_consumer to None, run_after=None
[2026-06-19T16:52:59.696+0000] {logging_mixin.py:190} INFO - [2026-06-19T16:52:59.696+0000] {dag.py:4180} INFO - Setting next_dagrun for dataset_alias_example_alias_producer to None, run_after=None
[2026-06-19T16:52:59.702+0000] {logging_mixin.py:190} INFO - [2026-06-19T16:52:59.701+0000] {dag.py:4180} INFO - Setting next_dagrun for dataset_s3_bucket_consumer to None, run_after=None
[2026-06-19T16:52:59.708+0000] {logging_mixin.py:190} INFO - [2026-06-19T16:52:59.707+0000] {dag.py:4180} INFO - Setting next_dagrun for dataset_s3_bucket_producer to None, run_after=None
[2026-06-19T16:52:59.763+0000] {processor.py:208} INFO - Processing /home/airflow/.local/lib/python3.12/site-packages/airflow/example_dags/example_dataset_alias.py took 2.753 seconds
[2026-06-19T16:53:30.647+0000] {processor.py:186} INFO - Started process (PID=1428) to work on /home/airflow/.local/lib/python3.12/site-packages/airflow/example_dags/example_dataset_alias.py
[2026-06-19T16:53:30.651+0000] {processor.py:914} INFO - Processing file /home/airflow/.local/lib/python3.12/site-packages/airflow/example_dags/example_dataset_alias.py for tasks to queue
[2026-06-19T16:53:30.664+0000] {logging_mixin.py:190} INFO - [2026-06-19T16:53:30.663+0000] {dagbag.py:588} INFO - Filling up the DagBag from /home/airflow/.local/lib/python3.12/site-packages/airflow/example_dags/example_dataset_alias.py
[2026-06-19T16:53:33.386+0000] {processor.py:925} INFO - DAG(s) 'dataset_s3_bucket_producer', 'dataset_alias_example_alias_consumer', 'dataset_s3_bucket_consumer', 'dataset_alias_example_alias_producer' retrieved from /home/airflow/.local/lib/python3.12/site-packages/airflow/example_dags/example_dataset_alias.py
[2026-06-19T16:53:33.537+0000] {logging_mixin.py:190} INFO - [2026-06-19T16:53:33.535+0000] {dag.py:3239} INFO - Sync 4 DAGs
[2026-06-19T16:53:33.699+0000] {logging_mixin.py:190} INFO - [2026-06-19T16:53:33.697+0000] {dag.py:4180} INFO - Setting next_dagrun for dataset_alias_example_alias_consumer to None, run_after=None
[2026-06-19T16:53:33.715+0000] {logging_mixin.py:190} INFO - [2026-06-19T16:53:33.714+0000] {dag.py:4180} INFO - Setting next_dagrun for dataset_alias_example_alias_producer to None, run_after=None
[2026-06-19T16:53:33.728+0000] {logging_mixin.py:190} INFO - [2026-06-19T16:53:33.727+0000] {dag.py:4180} INFO - Setting next_dagrun for dataset_s3_bucket_consumer to None, run_after=None
[2026-06-19T16:53:33.747+0000] {logging_mixin.py:190} INFO - [2026-06-19T16:53:33.746+0000] {dag.py:4180} INFO - Setting next_dagrun for dataset_s3_bucket_producer to None, run_after=None
[2026-06-19T16:53:33.851+0000] {processor.py:208} INFO - Processing /home/airflow/.local/lib/python3.12/site-packages/airflow/example_dags/example_dataset_alias.py took 3.221 seconds
[2026-06-19T16:54:04.604+0000] {processor.py:186} INFO - Started process (PID=1501) to work on /home/airflow/.local/lib/python3.12/site-packages/airflow/example_dags/example_dataset_alias.py
[2026-06-19T16:54:04.609+0000] {processor.py:914} INFO - Processing file /home/airflow/.local/lib/python3.12/site-packages/airflow/example_dags/example_dataset_alias.py for tasks to queue
[2026-06-19T16:54:04.616+0000] {logging_mixin.py:190} INFO - [2026-06-19T16:54:04.616+0000] {dagbag.py:588} INFO - Filling up the DagBag from /home/airflow/.local/lib/python3.12/site-packages/airflow/example_dags/example_dataset_alias.py
[2026-06-19T16:54:06.361+0000] {processor.py:925} INFO - DAG(s) 'dataset_alias_example_alias_producer', 'dataset_alias_example_alias_consumer', 'dataset_s3_bucket_consumer', 'dataset_s3_bucket_producer' retrieved from /home/airflow/.local/lib/python3.12/site-packages/airflow/example_dags/example_dataset_alias.py
[2026-06-19T16:54:06.472+0000] {logging_mixin.py:190} INFO - [2026-06-19T16:54:06.470+0000] {dag.py:3239} INFO - Sync 4 DAGs
[2026-06-19T16:54:06.633+0000] {logging_mixin.py:190} INFO - [2026-06-19T16:54:06.632+0000] {dag.py:4180} INFO - Setting next_dagrun for dataset_alias_example_alias_consumer to None, run_after=None
[2026-06-19T16:54:06.645+0000] {logging_mixin.py:190} INFO - [2026-06-19T16:54:06.645+0000] {dag.py:4180} INFO - Setting next_dagrun for dataset_alias_example_alias_producer to None, run_after=None
[2026-06-19T16:54:06.661+0000] {logging_mixin.py:190} INFO - [2026-06-19T16:54:06.661+0000] {dag.py:4180} INFO - Setting next_dagrun for dataset_s3_bucket_consumer to None, run_after=None
[2026-06-19T16:54:06.678+0000] {logging_mixin.py:190} INFO - [2026-06-19T16:54:06.678+0000] {dag.py:4180} INFO - Setting next_dagrun for dataset_s3_bucket_producer to None, run_after=None
[2026-06-19T16:54:06.792+0000] {processor.py:208} INFO - Processing /home/airflow/.local/lib/python3.12/site-packages/airflow/example_dags/example_dataset_alias.py took 2.201 seconds
[2026-06-19T16:54:37.257+0000] {processor.py:186} INFO - Started process (PID=1568) to work on /home/airflow/.local/lib/python3.12/site-packages/airflow/example_dags/example_dataset_alias.py
[2026-06-19T16:54:37.262+0000] {processor.py:914} INFO - Processing file /home/airflow/.local/lib/python3.12/site-packages/airflow/example_dags/example_dataset_alias.py for tasks to queue
[2026-06-19T16:54:37.269+0000] {logging_mixin.py:190} INFO - [2026-06-19T16:54:37.269+0000] {dagbag.py:588} INFO - Filling up the DagBag from /home/airflow/.local/lib/python3.12/site-packages/airflow/example_dags/example_dataset_alias.py
[2026-06-19T16:54:38.573+0000] {processor.py:925} INFO - DAG(s) 'dataset_alias_example_alias_consumer', 'dataset_s3_bucket_consumer', 'dataset_s3_bucket_producer', 'dataset_alias_example_alias_producer' retrieved from /home/airflow/.local/lib/python3.12/site-packages/airflow/example_dags/example_dataset_alias.py
[2026-06-19T16:54:38.635+0000] {logging_mixin.py:190} INFO - [2026-06-19T16:54:38.634+0000] {dag.py:3239} INFO - Sync 4 DAGs
[2026-06-19T16:54:38.716+0000] {logging_mixin.py:190} INFO - [2026-06-19T16:54:38.715+0000] {dag.py:4180} INFO - Setting next_dagrun for dataset_alias_example_alias_consumer to None, run_after=None
[2026-06-19T16:54:38.726+0000] {logging_mixin.py:190} INFO - [2026-06-19T16:54:38.726+0000] {dag.py:4180} INFO - Setting next_dagrun for dataset_alias_example_alias_producer to None, run_after=None
[2026-06-19T16:54:38.733+0000] {logging_mixin.py:190} INFO - [2026-06-19T16:54:38.732+0000] {dag.py:4180} INFO - Setting next_dagrun for dataset_s3_bucket_consumer to None, run_after=None
[2026-06-19T16:54:38.739+0000] {logging_mixin.py:190} INFO - [2026-06-19T16:54:38.738+0000] {dag.py:4180} INFO - Setting next_dagrun for dataset_s3_bucket_producer to None, run_after=None
[2026-06-19T16:54:38.814+0000] {processor.py:208} INFO - Processing /home/airflow/.local/lib/python3.12/site-packages/airflow/example_dags/example_dataset_alias.py took 1.568 seconds
[2026-06-19T16:55:09.248+0000] {processor.py:186} INFO - Started process (PID=1632) to work on /home/airflow/.local/lib/python3.12/site-packages/airflow/example_dags/example_dataset_alias.py
[2026-06-19T16:55:09.252+0000] {processor.py:914} INFO - Processing file /home/airflow/.local/lib/python3.12/site-packages/airflow/example_dags/example_dataset_alias.py for tasks to queue
[2026-06-19T16:55:09.259+0000] {logging_mixin.py:190} INFO - [2026-06-19T16:55:09.258+0000] {dagbag.py:588} INFO - Filling up the DagBag from /home/airflow/.local/lib/python3.12/site-packages/airflow/example_dags/example_dataset_alias.py
[2026-06-19T16:55:12.053+0000] {processor.py:925} INFO - DAG(s) 'dataset_alias_example_alias_producer', 'dataset_s3_bucket_producer', 'dataset_s3_bucket_consumer', 'dataset_alias_example_alias_consumer' retrieved from /home/airflow/.local/lib/python3.12/site-packages/airflow/example_dags/example_dataset_alias.py
[2026-06-19T16:55:12.205+0000] {logging_mixin.py:190} INFO - [2026-06-19T16:55:12.203+0000] {dag.py:3239} INFO - Sync 4 DAGs
[2026-06-19T16:55:12.366+0000] {logging_mixin.py:190} INFO - [2026-06-19T16:55:12.365+0000] {dag.py:4180} INFO - Setting next_dagrun for dataset_alias_example_alias_consumer to None, run_after=None
[2026-06-19T16:55:12.396+0000] {logging_mixin.py:190} INFO - [2026-06-19T16:55:12.395+0000] {dag.py:4180} INFO - Setting next_dagrun for dataset_alias_example_alias_producer to None, run_after=None
[2026-06-19T16:55:12.414+0000] {logging_mixin.py:190} INFO - [2026-06-19T16:55:12.414+0000] {dag.py:4180} INFO - Setting next_dagrun for dataset_s3_bucket_consumer to None, run_after=None
[2026-06-19T16:55:12.438+0000] {logging_mixin.py:190} INFO - [2026-06-19T16:55:12.437+0000] {dag.py:4180} INFO - Setting next_dagrun for dataset_s3_bucket_producer to None, run_after=None
[2026-06-19T16:55:12.662+0000] {processor.py:208} INFO - Processing /home/airflow/.local/lib/python3.12/site-packages/airflow/example_dags/example_dataset_alias.py took 3.429 seconds
[2026-06-19T16:55:43.204+0000] {processor.py:186} INFO - Started process (PID=1701) to work on /home/airflow/.local/lib/python3.12/site-packages/airflow/example_dags/example_dataset_alias.py
[2026-06-19T16:55:43.209+0000] {processor.py:914} INFO - Processing file /home/airflow/.local/lib/python3.12/site-packages/airflow/example_dags/example_dataset_alias.py for tasks to queue
[2026-06-19T16:55:43.215+0000] {logging_mixin.py:190} INFO - [2026-06-19T16:55:43.214+0000] {dagbag.py:588} INFO - Filling up the DagBag from /home/airflow/.local/lib/python3.12/site-packages/airflow/example_dags/example_dataset_alias.py
[2026-06-19T16:55:44.156+0000] {processor.py:925} INFO - DAG(s) 'dataset_alias_example_alias_consumer', 'dataset_alias_example_alias_producer', 'dataset_s3_bucket_producer', 'dataset_s3_bucket_consumer' retrieved from /home/airflow/.local/lib/python3.12/site-packages/airflow/example_dags/example_dataset_alias.py
[2026-06-19T16:55:44.181+0000] {logging_mixin.py:190} INFO - [2026-06-19T16:55:44.181+0000] {dag.py:3239} INFO - Sync 4 DAGs
[2026-06-19T16:55:44.210+0000] {logging_mixin.py:190} INFO - [2026-06-19T16:55:44.210+0000] {dag.py:4180} INFO - Setting next_dagrun for dataset_alias_example_alias_consumer to None, run_after=None
[2026-06-19T16:55:44.214+0000] {logging_mixin.py:190} INFO - [2026-06-19T16:55:44.214+0000] {dag.py:4180} INFO - Setting next_dagrun for dataset_alias_example_alias_producer to None, run_after=None
[2026-06-19T16:55:44.216+0000] {logging_mixin.py:190} INFO - [2026-06-19T16:55:44.216+0000] {dag.py:4180} INFO - Setting next_dagrun for dataset_s3_bucket_consumer to None, run_after=None
[2026-06-19T16:55:44.219+0000] {logging_mixin.py:190} INFO - [2026-06-19T16:55:44.219+0000] {dag.py:4180} INFO - Setting next_dagrun for dataset_s3_bucket_producer to None, run_after=None
[2026-06-19T16:55:44.250+0000] {processor.py:208} INFO - Processing /home/airflow/.local/lib/python3.12/site-packages/airflow/example_dags/example_dataset_alias.py took 1.060 seconds
[2026-06-19T16:56:14.450+0000] {processor.py:186} INFO - Started process (PID=1767) to work on /home/airflow/.local/lib/python3.12/site-packages/airflow/example_dags/example_dataset_alias.py
[2026-06-19T16:56:14.452+0000] {processor.py:914} INFO - Processing file /home/airflow/.local/lib/python3.12/site-packages/airflow/example_dags/example_dataset_alias.py for tasks to queue
[2026-06-19T16:56:14.458+0000] {logging_mixin.py:190} INFO - [2026-06-19T16:56:14.457+0000] {dagbag.py:588} INFO - Filling up the DagBag from /home/airflow/.local/lib/python3.12/site-packages/airflow/example_dags/example_dataset_alias.py
[2026-06-19T16:56:15.926+0000] {processor.py:925} INFO - DAG(s) 'dataset_s3_bucket_consumer', 'dataset_alias_example_alias_producer', 'dataset_alias_example_alias_consumer', 'dataset_s3_bucket_producer' retrieved from /home/airflow/.local/lib/python3.12/site-packages/airflow/example_dags/example_dataset_alias.py
[2026-06-19T16:56:16.019+0000] {logging_mixin.py:190} INFO - [2026-06-19T16:56:16.017+0000] {dag.py:3239} INFO - Sync 4 DAGs
[2026-06-19T16:56:16.119+0000] {logging_mixin.py:190} INFO - [2026-06-19T16:56:16.118+0000] {dag.py:4180} INFO - Setting next_dagrun for dataset_alias_example_alias_consumer to None, run_after=None
[2026-06-19T16:56:16.131+0000] {logging_mixin.py:190} INFO - [2026-06-19T16:56:16.130+0000] {dag.py:4180} INFO - Setting next_dagrun for dataset_alias_example_alias_producer to None, run_after=None
[2026-06-19T16:56:16.141+0000] {logging_mixin.py:190} INFO - [2026-06-19T16:56:16.141+0000] {dag.py:4180} INFO - Setting next_dagrun for dataset_s3_bucket_consumer to None, run_after=None
[2026-06-19T16:56:16.150+0000] {logging_mixin.py:190} INFO - [2026-06-19T16:56:16.150+0000] {dag.py:4180} INFO - Setting next_dagrun for dataset_s3_bucket_producer to None, run_after=None
[2026-06-19T16:56:16.206+0000] {processor.py:208} INFO - Processing /home/airflow/.local/lib/python3.12/site-packages/airflow/example_dags/example_dataset_alias.py took 1.766 seconds
[2026-06-19T16:56:47.097+0000] {processor.py:186} INFO - Started process (PID=1836) to work on /home/airflow/.local/lib/python3.12/site-packages/airflow/example_dags/example_dataset_alias.py
[2026-06-19T16:56:47.100+0000] {processor.py:914} INFO - Processing file /home/airflow/.local/lib/python3.12/site-packages/airflow/example_dags/example_dataset_alias.py for tasks to queue
[2026-06-19T16:56:47.106+0000] {logging_mixin.py:190} INFO - [2026-06-19T16:56:47.105+0000] {dagbag.py:588} INFO - Filling up the DagBag from /home/airflow/.local/lib/python3.12/site-packages/airflow/example_dags/example_dataset_alias.py
[2026-06-19T16:56:48.339+0000] {processor.py:925} INFO - DAG(s) 'dataset_s3_bucket_producer', 'dataset_alias_example_alias_producer', 'dataset_alias_example_alias_consumer', 'dataset_s3_bucket_consumer' retrieved from /home/airflow/.local/lib/python3.12/site-packages/airflow/example_dags/example_dataset_alias.py
[2026-06-19T16:56:48.392+0000] {logging_mixin.py:190} INFO - [2026-06-19T16:56:48.391+0000] {dag.py:3239} INFO - Sync 4 DAGs
[2026-06-19T16:56:48.439+0000] {logging_mixin.py:190} INFO - [2026-06-19T16:56:48.439+0000] {dag.py:4180} INFO - Setting next_dagrun for dataset_alias_example_alias_consumer to None, run_after=None
[2026-06-19T16:56:48.446+0000] {logging_mixin.py:190} INFO - [2026-06-19T16:56:48.446+0000] {dag.py:4180} INFO - Setting next_dagrun for dataset_alias_example_alias_producer to None, run_after=None
[2026-06-19T16:56:48.452+0000] {logging_mixin.py:190} INFO - [2026-06-19T16:56:48.452+0000] {dag.py:4180} INFO - Setting next_dagrun for dataset_s3_bucket_consumer to None, run_after=None
[2026-06-19T16:56:48.457+0000] {logging_mixin.py:190} INFO - [2026-06-19T16:56:48.456+0000] {dag.py:4180} INFO - Setting next_dagrun for dataset_s3_bucket_producer to None, run_after=None
[2026-06-19T16:56:48.498+0000] {processor.py:208} INFO - Processing /home/airflow/.local/lib/python3.12/site-packages/airflow/example_dags/example_dataset_alias.py took 1.412 seconds
[2026-06-19T16:57:19.416+0000] {processor.py:186} INFO - Started process (PID=1905) to work on /home/airflow/.local/lib/python3.12/site-packages/airflow/example_dags/example_dataset_alias.py
[2026-06-19T16:57:19.421+0000] {processor.py:914} INFO - Processing file /home/airflow/.local/lib/python3.12/site-packages/airflow/example_dags/example_dataset_alias.py for tasks to queue
[2026-06-19T16:57:19.430+0000] {logging_mixin.py:190} INFO - [2026-06-19T16:57:19.430+0000] {dagbag.py:588} INFO - Filling up the DagBag from /home/airflow/.local/lib/python3.12/site-packages/airflow/example_dags/example_dataset_alias.py
[2026-06-19T16:57:21.305+0000] {processor.py:925} INFO - DAG(s) 'dataset_s3_bucket_producer', 'dataset_s3_bucket_consumer', 'dataset_alias_example_alias_producer', 'dataset_alias_example_alias_consumer' retrieved from /home/airflow/.local/lib/python3.12/site-packages/airflow/example_dags/example_dataset_alias.py
[2026-06-19T16:57:21.379+0000] {logging_mixin.py:190} INFO - [2026-06-19T16:57:21.377+0000] {dag.py:3239} INFO - Sync 4 DAGs
[2026-06-19T16:57:21.457+0000] {logging_mixin.py:190} INFO - [2026-06-19T16:57:21.457+0000] {dag.py:4180} INFO - Setting next_dagrun for dataset_alias_example_alias_consumer to None, run_after=None
[2026-06-19T16:57:21.468+0000] {logging_mixin.py:190} INFO - [2026-06-19T16:57:21.467+0000] {dag.py:4180} INFO - Setting next_dagrun for dataset_alias_example_alias_producer to None, run_after=None
[2026-06-19T16:57:21.476+0000] {logging_mixin.py:190} INFO - [2026-06-19T16:57:21.476+0000] {dag.py:4180} INFO - Setting next_dagrun for dataset_s3_bucket_consumer to None, run_after=None
[2026-06-19T16:57:21.486+0000] {logging_mixin.py:190} INFO - [2026-06-19T16:57:21.486+0000] {dag.py:4180} INFO - Setting next_dagrun for dataset_s3_bucket_producer to None, run_after=None
[2026-06-19T16:57:21.545+0000] {processor.py:208} INFO - Processing /home/airflow/.local/lib/python3.12/site-packages/airflow/example_dags/example_dataset_alias.py took 2.153 seconds
[2026-06-19T16:57:52.855+0000] {processor.py:186} INFO - Started process (PID=1977) to work on /home/airflow/.local/lib/python3.12/site-packages/airflow/example_dags/example_dataset_alias.py
[2026-06-19T16:57:52.863+0000] {processor.py:914} INFO - Processing file /home/airflow/.local/lib/python3.12/site-packages/airflow/example_dags/example_dataset_alias.py for tasks to queue
[2026-06-19T16:57:52.873+0000] {logging_mixin.py:190} INFO - [2026-06-19T16:57:52.872+0000] {dagbag.py:588} INFO - Filling up the DagBag from /home/airflow/.local/lib/python3.12/site-packages/airflow/example_dags/example_dataset_alias.py
[2026-06-19T16:57:54.305+0000] {processor.py:925} INFO - DAG(s) 'dataset_s3_bucket_producer', 'dataset_alias_example_alias_producer', 'dataset_alias_example_alias_consumer', 'dataset_s3_bucket_consumer' retrieved from /home/airflow/.local/lib/python3.12/site-packages/airflow/example_dags/example_dataset_alias.py
[2026-06-19T16:57:54.343+0000] {logging_mixin.py:190} INFO - [2026-06-19T16:57:54.343+0000] {dag.py:3239} INFO - Sync 4 DAGs
[2026-06-19T16:57:54.399+0000] {logging_mixin.py:190} INFO - [2026-06-19T16:57:54.398+0000] {dag.py:4180} INFO - Setting next_dagrun for dataset_alias_example_alias_consumer to None, run_after=None
[2026-06-19T16:57:54.409+0000] {logging_mixin.py:190} INFO - [2026-06-19T16:57:54.408+0000] {dag.py:4180} INFO - Setting next_dagrun for dataset_alias_example_alias_producer to None, run_after=None
[2026-06-19T16:57:54.416+0000] {logging_mixin.py:190} INFO - [2026-06-19T16:57:54.415+0000] {dag.py:4180} INFO - Setting next_dagrun for dataset_s3_bucket_consumer to None, run_after=None
[2026-06-19T16:57:54.422+0000] {logging_mixin.py:190} INFO - [2026-06-19T16:57:54.422+0000] {dag.py:4180} INFO - Setting next_dagrun for dataset_s3_bucket_producer to None, run_after=None
[2026-06-19T16:57:54.477+0000] {processor.py:208} INFO - Processing /home/airflow/.local/lib/python3.12/site-packages/airflow/example_dags/example_dataset_alias.py took 1.637 seconds
[2026-06-19T16:58:24.574+0000] {processor.py:186} INFO - Started process (PID=2045) to work on /home/airflow/.local/lib/python3.12/site-packages/airflow/example_dags/example_dataset_alias.py
[2026-06-19T16:58:24.579+0000] {processor.py:914} INFO - Processing file /home/airflow/.local/lib/python3.12/site-packages/airflow/example_dags/example_dataset_alias.py for tasks to queue
[2026-06-19T16:58:24.587+0000] {logging_mixin.py:190} INFO - [2026-06-19T16:58:24.586+0000] {dagbag.py:588} INFO - Filling up the DagBag from /home/airflow/.local/lib/python3.12/site-packages/airflow/example_dags/example_dataset_alias.py
[2026-06-19T16:58:25.612+0000] {processor.py:925} INFO - DAG(s) 'dataset_s3_bucket_producer', 'dataset_s3_bucket_consumer', 'dataset_alias_example_alias_consumer', 'dataset_alias_example_alias_producer' retrieved from /home/airflow/.local/lib/python3.12/site-packages/airflow/example_dags/example_dataset_alias.py
[2026-06-19T16:58:25.654+0000] {logging_mixin.py:190} INFO - [2026-06-19T16:58:25.653+0000] {dag.py:3239} INFO - Sync 4 DAGs
[2026-06-19T16:58:25.700+0000] {logging_mixin.py:190} INFO - [2026-06-19T16:58:25.700+0000] {dag.py:4180} INFO - Setting next_dagrun for dataset_alias_example_alias_consumer to None, run_after=None
[2026-06-19T16:58:25.708+0000] {logging_mixin.py:190} INFO - [2026-06-19T16:58:25.707+0000] {dag.py:4180} INFO - Setting next_dagrun for dataset_alias_example_alias_producer to None, run_after=None
[2026-06-19T16:58:25.715+0000] {logging_mixin.py:190} INFO - [2026-06-19T16:58:25.713+0000] {dag.py:4180} INFO - Setting next_dagrun for dataset_s3_bucket_consumer to None, run_after=None
[2026-06-19T16:58:25.724+0000] {logging_mixin.py:190} INFO - [2026-06-19T16:58:25.724+0000] {dag.py:4180} INFO - Setting next_dagrun for dataset_s3_bucket_producer to None, run_after=None
[2026-06-19T16:58:25.782+0000] {processor.py:208} INFO - Processing /home/airflow/.local/lib/python3.12/site-packages/airflow/example_dags/example_dataset_alias.py took 1.221 seconds
[2026-06-19T16:58:56.133+0000] {processor.py:186} INFO - Started process (PID=2111) to work on /home/airflow/.local/lib/python3.12/site-packages/airflow/example_dags/example_dataset_alias.py
[2026-06-19T16:58:56.135+0000] {processor.py:914} INFO - Processing file /home/airflow/.local/lib/python3.12/site-packages/airflow/example_dags/example_dataset_alias.py for tasks to queue
[2026-06-19T16:58:56.141+0000] {logging_mixin.py:190} INFO - [2026-06-19T16:58:56.140+0000] {dagbag.py:588} INFO - Filling up the DagBag from /home/airflow/.local/lib/python3.12/site-packages/airflow/example_dags/example_dataset_alias.py
[2026-06-19T16:58:56.936+0000] {processor.py:925} INFO - DAG(s) 'dataset_s3_bucket_producer', 'dataset_alias_example_alias_consumer', 'dataset_alias_example_alias_producer', 'dataset_s3_bucket_consumer' retrieved from /home/airflow/.local/lib/python3.12/site-packages/airflow/example_dags/example_dataset_alias.py
[2026-06-19T16:58:56.965+0000] {logging_mixin.py:190} INFO - [2026-06-19T16:58:56.964+0000] {dag.py:3239} INFO - Sync 4 DAGs
[2026-06-19T16:58:56.997+0000] {logging_mixin.py:190} INFO - [2026-06-19T16:58:56.997+0000] {dag.py:4180} INFO - Setting next_dagrun for dataset_alias_example_alias_consumer to None, run_after=None
[2026-06-19T16:58:57.002+0000] {logging_mixin.py:190} INFO - [2026-06-19T16:58:57.002+0000] {dag.py:4180} INFO - Setting next_dagrun for dataset_alias_example_alias_producer to None, run_after=None
[2026-06-19T16:58:57.005+0000] {logging_mixin.py:190} INFO - [2026-06-19T16:58:57.005+0000] {dag.py:4180} INFO - Setting next_dagrun for dataset_s3_bucket_consumer to None, run_after=None
[2026-06-19T16:58:57.008+0000] {logging_mixin.py:190} INFO - [2026-06-19T16:58:57.007+0000] {dag.py:4180} INFO - Setting next_dagrun for dataset_s3_bucket_producer to None, run_after=None
[2026-06-19T16:58:57.040+0000] {processor.py:208} INFO - Processing /home/airflow/.local/lib/python3.12/site-packages/airflow/example_dags/example_dataset_alias.py took 0.915 seconds
[2026-06-19T16:59:27.135+0000] {processor.py:186} INFO - Started process (PID=2175) to work on /home/airflow/.local/lib/python3.12/site-packages/airflow/example_dags/example_dataset_alias.py
[2026-06-19T16:59:27.144+0000] {processor.py:914} INFO - Processing file /home/airflow/.local/lib/python3.12/site-packages/airflow/example_dags/example_dataset_alias.py for tasks to queue
[2026-06-19T16:59:27.150+0000] {logging_mixin.py:190} INFO - [2026-06-19T16:59:27.149+0000] {dagbag.py:588} INFO - Filling up the DagBag from /home/airflow/.local/lib/python3.12/site-packages/airflow/example_dags/example_dataset_alias.py
[2026-06-19T16:59:28.494+0000] {processor.py:925} INFO - DAG(s) 'dataset_s3_bucket_producer', 'dataset_alias_example_alias_producer', 'dataset_s3_bucket_consumer', 'dataset_alias_example_alias_consumer' retrieved from /home/airflow/.local/lib/python3.12/site-packages/airflow/example_dags/example_dataset_alias.py
[2026-06-19T16:59:28.584+0000] {logging_mixin.py:190} INFO - [2026-06-19T16:59:28.583+0000] {dag.py:3239} INFO - Sync 4 DAGs
[2026-06-19T16:59:28.645+0000] {logging_mixin.py:190} INFO - [2026-06-19T16:59:28.645+0000] {dag.py:4180} INFO - Setting next_dagrun for dataset_alias_example_alias_consumer to None, run_after=None
[2026-06-19T16:59:28.654+0000] {logging_mixin.py:190} INFO - [2026-06-19T16:59:28.653+0000] {dag.py:4180} INFO - Setting next_dagrun for dataset_alias_example_alias_producer to None, run_after=None
[2026-06-19T16:59:28.663+0000] {logging_mixin.py:190} INFO - [2026-06-19T16:59:28.662+0000] {dag.py:4180} INFO - Setting next_dagrun for dataset_s3_bucket_consumer to None, run_after=None
[2026-06-19T16:59:28.669+0000] {logging_mixin.py:190} INFO - [2026-06-19T16:59:28.669+0000] {dag.py:4180} INFO - Setting next_dagrun for dataset_s3_bucket_producer to None, run_after=None
[2026-06-19T16:59:28.733+0000] {processor.py:208} INFO - Processing /home/airflow/.local/lib/python3.12/site-packages/airflow/example_dags/example_dataset_alias.py took 1.610 seconds
[2026-06-19T16:59:59.693+0000] {processor.py:186} INFO - Started process (PID=2242) to work on /home/airflow/.local/lib/python3.12/site-packages/airflow/example_dags/example_dataset_alias.py
[2026-06-19T16:59:59.697+0000] {processor.py:914} INFO - Processing file /home/airflow/.local/lib/python3.12/site-packages/airflow/example_dags/example_dataset_alias.py for tasks to queue
[2026-06-19T16:59:59.702+0000] {logging_mixin.py:190} INFO - [2026-06-19T16:59:59.701+0000] {dagbag.py:588} INFO - Filling up the DagBag from /home/airflow/.local/lib/python3.12/site-packages/airflow/example_dags/example_dataset_alias.py
[2026-06-19T17:00:00.490+0000] {processor.py:925} INFO - DAG(s) 'dataset_s3_bucket_producer', 'dataset_alias_example_alias_consumer', 'dataset_s3_bucket_consumer', 'dataset_alias_example_alias_producer' retrieved from /home/airflow/.local/lib/python3.12/site-packages/airflow/example_dags/example_dataset_alias.py
[2026-06-19T17:00:00.520+0000] {logging_mixin.py:190} INFO - [2026-06-19T17:00:00.519+0000] {dag.py:3239} INFO - Sync 4 DAGs
[2026-06-19T17:00:00.548+0000] {logging_mixin.py:190} INFO - [2026-06-19T17:00:00.548+0000] {dag.py:4180} INFO - Setting next_dagrun for dataset_alias_example_alias_consumer to None, run_after=None
[2026-06-19T17:00:00.553+0000] {logging_mixin.py:190} INFO - [2026-06-19T17:00:00.552+0000] {dag.py:4180} INFO - Setting next_dagrun for dataset_alias_example_alias_producer to None, run_after=None
[2026-06-19T17:00:00.556+0000] {logging_mixin.py:190} INFO - [2026-06-19T17:00:00.556+0000] {dag.py:4180} INFO - Setting next_dagrun for dataset_s3_bucket_consumer to None, run_after=None
[2026-06-19T17:00:00.558+0000] {logging_mixin.py:190} INFO - [2026-06-19T17:00:00.558+0000] {dag.py:4180} INFO - Setting next_dagrun for dataset_s3_bucket_producer to None, run_after=None
[2026-06-19T17:00:00.600+0000] {processor.py:208} INFO - Processing /home/airflow/.local/lib/python3.12/site-packages/airflow/example_dags/example_dataset_alias.py took 0.917 seconds
[2026-06-19T17:00:31.519+0000] {processor.py:186} INFO - Started process (PID=2308) to work on /home/airflow/.local/lib/python3.12/site-packages/airflow/example_dags/example_dataset_alias.py
[2026-06-19T17:00:31.524+0000] {processor.py:914} INFO - Processing file /home/airflow/.local/lib/python3.12/site-packages/airflow/example_dags/example_dataset_alias.py for tasks to queue
[2026-06-19T17:00:31.531+0000] {logging_mixin.py:190} INFO - [2026-06-19T17:00:31.530+0000] {dagbag.py:588} INFO - Filling up the DagBag from /home/airflow/.local/lib/python3.12/site-packages/airflow/example_dags/example_dataset_alias.py
[2026-06-19T17:00:33.235+0000] {processor.py:925} INFO - DAG(s) 'dataset_alias_example_alias_producer', 'dataset_s3_bucket_consumer', 'dataset_s3_bucket_producer', 'dataset_alias_example_alias_consumer' retrieved from /home/airflow/.local/lib/python3.12/site-packages/airflow/example_dags/example_dataset_alias.py
[2026-06-19T17:00:33.294+0000] {logging_mixin.py:190} INFO - [2026-06-19T17:00:33.293+0000] {dag.py:3239} INFO - Sync 4 DAGs
[2026-06-19T17:00:33.353+0000] {logging_mixin.py:190} INFO - [2026-06-19T17:00:33.353+0000] {dag.py:4180} INFO - Setting next_dagrun for dataset_alias_example_alias_consumer to None, run_after=None
[2026-06-19T17:00:33.360+0000] {logging_mixin.py:190} INFO - [2026-06-19T17:00:33.359+0000] {dag.py:4180} INFO - Setting next_dagrun for dataset_alias_example_alias_producer to None, run_after=None
[2026-06-19T17:00:33.365+0000] {logging_mixin.py:190} INFO - [2026-06-19T17:00:33.364+0000] {dag.py:4180} INFO - Setting next_dagrun for dataset_s3_bucket_consumer to None, run_after=None
[2026-06-19T17:00:33.369+0000] {logging_mixin.py:190} INFO - [2026-06-19T17:00:33.369+0000] {dag.py:4180} INFO - Setting next_dagrun for dataset_s3_bucket_producer to None, run_after=None
[2026-06-19T17:00:33.419+0000] {processor.py:208} INFO - Processing /home/airflow/.local/lib/python3.12/site-packages/airflow/example_dags/example_dataset_alias.py took 1.915 seconds
[2026-06-19T17:01:03.728+0000] {processor.py:186} INFO - Started process (PID=2379) to work on /home/airflow/.local/lib/python3.12/site-packages/airflow/example_dags/example_dataset_alias.py
[2026-06-19T17:01:03.731+0000] {processor.py:914} INFO - Processing file /home/airflow/.local/lib/python3.12/site-packages/airflow/example_dags/example_dataset_alias.py for tasks to queue
[2026-06-19T17:01:03.737+0000] {logging_mixin.py:190} INFO - [2026-06-19T17:01:03.736+0000] {dagbag.py:588} INFO - Filling up the DagBag from /home/airflow/.local/lib/python3.12/site-packages/airflow/example_dags/example_dataset_alias.py
[2026-06-19T17:01:04.709+0000] {processor.py:925} INFO - DAG(s) 'dataset_s3_bucket_consumer', 'dataset_s3_bucket_producer', 'dataset_alias_example_alias_producer', 'dataset_alias_example_alias_consumer' retrieved from /home/airflow/.local/lib/python3.12/site-packages/airflow/example_dags/example_dataset_alias.py
[2026-06-19T17:01:04.767+0000] {logging_mixin.py:190} INFO - [2026-06-19T17:01:04.766+0000] {dag.py:3239} INFO - Sync 4 DAGs
[2026-06-19T17:01:04.810+0000] {logging_mixin.py:190} INFO - [2026-06-19T17:01:04.810+0000] {dag.py:4180} INFO - Setting next_dagrun for dataset_alias_example_alias_consumer to None, run_after=None
[2026-06-19T17:01:04.817+0000] {logging_mixin.py:190} INFO - [2026-06-19T17:01:04.816+0000] {dag.py:4180} INFO - Setting next_dagrun for dataset_alias_example_alias_producer to None, run_after=None
[2026-06-19T17:01:04.822+0000] {logging_mixin.py:190} INFO - [2026-06-19T17:01:04.821+0000] {dag.py:4180} INFO - Setting next_dagrun for dataset_s3_bucket_consumer to None, run_after=None
[2026-06-19T17:01:04.826+0000] {logging_mixin.py:190} INFO - [2026-06-19T17:01:04.826+0000] {dag.py:4180} INFO - Setting next_dagrun for dataset_s3_bucket_producer to None, run_after=None
[2026-06-19T17:01:04.876+0000] {processor.py:208} INFO - Processing /home/airflow/.local/lib/python3.12/site-packages/airflow/example_dags/example_dataset_alias.py took 1.155 seconds
[2026-06-19T17:01:35.567+0000] {processor.py:186} INFO - Started process (PID=2445) to work on /home/airflow/.local/lib/python3.12/site-packages/airflow/example_dags/example_dataset_alias.py
[2026-06-19T17:01:35.572+0000] {processor.py:914} INFO - Processing file /home/airflow/.local/lib/python3.12/site-packages/airflow/example_dags/example_dataset_alias.py for tasks to queue
[2026-06-19T17:01:35.581+0000] {logging_mixin.py:190} INFO - [2026-06-19T17:01:35.580+0000] {dagbag.py:588} INFO - Filling up the DagBag from /home/airflow/.local/lib/python3.12/site-packages/airflow/example_dags/example_dataset_alias.py
[2026-06-19T17:01:37.172+0000] {processor.py:925} INFO - DAG(s) 'dataset_alias_example_alias_consumer', 'dataset_s3_bucket_producer', 'dataset_alias_example_alias_producer', 'dataset_s3_bucket_consumer' retrieved from /home/airflow/.local/lib/python3.12/site-packages/airflow/example_dags/example_dataset_alias.py
[2026-06-19T17:01:37.306+0000] {logging_mixin.py:190} INFO - [2026-06-19T17:01:37.305+0000] {dag.py:3239} INFO - Sync 4 DAGs
[2026-06-19T17:01:37.494+0000] {logging_mixin.py:190} INFO - [2026-06-19T17:01:37.494+0000] {dag.py:4180} INFO - Setting next_dagrun for dataset_alias_example_alias_consumer to None, run_after=None
[2026-06-19T17:01:37.532+0000] {logging_mixin.py:190} INFO - [2026-06-19T17:01:37.526+0000] {dag.py:4180} INFO - Setting next_dagrun for dataset_alias_example_alias_producer to None, run_after=None
[2026-06-19T17:01:37.542+0000] {logging_mixin.py:190} INFO - [2026-06-19T17:01:37.541+0000] {dag.py:4180} INFO - Setting next_dagrun for dataset_s3_bucket_consumer to None, run_after=None
[2026-06-19T17:01:37.558+0000] {logging_mixin.py:190} INFO - [2026-06-19T17:01:37.558+0000] {dag.py:4180} INFO - Setting next_dagrun for dataset_s3_bucket_producer to None, run_after=None
[2026-06-19T17:01:37.704+0000] {processor.py:208} INFO - Processing /home/airflow/.local/lib/python3.12/site-packages/airflow/example_dags/example_dataset_alias.py took 2.158 seconds
[2026-06-19T17:02:07.903+0000] {processor.py:186} INFO - Started process (PID=2511) to work on /home/airflow/.local/lib/python3.12/site-packages/airflow/example_dags/example_dataset_alias.py
[2026-06-19T17:02:07.907+0000] {processor.py:914} INFO - Processing file /home/airflow/.local/lib/python3.12/site-packages/airflow/example_dags/example_dataset_alias.py for tasks to queue
[2026-06-19T17:02:07.916+0000] {logging_mixin.py:190} INFO - [2026-06-19T17:02:07.915+0000] {dagbag.py:588} INFO - Filling up the DagBag from /home/airflow/.local/lib/python3.12/site-packages/airflow/example_dags/example_dataset_alias.py
[2026-06-19T17:02:09.561+0000] {processor.py:925} INFO - DAG(s) 'dataset_s3_bucket_producer', 'dataset_s3_bucket_consumer', 'dataset_alias_example_alias_consumer', 'dataset_alias_example_alias_producer' retrieved from /home/airflow/.local/lib/python3.12/site-packages/airflow/example_dags/example_dataset_alias.py
[2026-06-19T17:02:09.619+0000] {logging_mixin.py:190} INFO - [2026-06-19T17:02:09.617+0000] {dag.py:3239} INFO - Sync 4 DAGs
[2026-06-19T17:02:09.683+0000] {logging_mixin.py:190} INFO - [2026-06-19T17:02:09.682+0000] {dag.py:4180} INFO - Setting next_dagrun for dataset_alias_example_alias_consumer to None, run_after=None
[2026-06-19T17:02:09.693+0000] {logging_mixin.py:190} INFO - [2026-06-19T17:02:09.692+0000] {dag.py:4180} INFO - Setting next_dagrun for dataset_alias_example_alias_producer to None, run_after=None
[2026-06-19T17:02:09.700+0000] {logging_mixin.py:190} INFO - [2026-06-19T17:02:09.699+0000] {dag.py:4180} INFO - Setting next_dagrun for dataset_s3_bucket_consumer to None, run_after=None
[2026-06-19T17:02:09.705+0000] {logging_mixin.py:190} INFO - [2026-06-19T17:02:09.704+0000] {dag.py:4180} INFO - Setting next_dagrun for dataset_s3_bucket_producer to None, run_after=None
[2026-06-19T17:02:09.759+0000] {processor.py:208} INFO - Processing /home/airflow/.local/lib/python3.12/site-packages/airflow/example_dags/example_dataset_alias.py took 1.872 seconds
[2026-06-19T17:02:39.970+0000] {processor.py:186} INFO - Started process (PID=2578) to work on /home/airflow/.local/lib/python3.12/site-packages/airflow/example_dags/example_dataset_alias.py
[2026-06-19T17:02:39.975+0000] {processor.py:914} INFO - Processing file /home/airflow/.local/lib/python3.12/site-packages/airflow/example_dags/example_dataset_alias.py for tasks to queue
[2026-06-19T17:02:39.981+0000] {logging_mixin.py:190} INFO - [2026-06-19T17:02:39.980+0000] {dagbag.py:588} INFO - Filling up the DagBag from /home/airflow/.local/lib/python3.12/site-packages/airflow/example_dags/example_dataset_alias.py
[2026-06-19T17:02:41.222+0000] {processor.py:925} INFO - DAG(s) 'dataset_s3_bucket_consumer', 'dataset_alias_example_alias_producer', 'dataset_alias_example_alias_consumer', 'dataset_s3_bucket_producer' retrieved from /home/airflow/.local/lib/python3.12/site-packages/airflow/example_dags/example_dataset_alias.py
[2026-06-19T17:02:41.321+0000] {logging_mixin.py:190} INFO - [2026-06-19T17:02:41.320+0000] {dag.py:3239} INFO - Sync 4 DAGs
[2026-06-19T17:02:41.398+0000] {logging_mixin.py:190} INFO - [2026-06-19T17:02:41.397+0000] {dag.py:4180} INFO - Setting next_dagrun for dataset_alias_example_alias_consumer to None, run_after=None
[2026-06-19T17:02:41.409+0000] {logging_mixin.py:190} INFO - [2026-06-19T17:02:41.408+0000] {dag.py:4180} INFO - Setting next_dagrun for dataset_alias_example_alias_producer to None, run_after=None
[2026-06-19T17:02:41.419+0000] {logging_mixin.py:190} INFO - [2026-06-19T17:02:41.418+0000] {dag.py:4180} INFO - Setting next_dagrun for dataset_s3_bucket_consumer to None, run_after=None
[2026-06-19T17:02:41.428+0000] {logging_mixin.py:190} INFO - [2026-06-19T17:02:41.428+0000] {dag.py:4180} INFO - Setting next_dagrun for dataset_s3_bucket_producer to None, run_after=None
[2026-06-19T17:02:41.517+0000] {processor.py:208} INFO - Processing /home/airflow/.local/lib/python3.12/site-packages/airflow/example_dags/example_dataset_alias.py took 1.560 seconds
[2026-06-19T17:04:32.836+0000] {processor.py:186} INFO - Started process (PID=112) to work on /home/airflow/.local/lib/python3.12/site-packages/airflow/example_dags/example_dataset_alias.py
[2026-06-19T17:04:32.840+0000] {processor.py:914} INFO - Processing file /home/airflow/.local/lib/python3.12/site-packages/airflow/example_dags/example_dataset_alias.py for tasks to queue
[2026-06-19T17:04:32.847+0000] {logging_mixin.py:190} INFO - [2026-06-19T17:04:32.846+0000] {dagbag.py:588} INFO - Filling up the DagBag from /home/airflow/.local/lib/python3.12/site-packages/airflow/example_dags/example_dataset_alias.py
[2026-06-19T17:04:34.068+0000] {processor.py:925} INFO - DAG(s) 'dataset_alias_example_alias_producer', 'dataset_s3_bucket_producer', 'dataset_s3_bucket_consumer', 'dataset_alias_example_alias_consumer' retrieved from /home/airflow/.local/lib/python3.12/site-packages/airflow/example_dags/example_dataset_alias.py
[2026-06-19T17:04:34.124+0000] {logging_mixin.py:190} INFO - [2026-06-19T17:04:34.123+0000] {dag.py:3239} INFO - Sync 4 DAGs
[2026-06-19T17:04:34.175+0000] {logging_mixin.py:190} INFO - [2026-06-19T17:04:34.175+0000] {dag.py:4180} INFO - Setting next_dagrun for dataset_alias_example_alias_consumer to None, run_after=None
[2026-06-19T17:04:34.185+0000] {logging_mixin.py:190} INFO - [2026-06-19T17:04:34.184+0000] {dag.py:4180} INFO - Setting next_dagrun for dataset_alias_example_alias_producer to None, run_after=None
[2026-06-19T17:04:34.190+0000] {logging_mixin.py:190} INFO - [2026-06-19T17:04:34.190+0000] {dag.py:4180} INFO - Setting next_dagrun for dataset_s3_bucket_consumer to None, run_after=None
[2026-06-19T17:04:34.195+0000] {logging_mixin.py:190} INFO - [2026-06-19T17:04:34.195+0000] {dag.py:4180} INFO - Setting next_dagrun for dataset_s3_bucket_producer to None, run_after=None
[2026-06-19T17:04:34.249+0000] {processor.py:208} INFO - Processing /home/airflow/.local/lib/python3.12/site-packages/airflow/example_dags/example_dataset_alias.py took 1.426 seconds
[2026-06-19T17:05:04.375+0000] {processor.py:186} INFO - Started process (PID=176) to work on /home/airflow/.local/lib/python3.12/site-packages/airflow/example_dags/example_dataset_alias.py
[2026-06-19T17:05:04.380+0000] {processor.py:914} INFO - Processing file /home/airflow/.local/lib/python3.12/site-packages/airflow/example_dags/example_dataset_alias.py for tasks to queue
[2026-06-19T17:05:04.386+0000] {logging_mixin.py:190} INFO - [2026-06-19T17:05:04.385+0000] {dagbag.py:588} INFO - Filling up the DagBag from /home/airflow/.local/lib/python3.12/site-packages/airflow/example_dags/example_dataset_alias.py
[2026-06-19T17:05:05.790+0000] {processor.py:925} INFO - DAG(s) 'dataset_alias_example_alias_producer', 'dataset_s3_bucket_producer', 'dataset_alias_example_alias_consumer', 'dataset_s3_bucket_consumer' retrieved from /home/airflow/.local/lib/python3.12/site-packages/airflow/example_dags/example_dataset_alias.py
[2026-06-19T17:05:05.839+0000] {logging_mixin.py:190} INFO - [2026-06-19T17:05:05.838+0000] {dag.py:3239} INFO - Sync 4 DAGs
[2026-06-19T17:05:05.899+0000] {logging_mixin.py:190} INFO - [2026-06-19T17:05:05.898+0000] {dag.py:4180} INFO - Setting next_dagrun for dataset_alias_example_alias_consumer to None, run_after=None
[2026-06-19T17:05:05.906+0000] {logging_mixin.py:190} INFO - [2026-06-19T17:05:05.906+0000] {dag.py:4180} INFO - Setting next_dagrun for dataset_alias_example_alias_producer to None, run_after=None
[2026-06-19T17:05:05.910+0000] {logging_mixin.py:190} INFO - [2026-06-19T17:05:05.910+0000] {dag.py:4180} INFO - Setting next_dagrun for dataset_s3_bucket_consumer to None, run_after=None
[2026-06-19T17:05:05.914+0000] {logging_mixin.py:190} INFO - [2026-06-19T17:05:05.914+0000] {dag.py:4180} INFO - Setting next_dagrun for dataset_s3_bucket_producer to None, run_after=None
[2026-06-19T17:05:06.013+0000] {processor.py:208} INFO - Processing /home/airflow/.local/lib/python3.12/site-packages/airflow/example_dags/example_dataset_alias.py took 1.649 seconds
[2026-06-19T17:05:36.865+0000] {processor.py:186} INFO - Started process (PID=246) to work on /home/airflow/.local/lib/python3.12/site-packages/airflow/example_dags/example_dataset_alias.py
[2026-06-19T17:05:36.869+0000] {processor.py:914} INFO - Processing file /home/airflow/.local/lib/python3.12/site-packages/airflow/example_dags/example_dataset_alias.py for tasks to queue
[2026-06-19T17:05:36.873+0000] {logging_mixin.py:190} INFO - [2026-06-19T17:05:36.872+0000] {dagbag.py:588} INFO - Filling up the DagBag from /home/airflow/.local/lib/python3.12/site-packages/airflow/example_dags/example_dataset_alias.py
[2026-06-19T17:05:37.944+0000] {processor.py:925} INFO - DAG(s) 'dataset_alias_example_alias_consumer', 'dataset_alias_example_alias_producer', 'dataset_s3_bucket_consumer', 'dataset_s3_bucket_producer' retrieved from /home/airflow/.local/lib/python3.12/site-packages/airflow/example_dags/example_dataset_alias.py
[2026-06-19T17:05:38.049+0000] {logging_mixin.py:190} INFO - [2026-06-19T17:05:38.040+0000] {dag.py:3239} INFO - Sync 4 DAGs
[2026-06-19T17:05:38.158+0000] {logging_mixin.py:190} INFO - [2026-06-19T17:05:38.158+0000] {dag.py:4180} INFO - Setting next_dagrun for dataset_alias_example_alias_consumer to None, run_after=None
[2026-06-19T17:05:38.170+0000] {logging_mixin.py:190} INFO - [2026-06-19T17:05:38.169+0000] {dag.py:4180} INFO - Setting next_dagrun for dataset_alias_example_alias_producer to None, run_after=None
[2026-06-19T17:05:38.175+0000] {logging_mixin.py:190} INFO - [2026-06-19T17:05:38.174+0000] {dag.py:4180} INFO - Setting next_dagrun for dataset_s3_bucket_consumer to None, run_after=None
[2026-06-19T17:05:38.179+0000] {logging_mixin.py:190} INFO - [2026-06-19T17:05:38.179+0000] {dag.py:4180} INFO - Setting next_dagrun for dataset_s3_bucket_producer to None, run_after=None
[2026-06-19T17:05:38.226+0000] {processor.py:208} INFO - Processing /home/airflow/.local/lib/python3.12/site-packages/airflow/example_dags/example_dataset_alias.py took 1.368 seconds
[2026-06-19T17:06:12.274+0000] {processor.py:186} INFO - Started process (PID=310) to work on /home/airflow/.local/lib/python3.12/site-packages/airflow/example_dags/example_dataset_alias.py
[2026-06-19T17:06:12.278+0000] {processor.py:914} INFO - Processing file /home/airflow/.local/lib/python3.12/site-packages/airflow/example_dags/example_dataset_alias.py for tasks to queue
[2026-06-19T17:06:12.285+0000] {logging_mixin.py:190} INFO - [2026-06-19T17:06:12.284+0000] {dagbag.py:588} INFO - Filling up the DagBag from /home/airflow/.local/lib/python3.12/site-packages/airflow/example_dags/example_dataset_alias.py
[2026-06-19T17:06:14.720+0000] {processor.py:925} INFO - DAG(s) 'dataset_alias_example_alias_consumer', 'dataset_s3_bucket_producer', 'dataset_s3_bucket_consumer', 'dataset_alias_example_alias_producer' retrieved from /home/airflow/.local/lib/python3.12/site-packages/airflow/example_dags/example_dataset_alias.py
[2026-06-19T17:06:14.880+0000] {logging_mixin.py:190} INFO - [2026-06-19T17:06:14.878+0000] {dag.py:3239} INFO - Sync 4 DAGs
[2026-06-19T17:06:15.034+0000] {logging_mixin.py:190} INFO - [2026-06-19T17:06:15.033+0000] {dag.py:4180} INFO - Setting next_dagrun for dataset_alias_example_alias_consumer to None, run_after=None
[2026-06-19T17:06:15.049+0000] {logging_mixin.py:190} INFO - [2026-06-19T17:06:15.048+0000] {dag.py:4180} INFO - Setting next_dagrun for dataset_alias_example_alias_producer to None, run_after=None
[2026-06-19T17:06:15.065+0000] {logging_mixin.py:190} INFO - [2026-06-19T17:06:15.064+0000] {dag.py:4180} INFO - Setting next_dagrun for dataset_s3_bucket_consumer to None, run_after=None
[2026-06-19T17:06:15.073+0000] {logging_mixin.py:190} INFO - [2026-06-19T17:06:15.072+0000] {dag.py:4180} INFO - Setting next_dagrun for dataset_s3_bucket_producer to None, run_after=None
[2026-06-19T17:06:15.168+0000] {processor.py:208} INFO - Processing /home/airflow/.local/lib/python3.12/site-packages/airflow/example_dags/example_dataset_alias.py took 2.909 seconds
[2026-06-19T17:08:08.905+0000] {processor.py:186} INFO - Started process (PID=118) to work on /home/airflow/.local/lib/python3.12/site-packages/airflow/example_dags/example_dataset_alias.py
[2026-06-19T17:08:08.916+0000] {processor.py:914} INFO - Processing file /home/airflow/.local/lib/python3.12/site-packages/airflow/example_dags/example_dataset_alias.py for tasks to queue
[2026-06-19T17:08:08.926+0000] {logging_mixin.py:190} INFO - [2026-06-19T17:08:08.925+0000] {dagbag.py:588} INFO - Filling up the DagBag from /home/airflow/.local/lib/python3.12/site-packages/airflow/example_dags/example_dataset_alias.py
[2026-06-19T17:08:11.226+0000] {processor.py:925} INFO - DAG(s) 'dataset_s3_bucket_consumer', 'dataset_s3_bucket_producer', 'dataset_alias_example_alias_consumer', 'dataset_alias_example_alias_producer' retrieved from /home/airflow/.local/lib/python3.12/site-packages/airflow/example_dags/example_dataset_alias.py
[2026-06-19T17:08:11.352+0000] {logging_mixin.py:190} INFO - [2026-06-19T17:08:11.351+0000] {dag.py:3239} INFO - Sync 4 DAGs
[2026-06-19T17:08:11.438+0000] {logging_mixin.py:190} INFO - [2026-06-19T17:08:11.437+0000] {dag.py:4180} INFO - Setting next_dagrun for dataset_alias_example_alias_consumer to None, run_after=None
[2026-06-19T17:08:11.453+0000] {logging_mixin.py:190} INFO - [2026-06-19T17:08:11.452+0000] {dag.py:4180} INFO - Setting next_dagrun for dataset_alias_example_alias_producer to None, run_after=None
[2026-06-19T17:08:11.471+0000] {logging_mixin.py:190} INFO - [2026-06-19T17:08:11.470+0000] {dag.py:4180} INFO - Setting next_dagrun for dataset_s3_bucket_consumer to None, run_after=None
[2026-06-19T17:08:11.481+0000] {logging_mixin.py:190} INFO - [2026-06-19T17:08:11.480+0000] {dag.py:4180} INFO - Setting next_dagrun for dataset_s3_bucket_producer to None, run_after=None
[2026-06-19T17:08:11.595+0000] {processor.py:208} INFO - Processing /home/airflow/.local/lib/python3.12/site-packages/airflow/example_dags/example_dataset_alias.py took 2.714 seconds
[2026-06-19T17:08:42.415+0000] {processor.py:186} INFO - Started process (PID=183) to work on /home/airflow/.local/lib/python3.12/site-packages/airflow/example_dags/example_dataset_alias.py
[2026-06-19T17:08:42.421+0000] {processor.py:914} INFO - Processing file /home/airflow/.local/lib/python3.12/site-packages/airflow/example_dags/example_dataset_alias.py for tasks to queue
[2026-06-19T17:08:42.432+0000] {logging_mixin.py:190} INFO - [2026-06-19T17:08:42.431+0000] {dagbag.py:588} INFO - Filling up the DagBag from /home/airflow/.local/lib/python3.12/site-packages/airflow/example_dags/example_dataset_alias.py
[2026-06-19T17:08:43.904+0000] {processor.py:925} INFO - DAG(s) 'dataset_alias_example_alias_consumer', 'dataset_s3_bucket_producer', 'dataset_s3_bucket_consumer', 'dataset_alias_example_alias_producer' retrieved from /home/airflow/.local/lib/python3.12/site-packages/airflow/example_dags/example_dataset_alias.py
[2026-06-19T17:08:43.956+0000] {logging_mixin.py:190} INFO - [2026-06-19T17:08:43.954+0000] {dag.py:3239} INFO - Sync 4 DAGs
[2026-06-19T17:08:44.031+0000] {logging_mixin.py:190} INFO - [2026-06-19T17:08:44.030+0000] {dag.py:4180} INFO - Setting next_dagrun for dataset_alias_example_alias_consumer to None, run_after=None
[2026-06-19T17:08:44.045+0000] {logging_mixin.py:190} INFO - [2026-06-19T17:08:44.044+0000] {dag.py:4180} INFO - Setting next_dagrun for dataset_alias_example_alias_producer to None, run_after=None
[2026-06-19T17:08:44.059+0000] {logging_mixin.py:190} INFO - [2026-06-19T17:08:44.059+0000] {dag.py:4180} INFO - Setting next_dagrun for dataset_s3_bucket_consumer to None, run_after=None
[2026-06-19T17:08:44.070+0000] {logging_mixin.py:190} INFO - [2026-06-19T17:08:44.069+0000] {dag.py:4180} INFO - Setting next_dagrun for dataset_s3_bucket_producer to None, run_after=None
[2026-06-19T17:08:44.145+0000] {processor.py:208} INFO - Processing /home/airflow/.local/lib/python3.12/site-packages/airflow/example_dags/example_dataset_alias.py took 1.747 seconds
[2026-06-19T17:09:15.047+0000] {processor.py:186} INFO - Started process (PID=253) to work on /home/airflow/.local/lib/python3.12/site-packages/airflow/example_dags/example_dataset_alias.py
[2026-06-19T17:09:15.050+0000] {processor.py:914} INFO - Processing file /home/airflow/.local/lib/python3.12/site-packages/airflow/example_dags/example_dataset_alias.py for tasks to queue
[2026-06-19T17:09:15.055+0000] {logging_mixin.py:190} INFO - [2026-06-19T17:09:15.054+0000] {dagbag.py:588} INFO - Filling up the DagBag from /home/airflow/.local/lib/python3.12/site-packages/airflow/example_dags/example_dataset_alias.py
[2026-06-19T17:09:15.860+0000] {processor.py:925} INFO - DAG(s) 'dataset_s3_bucket_consumer', 'dataset_alias_example_alias_producer', 'dataset_alias_example_alias_consumer', 'dataset_s3_bucket_producer' retrieved from /home/airflow/.local/lib/python3.12/site-packages/airflow/example_dags/example_dataset_alias.py
[2026-06-19T17:09:15.932+0000] {logging_mixin.py:190} INFO - [2026-06-19T17:09:15.931+0000] {dag.py:3239} INFO - Sync 4 DAGs
[2026-06-19T17:09:16.013+0000] {logging_mixin.py:190} INFO - [2026-06-19T17:09:16.012+0000] {dag.py:4180} INFO - Setting next_dagrun for dataset_alias_example_alias_consumer to None, run_after=None
[2026-06-19T17:09:16.022+0000] {logging_mixin.py:190} INFO - [2026-06-19T17:09:16.022+0000] {dag.py:4180} INFO - Setting next_dagrun for dataset_alias_example_alias_producer to None, run_after=None
[2026-06-19T17:09:16.036+0000] {logging_mixin.py:190} INFO - [2026-06-19T17:09:16.035+0000] {dag.py:4180} INFO - Setting next_dagrun for dataset_s3_bucket_consumer to None, run_after=None
[2026-06-19T17:09:16.041+0000] {logging_mixin.py:190} INFO - [2026-06-19T17:09:16.040+0000] {dag.py:4180} INFO - Setting next_dagrun for dataset_s3_bucket_producer to None, run_after=None
[2026-06-19T17:09:16.088+0000] {processor.py:208} INFO - Processing /home/airflow/.local/lib/python3.12/site-packages/airflow/example_dags/example_dataset_alias.py took 1.048 seconds
[2026-06-19T17:09:46.528+0000] {processor.py:186} INFO - Started process (PID=325) to work on /home/airflow/.local/lib/python3.12/site-packages/airflow/example_dags/example_dataset_alias.py
[2026-06-19T17:09:46.532+0000] {processor.py:914} INFO - Processing file /home/airflow/.local/lib/python3.12/site-packages/airflow/example_dags/example_dataset_alias.py for tasks to queue
[2026-06-19T17:09:46.540+0000] {logging_mixin.py:190} INFO - [2026-06-19T17:09:46.539+0000] {dagbag.py:588} INFO - Filling up the DagBag from /home/airflow/.local/lib/python3.12/site-packages/airflow/example_dags/example_dataset_alias.py
[2026-06-19T17:09:47.655+0000] {processor.py:925} INFO - DAG(s) 'dataset_alias_example_alias_consumer', 'dataset_s3_bucket_consumer', 'dataset_alias_example_alias_producer', 'dataset_s3_bucket_producer' retrieved from /home/airflow/.local/lib/python3.12/site-packages/airflow/example_dags/example_dataset_alias.py
[2026-06-19T17:09:47.697+0000] {logging_mixin.py:190} INFO - [2026-06-19T17:09:47.696+0000] {dag.py:3239} INFO - Sync 4 DAGs
[2026-06-19T17:09:47.737+0000] {logging_mixin.py:190} INFO - [2026-06-19T17:09:47.737+0000] {dag.py:4180} INFO - Setting next_dagrun for dataset_alias_example_alias_consumer to None, run_after=None
[2026-06-19T17:09:47.744+0000] {logging_mixin.py:190} INFO - [2026-06-19T17:09:47.744+0000] {dag.py:4180} INFO - Setting next_dagrun for dataset_alias_example_alias_producer to None, run_after=None
[2026-06-19T17:09:47.750+0000] {logging_mixin.py:190} INFO - [2026-06-19T17:09:47.750+0000] {dag.py:4180} INFO - Setting next_dagrun for dataset_s3_bucket_consumer to None, run_after=None
[2026-06-19T17:09:47.754+0000] {logging_mixin.py:190} INFO - [2026-06-19T17:09:47.754+0000] {dag.py:4180} INFO - Setting next_dagrun for dataset_s3_bucket_producer to None, run_after=None
[2026-06-19T17:09:47.796+0000] {processor.py:208} INFO - Processing /home/airflow/.local/lib/python3.12/site-packages/airflow/example_dags/example_dataset_alias.py took 1.289 seconds
[2026-06-19T17:10:19.423+0000] {processor.py:186} INFO - Started process (PID=376) to work on /home/airflow/.local/lib/python3.12/site-packages/airflow/example_dags/example_dataset_alias.py
[2026-06-19T17:10:19.431+0000] {processor.py:914} INFO - Processing file /home/airflow/.local/lib/python3.12/site-packages/airflow/example_dags/example_dataset_alias.py for tasks to queue
[2026-06-19T17:10:19.440+0000] {logging_mixin.py:190} INFO - [2026-06-19T17:10:19.439+0000] {dagbag.py:588} INFO - Filling up the DagBag from /home/airflow/.local/lib/python3.12/site-packages/airflow/example_dags/example_dataset_alias.py
[2026-06-19T17:10:20.639+0000] {processor.py:925} INFO - DAG(s) 'dataset_alias_example_alias_consumer', 'dataset_alias_example_alias_producer', 'dataset_s3_bucket_producer', 'dataset_s3_bucket_consumer' retrieved from /home/airflow/.local/lib/python3.12/site-packages/airflow/example_dags/example_dataset_alias.py
[2026-06-19T17:10:20.700+0000] {logging_mixin.py:190} INFO - [2026-06-19T17:10:20.699+0000] {dag.py:3239} INFO - Sync 4 DAGs
[2026-06-19T17:10:20.745+0000] {logging_mixin.py:190} INFO - [2026-06-19T17:10:20.745+0000] {dag.py:4180} INFO - Setting next_dagrun for dataset_alias_example_alias_consumer to None, run_after=None
[2026-06-19T17:10:20.753+0000] {logging_mixin.py:190} INFO - [2026-06-19T17:10:20.752+0000] {dag.py:4180} INFO - Setting next_dagrun for dataset_alias_example_alias_producer to None, run_after=None
[2026-06-19T17:10:20.758+0000] {logging_mixin.py:190} INFO - [2026-06-19T17:10:20.757+0000] {dag.py:4180} INFO - Setting next_dagrun for dataset_s3_bucket_consumer to None, run_after=None
[2026-06-19T17:10:20.762+0000] {logging_mixin.py:190} INFO - [2026-06-19T17:10:20.762+0000] {dag.py:4180} INFO - Setting next_dagrun for dataset_s3_bucket_producer to None, run_after=None
[2026-06-19T17:10:20.811+0000] {processor.py:208} INFO - Processing /home/airflow/.local/lib/python3.12/site-packages/airflow/example_dags/example_dataset_alias.py took 1.408 seconds
[2026-06-19T17:10:51.485+0000] {processor.py:186} INFO - Started process (PID=440) to work on /home/airflow/.local/lib/python3.12/site-packages/airflow/example_dags/example_dataset_alias.py
[2026-06-19T17:10:51.488+0000] {processor.py:914} INFO - Processing file /home/airflow/.local/lib/python3.12/site-packages/airflow/example_dags/example_dataset_alias.py for tasks to queue
[2026-06-19T17:10:51.493+0000] {logging_mixin.py:190} INFO - [2026-06-19T17:10:51.492+0000] {dagbag.py:588} INFO - Filling up the DagBag from /home/airflow/.local/lib/python3.12/site-packages/airflow/example_dags/example_dataset_alias.py
[2026-06-19T17:10:52.444+0000] {processor.py:925} INFO - DAG(s) 'dataset_alias_example_alias_producer', 'dataset_s3_bucket_producer', 'dataset_alias_example_alias_consumer', 'dataset_s3_bucket_consumer' retrieved from /home/airflow/.local/lib/python3.12/site-packages/airflow/example_dags/example_dataset_alias.py
[2026-06-19T17:10:52.483+0000] {logging_mixin.py:190} INFO - [2026-06-19T17:10:52.482+0000] {dag.py:3239} INFO - Sync 4 DAGs
[2026-06-19T17:10:52.526+0000] {logging_mixin.py:190} INFO - [2026-06-19T17:10:52.525+0000] {dag.py:4180} INFO - Setting next_dagrun for dataset_alias_example_alias_consumer to None, run_after=None
[2026-06-19T17:10:52.531+0000] {logging_mixin.py:190} INFO - [2026-06-19T17:10:52.531+0000] {dag.py:4180} INFO - Setting next_dagrun for dataset_alias_example_alias_producer to None, run_after=None
[2026-06-19T17:10:52.535+0000] {logging_mixin.py:190} INFO - [2026-06-19T17:10:52.535+0000] {dag.py:4180} INFO - Setting next_dagrun for dataset_s3_bucket_consumer to None, run_after=None
[2026-06-19T17:10:52.539+0000] {logging_mixin.py:190} INFO - [2026-06-19T17:10:52.538+0000] {dag.py:4180} INFO - Setting next_dagrun for dataset_s3_bucket_producer to None, run_after=None
[2026-06-19T17:10:52.572+0000] {processor.py:208} INFO - Processing /home/airflow/.local/lib/python3.12/site-packages/airflow/example_dags/example_dataset_alias.py took 1.094 seconds
[2026-06-19T17:11:22.747+0000] {processor.py:186} INFO - Started process (PID=504) to work on /home/airflow/.local/lib/python3.12/site-packages/airflow/example_dags/example_dataset_alias.py
[2026-06-19T17:11:22.752+0000] {processor.py:914} INFO - Processing file /home/airflow/.local/lib/python3.12/site-packages/airflow/example_dags/example_dataset_alias.py for tasks to queue
[2026-06-19T17:11:22.761+0000] {logging_mixin.py:190} INFO - [2026-06-19T17:11:22.760+0000] {dagbag.py:588} INFO - Filling up the DagBag from /home/airflow/.local/lib/python3.12/site-packages/airflow/example_dags/example_dataset_alias.py
[2026-06-19T17:11:24.668+0000] {processor.py:925} INFO - DAG(s) 'dataset_s3_bucket_producer', 'dataset_alias_example_alias_producer', 'dataset_alias_example_alias_consumer', 'dataset_s3_bucket_consumer' retrieved from /home/airflow/.local/lib/python3.12/site-packages/airflow/example_dags/example_dataset_alias.py
[2026-06-19T17:11:24.746+0000] {logging_mixin.py:190} INFO - [2026-06-19T17:11:24.744+0000] {dag.py:3239} INFO - Sync 4 DAGs
[2026-06-19T17:11:24.854+0000] {logging_mixin.py:190} INFO - [2026-06-19T17:11:24.853+0000] {dag.py:4180} INFO - Setting next_dagrun for dataset_alias_example_alias_consumer to None, run_after=None
[2026-06-19T17:11:24.865+0000] {logging_mixin.py:190} INFO - [2026-06-19T17:11:24.865+0000] {dag.py:4180} INFO - Setting next_dagrun for dataset_alias_example_alias_producer to None, run_after=None
[2026-06-19T17:11:24.885+0000] {logging_mixin.py:190} INFO - [2026-06-19T17:11:24.885+0000] {dag.py:4180} INFO - Setting next_dagrun for dataset_s3_bucket_consumer to None, run_after=None
[2026-06-19T17:11:24.894+0000] {logging_mixin.py:190} INFO - [2026-06-19T17:11:24.894+0000] {dag.py:4180} INFO - Setting next_dagrun for dataset_s3_bucket_producer to None, run_after=None
[2026-06-19T17:11:24.997+0000] {processor.py:208} INFO - Processing /home/airflow/.local/lib/python3.12/site-packages/airflow/example_dags/example_dataset_alias.py took 2.270 seconds
[2026-06-19T17:11:55.235+0000] {processor.py:186} INFO - Started process (PID=567) to work on /home/airflow/.local/lib/python3.12/site-packages/airflow/example_dags/example_dataset_alias.py
[2026-06-19T17:11:55.250+0000] {processor.py:914} INFO - Processing file /home/airflow/.local/lib/python3.12/site-packages/airflow/example_dags/example_dataset_alias.py for tasks to queue
[2026-06-19T17:11:55.254+0000] {logging_mixin.py:190} INFO - [2026-06-19T17:11:55.253+0000] {dagbag.py:588} INFO - Filling up the DagBag from /home/airflow/.local/lib/python3.12/site-packages/airflow/example_dags/example_dataset_alias.py
[2026-06-19T17:11:55.850+0000] {processor.py:925} INFO - DAG(s) 'dataset_alias_example_alias_consumer', 'dataset_s3_bucket_consumer', 'dataset_s3_bucket_producer', 'dataset_alias_example_alias_producer' retrieved from /home/airflow/.local/lib/python3.12/site-packages/airflow/example_dags/example_dataset_alias.py
[2026-06-19T17:11:55.879+0000] {logging_mixin.py:190} INFO - [2026-06-19T17:11:55.878+0000] {dag.py:3239} INFO - Sync 4 DAGs
[2026-06-19T17:11:55.907+0000] {logging_mixin.py:190} INFO - [2026-06-19T17:11:55.907+0000] {dag.py:4180} INFO - Setting next_dagrun for dataset_alias_example_alias_consumer to None, run_after=None
[2026-06-19T17:11:55.911+0000] {logging_mixin.py:190} INFO - [2026-06-19T17:11:55.910+0000] {dag.py:4180} INFO - Setting next_dagrun for dataset_alias_example_alias_producer to None, run_after=None
[2026-06-19T17:11:55.916+0000] {logging_mixin.py:190} INFO - [2026-06-19T17:11:55.916+0000] {dag.py:4180} INFO - Setting next_dagrun for dataset_s3_bucket_consumer to None, run_after=None
[2026-06-19T17:11:55.919+0000] {logging_mixin.py:190} INFO - [2026-06-19T17:11:55.919+0000] {dag.py:4180} INFO - Setting next_dagrun for dataset_s3_bucket_producer to None, run_after=None
[2026-06-19T17:11:55.949+0000] {processor.py:208} INFO - Processing /home/airflow/.local/lib/python3.12/site-packages/airflow/example_dags/example_dataset_alias.py took 0.720 seconds
[2026-06-19T17:12:26.103+0000] {processor.py:186} INFO - Started process (PID=631) to work on /home/airflow/.local/lib/python3.12/site-packages/airflow/example_dags/example_dataset_alias.py
[2026-06-19T17:12:26.107+0000] {processor.py:914} INFO - Processing file /home/airflow/.local/lib/python3.12/site-packages/airflow/example_dags/example_dataset_alias.py for tasks to queue
[2026-06-19T17:12:26.112+0000] {logging_mixin.py:190} INFO - [2026-06-19T17:12:26.111+0000] {dagbag.py:588} INFO - Filling up the DagBag from /home/airflow/.local/lib/python3.12/site-packages/airflow/example_dags/example_dataset_alias.py
[2026-06-19T17:12:27.127+0000] {processor.py:925} INFO - DAG(s) 'dataset_s3_bucket_consumer', 'dataset_alias_example_alias_producer', 'dataset_s3_bucket_producer', 'dataset_alias_example_alias_consumer' retrieved from /home/airflow/.local/lib/python3.12/site-packages/airflow/example_dags/example_dataset_alias.py
[2026-06-19T17:12:27.186+0000] {logging_mixin.py:190} INFO - [2026-06-19T17:12:27.185+0000] {dag.py:3239} INFO - Sync 4 DAGs
[2026-06-19T17:12:27.258+0000] {logging_mixin.py:190} INFO - [2026-06-19T17:12:27.257+0000] {dag.py:4180} INFO - Setting next_dagrun for dataset_alias_example_alias_consumer to None, run_after=None
[2026-06-19T17:12:27.266+0000] {logging_mixin.py:190} INFO - [2026-06-19T17:12:27.265+0000] {dag.py:4180} INFO - Setting next_dagrun for dataset_alias_example_alias_producer to None, run_after=None
[2026-06-19T17:12:27.270+0000] {logging_mixin.py:190} INFO - [2026-06-19T17:12:27.270+0000] {dag.py:4180} INFO - Setting next_dagrun for dataset_s3_bucket_consumer to None, run_after=None
[2026-06-19T17:12:27.276+0000] {logging_mixin.py:190} INFO - [2026-06-19T17:12:27.275+0000] {dag.py:4180} INFO - Setting next_dagrun for dataset_s3_bucket_producer to None, run_after=None
[2026-06-19T17:12:27.338+0000] {processor.py:208} INFO - Processing /home/airflow/.local/lib/python3.12/site-packages/airflow/example_dags/example_dataset_alias.py took 1.244 seconds
[2026-06-19T17:12:58.128+0000] {processor.py:186} INFO - Started process (PID=696) to work on /home/airflow/.local/lib/python3.12/site-packages/airflow/example_dags/example_dataset_alias.py
[2026-06-19T17:12:58.130+0000] {processor.py:914} INFO - Processing file /home/airflow/.local/lib/python3.12/site-packages/airflow/example_dags/example_dataset_alias.py for tasks to queue
[2026-06-19T17:12:58.133+0000] {logging_mixin.py:190} INFO - [2026-06-19T17:12:58.133+0000] {dagbag.py:588} INFO - Filling up the DagBag from /home/airflow/.local/lib/python3.12/site-packages/airflow/example_dags/example_dataset_alias.py
[2026-06-19T17:12:59.042+0000] {processor.py:925} INFO - DAG(s) 'dataset_s3_bucket_consumer', 'dataset_alias_example_alias_consumer', 'dataset_alias_example_alias_producer', 'dataset_s3_bucket_producer' retrieved from /home/airflow/.local/lib/python3.12/site-packages/airflow/example_dags/example_dataset_alias.py
[2026-06-19T17:12:59.096+0000] {logging_mixin.py:190} INFO - [2026-06-19T17:12:59.095+0000] {dag.py:3239} INFO - Sync 4 DAGs
[2026-06-19T17:12:59.140+0000] {logging_mixin.py:190} INFO - [2026-06-19T17:12:59.139+0000] {dag.py:4180} INFO - Setting next_dagrun for dataset_alias_example_alias_consumer to None, run_after=None
[2026-06-19T17:12:59.147+0000] {logging_mixin.py:190} INFO - [2026-06-19T17:12:59.146+0000] {dag.py:4180} INFO - Setting next_dagrun for dataset_alias_example_alias_producer to None, run_after=None
[2026-06-19T17:12:59.151+0000] {logging_mixin.py:190} INFO - [2026-06-19T17:12:59.151+0000] {dag.py:4180} INFO - Setting next_dagrun for dataset_s3_bucket_consumer to None, run_after=None
[2026-06-19T17:12:59.155+0000] {logging_mixin.py:190} INFO - [2026-06-19T17:12:59.155+0000] {dag.py:4180} INFO - Setting next_dagrun for dataset_s3_bucket_producer to None, run_after=None
[2026-06-19T17:12:59.193+0000] {processor.py:208} INFO - Processing /home/airflow/.local/lib/python3.12/site-packages/airflow/example_dags/example_dataset_alias.py took 1.070 seconds
[2026-06-19T17:13:31.404+0000] {processor.py:186} INFO - Started process (PID=760) to work on /home/airflow/.local/lib/python3.12/site-packages/airflow/example_dags/example_dataset_alias.py
[2026-06-19T17:13:31.428+0000] {processor.py:914} INFO - Processing file /home/airflow/.local/lib/python3.12/site-packages/airflow/example_dags/example_dataset_alias.py for tasks to queue
[2026-06-19T17:13:31.438+0000] {logging_mixin.py:190} INFO - [2026-06-19T17:13:31.437+0000] {dagbag.py:588} INFO - Filling up the DagBag from /home/airflow/.local/lib/python3.12/site-packages/airflow/example_dags/example_dataset_alias.py
[2026-06-19T17:13:34.928+0000] {processor.py:925} INFO - DAG(s) 'dataset_s3_bucket_consumer', 'dataset_alias_example_alias_consumer', 'dataset_alias_example_alias_producer', 'dataset_s3_bucket_producer' retrieved from /home/airflow/.local/lib/python3.12/site-packages/airflow/example_dags/example_dataset_alias.py
[2026-06-19T17:13:35.056+0000] {logging_mixin.py:190} INFO - [2026-06-19T17:13:35.054+0000] {dag.py:3239} INFO - Sync 4 DAGs
[2026-06-19T17:13:35.202+0000] {logging_mixin.py:190} INFO - [2026-06-19T17:13:35.202+0000] {dag.py:4180} INFO - Setting next_dagrun for dataset_alias_example_alias_consumer to None, run_after=None
[2026-06-19T17:13:35.231+0000] {logging_mixin.py:190} INFO - [2026-06-19T17:13:35.230+0000] {dag.py:4180} INFO - Setting next_dagrun for dataset_alias_example_alias_producer to None, run_after=None
[2026-06-19T17:13:35.246+0000] {logging_mixin.py:190} INFO - [2026-06-19T17:13:35.246+0000] {dag.py:4180} INFO - Setting next_dagrun for dataset_s3_bucket_consumer to None, run_after=None
[2026-06-19T17:13:35.261+0000] {logging_mixin.py:190} INFO - [2026-06-19T17:13:35.254+0000] {dag.py:4180} INFO - Setting next_dagrun for dataset_s3_bucket_producer to None, run_after=None
[2026-06-19T17:13:35.423+0000] {processor.py:208} INFO - Processing /home/airflow/.local/lib/python3.12/site-packages/airflow/example_dags/example_dataset_alias.py took 4.037 seconds
[2026-06-19T17:14:06.447+0000] {processor.py:186} INFO - Started process (PID=824) to work on /home/airflow/.local/lib/python3.12/site-packages/airflow/example_dags/example_dataset_alias.py
[2026-06-19T17:14:06.456+0000] {processor.py:914} INFO - Processing file /home/airflow/.local/lib/python3.12/site-packages/airflow/example_dags/example_dataset_alias.py for tasks to queue
[2026-06-19T17:14:06.474+0000] {logging_mixin.py:190} INFO - [2026-06-19T17:14:06.466+0000] {dagbag.py:588} INFO - Filling up the DagBag from /home/airflow/.local/lib/python3.12/site-packages/airflow/example_dags/example_dataset_alias.py
[2026-06-19T17:14:09.664+0000] {processor.py:925} INFO - DAG(s) 'dataset_alias_example_alias_consumer', 'dataset_alias_example_alias_producer', 'dataset_s3_bucket_producer', 'dataset_s3_bucket_consumer' retrieved from /home/airflow/.local/lib/python3.12/site-packages/airflow/example_dags/example_dataset_alias.py
[2026-06-19T17:14:09.740+0000] {logging_mixin.py:190} INFO - [2026-06-19T17:14:09.738+0000] {dag.py:3239} INFO - Sync 4 DAGs
[2026-06-19T17:14:09.846+0000] {logging_mixin.py:190} INFO - [2026-06-19T17:14:09.845+0000] {dag.py:4180} INFO - Setting next_dagrun for dataset_alias_example_alias_consumer to None, run_after=None
[2026-06-19T17:14:09.866+0000] {logging_mixin.py:190} INFO - [2026-06-19T17:14:09.865+0000] {dag.py:4180} INFO - Setting next_dagrun for dataset_alias_example_alias_producer to None, run_after=None
[2026-06-19T17:14:09.873+0000] {logging_mixin.py:190} INFO - [2026-06-19T17:14:09.873+0000] {dag.py:4180} INFO - Setting next_dagrun for dataset_s3_bucket_consumer to None, run_after=None
[2026-06-19T17:14:09.882+0000] {logging_mixin.py:190} INFO - [2026-06-19T17:14:09.881+0000] {dag.py:4180} INFO - Setting next_dagrun for dataset_s3_bucket_producer to None, run_after=None
[2026-06-19T17:14:09.964+0000] {processor.py:208} INFO - Processing /home/airflow/.local/lib/python3.12/site-packages/airflow/example_dags/example_dataset_alias.py took 3.541 seconds
[2026-06-19T17:14:42.433+0000] {processor.py:186} INFO - Started process (PID=901) to work on /home/airflow/.local/lib/python3.12/site-packages/airflow/example_dags/example_dataset_alias.py
[2026-06-19T17:14:42.462+0000] {processor.py:914} INFO - Processing file /home/airflow/.local/lib/python3.12/site-packages/airflow/example_dags/example_dataset_alias.py for tasks to queue
[2026-06-19T17:14:42.479+0000] {logging_mixin.py:190} INFO - [2026-06-19T17:14:42.478+0000] {dagbag.py:588} INFO - Filling up the DagBag from /home/airflow/.local/lib/python3.12/site-packages/airflow/example_dags/example_dataset_alias.py
[2026-06-19T17:14:45.497+0000] {processor.py:925} INFO - DAG(s) 'dataset_s3_bucket_consumer', 'dataset_alias_example_alias_consumer', 'dataset_s3_bucket_producer', 'dataset_alias_example_alias_producer' retrieved from /home/airflow/.local/lib/python3.12/site-packages/airflow/example_dags/example_dataset_alias.py
[2026-06-19T17:14:45.626+0000] {logging_mixin.py:190} INFO - [2026-06-19T17:14:45.625+0000] {dag.py:3239} INFO - Sync 4 DAGs
[2026-06-19T17:14:45.770+0000] {logging_mixin.py:190} INFO - [2026-06-19T17:14:45.770+0000] {dag.py:4180} INFO - Setting next_dagrun for dataset_alias_example_alias_consumer to None, run_after=None
[2026-06-19T17:14:45.788+0000] {logging_mixin.py:190} INFO - [2026-06-19T17:14:45.787+0000] {dag.py:4180} INFO - Setting next_dagrun for dataset_alias_example_alias_producer to None, run_after=None
[2026-06-19T17:14:45.802+0000] {logging_mixin.py:190} INFO - [2026-06-19T17:14:45.801+0000] {dag.py:4180} INFO - Setting next_dagrun for dataset_s3_bucket_consumer to None, run_after=None
[2026-06-19T17:14:45.818+0000] {logging_mixin.py:190} INFO - [2026-06-19T17:14:45.817+0000] {dag.py:4180} INFO - Setting next_dagrun for dataset_s3_bucket_producer to None, run_after=None
[2026-06-19T17:14:45.932+0000] {processor.py:208} INFO - Processing /home/airflow/.local/lib/python3.12/site-packages/airflow/example_dags/example_dataset_alias.py took 3.527 seconds
[2026-06-19T17:15:16.562+0000] {processor.py:186} INFO - Started process (PID=971) to work on /home/airflow/.local/lib/python3.12/site-packages/airflow/example_dags/example_dataset_alias.py
[2026-06-19T17:15:16.565+0000] {processor.py:914} INFO - Processing file /home/airflow/.local/lib/python3.12/site-packages/airflow/example_dags/example_dataset_alias.py for tasks to queue
[2026-06-19T17:15:16.573+0000] {logging_mixin.py:190} INFO - [2026-06-19T17:15:16.571+0000] {dagbag.py:588} INFO - Filling up the DagBag from /home/airflow/.local/lib/python3.12/site-packages/airflow/example_dags/example_dataset_alias.py
[2026-06-19T17:15:18.622+0000] {processor.py:925} INFO - DAG(s) 'dataset_alias_example_alias_consumer', 'dataset_s3_bucket_producer', 'dataset_alias_example_alias_producer', 'dataset_s3_bucket_consumer' retrieved from /home/airflow/.local/lib/python3.12/site-packages/airflow/example_dags/example_dataset_alias.py
[2026-06-19T17:15:18.697+0000] {logging_mixin.py:190} INFO - [2026-06-19T17:15:18.695+0000] {dag.py:3239} INFO - Sync 4 DAGs
[2026-06-19T17:15:18.784+0000] {logging_mixin.py:190} INFO - [2026-06-19T17:15:18.784+0000] {dag.py:4180} INFO - Setting next_dagrun for dataset_alias_example_alias_consumer to None, run_after=None
[2026-06-19T17:15:18.797+0000] {logging_mixin.py:190} INFO - [2026-06-19T17:15:18.796+0000] {dag.py:4180} INFO - Setting next_dagrun for dataset_alias_example_alias_producer to None, run_after=None
[2026-06-19T17:15:18.804+0000] {logging_mixin.py:190} INFO - [2026-06-19T17:15:18.803+0000] {dag.py:4180} INFO - Setting next_dagrun for dataset_s3_bucket_consumer to None, run_after=None
[2026-06-19T17:15:18.809+0000] {logging_mixin.py:190} INFO - [2026-06-19T17:15:18.808+0000] {dag.py:4180} INFO - Setting next_dagrun for dataset_s3_bucket_producer to None, run_after=None
[2026-06-19T17:15:18.869+0000] {processor.py:208} INFO - Processing /home/airflow/.local/lib/python3.12/site-packages/airflow/example_dags/example_dataset_alias.py took 2.318 seconds
[2026-06-19T17:15:49.138+0000] {processor.py:186} INFO - Started process (PID=1039) to work on /home/airflow/.local/lib/python3.12/site-packages/airflow/example_dags/example_dataset_alias.py
[2026-06-19T17:15:49.143+0000] {processor.py:914} INFO - Processing file /home/airflow/.local/lib/python3.12/site-packages/airflow/example_dags/example_dataset_alias.py for tasks to queue
[2026-06-19T17:15:49.150+0000] {logging_mixin.py:190} INFO - [2026-06-19T17:15:49.150+0000] {dagbag.py:588} INFO - Filling up the DagBag from /home/airflow/.local/lib/python3.12/site-packages/airflow/example_dags/example_dataset_alias.py
[2026-06-19T17:15:50.227+0000] {processor.py:925} INFO - DAG(s) 'dataset_alias_example_alias_producer', 'dataset_s3_bucket_consumer', 'dataset_alias_example_alias_consumer', 'dataset_s3_bucket_producer' retrieved from /home/airflow/.local/lib/python3.12/site-packages/airflow/example_dags/example_dataset_alias.py
[2026-06-19T17:15:50.278+0000] {logging_mixin.py:190} INFO - [2026-06-19T17:15:50.277+0000] {dag.py:3239} INFO - Sync 4 DAGs
[2026-06-19T17:15:50.339+0000] {logging_mixin.py:190} INFO - [2026-06-19T17:15:50.338+0000] {dag.py:4180} INFO - Setting next_dagrun for dataset_alias_example_alias_consumer to None, run_after=None
[2026-06-19T17:15:50.347+0000] {logging_mixin.py:190} INFO - [2026-06-19T17:15:50.346+0000] {dag.py:4180} INFO - Setting next_dagrun for dataset_alias_example_alias_producer to None, run_after=None
[2026-06-19T17:15:50.351+0000] {logging_mixin.py:190} INFO - [2026-06-19T17:15:50.351+0000] {dag.py:4180} INFO - Setting next_dagrun for dataset_s3_bucket_consumer to None, run_after=None
[2026-06-19T17:15:50.357+0000] {logging_mixin.py:190} INFO - [2026-06-19T17:15:50.357+0000] {dag.py:4180} INFO - Setting next_dagrun for dataset_s3_bucket_producer to None, run_after=None
[2026-06-19T17:15:50.410+0000] {processor.py:208} INFO - Processing /home/airflow/.local/lib/python3.12/site-packages/airflow/example_dags/example_dataset_alias.py took 1.286 seconds
[2026-06-19T17:16:20.818+0000] {processor.py:186} INFO - Started process (PID=1105) to work on /home/airflow/.local/lib/python3.12/site-packages/airflow/example_dags/example_dataset_alias.py
[2026-06-19T17:16:20.821+0000] {processor.py:914} INFO - Processing file /home/airflow/.local/lib/python3.12/site-packages/airflow/example_dags/example_dataset_alias.py for tasks to queue
[2026-06-19T17:16:20.827+0000] {logging_mixin.py:190} INFO - [2026-06-19T17:16:20.826+0000] {dagbag.py:588} INFO - Filling up the DagBag from /home/airflow/.local/lib/python3.12/site-packages/airflow/example_dags/example_dataset_alias.py
[2026-06-19T17:16:22.079+0000] {processor.py:925} INFO - DAG(s) 'dataset_s3_bucket_producer', 'dataset_s3_bucket_consumer', 'dataset_alias_example_alias_producer', 'dataset_alias_example_alias_consumer' retrieved from /home/airflow/.local/lib/python3.12/site-packages/airflow/example_dags/example_dataset_alias.py
[2026-06-19T17:16:22.127+0000] {logging_mixin.py:190} INFO - [2026-06-19T17:16:22.126+0000] {dag.py:3239} INFO - Sync 4 DAGs
[2026-06-19T17:16:22.182+0000] {logging_mixin.py:190} INFO - [2026-06-19T17:16:22.182+0000] {dag.py:4180} INFO - Setting next_dagrun for dataset_alias_example_alias_consumer to None, run_after=None
[2026-06-19T17:16:22.190+0000] {logging_mixin.py:190} INFO - [2026-06-19T17:16:22.190+0000] {dag.py:4180} INFO - Setting next_dagrun for dataset_alias_example_alias_producer to None, run_after=None
[2026-06-19T17:16:22.195+0000] {logging_mixin.py:190} INFO - [2026-06-19T17:16:22.195+0000] {dag.py:4180} INFO - Setting next_dagrun for dataset_s3_bucket_consumer to None, run_after=None
[2026-06-19T17:16:22.200+0000] {logging_mixin.py:190} INFO - [2026-06-19T17:16:22.200+0000] {dag.py:4180} INFO - Setting next_dagrun for dataset_s3_bucket_producer to None, run_after=None
[2026-06-19T17:16:22.249+0000] {processor.py:208} INFO - Processing /home/airflow/.local/lib/python3.12/site-packages/airflow/example_dags/example_dataset_alias.py took 1.449 seconds
[2026-06-19T17:16:53.669+0000] {processor.py:186} INFO - Started process (PID=1179) to work on /home/airflow/.local/lib/python3.12/site-packages/airflow/example_dags/example_dataset_alias.py
[2026-06-19T17:16:53.671+0000] {processor.py:914} INFO - Processing file /home/airflow/.local/lib/python3.12/site-packages/airflow/example_dags/example_dataset_alias.py for tasks to queue
[2026-06-19T17:16:53.675+0000] {logging_mixin.py:190} INFO - [2026-06-19T17:16:53.675+0000] {dagbag.py:588} INFO - Filling up the DagBag from /home/airflow/.local/lib/python3.12/site-packages/airflow/example_dags/example_dataset_alias.py
[2026-06-19T17:16:54.775+0000] {processor.py:925} INFO - DAG(s) 'dataset_alias_example_alias_producer', 'dataset_s3_bucket_consumer', 'dataset_s3_bucket_producer', 'dataset_alias_example_alias_consumer' retrieved from /home/airflow/.local/lib/python3.12/site-packages/airflow/example_dags/example_dataset_alias.py
[2026-06-19T17:16:54.825+0000] {logging_mixin.py:190} INFO - [2026-06-19T17:16:54.824+0000] {dag.py:3239} INFO - Sync 4 DAGs
[2026-06-19T17:16:54.865+0000] {logging_mixin.py:190} INFO - [2026-06-19T17:16:54.865+0000] {dag.py:4180} INFO - Setting next_dagrun for dataset_alias_example_alias_consumer to None, run_after=None
[2026-06-19T17:16:54.870+0000] {logging_mixin.py:190} INFO - [2026-06-19T17:16:54.870+0000] {dag.py:4180} INFO - Setting next_dagrun for dataset_alias_example_alias_producer to None, run_after=None
[2026-06-19T17:16:54.875+0000] {logging_mixin.py:190} INFO - [2026-06-19T17:16:54.874+0000] {dag.py:4180} INFO - Setting next_dagrun for dataset_s3_bucket_consumer to None, run_after=None
[2026-06-19T17:16:54.881+0000] {logging_mixin.py:190} INFO - [2026-06-19T17:16:54.880+0000] {dag.py:4180} INFO - Setting next_dagrun for dataset_s3_bucket_producer to None, run_after=None
[2026-06-19T17:16:54.917+0000] {processor.py:208} INFO - Processing /home/airflow/.local/lib/python3.12/site-packages/airflow/example_dags/example_dataset_alias.py took 1.258 seconds
[2026-06-19T17:17:25.083+0000] {processor.py:186} INFO - Started process (PID=1245) to work on /home/airflow/.local/lib/python3.12/site-packages/airflow/example_dags/example_dataset_alias.py
[2026-06-19T17:17:25.088+0000] {processor.py:914} INFO - Processing file /home/airflow/.local/lib/python3.12/site-packages/airflow/example_dags/example_dataset_alias.py for tasks to queue
[2026-06-19T17:17:25.096+0000] {logging_mixin.py:190} INFO - [2026-06-19T17:17:25.095+0000] {dagbag.py:588} INFO - Filling up the DagBag from /home/airflow/.local/lib/python3.12/site-packages/airflow/example_dags/example_dataset_alias.py
[2026-06-19T17:17:26.208+0000] {processor.py:925} INFO - DAG(s) 'dataset_alias_example_alias_consumer', 'dataset_s3_bucket_producer', 'dataset_alias_example_alias_producer', 'dataset_s3_bucket_consumer' retrieved from /home/airflow/.local/lib/python3.12/site-packages/airflow/example_dags/example_dataset_alias.py
[2026-06-19T17:17:26.255+0000] {logging_mixin.py:190} INFO - [2026-06-19T17:17:26.254+0000] {dag.py:3239} INFO - Sync 4 DAGs
[2026-06-19T17:17:26.297+0000] {logging_mixin.py:190} INFO - [2026-06-19T17:17:26.297+0000] {dag.py:4180} INFO - Setting next_dagrun for dataset_alias_example_alias_consumer to None, run_after=None
[2026-06-19T17:17:26.303+0000] {logging_mixin.py:190} INFO - [2026-06-19T17:17:26.303+0000] {dag.py:4180} INFO - Setting next_dagrun for dataset_alias_example_alias_producer to None, run_after=None
[2026-06-19T17:17:26.308+0000] {logging_mixin.py:190} INFO - [2026-06-19T17:17:26.307+0000] {dag.py:4180} INFO - Setting next_dagrun for dataset_s3_bucket_consumer to None, run_after=None
[2026-06-19T17:17:26.312+0000] {logging_mixin.py:190} INFO - [2026-06-19T17:17:26.311+0000] {dag.py:4180} INFO - Setting next_dagrun for dataset_s3_bucket_producer to None, run_after=None
[2026-06-19T17:17:26.360+0000] {processor.py:208} INFO - Processing /home/airflow/.local/lib/python3.12/site-packages/airflow/example_dags/example_dataset_alias.py took 1.293 seconds
[2026-06-19T17:17:57.577+0000] {processor.py:186} INFO - Started process (PID=1311) to work on /home/airflow/.local/lib/python3.12/site-packages/airflow/example_dags/example_dataset_alias.py
[2026-06-19T17:17:57.583+0000] {processor.py:914} INFO - Processing file /home/airflow/.local/lib/python3.12/site-packages/airflow/example_dags/example_dataset_alias.py for tasks to queue
[2026-06-19T17:17:57.591+0000] {logging_mixin.py:190} INFO - [2026-06-19T17:17:57.590+0000] {dagbag.py:588} INFO - Filling up the DagBag from /home/airflow/.local/lib/python3.12/site-packages/airflow/example_dags/example_dataset_alias.py
[2026-06-19T17:17:58.839+0000] {processor.py:925} INFO - DAG(s) 'dataset_s3_bucket_producer', 'dataset_alias_example_alias_consumer', 'dataset_s3_bucket_consumer', 'dataset_alias_example_alias_producer' retrieved from /home/airflow/.local/lib/python3.12/site-packages/airflow/example_dags/example_dataset_alias.py
[2026-06-19T17:17:58.899+0000] {logging_mixin.py:190} INFO - [2026-06-19T17:17:58.897+0000] {dag.py:3239} INFO - Sync 4 DAGs
[2026-06-19T17:17:58.951+0000] {logging_mixin.py:190} INFO - [2026-06-19T17:17:58.951+0000] {dag.py:4180} INFO - Setting next_dagrun for dataset_alias_example_alias_consumer to None, run_after=None
[2026-06-19T17:17:58.958+0000] {logging_mixin.py:190} INFO - [2026-06-19T17:17:58.957+0000] {dag.py:4180} INFO - Setting next_dagrun for dataset_alias_example_alias_producer to None, run_after=None
[2026-06-19T17:17:58.963+0000] {logging_mixin.py:190} INFO - [2026-06-19T17:17:58.963+0000] {dag.py:4180} INFO - Setting next_dagrun for dataset_s3_bucket_consumer to None, run_after=None
[2026-06-19T17:17:58.968+0000] {logging_mixin.py:190} INFO - [2026-06-19T17:17:58.968+0000] {dag.py:4180} INFO - Setting next_dagrun for dataset_s3_bucket_producer to None, run_after=None
[2026-06-19T17:17:59.018+0000] {processor.py:208} INFO - Processing /home/airflow/.local/lib/python3.12/site-packages/airflow/example_dags/example_dataset_alias.py took 1.459 seconds
