[2026-06-19T16:38:48.468+0000] {processor.py:186} INFO - Started process (PID=92) to work on /home/airflow/.local/lib/python3.12/site-packages/airflow/example_dags/example_dataset_alias_with_no_taskflow.py
[2026-06-19T16:38:48.478+0000] {processor.py:914} INFO - Processing file /home/airflow/.local/lib/python3.12/site-packages/airflow/example_dags/example_dataset_alias_with_no_taskflow.py for tasks to queue
[2026-06-19T16:38:48.486+0000] {logging_mixin.py:190} INFO - [2026-06-19T16:38:48.486+0000] {dagbag.py:588} INFO - Filling up the DagBag from /home/airflow/.local/lib/python3.12/site-packages/airflow/example_dags/example_dataset_alias_with_no_taskflow.py
[2026-06-19T16:38:49.776+0000] {processor.py:925} INFO - DAG(s) 'dataset_s3_bucket_producer_with_no_taskflow', 'dataset_alias_example_alias_producer_with_no_taskflow', 'dataset_s3_bucket_consumer_with_no_taskflow', 'dataset_alias_example_alias_consumer_with_no_taskflow' retrieved from /home/airflow/.local/lib/python3.12/site-packages/airflow/example_dags/example_dataset_alias_with_no_taskflow.py
[2026-06-19T16:38:49.835+0000] {logging_mixin.py:190} INFO - [2026-06-19T16:38:49.834+0000] {dag.py:3239} INFO - Sync 4 DAGs
[2026-06-19T16:38:49.894+0000] {logging_mixin.py:190} INFO - [2026-06-19T16:38:49.893+0000] {dag.py:4180} INFO - Setting next_dagrun for dataset_alias_example_alias_consumer_with_no_taskflow to None, run_after=None
[2026-06-19T16:38:49.907+0000] {logging_mixin.py:190} INFO - [2026-06-19T16:38:49.907+0000] {dag.py:4180} INFO - Setting next_dagrun for dataset_alias_example_alias_producer_with_no_taskflow to None, run_after=None
[2026-06-19T16:38:49.911+0000] {logging_mixin.py:190} INFO - [2026-06-19T16:38:49.910+0000] {dag.py:4180} INFO - Setting next_dagrun for dataset_s3_bucket_consumer_with_no_taskflow to None, run_after=None
[2026-06-19T16:38:49.913+0000] {logging_mixin.py:190} INFO - [2026-06-19T16:38:49.913+0000] {dag.py:4180} INFO - Setting next_dagrun for dataset_s3_bucket_producer_with_no_taskflow to None, run_after=None
[2026-06-19T16:38:49.969+0000] {processor.py:208} INFO - Processing /home/airflow/.local/lib/python3.12/site-packages/airflow/example_dags/example_dataset_alias_with_no_taskflow.py took 1.521 seconds
[2026-06-19T16:39:20.315+0000] {processor.py:186} INFO - Started process (PID=159) to work on /home/airflow/.local/lib/python3.12/site-packages/airflow/example_dags/example_dataset_alias_with_no_taskflow.py
[2026-06-19T16:39:20.321+0000] {processor.py:914} INFO - Processing file /home/airflow/.local/lib/python3.12/site-packages/airflow/example_dags/example_dataset_alias_with_no_taskflow.py for tasks to queue
[2026-06-19T16:39:20.330+0000] {logging_mixin.py:190} INFO - [2026-06-19T16:39:20.329+0000] {dagbag.py:588} INFO - Filling up the DagBag from /home/airflow/.local/lib/python3.12/site-packages/airflow/example_dags/example_dataset_alias_with_no_taskflow.py
[2026-06-19T16:39:22.563+0000] {processor.py:925} INFO - DAG(s) 'dataset_s3_bucket_consumer_with_no_taskflow', 'dataset_alias_example_alias_consumer_with_no_taskflow', 'dataset_s3_bucket_producer_with_no_taskflow', 'dataset_alias_example_alias_producer_with_no_taskflow' retrieved from /home/airflow/.local/lib/python3.12/site-packages/airflow/example_dags/example_dataset_alias_with_no_taskflow.py
[2026-06-19T16:39:22.643+0000] {logging_mixin.py:190} INFO - [2026-06-19T16:39:22.642+0000] {dag.py:3239} INFO - Sync 4 DAGs
[2026-06-19T16:39:22.735+0000] {logging_mixin.py:190} INFO - [2026-06-19T16:39:22.733+0000] {dag.py:4180} INFO - Setting next_dagrun for dataset_alias_example_alias_consumer_with_no_taskflow to None, run_after=None
[2026-06-19T16:39:22.743+0000] {logging_mixin.py:190} INFO - [2026-06-19T16:39:22.742+0000] {dag.py:4180} INFO - Setting next_dagrun for dataset_alias_example_alias_producer_with_no_taskflow to None, run_after=None
[2026-06-19T16:39:22.749+0000] {logging_mixin.py:190} INFO - [2026-06-19T16:39:22.749+0000] {dag.py:4180} INFO - Setting next_dagrun for dataset_s3_bucket_consumer_with_no_taskflow to None, run_after=None
[2026-06-19T16:39:22.755+0000] {logging_mixin.py:190} INFO - [2026-06-19T16:39:22.754+0000] {dag.py:4180} INFO - Setting next_dagrun for dataset_s3_bucket_producer_with_no_taskflow to None, run_after=None
[2026-06-19T16:39:22.817+0000] {processor.py:208} INFO - Processing /home/airflow/.local/lib/python3.12/site-packages/airflow/example_dags/example_dataset_alias_with_no_taskflow.py took 2.522 seconds
[2026-06-19T16:39:52.920+0000] {processor.py:186} INFO - Started process (PID=225) to work on /home/airflow/.local/lib/python3.12/site-packages/airflow/example_dags/example_dataset_alias_with_no_taskflow.py
[2026-06-19T16:39:52.925+0000] {processor.py:914} INFO - Processing file /home/airflow/.local/lib/python3.12/site-packages/airflow/example_dags/example_dataset_alias_with_no_taskflow.py for tasks to queue
[2026-06-19T16:39:52.934+0000] {logging_mixin.py:190} INFO - [2026-06-19T16:39:52.932+0000] {dagbag.py:588} INFO - Filling up the DagBag from /home/airflow/.local/lib/python3.12/site-packages/airflow/example_dags/example_dataset_alias_with_no_taskflow.py
[2026-06-19T16:39:54.599+0000] {processor.py:925} INFO - DAG(s) 'dataset_s3_bucket_consumer_with_no_taskflow', 'dataset_alias_example_alias_producer_with_no_taskflow', 'dataset_s3_bucket_producer_with_no_taskflow', 'dataset_alias_example_alias_consumer_with_no_taskflow' retrieved from /home/airflow/.local/lib/python3.12/site-packages/airflow/example_dags/example_dataset_alias_with_no_taskflow.py
[2026-06-19T16:39:54.669+0000] {logging_mixin.py:190} INFO - [2026-06-19T16:39:54.669+0000] {dag.py:3239} INFO - Sync 4 DAGs
[2026-06-19T16:39:54.725+0000] {logging_mixin.py:190} INFO - [2026-06-19T16:39:54.724+0000] {dag.py:4180} INFO - Setting next_dagrun for dataset_alias_example_alias_consumer_with_no_taskflow to None, run_after=None
[2026-06-19T16:39:54.732+0000] {logging_mixin.py:190} INFO - [2026-06-19T16:39:54.732+0000] {dag.py:4180} INFO - Setting next_dagrun for dataset_alias_example_alias_producer_with_no_taskflow to None, run_after=None
[2026-06-19T16:39:54.740+0000] {logging_mixin.py:190} INFO - [2026-06-19T16:39:54.740+0000] {dag.py:4180} INFO - Setting next_dagrun for dataset_s3_bucket_consumer_with_no_taskflow to None, run_after=None
[2026-06-19T16:39:54.746+0000] {logging_mixin.py:190} INFO - [2026-06-19T16:39:54.745+0000] {dag.py:4180} INFO - Setting next_dagrun for dataset_s3_bucket_producer_with_no_taskflow to None, run_after=None
[2026-06-19T16:39:54.795+0000] {processor.py:208} INFO - Processing /home/airflow/.local/lib/python3.12/site-packages/airflow/example_dags/example_dataset_alias_with_no_taskflow.py took 1.889 seconds
[2026-06-19T16:42:09.757+0000] {processor.py:186} INFO - Started process (PID=103) to work on /home/airflow/.local/lib/python3.12/site-packages/airflow/example_dags/example_dataset_alias_with_no_taskflow.py
[2026-06-19T16:42:09.765+0000] {processor.py:914} INFO - Processing file /home/airflow/.local/lib/python3.12/site-packages/airflow/example_dags/example_dataset_alias_with_no_taskflow.py for tasks to queue
[2026-06-19T16:42:09.790+0000] {logging_mixin.py:190} INFO - [2026-06-19T16:42:09.789+0000] {dagbag.py:588} INFO - Filling up the DagBag from /home/airflow/.local/lib/python3.12/site-packages/airflow/example_dags/example_dataset_alias_with_no_taskflow.py
[2026-06-19T16:42:13.094+0000] {processor.py:925} INFO - DAG(s) 'dataset_alias_example_alias_producer_with_no_taskflow', 'dataset_s3_bucket_producer_with_no_taskflow', 'dataset_alias_example_alias_consumer_with_no_taskflow', 'dataset_s3_bucket_consumer_with_no_taskflow' retrieved from /home/airflow/.local/lib/python3.12/site-packages/airflow/example_dags/example_dataset_alias_with_no_taskflow.py
[2026-06-19T16:42:13.201+0000] {logging_mixin.py:190} INFO - [2026-06-19T16:42:13.190+0000] {dag.py:3239} INFO - Sync 4 DAGs
[2026-06-19T16:42:13.324+0000] {logging_mixin.py:190} INFO - [2026-06-19T16:42:13.323+0000] {dag.py:4180} INFO - Setting next_dagrun for dataset_alias_example_alias_consumer_with_no_taskflow to None, run_after=None
[2026-06-19T16:42:13.346+0000] {logging_mixin.py:190} INFO - [2026-06-19T16:42:13.345+0000] {dag.py:4180} INFO - Setting next_dagrun for dataset_alias_example_alias_producer_with_no_taskflow to None, run_after=None
[2026-06-19T16:42:13.356+0000] {logging_mixin.py:190} INFO - [2026-06-19T16:42:13.354+0000] {dag.py:4180} INFO - Setting next_dagrun for dataset_s3_bucket_consumer_with_no_taskflow to None, run_after=None
[2026-06-19T16:42:13.367+0000] {logging_mixin.py:190} INFO - [2026-06-19T16:42:13.366+0000] {dag.py:4180} INFO - Setting next_dagrun for dataset_s3_bucket_producer_with_no_taskflow to None, run_after=None
[2026-06-19T16:42:13.474+0000] {processor.py:208} INFO - Processing /home/airflow/.local/lib/python3.12/site-packages/airflow/example_dags/example_dataset_alias_with_no_taskflow.py took 3.791 seconds
[2026-06-19T16:42:49.630+0000] {processor.py:186} INFO - Started process (PID=169) to work on /home/airflow/.local/lib/python3.12/site-packages/airflow/example_dags/example_dataset_alias_with_no_taskflow.py
[2026-06-19T16:42:49.655+0000] {processor.py:914} INFO - Processing file /home/airflow/.local/lib/python3.12/site-packages/airflow/example_dags/example_dataset_alias_with_no_taskflow.py for tasks to queue
[2026-06-19T16:42:49.674+0000] {logging_mixin.py:190} INFO - [2026-06-19T16:42:49.673+0000] {dagbag.py:588} INFO - Filling up the DagBag from /home/airflow/.local/lib/python3.12/site-packages/airflow/example_dags/example_dataset_alias_with_no_taskflow.py
[2026-06-19T16:42:58.084+0000] {processor.py:925} INFO - DAG(s) 'dataset_alias_example_alias_producer_with_no_taskflow', 'dataset_alias_example_alias_consumer_with_no_taskflow', 'dataset_s3_bucket_producer_with_no_taskflow', 'dataset_s3_bucket_consumer_with_no_taskflow' retrieved from /home/airflow/.local/lib/python3.12/site-packages/airflow/example_dags/example_dataset_alias_with_no_taskflow.py
[2026-06-19T16:42:58.304+0000] {logging_mixin.py:190} INFO - [2026-06-19T16:42:58.291+0000] {dag.py:3239} INFO - Sync 4 DAGs
[2026-06-19T16:42:58.509+0000] {logging_mixin.py:190} INFO - [2026-06-19T16:42:58.508+0000] {dag.py:4180} INFO - Setting next_dagrun for dataset_alias_example_alias_consumer_with_no_taskflow to None, run_after=None
[2026-06-19T16:42:58.544+0000] {logging_mixin.py:190} INFO - [2026-06-19T16:42:58.544+0000] {dag.py:4180} INFO - Setting next_dagrun for dataset_alias_example_alias_producer_with_no_taskflow to None, run_after=None
[2026-06-19T16:42:58.566+0000] {logging_mixin.py:190} INFO - [2026-06-19T16:42:58.566+0000] {dag.py:4180} INFO - Setting next_dagrun for dataset_s3_bucket_consumer_with_no_taskflow to None, run_after=None
[2026-06-19T16:42:58.583+0000] {logging_mixin.py:190} INFO - [2026-06-19T16:42:58.582+0000] {dag.py:4180} INFO - Setting next_dagrun for dataset_s3_bucket_producer_with_no_taskflow to None, run_after=None
[2026-06-19T16:42:58.908+0000] {processor.py:208} INFO - Processing /home/airflow/.local/lib/python3.12/site-packages/airflow/example_dags/example_dataset_alias_with_no_taskflow.py took 9.317 seconds
[2026-06-19T16:43:39.026+0000] {processor.py:186} INFO - Started process (PID=238) to work on /home/airflow/.local/lib/python3.12/site-packages/airflow/example_dags/example_dataset_alias_with_no_taskflow.py
[2026-06-19T16:43:39.045+0000] {processor.py:914} INFO - Processing file /home/airflow/.local/lib/python3.12/site-packages/airflow/example_dags/example_dataset_alias_with_no_taskflow.py for tasks to queue
[2026-06-19T16:43:39.066+0000] {logging_mixin.py:190} INFO - [2026-06-19T16:43:39.064+0000] {dagbag.py:588} INFO - Filling up the DagBag from /home/airflow/.local/lib/python3.12/site-packages/airflow/example_dags/example_dataset_alias_with_no_taskflow.py
[2026-06-19T16:43:42.383+0000] {processor.py:925} INFO - DAG(s) 'dataset_alias_example_alias_producer_with_no_taskflow', 'dataset_s3_bucket_producer_with_no_taskflow', 'dataset_s3_bucket_consumer_with_no_taskflow', 'dataset_alias_example_alias_consumer_with_no_taskflow' retrieved from /home/airflow/.local/lib/python3.12/site-packages/airflow/example_dags/example_dataset_alias_with_no_taskflow.py
[2026-06-19T16:43:42.499+0000] {logging_mixin.py:190} INFO - [2026-06-19T16:43:42.497+0000] {dag.py:3239} INFO - Sync 4 DAGs
[2026-06-19T16:43:42.645+0000] {logging_mixin.py:190} INFO - [2026-06-19T16:43:42.642+0000] {dag.py:4180} INFO - Setting next_dagrun for dataset_alias_example_alias_consumer_with_no_taskflow to None, run_after=None
[2026-06-19T16:43:42.659+0000] {logging_mixin.py:190} INFO - [2026-06-19T16:43:42.659+0000] {dag.py:4180} INFO - Setting next_dagrun for dataset_alias_example_alias_producer_with_no_taskflow to None, run_after=None
[2026-06-19T16:43:42.676+0000] {logging_mixin.py:190} INFO - [2026-06-19T16:43:42.675+0000] {dag.py:4180} INFO - Setting next_dagrun for dataset_s3_bucket_consumer_with_no_taskflow to None, run_after=None
[2026-06-19T16:43:42.694+0000] {logging_mixin.py:190} INFO - [2026-06-19T16:43:42.693+0000] {dag.py:4180} INFO - Setting next_dagrun for dataset_s3_bucket_producer_with_no_taskflow to None, run_after=None
[2026-06-19T16:43:42.791+0000] {processor.py:208} INFO - Processing /home/airflow/.local/lib/python3.12/site-packages/airflow/example_dags/example_dataset_alias_with_no_taskflow.py took 3.806 seconds
[2026-06-19T16:44:23.318+0000] {processor.py:186} INFO - Started process (PID=310) to work on /home/airflow/.local/lib/python3.12/site-packages/airflow/example_dags/example_dataset_alias_with_no_taskflow.py
[2026-06-19T16:44:23.322+0000] {processor.py:914} INFO - Processing file /home/airflow/.local/lib/python3.12/site-packages/airflow/example_dags/example_dataset_alias_with_no_taskflow.py for tasks to queue
[2026-06-19T16:44:23.330+0000] {logging_mixin.py:190} INFO - [2026-06-19T16:44:23.329+0000] {dagbag.py:588} INFO - Filling up the DagBag from /home/airflow/.local/lib/python3.12/site-packages/airflow/example_dags/example_dataset_alias_with_no_taskflow.py
[2026-06-19T16:44:26.307+0000] {processor.py:925} INFO - DAG(s) 'dataset_s3_bucket_consumer_with_no_taskflow', 'dataset_s3_bucket_producer_with_no_taskflow', 'dataset_alias_example_alias_consumer_with_no_taskflow', 'dataset_alias_example_alias_producer_with_no_taskflow' retrieved from /home/airflow/.local/lib/python3.12/site-packages/airflow/example_dags/example_dataset_alias_with_no_taskflow.py
[2026-06-19T16:44:26.469+0000] {logging_mixin.py:190} INFO - [2026-06-19T16:44:26.457+0000] {dag.py:3239} INFO - Sync 4 DAGs
[2026-06-19T16:44:26.597+0000] {logging_mixin.py:190} INFO - [2026-06-19T16:44:26.596+0000] {dag.py:4180} INFO - Setting next_dagrun for dataset_alias_example_alias_consumer_with_no_taskflow to None, run_after=None
[2026-06-19T16:44:26.615+0000] {logging_mixin.py:190} INFO - [2026-06-19T16:44:26.615+0000] {dag.py:4180} INFO - Setting next_dagrun for dataset_alias_example_alias_producer_with_no_taskflow to None, run_after=None
[2026-06-19T16:44:26.632+0000] {logging_mixin.py:190} INFO - [2026-06-19T16:44:26.631+0000] {dag.py:4180} INFO - Setting next_dagrun for dataset_s3_bucket_consumer_with_no_taskflow to None, run_after=None
[2026-06-19T16:44:26.639+0000] {logging_mixin.py:190} INFO - [2026-06-19T16:44:26.638+0000] {dag.py:4180} INFO - Setting next_dagrun for dataset_s3_bucket_producer_with_no_taskflow to None, run_after=None
[2026-06-19T16:44:26.757+0000] {processor.py:208} INFO - Processing /home/airflow/.local/lib/python3.12/site-packages/airflow/example_dags/example_dataset_alias_with_no_taskflow.py took 3.458 seconds
[2026-06-19T16:44:57.397+0000] {processor.py:186} INFO - Started process (PID=374) to work on /home/airflow/.local/lib/python3.12/site-packages/airflow/example_dags/example_dataset_alias_with_no_taskflow.py
[2026-06-19T16:44:57.400+0000] {processor.py:914} INFO - Processing file /home/airflow/.local/lib/python3.12/site-packages/airflow/example_dags/example_dataset_alias_with_no_taskflow.py for tasks to queue
[2026-06-19T16:44:57.407+0000] {logging_mixin.py:190} INFO - [2026-06-19T16:44:57.406+0000] {dagbag.py:588} INFO - Filling up the DagBag from /home/airflow/.local/lib/python3.12/site-packages/airflow/example_dags/example_dataset_alias_with_no_taskflow.py
[2026-06-19T16:44:59.189+0000] {processor.py:925} INFO - DAG(s) 'dataset_s3_bucket_producer_with_no_taskflow', 'dataset_alias_example_alias_consumer_with_no_taskflow', 'dataset_alias_example_alias_producer_with_no_taskflow', 'dataset_s3_bucket_consumer_with_no_taskflow' retrieved from /home/airflow/.local/lib/python3.12/site-packages/airflow/example_dags/example_dataset_alias_with_no_taskflow.py
[2026-06-19T16:44:59.261+0000] {logging_mixin.py:190} INFO - [2026-06-19T16:44:59.260+0000] {dag.py:3239} INFO - Sync 4 DAGs
[2026-06-19T16:44:59.340+0000] {logging_mixin.py:190} INFO - [2026-06-19T16:44:59.339+0000] {dag.py:4180} INFO - Setting next_dagrun for dataset_alias_example_alias_consumer_with_no_taskflow to None, run_after=None
[2026-06-19T16:44:59.347+0000] {logging_mixin.py:190} INFO - [2026-06-19T16:44:59.347+0000] {dag.py:4180} INFO - Setting next_dagrun for dataset_alias_example_alias_producer_with_no_taskflow to None, run_after=None
[2026-06-19T16:44:59.358+0000] {logging_mixin.py:190} INFO - [2026-06-19T16:44:59.358+0000] {dag.py:4180} INFO - Setting next_dagrun for dataset_s3_bucket_consumer_with_no_taskflow to None, run_after=None
[2026-06-19T16:44:59.365+0000] {logging_mixin.py:190} INFO - [2026-06-19T16:44:59.365+0000] {dag.py:4180} INFO - Setting next_dagrun for dataset_s3_bucket_producer_with_no_taskflow to None, run_after=None
[2026-06-19T16:44:59.459+0000] {processor.py:208} INFO - Processing /home/airflow/.local/lib/python3.12/site-packages/airflow/example_dags/example_dataset_alias_with_no_taskflow.py took 2.075 seconds
[2026-06-19T16:45:29.966+0000] {processor.py:186} INFO - Started process (PID=448) to work on /home/airflow/.local/lib/python3.12/site-packages/airflow/example_dags/example_dataset_alias_with_no_taskflow.py
[2026-06-19T16:45:29.971+0000] {processor.py:914} INFO - Processing file /home/airflow/.local/lib/python3.12/site-packages/airflow/example_dags/example_dataset_alias_with_no_taskflow.py for tasks to queue
[2026-06-19T16:45:29.993+0000] {logging_mixin.py:190} INFO - [2026-06-19T16:45:29.992+0000] {dagbag.py:588} INFO - Filling up the DagBag from /home/airflow/.local/lib/python3.12/site-packages/airflow/example_dags/example_dataset_alias_with_no_taskflow.py
[2026-06-19T16:45:32.663+0000] {processor.py:925} INFO - DAG(s) 'dataset_s3_bucket_producer_with_no_taskflow', 'dataset_alias_example_alias_producer_with_no_taskflow', 'dataset_alias_example_alias_consumer_with_no_taskflow', 'dataset_s3_bucket_consumer_with_no_taskflow' retrieved from /home/airflow/.local/lib/python3.12/site-packages/airflow/example_dags/example_dataset_alias_with_no_taskflow.py
[2026-06-19T16:45:32.786+0000] {logging_mixin.py:190} INFO - [2026-06-19T16:45:32.785+0000] {dag.py:3239} INFO - Sync 4 DAGs
[2026-06-19T16:45:32.943+0000] {logging_mixin.py:190} INFO - [2026-06-19T16:45:32.943+0000] {dag.py:4180} INFO - Setting next_dagrun for dataset_alias_example_alias_consumer_with_no_taskflow to None, run_after=None
[2026-06-19T16:45:32.955+0000] {logging_mixin.py:190} INFO - [2026-06-19T16:45:32.954+0000] {dag.py:4180} INFO - Setting next_dagrun for dataset_alias_example_alias_producer_with_no_taskflow to None, run_after=None
[2026-06-19T16:45:32.976+0000] {logging_mixin.py:190} INFO - [2026-06-19T16:45:32.975+0000] {dag.py:4180} INFO - Setting next_dagrun for dataset_s3_bucket_consumer_with_no_taskflow to None, run_after=None
[2026-06-19T16:45:32.983+0000] {logging_mixin.py:190} INFO - [2026-06-19T16:45:32.982+0000] {dag.py:4180} INFO - Setting next_dagrun for dataset_s3_bucket_producer_with_no_taskflow to None, run_after=None
[2026-06-19T16:45:33.107+0000] {processor.py:208} INFO - Processing /home/airflow/.local/lib/python3.12/site-packages/airflow/example_dags/example_dataset_alias_with_no_taskflow.py took 3.164 seconds
[2026-06-19T16:46:03.390+0000] {processor.py:186} INFO - Started process (PID=518) to work on /home/airflow/.local/lib/python3.12/site-packages/airflow/example_dags/example_dataset_alias_with_no_taskflow.py
[2026-06-19T16:46:03.393+0000] {processor.py:914} INFO - Processing file /home/airflow/.local/lib/python3.12/site-packages/airflow/example_dags/example_dataset_alias_with_no_taskflow.py for tasks to queue
[2026-06-19T16:46:03.401+0000] {logging_mixin.py:190} INFO - [2026-06-19T16:46:03.400+0000] {dagbag.py:588} INFO - Filling up the DagBag from /home/airflow/.local/lib/python3.12/site-packages/airflow/example_dags/example_dataset_alias_with_no_taskflow.py
[2026-06-19T16:46:05.035+0000] {processor.py:925} INFO - DAG(s) 'dataset_alias_example_alias_consumer_with_no_taskflow', 'dataset_s3_bucket_consumer_with_no_taskflow', 'dataset_s3_bucket_producer_with_no_taskflow', 'dataset_alias_example_alias_producer_with_no_taskflow' retrieved from /home/airflow/.local/lib/python3.12/site-packages/airflow/example_dags/example_dataset_alias_with_no_taskflow.py
[2026-06-19T16:46:05.096+0000] {logging_mixin.py:190} INFO - [2026-06-19T16:46:05.095+0000] {dag.py:3239} INFO - Sync 4 DAGs
[2026-06-19T16:46:05.155+0000] {logging_mixin.py:190} INFO - [2026-06-19T16:46:05.153+0000] {dag.py:4180} INFO - Setting next_dagrun for dataset_alias_example_alias_consumer_with_no_taskflow to None, run_after=None
[2026-06-19T16:46:05.165+0000] {logging_mixin.py:190} INFO - [2026-06-19T16:46:05.164+0000] {dag.py:4180} INFO - Setting next_dagrun for dataset_alias_example_alias_producer_with_no_taskflow to None, run_after=None
[2026-06-19T16:46:05.170+0000] {logging_mixin.py:190} INFO - [2026-06-19T16:46:05.170+0000] {dag.py:4180} INFO - Setting next_dagrun for dataset_s3_bucket_consumer_with_no_taskflow to None, run_after=None
[2026-06-19T16:46:05.176+0000] {logging_mixin.py:190} INFO - [2026-06-19T16:46:05.175+0000] {dag.py:4180} INFO - Setting next_dagrun for dataset_s3_bucket_producer_with_no_taskflow to None, run_after=None
[2026-06-19T16:46:05.239+0000] {processor.py:208} INFO - Processing /home/airflow/.local/lib/python3.12/site-packages/airflow/example_dags/example_dataset_alias_with_no_taskflow.py took 1.861 seconds
[2026-06-19T16:46:36.634+0000] {processor.py:186} INFO - Started process (PID=585) to work on /home/airflow/.local/lib/python3.12/site-packages/airflow/example_dags/example_dataset_alias_with_no_taskflow.py
[2026-06-19T16:46:36.640+0000] {processor.py:914} INFO - Processing file /home/airflow/.local/lib/python3.12/site-packages/airflow/example_dags/example_dataset_alias_with_no_taskflow.py for tasks to queue
[2026-06-19T16:46:36.651+0000] {logging_mixin.py:190} INFO - [2026-06-19T16:46:36.649+0000] {dagbag.py:588} INFO - Filling up the DagBag from /home/airflow/.local/lib/python3.12/site-packages/airflow/example_dags/example_dataset_alias_with_no_taskflow.py
[2026-06-19T16:46:40.329+0000] {processor.py:925} INFO - DAG(s) 'dataset_alias_example_alias_consumer_with_no_taskflow', 'dataset_s3_bucket_producer_with_no_taskflow', 'dataset_s3_bucket_consumer_with_no_taskflow', 'dataset_alias_example_alias_producer_with_no_taskflow' retrieved from /home/airflow/.local/lib/python3.12/site-packages/airflow/example_dags/example_dataset_alias_with_no_taskflow.py
[2026-06-19T16:46:40.416+0000] {logging_mixin.py:190} INFO - [2026-06-19T16:46:40.413+0000] {dag.py:3239} INFO - Sync 4 DAGs
[2026-06-19T16:46:40.487+0000] {logging_mixin.py:190} INFO - [2026-06-19T16:46:40.486+0000] {dag.py:4180} INFO - Setting next_dagrun for dataset_alias_example_alias_consumer_with_no_taskflow to None, run_after=None
[2026-06-19T16:46:40.499+0000] {logging_mixin.py:190} INFO - [2026-06-19T16:46:40.498+0000] {dag.py:4180} INFO - Setting next_dagrun for dataset_alias_example_alias_producer_with_no_taskflow to None, run_after=None
[2026-06-19T16:46:40.505+0000] {logging_mixin.py:190} INFO - [2026-06-19T16:46:40.505+0000] {dag.py:4180} INFO - Setting next_dagrun for dataset_s3_bucket_consumer_with_no_taskflow to None, run_after=None
[2026-06-19T16:46:40.511+0000] {logging_mixin.py:190} INFO - [2026-06-19T16:46:40.510+0000] {dag.py:4180} INFO - Setting next_dagrun for dataset_s3_bucket_producer_with_no_taskflow to None, run_after=None
[2026-06-19T16:46:40.624+0000] {processor.py:208} INFO - Processing /home/airflow/.local/lib/python3.12/site-packages/airflow/example_dags/example_dataset_alias_with_no_taskflow.py took 4.015 seconds
[2026-06-19T16:47:10.915+0000] {processor.py:186} INFO - Started process (PID=652) to work on /home/airflow/.local/lib/python3.12/site-packages/airflow/example_dags/example_dataset_alias_with_no_taskflow.py
[2026-06-19T16:47:10.918+0000] {processor.py:914} INFO - Processing file /home/airflow/.local/lib/python3.12/site-packages/airflow/example_dags/example_dataset_alias_with_no_taskflow.py for tasks to queue
[2026-06-19T16:47:10.924+0000] {logging_mixin.py:190} INFO - [2026-06-19T16:47:10.924+0000] {dagbag.py:588} INFO - Filling up the DagBag from /home/airflow/.local/lib/python3.12/site-packages/airflow/example_dags/example_dataset_alias_with_no_taskflow.py
[2026-06-19T16:47:12.262+0000] {processor.py:925} INFO - DAG(s) 'dataset_alias_example_alias_producer_with_no_taskflow', 'dataset_alias_example_alias_consumer_with_no_taskflow', 'dataset_s3_bucket_producer_with_no_taskflow', 'dataset_s3_bucket_consumer_with_no_taskflow' retrieved from /home/airflow/.local/lib/python3.12/site-packages/airflow/example_dags/example_dataset_alias_with_no_taskflow.py
[2026-06-19T16:47:12.319+0000] {logging_mixin.py:190} INFO - [2026-06-19T16:47:12.318+0000] {dag.py:3239} INFO - Sync 4 DAGs
[2026-06-19T16:47:12.376+0000] {logging_mixin.py:190} INFO - [2026-06-19T16:47:12.375+0000] {dag.py:4180} INFO - Setting next_dagrun for dataset_alias_example_alias_consumer_with_no_taskflow to None, run_after=None
[2026-06-19T16:47:12.387+0000] {logging_mixin.py:190} INFO - [2026-06-19T16:47:12.386+0000] {dag.py:4180} INFO - Setting next_dagrun for dataset_alias_example_alias_producer_with_no_taskflow to None, run_after=None
[2026-06-19T16:47:12.392+0000] {logging_mixin.py:190} INFO - [2026-06-19T16:47:12.392+0000] {dag.py:4180} INFO - Setting next_dagrun for dataset_s3_bucket_consumer_with_no_taskflow to None, run_after=None
[2026-06-19T16:47:12.403+0000] {logging_mixin.py:190} INFO - [2026-06-19T16:47:12.403+0000] {dag.py:4180} INFO - Setting next_dagrun for dataset_s3_bucket_producer_with_no_taskflow to None, run_after=None
[2026-06-19T16:47:12.463+0000] {processor.py:208} INFO - Processing /home/airflow/.local/lib/python3.12/site-packages/airflow/example_dags/example_dataset_alias_with_no_taskflow.py took 1.564 seconds
[2026-06-19T16:47:43.184+0000] {processor.py:186} INFO - Started process (PID=718) to work on /home/airflow/.local/lib/python3.12/site-packages/airflow/example_dags/example_dataset_alias_with_no_taskflow.py
[2026-06-19T16:47:43.188+0000] {processor.py:914} INFO - Processing file /home/airflow/.local/lib/python3.12/site-packages/airflow/example_dags/example_dataset_alias_with_no_taskflow.py for tasks to queue
[2026-06-19T16:47:43.193+0000] {logging_mixin.py:190} INFO - [2026-06-19T16:47:43.192+0000] {dagbag.py:588} INFO - Filling up the DagBag from /home/airflow/.local/lib/python3.12/site-packages/airflow/example_dags/example_dataset_alias_with_no_taskflow.py
[2026-06-19T16:47:45.352+0000] {processor.py:925} INFO - DAG(s) 'dataset_s3_bucket_producer_with_no_taskflow', 'dataset_s3_bucket_consumer_with_no_taskflow', 'dataset_alias_example_alias_producer_with_no_taskflow', 'dataset_alias_example_alias_consumer_with_no_taskflow' retrieved from /home/airflow/.local/lib/python3.12/site-packages/airflow/example_dags/example_dataset_alias_with_no_taskflow.py
[2026-06-19T16:47:45.440+0000] {logging_mixin.py:190} INFO - [2026-06-19T16:47:45.438+0000] {dag.py:3239} INFO - Sync 4 DAGs
[2026-06-19T16:47:45.537+0000] {logging_mixin.py:190} INFO - [2026-06-19T16:47:45.535+0000] {dag.py:4180} INFO - Setting next_dagrun for dataset_alias_example_alias_consumer_with_no_taskflow to None, run_after=None
[2026-06-19T16:47:45.549+0000] {logging_mixin.py:190} INFO - [2026-06-19T16:47:45.548+0000] {dag.py:4180} INFO - Setting next_dagrun for dataset_alias_example_alias_producer_with_no_taskflow to None, run_after=None
[2026-06-19T16:47:45.557+0000] {logging_mixin.py:190} INFO - [2026-06-19T16:47:45.556+0000] {dag.py:4180} INFO - Setting next_dagrun for dataset_s3_bucket_consumer_with_no_taskflow to None, run_after=None
[2026-06-19T16:47:45.563+0000] {logging_mixin.py:190} INFO - [2026-06-19T16:47:45.562+0000] {dag.py:4180} INFO - Setting next_dagrun for dataset_s3_bucket_producer_with_no_taskflow to None, run_after=None
[2026-06-19T16:47:45.647+0000] {processor.py:208} INFO - Processing /home/airflow/.local/lib/python3.12/site-packages/airflow/example_dags/example_dataset_alias_with_no_taskflow.py took 2.473 seconds
[2026-06-19T16:48:16.319+0000] {processor.py:186} INFO - Started process (PID=786) to work on /home/airflow/.local/lib/python3.12/site-packages/airflow/example_dags/example_dataset_alias_with_no_taskflow.py
[2026-06-19T16:48:16.324+0000] {processor.py:914} INFO - Processing file /home/airflow/.local/lib/python3.12/site-packages/airflow/example_dags/example_dataset_alias_with_no_taskflow.py for tasks to queue
[2026-06-19T16:48:16.333+0000] {logging_mixin.py:190} INFO - [2026-06-19T16:48:16.332+0000] {dagbag.py:588} INFO - Filling up the DagBag from /home/airflow/.local/lib/python3.12/site-packages/airflow/example_dags/example_dataset_alias_with_no_taskflow.py
[2026-06-19T16:48:18.614+0000] {processor.py:925} INFO - DAG(s) 'dataset_alias_example_alias_consumer_with_no_taskflow', 'dataset_alias_example_alias_producer_with_no_taskflow', 'dataset_s3_bucket_producer_with_no_taskflow', 'dataset_s3_bucket_consumer_with_no_taskflow' retrieved from /home/airflow/.local/lib/python3.12/site-packages/airflow/example_dags/example_dataset_alias_with_no_taskflow.py
[2026-06-19T16:48:18.700+0000] {logging_mixin.py:190} INFO - [2026-06-19T16:48:18.688+0000] {dag.py:3239} INFO - Sync 4 DAGs
[2026-06-19T16:48:18.828+0000] {logging_mixin.py:190} INFO - [2026-06-19T16:48:18.827+0000] {dag.py:4180} INFO - Setting next_dagrun for dataset_alias_example_alias_consumer_with_no_taskflow to None, run_after=None
[2026-06-19T16:48:18.846+0000] {logging_mixin.py:190} INFO - [2026-06-19T16:48:18.845+0000] {dag.py:4180} INFO - Setting next_dagrun for dataset_alias_example_alias_producer_with_no_taskflow to None, run_after=None
[2026-06-19T16:48:18.858+0000] {logging_mixin.py:190} INFO - [2026-06-19T16:48:18.858+0000] {dag.py:4180} INFO - Setting next_dagrun for dataset_s3_bucket_consumer_with_no_taskflow to None, run_after=None
[2026-06-19T16:48:18.869+0000] {logging_mixin.py:190} INFO - [2026-06-19T16:48:18.869+0000] {dag.py:4180} INFO - Setting next_dagrun for dataset_s3_bucket_producer_with_no_taskflow to None, run_after=None
[2026-06-19T16:48:18.942+0000] {processor.py:208} INFO - Processing /home/airflow/.local/lib/python3.12/site-packages/airflow/example_dags/example_dataset_alias_with_no_taskflow.py took 2.640 seconds
[2026-06-19T16:48:49.128+0000] {processor.py:186} INFO - Started process (PID=855) to work on /home/airflow/.local/lib/python3.12/site-packages/airflow/example_dags/example_dataset_alias_with_no_taskflow.py
[2026-06-19T16:48:49.134+0000] {processor.py:914} INFO - Processing file /home/airflow/.local/lib/python3.12/site-packages/airflow/example_dags/example_dataset_alias_with_no_taskflow.py for tasks to queue
[2026-06-19T16:48:49.147+0000] {logging_mixin.py:190} INFO - [2026-06-19T16:48:49.144+0000] {dagbag.py:588} INFO - Filling up the DagBag from /home/airflow/.local/lib/python3.12/site-packages/airflow/example_dags/example_dataset_alias_with_no_taskflow.py
[2026-06-19T16:48:52.651+0000] {processor.py:925} INFO - DAG(s) 'dataset_alias_example_alias_consumer_with_no_taskflow', 'dataset_alias_example_alias_producer_with_no_taskflow', 'dataset_s3_bucket_producer_with_no_taskflow', 'dataset_s3_bucket_consumer_with_no_taskflow' retrieved from /home/airflow/.local/lib/python3.12/site-packages/airflow/example_dags/example_dataset_alias_with_no_taskflow.py
[2026-06-19T16:48:52.775+0000] {logging_mixin.py:190} INFO - [2026-06-19T16:48:52.773+0000] {dag.py:3239} INFO - Sync 4 DAGs
[2026-06-19T16:48:52.857+0000] {logging_mixin.py:190} INFO - [2026-06-19T16:48:52.857+0000] {dag.py:4180} INFO - Setting next_dagrun for dataset_alias_example_alias_consumer_with_no_taskflow to None, run_after=None
[2026-06-19T16:48:52.872+0000] {logging_mixin.py:190} INFO - [2026-06-19T16:48:52.872+0000] {dag.py:4180} INFO - Setting next_dagrun for dataset_alias_example_alias_producer_with_no_taskflow to None, run_after=None
[2026-06-19T16:48:52.884+0000] {logging_mixin.py:190} INFO - [2026-06-19T16:48:52.883+0000] {dag.py:4180} INFO - Setting next_dagrun for dataset_s3_bucket_consumer_with_no_taskflow to None, run_after=None
[2026-06-19T16:48:52.891+0000] {logging_mixin.py:190} INFO - [2026-06-19T16:48:52.891+0000] {dag.py:4180} INFO - Setting next_dagrun for dataset_s3_bucket_producer_with_no_taskflow to None, run_after=None
[2026-06-19T16:48:53.029+0000] {processor.py:208} INFO - Processing /home/airflow/.local/lib/python3.12/site-packages/airflow/example_dags/example_dataset_alias_with_no_taskflow.py took 3.925 seconds
[2026-06-19T16:49:23.436+0000] {processor.py:186} INFO - Started process (PID=925) to work on /home/airflow/.local/lib/python3.12/site-packages/airflow/example_dags/example_dataset_alias_with_no_taskflow.py
[2026-06-19T16:49:23.443+0000] {processor.py:914} INFO - Processing file /home/airflow/.local/lib/python3.12/site-packages/airflow/example_dags/example_dataset_alias_with_no_taskflow.py for tasks to queue
[2026-06-19T16:49:23.456+0000] {logging_mixin.py:190} INFO - [2026-06-19T16:49:23.455+0000] {dagbag.py:588} INFO - Filling up the DagBag from /home/airflow/.local/lib/python3.12/site-packages/airflow/example_dags/example_dataset_alias_with_no_taskflow.py
[2026-06-19T16:49:24.852+0000] {processor.py:925} INFO - DAG(s) 'dataset_alias_example_alias_consumer_with_no_taskflow', 'dataset_s3_bucket_producer_with_no_taskflow', 'dataset_s3_bucket_consumer_with_no_taskflow', 'dataset_alias_example_alias_producer_with_no_taskflow' retrieved from /home/airflow/.local/lib/python3.12/site-packages/airflow/example_dags/example_dataset_alias_with_no_taskflow.py
[2026-06-19T16:49:24.949+0000] {logging_mixin.py:190} INFO - [2026-06-19T16:49:24.947+0000] {dag.py:3239} INFO - Sync 4 DAGs
[2026-06-19T16:49:25.099+0000] {logging_mixin.py:190} INFO - [2026-06-19T16:49:25.099+0000] {dag.py:4180} INFO - Setting next_dagrun for dataset_alias_example_alias_consumer_with_no_taskflow to None, run_after=None
[2026-06-19T16:49:25.107+0000] {logging_mixin.py:190} INFO - [2026-06-19T16:49:25.106+0000] {dag.py:4180} INFO - Setting next_dagrun for dataset_alias_example_alias_producer_with_no_taskflow to None, run_after=None
[2026-06-19T16:49:25.115+0000] {logging_mixin.py:190} INFO - [2026-06-19T16:49:25.113+0000] {dag.py:4180} INFO - Setting next_dagrun for dataset_s3_bucket_consumer_with_no_taskflow to None, run_after=None
[2026-06-19T16:49:25.120+0000] {logging_mixin.py:190} INFO - [2026-06-19T16:49:25.119+0000] {dag.py:4180} INFO - Setting next_dagrun for dataset_s3_bucket_producer_with_no_taskflow to None, run_after=None
[2026-06-19T16:49:25.169+0000] {processor.py:208} INFO - Processing /home/airflow/.local/lib/python3.12/site-packages/airflow/example_dags/example_dataset_alias_with_no_taskflow.py took 1.756 seconds
[2026-06-19T16:49:57.741+0000] {processor.py:186} INFO - Started process (PID=993) to work on /home/airflow/.local/lib/python3.12/site-packages/airflow/example_dags/example_dataset_alias_with_no_taskflow.py
[2026-06-19T16:49:57.754+0000] {processor.py:914} INFO - Processing file /home/airflow/.local/lib/python3.12/site-packages/airflow/example_dags/example_dataset_alias_with_no_taskflow.py for tasks to queue
[2026-06-19T16:49:57.773+0000] {logging_mixin.py:190} INFO - [2026-06-19T16:49:57.766+0000] {dagbag.py:588} INFO - Filling up the DagBag from /home/airflow/.local/lib/python3.12/site-packages/airflow/example_dags/example_dataset_alias_with_no_taskflow.py
[2026-06-19T16:49:59.614+0000] {processor.py:925} INFO - DAG(s) 'dataset_alias_example_alias_producer_with_no_taskflow', 'dataset_alias_example_alias_consumer_with_no_taskflow', 'dataset_s3_bucket_consumer_with_no_taskflow', 'dataset_s3_bucket_producer_with_no_taskflow' retrieved from /home/airflow/.local/lib/python3.12/site-packages/airflow/example_dags/example_dataset_alias_with_no_taskflow.py
[2026-06-19T16:49:59.670+0000] {logging_mixin.py:190} INFO - [2026-06-19T16:49:59.668+0000] {dag.py:3239} INFO - Sync 4 DAGs
[2026-06-19T16:49:59.736+0000] {logging_mixin.py:190} INFO - [2026-06-19T16:49:59.736+0000] {dag.py:4180} INFO - Setting next_dagrun for dataset_alias_example_alias_consumer_with_no_taskflow to None, run_after=None
[2026-06-19T16:49:59.745+0000] {logging_mixin.py:190} INFO - [2026-06-19T16:49:59.744+0000] {dag.py:4180} INFO - Setting next_dagrun for dataset_alias_example_alias_producer_with_no_taskflow to None, run_after=None
[2026-06-19T16:49:59.751+0000] {logging_mixin.py:190} INFO - [2026-06-19T16:49:59.751+0000] {dag.py:4180} INFO - Setting next_dagrun for dataset_s3_bucket_consumer_with_no_taskflow to None, run_after=None
[2026-06-19T16:49:59.755+0000] {logging_mixin.py:190} INFO - [2026-06-19T16:49:59.755+0000] {dag.py:4180} INFO - Setting next_dagrun for dataset_s3_bucket_producer_with_no_taskflow to None, run_after=None
[2026-06-19T16:49:59.819+0000] {processor.py:208} INFO - Processing /home/airflow/.local/lib/python3.12/site-packages/airflow/example_dags/example_dataset_alias_with_no_taskflow.py took 2.118 seconds
[2026-06-19T16:50:30.594+0000] {processor.py:186} INFO - Started process (PID=1070) to work on /home/airflow/.local/lib/python3.12/site-packages/airflow/example_dags/example_dataset_alias_with_no_taskflow.py
[2026-06-19T16:50:30.598+0000] {processor.py:914} INFO - Processing file /home/airflow/.local/lib/python3.12/site-packages/airflow/example_dags/example_dataset_alias_with_no_taskflow.py for tasks to queue
[2026-06-19T16:50:30.607+0000] {logging_mixin.py:190} INFO - [2026-06-19T16:50:30.606+0000] {dagbag.py:588} INFO - Filling up the DagBag from /home/airflow/.local/lib/python3.12/site-packages/airflow/example_dags/example_dataset_alias_with_no_taskflow.py
[2026-06-19T16:50:33.212+0000] {processor.py:925} INFO - DAG(s) 'dataset_s3_bucket_consumer_with_no_taskflow', 'dataset_alias_example_alias_consumer_with_no_taskflow', 'dataset_alias_example_alias_producer_with_no_taskflow', 'dataset_s3_bucket_producer_with_no_taskflow' retrieved from /home/airflow/.local/lib/python3.12/site-packages/airflow/example_dags/example_dataset_alias_with_no_taskflow.py
[2026-06-19T16:50:33.359+0000] {logging_mixin.py:190} INFO - [2026-06-19T16:50:33.350+0000] {dag.py:3239} INFO - Sync 4 DAGs
[2026-06-19T16:50:33.482+0000] {logging_mixin.py:190} INFO - [2026-06-19T16:50:33.481+0000] {dag.py:4180} INFO - Setting next_dagrun for dataset_alias_example_alias_consumer_with_no_taskflow to None, run_after=None
[2026-06-19T16:50:33.500+0000] {logging_mixin.py:190} INFO - [2026-06-19T16:50:33.499+0000] {dag.py:4180} INFO - Setting next_dagrun for dataset_alias_example_alias_producer_with_no_taskflow to None, run_after=None
[2026-06-19T16:50:33.511+0000] {logging_mixin.py:190} INFO - [2026-06-19T16:50:33.510+0000] {dag.py:4180} INFO - Setting next_dagrun for dataset_s3_bucket_consumer_with_no_taskflow to None, run_after=None
[2026-06-19T16:50:33.524+0000] {logging_mixin.py:190} INFO - [2026-06-19T16:50:33.524+0000] {dag.py:4180} INFO - Setting next_dagrun for dataset_s3_bucket_producer_with_no_taskflow to None, run_after=None
[2026-06-19T16:50:33.641+0000] {processor.py:208} INFO - Processing /home/airflow/.local/lib/python3.12/site-packages/airflow/example_dags/example_dataset_alias_with_no_taskflow.py took 3.073 seconds
[2026-06-19T16:51:04.930+0000] {processor.py:186} INFO - Started process (PID=1140) to work on /home/airflow/.local/lib/python3.12/site-packages/airflow/example_dags/example_dataset_alias_with_no_taskflow.py
[2026-06-19T16:51:04.940+0000] {processor.py:914} INFO - Processing file /home/airflow/.local/lib/python3.12/site-packages/airflow/example_dags/example_dataset_alias_with_no_taskflow.py for tasks to queue
[2026-06-19T16:51:04.952+0000] {logging_mixin.py:190} INFO - [2026-06-19T16:51:04.950+0000] {dagbag.py:588} INFO - Filling up the DagBag from /home/airflow/.local/lib/python3.12/site-packages/airflow/example_dags/example_dataset_alias_with_no_taskflow.py
[2026-06-19T16:51:07.199+0000] {processor.py:925} INFO - DAG(s) 'dataset_alias_example_alias_producer_with_no_taskflow', 'dataset_s3_bucket_consumer_with_no_taskflow', 'dataset_alias_example_alias_consumer_with_no_taskflow', 'dataset_s3_bucket_producer_with_no_taskflow' retrieved from /home/airflow/.local/lib/python3.12/site-packages/airflow/example_dags/example_dataset_alias_with_no_taskflow.py
[2026-06-19T16:51:07.286+0000] {logging_mixin.py:190} INFO - [2026-06-19T16:51:07.284+0000] {dag.py:3239} INFO - Sync 4 DAGs
[2026-06-19T16:51:07.352+0000] {logging_mixin.py:190} INFO - [2026-06-19T16:51:07.351+0000] {dag.py:4180} INFO - Setting next_dagrun for dataset_alias_example_alias_consumer_with_no_taskflow to None, run_after=None
[2026-06-19T16:51:07.361+0000] {logging_mixin.py:190} INFO - [2026-06-19T16:51:07.361+0000] {dag.py:4180} INFO - Setting next_dagrun for dataset_alias_example_alias_producer_with_no_taskflow to None, run_after=None
[2026-06-19T16:51:07.372+0000] {logging_mixin.py:190} INFO - [2026-06-19T16:51:07.371+0000] {dag.py:4180} INFO - Setting next_dagrun for dataset_s3_bucket_consumer_with_no_taskflow to None, run_after=None
[2026-06-19T16:51:07.379+0000] {logging_mixin.py:190} INFO - [2026-06-19T16:51:07.378+0000] {dag.py:4180} INFO - Setting next_dagrun for dataset_s3_bucket_producer_with_no_taskflow to None, run_after=None
[2026-06-19T16:51:07.435+0000] {processor.py:208} INFO - Processing /home/airflow/.local/lib/python3.12/site-packages/airflow/example_dags/example_dataset_alias_with_no_taskflow.py took 2.532 seconds
[2026-06-19T16:51:37.790+0000] {processor.py:186} INFO - Started process (PID=1206) to work on /home/airflow/.local/lib/python3.12/site-packages/airflow/example_dags/example_dataset_alias_with_no_taskflow.py
[2026-06-19T16:51:37.793+0000] {processor.py:914} INFO - Processing file /home/airflow/.local/lib/python3.12/site-packages/airflow/example_dags/example_dataset_alias_with_no_taskflow.py for tasks to queue
[2026-06-19T16:51:37.800+0000] {logging_mixin.py:190} INFO - [2026-06-19T16:51:37.799+0000] {dagbag.py:588} INFO - Filling up the DagBag from /home/airflow/.local/lib/python3.12/site-packages/airflow/example_dags/example_dataset_alias_with_no_taskflow.py
[2026-06-19T16:51:38.995+0000] {processor.py:925} INFO - DAG(s) 'dataset_alias_example_alias_producer_with_no_taskflow', 'dataset_alias_example_alias_consumer_with_no_taskflow', 'dataset_s3_bucket_producer_with_no_taskflow', 'dataset_s3_bucket_consumer_with_no_taskflow' retrieved from /home/airflow/.local/lib/python3.12/site-packages/airflow/example_dags/example_dataset_alias_with_no_taskflow.py
[2026-06-19T16:51:39.048+0000] {logging_mixin.py:190} INFO - [2026-06-19T16:51:39.047+0000] {dag.py:3239} INFO - Sync 4 DAGs
[2026-06-19T16:51:39.089+0000] {logging_mixin.py:190} INFO - [2026-06-19T16:51:39.089+0000] {dag.py:4180} INFO - Setting next_dagrun for dataset_alias_example_alias_consumer_with_no_taskflow to None, run_after=None
[2026-06-19T16:51:39.096+0000] {logging_mixin.py:190} INFO - [2026-06-19T16:51:39.095+0000] {dag.py:4180} INFO - Setting next_dagrun for dataset_alias_example_alias_producer_with_no_taskflow to None, run_after=None
[2026-06-19T16:51:39.100+0000] {logging_mixin.py:190} INFO - [2026-06-19T16:51:39.099+0000] {dag.py:4180} INFO - Setting next_dagrun for dataset_s3_bucket_consumer_with_no_taskflow to None, run_after=None
[2026-06-19T16:51:39.103+0000] {logging_mixin.py:190} INFO - [2026-06-19T16:51:39.103+0000] {dag.py:4180} INFO - Setting next_dagrun for dataset_s3_bucket_producer_with_no_taskflow to None, run_after=None
[2026-06-19T16:51:39.149+0000] {processor.py:208} INFO - Processing /home/airflow/.local/lib/python3.12/site-packages/airflow/example_dags/example_dataset_alias_with_no_taskflow.py took 1.371 seconds
[2026-06-19T16:52:09.560+0000] {processor.py:186} INFO - Started process (PID=1271) to work on /home/airflow/.local/lib/python3.12/site-packages/airflow/example_dags/example_dataset_alias_with_no_taskflow.py
[2026-06-19T16:52:09.566+0000] {processor.py:914} INFO - Processing file /home/airflow/.local/lib/python3.12/site-packages/airflow/example_dags/example_dataset_alias_with_no_taskflow.py for tasks to queue
[2026-06-19T16:52:09.575+0000] {logging_mixin.py:190} INFO - [2026-06-19T16:52:09.574+0000] {dagbag.py:588} INFO - Filling up the DagBag from /home/airflow/.local/lib/python3.12/site-packages/airflow/example_dags/example_dataset_alias_with_no_taskflow.py
[2026-06-19T16:52:11.264+0000] {processor.py:925} INFO - DAG(s) 'dataset_alias_example_alias_consumer_with_no_taskflow', 'dataset_s3_bucket_producer_with_no_taskflow', 'dataset_s3_bucket_consumer_with_no_taskflow', 'dataset_alias_example_alias_producer_with_no_taskflow' retrieved from /home/airflow/.local/lib/python3.12/site-packages/airflow/example_dags/example_dataset_alias_with_no_taskflow.py
[2026-06-19T16:52:11.363+0000] {logging_mixin.py:190} INFO - [2026-06-19T16:52:11.362+0000] {dag.py:3239} INFO - Sync 4 DAGs
[2026-06-19T16:52:11.456+0000] {logging_mixin.py:190} INFO - [2026-06-19T16:52:11.455+0000] {dag.py:4180} INFO - Setting next_dagrun for dataset_alias_example_alias_consumer_with_no_taskflow to None, run_after=None
[2026-06-19T16:52:11.467+0000] {logging_mixin.py:190} INFO - [2026-06-19T16:52:11.466+0000] {dag.py:4180} INFO - Setting next_dagrun for dataset_alias_example_alias_producer_with_no_taskflow to None, run_after=None
[2026-06-19T16:52:11.479+0000] {logging_mixin.py:190} INFO - [2026-06-19T16:52:11.478+0000] {dag.py:4180} INFO - Setting next_dagrun for dataset_s3_bucket_consumer_with_no_taskflow to None, run_after=None
[2026-06-19T16:52:11.486+0000] {logging_mixin.py:190} INFO - [2026-06-19T16:52:11.486+0000] {dag.py:4180} INFO - Setting next_dagrun for dataset_s3_bucket_producer_with_no_taskflow to None, run_after=None
[2026-06-19T16:52:11.573+0000] {processor.py:208} INFO - Processing /home/airflow/.local/lib/python3.12/site-packages/airflow/example_dags/example_dataset_alias_with_no_taskflow.py took 2.027 seconds
[2026-06-19T16:52:41.710+0000] {processor.py:186} INFO - Started process (PID=1337) to work on /home/airflow/.local/lib/python3.12/site-packages/airflow/example_dags/example_dataset_alias_with_no_taskflow.py
[2026-06-19T16:52:41.716+0000] {processor.py:914} INFO - Processing file /home/airflow/.local/lib/python3.12/site-packages/airflow/example_dags/example_dataset_alias_with_no_taskflow.py for tasks to queue
[2026-06-19T16:52:41.727+0000] {logging_mixin.py:190} INFO - [2026-06-19T16:52:41.725+0000] {dagbag.py:588} INFO - Filling up the DagBag from /home/airflow/.local/lib/python3.12/site-packages/airflow/example_dags/example_dataset_alias_with_no_taskflow.py
[2026-06-19T16:52:43.832+0000] {processor.py:925} INFO - DAG(s) 'dataset_alias_example_alias_producer_with_no_taskflow', 'dataset_alias_example_alias_consumer_with_no_taskflow', 'dataset_s3_bucket_consumer_with_no_taskflow', 'dataset_s3_bucket_producer_with_no_taskflow' retrieved from /home/airflow/.local/lib/python3.12/site-packages/airflow/example_dags/example_dataset_alias_with_no_taskflow.py
[2026-06-19T16:52:43.958+0000] {logging_mixin.py:190} INFO - [2026-06-19T16:52:43.957+0000] {dag.py:3239} INFO - Sync 4 DAGs
[2026-06-19T16:52:44.033+0000] {logging_mixin.py:190} INFO - [2026-06-19T16:52:44.032+0000] {dag.py:4180} INFO - Setting next_dagrun for dataset_alias_example_alias_consumer_with_no_taskflow to None, run_after=None
[2026-06-19T16:52:44.089+0000] {logging_mixin.py:190} INFO - [2026-06-19T16:52:44.089+0000] {dag.py:4180} INFO - Setting next_dagrun for dataset_alias_example_alias_producer_with_no_taskflow to None, run_after=None
[2026-06-19T16:52:44.095+0000] {logging_mixin.py:190} INFO - [2026-06-19T16:52:44.095+0000] {dag.py:4180} INFO - Setting next_dagrun for dataset_s3_bucket_consumer_with_no_taskflow to None, run_after=None
[2026-06-19T16:52:44.103+0000] {logging_mixin.py:190} INFO - [2026-06-19T16:52:44.102+0000] {dag.py:4180} INFO - Setting next_dagrun for dataset_s3_bucket_producer_with_no_taskflow to None, run_after=None
[2026-06-19T16:52:44.280+0000] {processor.py:208} INFO - Processing /home/airflow/.local/lib/python3.12/site-packages/airflow/example_dags/example_dataset_alias_with_no_taskflow.py took 2.586 seconds
[2026-06-19T16:53:14.713+0000] {processor.py:186} INFO - Started process (PID=1403) to work on /home/airflow/.local/lib/python3.12/site-packages/airflow/example_dags/example_dataset_alias_with_no_taskflow.py
[2026-06-19T16:53:14.719+0000] {processor.py:914} INFO - Processing file /home/airflow/.local/lib/python3.12/site-packages/airflow/example_dags/example_dataset_alias_with_no_taskflow.py for tasks to queue
[2026-06-19T16:53:14.732+0000] {logging_mixin.py:190} INFO - [2026-06-19T16:53:14.730+0000] {dagbag.py:588} INFO - Filling up the DagBag from /home/airflow/.local/lib/python3.12/site-packages/airflow/example_dags/example_dataset_alias_with_no_taskflow.py
[2026-06-19T16:53:17.172+0000] {processor.py:925} INFO - DAG(s) 'dataset_alias_example_alias_consumer_with_no_taskflow', 'dataset_s3_bucket_consumer_with_no_taskflow', 'dataset_s3_bucket_producer_with_no_taskflow', 'dataset_alias_example_alias_producer_with_no_taskflow' retrieved from /home/airflow/.local/lib/python3.12/site-packages/airflow/example_dags/example_dataset_alias_with_no_taskflow.py
[2026-06-19T16:53:17.242+0000] {logging_mixin.py:190} INFO - [2026-06-19T16:53:17.240+0000] {dag.py:3239} INFO - Sync 4 DAGs
[2026-06-19T16:53:17.327+0000] {logging_mixin.py:190} INFO - [2026-06-19T16:53:17.327+0000] {dag.py:4180} INFO - Setting next_dagrun for dataset_alias_example_alias_consumer_with_no_taskflow to None, run_after=None
[2026-06-19T16:53:17.336+0000] {logging_mixin.py:190} INFO - [2026-06-19T16:53:17.336+0000] {dag.py:4180} INFO - Setting next_dagrun for dataset_alias_example_alias_producer_with_no_taskflow to None, run_after=None
[2026-06-19T16:53:17.343+0000] {logging_mixin.py:190} INFO - [2026-06-19T16:53:17.342+0000] {dag.py:4180} INFO - Setting next_dagrun for dataset_s3_bucket_consumer_with_no_taskflow to None, run_after=None
[2026-06-19T16:53:17.353+0000] {logging_mixin.py:190} INFO - [2026-06-19T16:53:17.353+0000] {dag.py:4180} INFO - Setting next_dagrun for dataset_s3_bucket_producer_with_no_taskflow to None, run_after=None
[2026-06-19T16:53:17.449+0000] {processor.py:208} INFO - Processing /home/airflow/.local/lib/python3.12/site-packages/airflow/example_dags/example_dataset_alias_with_no_taskflow.py took 2.758 seconds
[2026-06-19T16:53:47.868+0000] {processor.py:186} INFO - Started process (PID=1469) to work on /home/airflow/.local/lib/python3.12/site-packages/airflow/example_dags/example_dataset_alias_with_no_taskflow.py
[2026-06-19T16:53:47.871+0000] {processor.py:914} INFO - Processing file /home/airflow/.local/lib/python3.12/site-packages/airflow/example_dags/example_dataset_alias_with_no_taskflow.py for tasks to queue
[2026-06-19T16:53:47.878+0000] {logging_mixin.py:190} INFO - [2026-06-19T16:53:47.878+0000] {dagbag.py:588} INFO - Filling up the DagBag from /home/airflow/.local/lib/python3.12/site-packages/airflow/example_dags/example_dataset_alias_with_no_taskflow.py
[2026-06-19T16:53:49.346+0000] {processor.py:925} INFO - DAG(s) 'dataset_alias_example_alias_producer_with_no_taskflow', 'dataset_s3_bucket_consumer_with_no_taskflow', 'dataset_s3_bucket_producer_with_no_taskflow', 'dataset_alias_example_alias_consumer_with_no_taskflow' retrieved from /home/airflow/.local/lib/python3.12/site-packages/airflow/example_dags/example_dataset_alias_with_no_taskflow.py
[2026-06-19T16:53:49.408+0000] {logging_mixin.py:190} INFO - [2026-06-19T16:53:49.407+0000] {dag.py:3239} INFO - Sync 4 DAGs
[2026-06-19T16:53:49.462+0000] {logging_mixin.py:190} INFO - [2026-06-19T16:53:49.461+0000] {dag.py:4180} INFO - Setting next_dagrun for dataset_alias_example_alias_consumer_with_no_taskflow to None, run_after=None
[2026-06-19T16:53:49.468+0000] {logging_mixin.py:190} INFO - [2026-06-19T16:53:49.468+0000] {dag.py:4180} INFO - Setting next_dagrun for dataset_alias_example_alias_producer_with_no_taskflow to None, run_after=None
[2026-06-19T16:53:49.475+0000] {logging_mixin.py:190} INFO - [2026-06-19T16:53:49.474+0000] {dag.py:4180} INFO - Setting next_dagrun for dataset_s3_bucket_consumer_with_no_taskflow to None, run_after=None
[2026-06-19T16:53:49.479+0000] {logging_mixin.py:190} INFO - [2026-06-19T16:53:49.478+0000] {dag.py:4180} INFO - Setting next_dagrun for dataset_s3_bucket_producer_with_no_taskflow to None, run_after=None
[2026-06-19T16:53:49.518+0000] {processor.py:208} INFO - Processing /home/airflow/.local/lib/python3.12/site-packages/airflow/example_dags/example_dataset_alias_with_no_taskflow.py took 1.663 seconds
[2026-06-19T16:54:20.387+0000] {processor.py:186} INFO - Started process (PID=1537) to work on /home/airflow/.local/lib/python3.12/site-packages/airflow/example_dags/example_dataset_alias_with_no_taskflow.py
[2026-06-19T16:54:20.391+0000] {processor.py:914} INFO - Processing file /home/airflow/.local/lib/python3.12/site-packages/airflow/example_dags/example_dataset_alias_with_no_taskflow.py for tasks to queue
[2026-06-19T16:54:20.397+0000] {logging_mixin.py:190} INFO - [2026-06-19T16:54:20.396+0000] {dagbag.py:588} INFO - Filling up the DagBag from /home/airflow/.local/lib/python3.12/site-packages/airflow/example_dags/example_dataset_alias_with_no_taskflow.py
[2026-06-19T16:54:21.936+0000] {processor.py:925} INFO - DAG(s) 'dataset_s3_bucket_consumer_with_no_taskflow', 'dataset_alias_example_alias_producer_with_no_taskflow', 'dataset_alias_example_alias_consumer_with_no_taskflow', 'dataset_s3_bucket_producer_with_no_taskflow' retrieved from /home/airflow/.local/lib/python3.12/site-packages/airflow/example_dags/example_dataset_alias_with_no_taskflow.py
[2026-06-19T16:54:21.993+0000] {logging_mixin.py:190} INFO - [2026-06-19T16:54:21.992+0000] {dag.py:3239} INFO - Sync 4 DAGs
[2026-06-19T16:54:22.060+0000] {logging_mixin.py:190} INFO - [2026-06-19T16:54:22.059+0000] {dag.py:4180} INFO - Setting next_dagrun for dataset_alias_example_alias_consumer_with_no_taskflow to None, run_after=None
[2026-06-19T16:54:22.070+0000] {logging_mixin.py:190} INFO - [2026-06-19T16:54:22.069+0000] {dag.py:4180} INFO - Setting next_dagrun for dataset_alias_example_alias_producer_with_no_taskflow to None, run_after=None
[2026-06-19T16:54:22.075+0000] {logging_mixin.py:190} INFO - [2026-06-19T16:54:22.074+0000] {dag.py:4180} INFO - Setting next_dagrun for dataset_s3_bucket_consumer_with_no_taskflow to None, run_after=None
[2026-06-19T16:54:22.080+0000] {logging_mixin.py:190} INFO - [2026-06-19T16:54:22.080+0000] {dag.py:4180} INFO - Setting next_dagrun for dataset_s3_bucket_producer_with_no_taskflow to None, run_after=None
[2026-06-19T16:54:22.135+0000] {processor.py:208} INFO - Processing /home/airflow/.local/lib/python3.12/site-packages/airflow/example_dags/example_dataset_alias_with_no_taskflow.py took 1.763 seconds
[2026-06-19T16:54:52.275+0000] {processor.py:186} INFO - Started process (PID=1603) to work on /home/airflow/.local/lib/python3.12/site-packages/airflow/example_dags/example_dataset_alias_with_no_taskflow.py
[2026-06-19T16:54:52.280+0000] {processor.py:914} INFO - Processing file /home/airflow/.local/lib/python3.12/site-packages/airflow/example_dags/example_dataset_alias_with_no_taskflow.py for tasks to queue
[2026-06-19T16:54:52.288+0000] {logging_mixin.py:190} INFO - [2026-06-19T16:54:52.287+0000] {dagbag.py:588} INFO - Filling up the DagBag from /home/airflow/.local/lib/python3.12/site-packages/airflow/example_dags/example_dataset_alias_with_no_taskflow.py
[2026-06-19T16:54:53.475+0000] {processor.py:925} INFO - DAG(s) 'dataset_s3_bucket_consumer_with_no_taskflow', 'dataset_s3_bucket_producer_with_no_taskflow', 'dataset_alias_example_alias_producer_with_no_taskflow', 'dataset_alias_example_alias_consumer_with_no_taskflow' retrieved from /home/airflow/.local/lib/python3.12/site-packages/airflow/example_dags/example_dataset_alias_with_no_taskflow.py
[2026-06-19T16:54:53.519+0000] {logging_mixin.py:190} INFO - [2026-06-19T16:54:53.518+0000] {dag.py:3239} INFO - Sync 4 DAGs
[2026-06-19T16:54:53.556+0000] {logging_mixin.py:190} INFO - [2026-06-19T16:54:53.556+0000] {dag.py:4180} INFO - Setting next_dagrun for dataset_alias_example_alias_consumer_with_no_taskflow to None, run_after=None
[2026-06-19T16:54:53.562+0000] {logging_mixin.py:190} INFO - [2026-06-19T16:54:53.562+0000] {dag.py:4180} INFO - Setting next_dagrun for dataset_alias_example_alias_producer_with_no_taskflow to None, run_after=None
[2026-06-19T16:54:53.567+0000] {logging_mixin.py:190} INFO - [2026-06-19T16:54:53.567+0000] {dag.py:4180} INFO - Setting next_dagrun for dataset_s3_bucket_consumer_with_no_taskflow to None, run_after=None
[2026-06-19T16:54:53.571+0000] {logging_mixin.py:190} INFO - [2026-06-19T16:54:53.570+0000] {dag.py:4180} INFO - Setting next_dagrun for dataset_s3_bucket_producer_with_no_taskflow to None, run_after=None
[2026-06-19T16:54:53.619+0000] {processor.py:208} INFO - Processing /home/airflow/.local/lib/python3.12/site-packages/airflow/example_dags/example_dataset_alias_with_no_taskflow.py took 1.356 seconds
[2026-06-19T16:55:24.287+0000] {processor.py:186} INFO - Started process (PID=1669) to work on /home/airflow/.local/lib/python3.12/site-packages/airflow/example_dags/example_dataset_alias_with_no_taskflow.py
[2026-06-19T16:55:24.293+0000] {processor.py:914} INFO - Processing file /home/airflow/.local/lib/python3.12/site-packages/airflow/example_dags/example_dataset_alias_with_no_taskflow.py for tasks to queue
[2026-06-19T16:55:24.304+0000] {logging_mixin.py:190} INFO - [2026-06-19T16:55:24.303+0000] {dagbag.py:588} INFO - Filling up the DagBag from /home/airflow/.local/lib/python3.12/site-packages/airflow/example_dags/example_dataset_alias_with_no_taskflow.py
[2026-06-19T16:55:25.979+0000] {processor.py:925} INFO - DAG(s) 'dataset_alias_example_alias_consumer_with_no_taskflow', 'dataset_s3_bucket_producer_with_no_taskflow', 'dataset_s3_bucket_consumer_with_no_taskflow', 'dataset_alias_example_alias_producer_with_no_taskflow' retrieved from /home/airflow/.local/lib/python3.12/site-packages/airflow/example_dags/example_dataset_alias_with_no_taskflow.py
[2026-06-19T16:55:26.084+0000] {logging_mixin.py:190} INFO - [2026-06-19T16:55:26.082+0000] {dag.py:3239} INFO - Sync 4 DAGs
[2026-06-19T16:55:26.163+0000] {logging_mixin.py:190} INFO - [2026-06-19T16:55:26.162+0000] {dag.py:4180} INFO - Setting next_dagrun for dataset_alias_example_alias_consumer_with_no_taskflow to None, run_after=None
[2026-06-19T16:55:26.173+0000] {logging_mixin.py:190} INFO - [2026-06-19T16:55:26.173+0000] {dag.py:4180} INFO - Setting next_dagrun for dataset_alias_example_alias_producer_with_no_taskflow to None, run_after=None
[2026-06-19T16:55:26.184+0000] {logging_mixin.py:190} INFO - [2026-06-19T16:55:26.182+0000] {dag.py:4180} INFO - Setting next_dagrun for dataset_s3_bucket_consumer_with_no_taskflow to None, run_after=None
[2026-06-19T16:55:26.192+0000] {logging_mixin.py:190} INFO - [2026-06-19T16:55:26.191+0000] {dag.py:4180} INFO - Setting next_dagrun for dataset_s3_bucket_producer_with_no_taskflow to None, run_after=None
[2026-06-19T16:55:26.273+0000] {processor.py:208} INFO - Processing /home/airflow/.local/lib/python3.12/site-packages/airflow/example_dags/example_dataset_alias_with_no_taskflow.py took 2.010 seconds
[2026-06-19T16:55:56.387+0000] {processor.py:186} INFO - Started process (PID=1734) to work on /home/airflow/.local/lib/python3.12/site-packages/airflow/example_dags/example_dataset_alias_with_no_taskflow.py
[2026-06-19T16:55:56.390+0000] {processor.py:914} INFO - Processing file /home/airflow/.local/lib/python3.12/site-packages/airflow/example_dags/example_dataset_alias_with_no_taskflow.py for tasks to queue
[2026-06-19T16:55:56.394+0000] {logging_mixin.py:190} INFO - [2026-06-19T16:55:56.393+0000] {dagbag.py:588} INFO - Filling up the DagBag from /home/airflow/.local/lib/python3.12/site-packages/airflow/example_dags/example_dataset_alias_with_no_taskflow.py
[2026-06-19T16:55:57.008+0000] {processor.py:925} INFO - DAG(s) 'dataset_alias_example_alias_consumer_with_no_taskflow', 'dataset_s3_bucket_consumer_with_no_taskflow', 'dataset_s3_bucket_producer_with_no_taskflow', 'dataset_alias_example_alias_producer_with_no_taskflow' retrieved from /home/airflow/.local/lib/python3.12/site-packages/airflow/example_dags/example_dataset_alias_with_no_taskflow.py
[2026-06-19T16:55:57.030+0000] {logging_mixin.py:190} INFO - [2026-06-19T16:55:57.030+0000] {dag.py:3239} INFO - Sync 4 DAGs
[2026-06-19T16:55:57.054+0000] {logging_mixin.py:190} INFO - [2026-06-19T16:55:57.054+0000] {dag.py:4180} INFO - Setting next_dagrun for dataset_alias_example_alias_consumer_with_no_taskflow to None, run_after=None
[2026-06-19T16:55:57.058+0000] {logging_mixin.py:190} INFO - [2026-06-19T16:55:57.058+0000] {dag.py:4180} INFO - Setting next_dagrun for dataset_alias_example_alias_producer_with_no_taskflow to None, run_after=None
[2026-06-19T16:55:57.061+0000] {logging_mixin.py:190} INFO - [2026-06-19T16:55:57.061+0000] {dag.py:4180} INFO - Setting next_dagrun for dataset_s3_bucket_consumer_with_no_taskflow to None, run_after=None
[2026-06-19T16:55:57.063+0000] {logging_mixin.py:190} INFO - [2026-06-19T16:55:57.063+0000] {dag.py:4180} INFO - Setting next_dagrun for dataset_s3_bucket_producer_with_no_taskflow to None, run_after=None
[2026-06-19T16:55:57.085+0000] {processor.py:208} INFO - Processing /home/airflow/.local/lib/python3.12/site-packages/airflow/example_dags/example_dataset_alias_with_no_taskflow.py took 0.704 seconds
[2026-06-19T16:56:27.206+0000] {processor.py:186} INFO - Started process (PID=1798) to work on /home/airflow/.local/lib/python3.12/site-packages/airflow/example_dags/example_dataset_alias_with_no_taskflow.py
[2026-06-19T16:56:27.208+0000] {processor.py:914} INFO - Processing file /home/airflow/.local/lib/python3.12/site-packages/airflow/example_dags/example_dataset_alias_with_no_taskflow.py for tasks to queue
[2026-06-19T16:56:27.213+0000] {logging_mixin.py:190} INFO - [2026-06-19T16:56:27.213+0000] {dagbag.py:588} INFO - Filling up the DagBag from /home/airflow/.local/lib/python3.12/site-packages/airflow/example_dags/example_dataset_alias_with_no_taskflow.py
[2026-06-19T16:56:27.772+0000] {processor.py:925} INFO - DAG(s) 'dataset_alias_example_alias_consumer_with_no_taskflow', 'dataset_s3_bucket_consumer_with_no_taskflow', 'dataset_alias_example_alias_producer_with_no_taskflow', 'dataset_s3_bucket_producer_with_no_taskflow' retrieved from /home/airflow/.local/lib/python3.12/site-packages/airflow/example_dags/example_dataset_alias_with_no_taskflow.py
[2026-06-19T16:56:27.798+0000] {logging_mixin.py:190} INFO - [2026-06-19T16:56:27.797+0000] {dag.py:3239} INFO - Sync 4 DAGs
[2026-06-19T16:56:27.826+0000] {logging_mixin.py:190} INFO - [2026-06-19T16:56:27.826+0000] {dag.py:4180} INFO - Setting next_dagrun for dataset_alias_example_alias_consumer_with_no_taskflow to None, run_after=None
[2026-06-19T16:56:27.831+0000] {logging_mixin.py:190} INFO - [2026-06-19T16:56:27.831+0000] {dag.py:4180} INFO - Setting next_dagrun for dataset_alias_example_alias_producer_with_no_taskflow to None, run_after=None
[2026-06-19T16:56:27.834+0000] {logging_mixin.py:190} INFO - [2026-06-19T16:56:27.834+0000] {dag.py:4180} INFO - Setting next_dagrun for dataset_s3_bucket_consumer_with_no_taskflow to None, run_after=None
[2026-06-19T16:56:27.837+0000] {logging_mixin.py:190} INFO - [2026-06-19T16:56:27.836+0000] {dag.py:4180} INFO - Setting next_dagrun for dataset_s3_bucket_producer_with_no_taskflow to None, run_after=None
[2026-06-19T16:56:27.865+0000] {processor.py:208} INFO - Processing /home/airflow/.local/lib/python3.12/site-packages/airflow/example_dags/example_dataset_alias_with_no_taskflow.py took 0.665 seconds
[2026-06-19T16:56:58.390+0000] {processor.py:186} INFO - Started process (PID=1862) to work on /home/airflow/.local/lib/python3.12/site-packages/airflow/example_dags/example_dataset_alias_with_no_taskflow.py
[2026-06-19T16:56:58.405+0000] {processor.py:914} INFO - Processing file /home/airflow/.local/lib/python3.12/site-packages/airflow/example_dags/example_dataset_alias_with_no_taskflow.py for tasks to queue
[2026-06-19T16:56:58.409+0000] {logging_mixin.py:190} INFO - [2026-06-19T16:56:58.409+0000] {dagbag.py:588} INFO - Filling up the DagBag from /home/airflow/.local/lib/python3.12/site-packages/airflow/example_dags/example_dataset_alias_with_no_taskflow.py
[2026-06-19T16:56:58.966+0000] {processor.py:925} INFO - DAG(s) 'dataset_s3_bucket_consumer_with_no_taskflow', 'dataset_alias_example_alias_consumer_with_no_taskflow', 'dataset_alias_example_alias_producer_with_no_taskflow', 'dataset_s3_bucket_producer_with_no_taskflow' retrieved from /home/airflow/.local/lib/python3.12/site-packages/airflow/example_dags/example_dataset_alias_with_no_taskflow.py
[2026-06-19T16:56:58.987+0000] {logging_mixin.py:190} INFO - [2026-06-19T16:56:58.986+0000] {dag.py:3239} INFO - Sync 4 DAGs
[2026-06-19T16:56:59.010+0000] {logging_mixin.py:190} INFO - [2026-06-19T16:56:59.010+0000] {dag.py:4180} INFO - Setting next_dagrun for dataset_alias_example_alias_consumer_with_no_taskflow to None, run_after=None
[2026-06-19T16:56:59.014+0000] {logging_mixin.py:190} INFO - [2026-06-19T16:56:59.014+0000] {dag.py:4180} INFO - Setting next_dagrun for dataset_alias_example_alias_producer_with_no_taskflow to None, run_after=None
[2026-06-19T16:56:59.017+0000] {logging_mixin.py:190} INFO - [2026-06-19T16:56:59.016+0000] {dag.py:4180} INFO - Setting next_dagrun for dataset_s3_bucket_consumer_with_no_taskflow to None, run_after=None
[2026-06-19T16:56:59.019+0000] {logging_mixin.py:190} INFO - [2026-06-19T16:56:59.019+0000] {dag.py:4180} INFO - Setting next_dagrun for dataset_s3_bucket_producer_with_no_taskflow to None, run_after=None
[2026-06-19T16:56:59.053+0000] {processor.py:208} INFO - Processing /home/airflow/.local/lib/python3.12/site-packages/airflow/example_dags/example_dataset_alias_with_no_taskflow.py took 0.668 seconds
[2026-06-19T16:57:29.255+0000] {processor.py:186} INFO - Started process (PID=1927) to work on /home/airflow/.local/lib/python3.12/site-packages/airflow/example_dags/example_dataset_alias_with_no_taskflow.py
[2026-06-19T16:57:29.257+0000] {processor.py:914} INFO - Processing file /home/airflow/.local/lib/python3.12/site-packages/airflow/example_dags/example_dataset_alias_with_no_taskflow.py for tasks to queue
[2026-06-19T16:57:29.263+0000] {logging_mixin.py:190} INFO - [2026-06-19T16:57:29.262+0000] {dagbag.py:588} INFO - Filling up the DagBag from /home/airflow/.local/lib/python3.12/site-packages/airflow/example_dags/example_dataset_alias_with_no_taskflow.py
[2026-06-19T16:57:30.191+0000] {processor.py:925} INFO - DAG(s) 'dataset_alias_example_alias_producer_with_no_taskflow', 'dataset_s3_bucket_producer_with_no_taskflow', 'dataset_s3_bucket_consumer_with_no_taskflow', 'dataset_alias_example_alias_consumer_with_no_taskflow' retrieved from /home/airflow/.local/lib/python3.12/site-packages/airflow/example_dags/example_dataset_alias_with_no_taskflow.py
[2026-06-19T16:57:30.245+0000] {logging_mixin.py:190} INFO - [2026-06-19T16:57:30.243+0000] {dag.py:3239} INFO - Sync 4 DAGs
[2026-06-19T16:57:30.291+0000] {logging_mixin.py:190} INFO - [2026-06-19T16:57:30.291+0000] {dag.py:4180} INFO - Setting next_dagrun for dataset_alias_example_alias_consumer_with_no_taskflow to None, run_after=None
[2026-06-19T16:57:30.298+0000] {logging_mixin.py:190} INFO - [2026-06-19T16:57:30.297+0000] {dag.py:4180} INFO - Setting next_dagrun for dataset_alias_example_alias_producer_with_no_taskflow to None, run_after=None
[2026-06-19T16:57:30.302+0000] {logging_mixin.py:190} INFO - [2026-06-19T16:57:30.301+0000] {dag.py:4180} INFO - Setting next_dagrun for dataset_s3_bucket_consumer_with_no_taskflow to None, run_after=None
[2026-06-19T16:57:30.307+0000] {logging_mixin.py:190} INFO - [2026-06-19T16:57:30.306+0000] {dag.py:4180} INFO - Setting next_dagrun for dataset_s3_bucket_producer_with_no_taskflow to None, run_after=None
[2026-06-19T16:57:30.342+0000] {processor.py:208} INFO - Processing /home/airflow/.local/lib/python3.12/site-packages/airflow/example_dags/example_dataset_alias_with_no_taskflow.py took 1.093 seconds
[2026-06-19T16:58:00.767+0000] {processor.py:186} INFO - Started process (PID=1994) to work on /home/airflow/.local/lib/python3.12/site-packages/airflow/example_dags/example_dataset_alias_with_no_taskflow.py
[2026-06-19T16:58:00.772+0000] {processor.py:914} INFO - Processing file /home/airflow/.local/lib/python3.12/site-packages/airflow/example_dags/example_dataset_alias_with_no_taskflow.py for tasks to queue
[2026-06-19T16:58:00.780+0000] {logging_mixin.py:190} INFO - [2026-06-19T16:58:00.779+0000] {dagbag.py:588} INFO - Filling up the DagBag from /home/airflow/.local/lib/python3.12/site-packages/airflow/example_dags/example_dataset_alias_with_no_taskflow.py
[2026-06-19T16:58:01.818+0000] {processor.py:925} INFO - DAG(s) 'dataset_alias_example_alias_producer_with_no_taskflow', 'dataset_s3_bucket_consumer_with_no_taskflow', 'dataset_s3_bucket_producer_with_no_taskflow', 'dataset_alias_example_alias_consumer_with_no_taskflow' retrieved from /home/airflow/.local/lib/python3.12/site-packages/airflow/example_dags/example_dataset_alias_with_no_taskflow.py
[2026-06-19T16:58:01.855+0000] {logging_mixin.py:190} INFO - [2026-06-19T16:58:01.854+0000] {dag.py:3239} INFO - Sync 4 DAGs
[2026-06-19T16:58:01.893+0000] {logging_mixin.py:190} INFO - [2026-06-19T16:58:01.893+0000] {dag.py:4180} INFO - Setting next_dagrun for dataset_alias_example_alias_consumer_with_no_taskflow to None, run_after=None
[2026-06-19T16:58:01.899+0000] {logging_mixin.py:190} INFO - [2026-06-19T16:58:01.899+0000] {dag.py:4180} INFO - Setting next_dagrun for dataset_alias_example_alias_producer_with_no_taskflow to None, run_after=None
[2026-06-19T16:58:01.903+0000] {logging_mixin.py:190} INFO - [2026-06-19T16:58:01.903+0000] {dag.py:4180} INFO - Setting next_dagrun for dataset_s3_bucket_consumer_with_no_taskflow to None, run_after=None
[2026-06-19T16:58:01.907+0000] {logging_mixin.py:190} INFO - [2026-06-19T16:58:01.907+0000] {dag.py:4180} INFO - Setting next_dagrun for dataset_s3_bucket_producer_with_no_taskflow to None, run_after=None
[2026-06-19T16:58:01.947+0000] {processor.py:208} INFO - Processing /home/airflow/.local/lib/python3.12/site-packages/airflow/example_dags/example_dataset_alias_with_no_taskflow.py took 1.196 seconds
[2026-06-19T16:58:32.124+0000] {processor.py:186} INFO - Started process (PID=2059) to work on /home/airflow/.local/lib/python3.12/site-packages/airflow/example_dags/example_dataset_alias_with_no_taskflow.py
[2026-06-19T16:58:32.130+0000] {processor.py:914} INFO - Processing file /home/airflow/.local/lib/python3.12/site-packages/airflow/example_dags/example_dataset_alias_with_no_taskflow.py for tasks to queue
[2026-06-19T16:58:32.139+0000] {logging_mixin.py:190} INFO - [2026-06-19T16:58:32.138+0000] {dagbag.py:588} INFO - Filling up the DagBag from /home/airflow/.local/lib/python3.12/site-packages/airflow/example_dags/example_dataset_alias_with_no_taskflow.py
[2026-06-19T16:58:33.668+0000] {processor.py:925} INFO - DAG(s) 'dataset_alias_example_alias_producer_with_no_taskflow', 'dataset_s3_bucket_consumer_with_no_taskflow', 'dataset_s3_bucket_producer_with_no_taskflow', 'dataset_alias_example_alias_consumer_with_no_taskflow' retrieved from /home/airflow/.local/lib/python3.12/site-packages/airflow/example_dags/example_dataset_alias_with_no_taskflow.py
[2026-06-19T16:58:33.708+0000] {logging_mixin.py:190} INFO - [2026-06-19T16:58:33.707+0000] {dag.py:3239} INFO - Sync 4 DAGs
[2026-06-19T16:58:33.749+0000] {logging_mixin.py:190} INFO - [2026-06-19T16:58:33.749+0000] {dag.py:4180} INFO - Setting next_dagrun for dataset_alias_example_alias_consumer_with_no_taskflow to None, run_after=None
[2026-06-19T16:58:33.759+0000] {logging_mixin.py:190} INFO - [2026-06-19T16:58:33.759+0000] {dag.py:4180} INFO - Setting next_dagrun for dataset_alias_example_alias_producer_with_no_taskflow to None, run_after=None
[2026-06-19T16:58:33.765+0000] {logging_mixin.py:190} INFO - [2026-06-19T16:58:33.764+0000] {dag.py:4180} INFO - Setting next_dagrun for dataset_s3_bucket_consumer_with_no_taskflow to None, run_after=None
[2026-06-19T16:58:33.769+0000] {logging_mixin.py:190} INFO - [2026-06-19T16:58:33.768+0000] {dag.py:4180} INFO - Setting next_dagrun for dataset_s3_bucket_producer_with_no_taskflow to None, run_after=None
[2026-06-19T16:58:33.805+0000] {processor.py:208} INFO - Processing /home/airflow/.local/lib/python3.12/site-packages/airflow/example_dags/example_dataset_alias_with_no_taskflow.py took 1.697 seconds
[2026-06-19T16:59:04.730+0000] {processor.py:186} INFO - Started process (PID=2133) to work on /home/airflow/.local/lib/python3.12/site-packages/airflow/example_dags/example_dataset_alias_with_no_taskflow.py
[2026-06-19T16:59:04.732+0000] {processor.py:914} INFO - Processing file /home/airflow/.local/lib/python3.12/site-packages/airflow/example_dags/example_dataset_alias_with_no_taskflow.py for tasks to queue
[2026-06-19T16:59:04.737+0000] {logging_mixin.py:190} INFO - [2026-06-19T16:59:04.737+0000] {dagbag.py:588} INFO - Filling up the DagBag from /home/airflow/.local/lib/python3.12/site-packages/airflow/example_dags/example_dataset_alias_with_no_taskflow.py
[2026-06-19T16:59:05.726+0000] {processor.py:925} INFO - DAG(s) 'dataset_s3_bucket_consumer_with_no_taskflow', 'dataset_alias_example_alias_consumer_with_no_taskflow', 'dataset_alias_example_alias_producer_with_no_taskflow', 'dataset_s3_bucket_producer_with_no_taskflow' retrieved from /home/airflow/.local/lib/python3.12/site-packages/airflow/example_dags/example_dataset_alias_with_no_taskflow.py
[2026-06-19T16:59:05.756+0000] {logging_mixin.py:190} INFO - [2026-06-19T16:59:05.756+0000] {dag.py:3239} INFO - Sync 4 DAGs
[2026-06-19T16:59:05.788+0000] {logging_mixin.py:190} INFO - [2026-06-19T16:59:05.788+0000] {dag.py:4180} INFO - Setting next_dagrun for dataset_alias_example_alias_consumer_with_no_taskflow to None, run_after=None
[2026-06-19T16:59:05.793+0000] {logging_mixin.py:190} INFO - [2026-06-19T16:59:05.793+0000] {dag.py:4180} INFO - Setting next_dagrun for dataset_alias_example_alias_producer_with_no_taskflow to None, run_after=None
[2026-06-19T16:59:05.797+0000] {logging_mixin.py:190} INFO - [2026-06-19T16:59:05.797+0000] {dag.py:4180} INFO - Setting next_dagrun for dataset_s3_bucket_consumer_with_no_taskflow to None, run_after=None
[2026-06-19T16:59:05.800+0000] {logging_mixin.py:190} INFO - [2026-06-19T16:59:05.800+0000] {dag.py:4180} INFO - Setting next_dagrun for dataset_s3_bucket_producer_with_no_taskflow to None, run_after=None
[2026-06-19T16:59:05.829+0000] {processor.py:208} INFO - Processing /home/airflow/.local/lib/python3.12/site-packages/airflow/example_dags/example_dataset_alias_with_no_taskflow.py took 1.108 seconds
[2026-06-19T16:59:36.437+0000] {processor.py:186} INFO - Started process (PID=2198) to work on /home/airflow/.local/lib/python3.12/site-packages/airflow/example_dags/example_dataset_alias_with_no_taskflow.py
[2026-06-19T16:59:36.444+0000] {processor.py:914} INFO - Processing file /home/airflow/.local/lib/python3.12/site-packages/airflow/example_dags/example_dataset_alias_with_no_taskflow.py for tasks to queue
[2026-06-19T16:59:36.456+0000] {logging_mixin.py:190} INFO - [2026-06-19T16:59:36.455+0000] {dagbag.py:588} INFO - Filling up the DagBag from /home/airflow/.local/lib/python3.12/site-packages/airflow/example_dags/example_dataset_alias_with_no_taskflow.py
[2026-06-19T16:59:37.819+0000] {processor.py:925} INFO - DAG(s) 'dataset_alias_example_alias_consumer_with_no_taskflow', 'dataset_alias_example_alias_producer_with_no_taskflow', 'dataset_s3_bucket_producer_with_no_taskflow', 'dataset_s3_bucket_consumer_with_no_taskflow' retrieved from /home/airflow/.local/lib/python3.12/site-packages/airflow/example_dags/example_dataset_alias_with_no_taskflow.py
[2026-06-19T16:59:37.888+0000] {logging_mixin.py:190} INFO - [2026-06-19T16:59:37.886+0000] {dag.py:3239} INFO - Sync 4 DAGs
[2026-06-19T16:59:37.968+0000] {logging_mixin.py:190} INFO - [2026-06-19T16:59:37.964+0000] {dag.py:4180} INFO - Setting next_dagrun for dataset_alias_example_alias_consumer_with_no_taskflow to None, run_after=None
[2026-06-19T16:59:37.979+0000] {logging_mixin.py:190} INFO - [2026-06-19T16:59:37.978+0000] {dag.py:4180} INFO - Setting next_dagrun for dataset_alias_example_alias_producer_with_no_taskflow to None, run_after=None
[2026-06-19T16:59:37.986+0000] {logging_mixin.py:190} INFO - [2026-06-19T16:59:37.985+0000] {dag.py:4180} INFO - Setting next_dagrun for dataset_s3_bucket_consumer_with_no_taskflow to None, run_after=None
[2026-06-19T16:59:37.991+0000] {logging_mixin.py:190} INFO - [2026-06-19T16:59:37.991+0000] {dag.py:4180} INFO - Setting next_dagrun for dataset_s3_bucket_producer_with_no_taskflow to None, run_after=None
[2026-06-19T16:59:38.052+0000] {processor.py:208} INFO - Processing /home/airflow/.local/lib/python3.12/site-packages/airflow/example_dags/example_dataset_alias_with_no_taskflow.py took 1.635 seconds
[2026-06-19T17:00:08.349+0000] {processor.py:186} INFO - Started process (PID=2264) to work on /home/airflow/.local/lib/python3.12/site-packages/airflow/example_dags/example_dataset_alias_with_no_taskflow.py
[2026-06-19T17:00:08.352+0000] {processor.py:914} INFO - Processing file /home/airflow/.local/lib/python3.12/site-packages/airflow/example_dags/example_dataset_alias_with_no_taskflow.py for tasks to queue
[2026-06-19T17:00:08.359+0000] {logging_mixin.py:190} INFO - [2026-06-19T17:00:08.358+0000] {dagbag.py:588} INFO - Filling up the DagBag from /home/airflow/.local/lib/python3.12/site-packages/airflow/example_dags/example_dataset_alias_with_no_taskflow.py
[2026-06-19T17:00:09.155+0000] {processor.py:925} INFO - DAG(s) 'dataset_alias_example_alias_producer_with_no_taskflow', 'dataset_s3_bucket_producer_with_no_taskflow', 'dataset_s3_bucket_consumer_with_no_taskflow', 'dataset_alias_example_alias_consumer_with_no_taskflow' retrieved from /home/airflow/.local/lib/python3.12/site-packages/airflow/example_dags/example_dataset_alias_with_no_taskflow.py
[2026-06-19T17:00:09.186+0000] {logging_mixin.py:190} INFO - [2026-06-19T17:00:09.186+0000] {dag.py:3239} INFO - Sync 4 DAGs
[2026-06-19T17:00:09.235+0000] {logging_mixin.py:190} INFO - [2026-06-19T17:00:09.235+0000] {dag.py:4180} INFO - Setting next_dagrun for dataset_alias_example_alias_consumer_with_no_taskflow to None, run_after=None
[2026-06-19T17:00:09.241+0000] {logging_mixin.py:190} INFO - [2026-06-19T17:00:09.241+0000] {dag.py:4180} INFO - Setting next_dagrun for dataset_alias_example_alias_producer_with_no_taskflow to None, run_after=None
[2026-06-19T17:00:09.248+0000] {logging_mixin.py:190} INFO - [2026-06-19T17:00:09.248+0000] {dag.py:4180} INFO - Setting next_dagrun for dataset_s3_bucket_consumer_with_no_taskflow to None, run_after=None
[2026-06-19T17:00:09.253+0000] {logging_mixin.py:190} INFO - [2026-06-19T17:00:09.253+0000] {dag.py:4180} INFO - Setting next_dagrun for dataset_s3_bucket_producer_with_no_taskflow to None, run_after=None
[2026-06-19T17:00:09.291+0000] {processor.py:208} INFO - Processing /home/airflow/.local/lib/python3.12/site-packages/airflow/example_dags/example_dataset_alias_with_no_taskflow.py took 0.953 seconds
[2026-06-19T17:00:39.756+0000] {processor.py:186} INFO - Started process (PID=2329) to work on /home/airflow/.local/lib/python3.12/site-packages/airflow/example_dags/example_dataset_alias_with_no_taskflow.py
[2026-06-19T17:00:39.767+0000] {processor.py:914} INFO - Processing file /home/airflow/.local/lib/python3.12/site-packages/airflow/example_dags/example_dataset_alias_with_no_taskflow.py for tasks to queue
[2026-06-19T17:00:39.773+0000] {logging_mixin.py:190} INFO - [2026-06-19T17:00:39.772+0000] {dagbag.py:588} INFO - Filling up the DagBag from /home/airflow/.local/lib/python3.12/site-packages/airflow/example_dags/example_dataset_alias_with_no_taskflow.py
[2026-06-19T17:00:41.275+0000] {processor.py:925} INFO - DAG(s) 'dataset_s3_bucket_consumer_with_no_taskflow', 'dataset_alias_example_alias_producer_with_no_taskflow', 'dataset_s3_bucket_producer_with_no_taskflow', 'dataset_alias_example_alias_consumer_with_no_taskflow' retrieved from /home/airflow/.local/lib/python3.12/site-packages/airflow/example_dags/example_dataset_alias_with_no_taskflow.py
[2026-06-19T17:00:41.334+0000] {logging_mixin.py:190} INFO - [2026-06-19T17:00:41.333+0000] {dag.py:3239} INFO - Sync 4 DAGs
[2026-06-19T17:00:41.400+0000] {logging_mixin.py:190} INFO - [2026-06-19T17:00:41.400+0000] {dag.py:4180} INFO - Setting next_dagrun for dataset_alias_example_alias_consumer_with_no_taskflow to None, run_after=None
[2026-06-19T17:00:41.409+0000] {logging_mixin.py:190} INFO - [2026-06-19T17:00:41.409+0000] {dag.py:4180} INFO - Setting next_dagrun for dataset_alias_example_alias_producer_with_no_taskflow to None, run_after=None
[2026-06-19T17:00:41.414+0000] {logging_mixin.py:190} INFO - [2026-06-19T17:00:41.414+0000] {dag.py:4180} INFO - Setting next_dagrun for dataset_s3_bucket_consumer_with_no_taskflow to None, run_after=None
[2026-06-19T17:00:41.419+0000] {logging_mixin.py:190} INFO - [2026-06-19T17:00:41.418+0000] {dag.py:4180} INFO - Setting next_dagrun for dataset_s3_bucket_producer_with_no_taskflow to None, run_after=None
[2026-06-19T17:00:41.467+0000] {processor.py:208} INFO - Processing /home/airflow/.local/lib/python3.12/site-packages/airflow/example_dags/example_dataset_alias_with_no_taskflow.py took 1.723 seconds
[2026-06-19T17:01:11.599+0000] {processor.py:186} INFO - Started process (PID=2395) to work on /home/airflow/.local/lib/python3.12/site-packages/airflow/example_dags/example_dataset_alias_with_no_taskflow.py
[2026-06-19T17:01:11.602+0000] {processor.py:914} INFO - Processing file /home/airflow/.local/lib/python3.12/site-packages/airflow/example_dags/example_dataset_alias_with_no_taskflow.py for tasks to queue
[2026-06-19T17:01:11.611+0000] {logging_mixin.py:190} INFO - [2026-06-19T17:01:11.610+0000] {dagbag.py:588} INFO - Filling up the DagBag from /home/airflow/.local/lib/python3.12/site-packages/airflow/example_dags/example_dataset_alias_with_no_taskflow.py
[2026-06-19T17:01:12.486+0000] {processor.py:925} INFO - DAG(s) 'dataset_s3_bucket_consumer_with_no_taskflow', 'dataset_alias_example_alias_consumer_with_no_taskflow', 'dataset_alias_example_alias_producer_with_no_taskflow', 'dataset_s3_bucket_producer_with_no_taskflow' retrieved from /home/airflow/.local/lib/python3.12/site-packages/airflow/example_dags/example_dataset_alias_with_no_taskflow.py
[2026-06-19T17:01:12.517+0000] {logging_mixin.py:190} INFO - [2026-06-19T17:01:12.516+0000] {dag.py:3239} INFO - Sync 4 DAGs
[2026-06-19T17:01:12.556+0000] {logging_mixin.py:190} INFO - [2026-06-19T17:01:12.556+0000] {dag.py:4180} INFO - Setting next_dagrun for dataset_alias_example_alias_consumer_with_no_taskflow to None, run_after=None
[2026-06-19T17:01:12.561+0000] {logging_mixin.py:190} INFO - [2026-06-19T17:01:12.560+0000] {dag.py:4180} INFO - Setting next_dagrun for dataset_alias_example_alias_producer_with_no_taskflow to None, run_after=None
[2026-06-19T17:01:12.568+0000] {logging_mixin.py:190} INFO - [2026-06-19T17:01:12.568+0000] {dag.py:4180} INFO - Setting next_dagrun for dataset_s3_bucket_consumer_with_no_taskflow to None, run_after=None
[2026-06-19T17:01:12.571+0000] {logging_mixin.py:190} INFO - [2026-06-19T17:01:12.571+0000] {dag.py:4180} INFO - Setting next_dagrun for dataset_s3_bucket_producer_with_no_taskflow to None, run_after=None
[2026-06-19T17:01:12.637+0000] {processor.py:208} INFO - Processing /home/airflow/.local/lib/python3.12/site-packages/airflow/example_dags/example_dataset_alias_with_no_taskflow.py took 1.051 seconds
[2026-06-19T17:01:43.321+0000] {processor.py:186} INFO - Started process (PID=2459) to work on /home/airflow/.local/lib/python3.12/site-packages/airflow/example_dags/example_dataset_alias_with_no_taskflow.py
[2026-06-19T17:01:43.324+0000] {processor.py:914} INFO - Processing file /home/airflow/.local/lib/python3.12/site-packages/airflow/example_dags/example_dataset_alias_with_no_taskflow.py for tasks to queue
[2026-06-19T17:01:43.330+0000] {logging_mixin.py:190} INFO - [2026-06-19T17:01:43.330+0000] {dagbag.py:588} INFO - Filling up the DagBag from /home/airflow/.local/lib/python3.12/site-packages/airflow/example_dags/example_dataset_alias_with_no_taskflow.py
[2026-06-19T17:01:44.084+0000] {processor.py:925} INFO - DAG(s) 'dataset_alias_example_alias_producer_with_no_taskflow', 'dataset_s3_bucket_producer_with_no_taskflow', 'dataset_alias_example_alias_consumer_with_no_taskflow', 'dataset_s3_bucket_consumer_with_no_taskflow' retrieved from /home/airflow/.local/lib/python3.12/site-packages/airflow/example_dags/example_dataset_alias_with_no_taskflow.py
[2026-06-19T17:01:44.113+0000] {logging_mixin.py:190} INFO - [2026-06-19T17:01:44.113+0000] {dag.py:3239} INFO - Sync 4 DAGs
[2026-06-19T17:01:44.142+0000] {logging_mixin.py:190} INFO - [2026-06-19T17:01:44.142+0000] {dag.py:4180} INFO - Setting next_dagrun for dataset_alias_example_alias_consumer_with_no_taskflow to None, run_after=None
[2026-06-19T17:01:44.147+0000] {logging_mixin.py:190} INFO - [2026-06-19T17:01:44.146+0000] {dag.py:4180} INFO - Setting next_dagrun for dataset_alias_example_alias_producer_with_no_taskflow to None, run_after=None
[2026-06-19T17:01:44.150+0000] {logging_mixin.py:190} INFO - [2026-06-19T17:01:44.150+0000] {dag.py:4180} INFO - Setting next_dagrun for dataset_s3_bucket_consumer_with_no_taskflow to None, run_after=None
[2026-06-19T17:01:44.153+0000] {logging_mixin.py:190} INFO - [2026-06-19T17:01:44.152+0000] {dag.py:4180} INFO - Setting next_dagrun for dataset_s3_bucket_producer_with_no_taskflow to None, run_after=None
[2026-06-19T17:01:44.182+0000] {processor.py:208} INFO - Processing /home/airflow/.local/lib/python3.12/site-packages/airflow/example_dags/example_dataset_alias_with_no_taskflow.py took 0.869 seconds
[2026-06-19T17:02:14.264+0000] {processor.py:186} INFO - Started process (PID=2524) to work on /home/airflow/.local/lib/python3.12/site-packages/airflow/example_dags/example_dataset_alias_with_no_taskflow.py
[2026-06-19T17:02:14.268+0000] {processor.py:914} INFO - Processing file /home/airflow/.local/lib/python3.12/site-packages/airflow/example_dags/example_dataset_alias_with_no_taskflow.py for tasks to queue
[2026-06-19T17:02:14.276+0000] {logging_mixin.py:190} INFO - [2026-06-19T17:02:14.275+0000] {dagbag.py:588} INFO - Filling up the DagBag from /home/airflow/.local/lib/python3.12/site-packages/airflow/example_dags/example_dataset_alias_with_no_taskflow.py
[2026-06-19T17:02:15.355+0000] {processor.py:925} INFO - DAG(s) 'dataset_alias_example_alias_producer_with_no_taskflow', 'dataset_s3_bucket_producer_with_no_taskflow', 'dataset_alias_example_alias_consumer_with_no_taskflow', 'dataset_s3_bucket_consumer_with_no_taskflow' retrieved from /home/airflow/.local/lib/python3.12/site-packages/airflow/example_dags/example_dataset_alias_with_no_taskflow.py
[2026-06-19T17:02:15.396+0000] {logging_mixin.py:190} INFO - [2026-06-19T17:02:15.395+0000] {dag.py:3239} INFO - Sync 4 DAGs
[2026-06-19T17:02:15.431+0000] {logging_mixin.py:190} INFO - [2026-06-19T17:02:15.431+0000] {dag.py:4180} INFO - Setting next_dagrun for dataset_alias_example_alias_consumer_with_no_taskflow to None, run_after=None
[2026-06-19T17:02:15.436+0000] {logging_mixin.py:190} INFO - [2026-06-19T17:02:15.435+0000] {dag.py:4180} INFO - Setting next_dagrun for dataset_alias_example_alias_producer_with_no_taskflow to None, run_after=None
[2026-06-19T17:02:15.439+0000] {logging_mixin.py:190} INFO - [2026-06-19T17:02:15.438+0000] {dag.py:4180} INFO - Setting next_dagrun for dataset_s3_bucket_consumer_with_no_taskflow to None, run_after=None
[2026-06-19T17:02:15.441+0000] {logging_mixin.py:190} INFO - [2026-06-19T17:02:15.441+0000] {dag.py:4180} INFO - Setting next_dagrun for dataset_s3_bucket_producer_with_no_taskflow to None, run_after=None
[2026-06-19T17:02:15.479+0000] {processor.py:208} INFO - Processing /home/airflow/.local/lib/python3.12/site-packages/airflow/example_dags/example_dataset_alias_with_no_taskflow.py took 1.226 seconds
[2026-06-19T17:02:45.833+0000] {processor.py:186} INFO - Started process (PID=2588) to work on /home/airflow/.local/lib/python3.12/site-packages/airflow/example_dags/example_dataset_alias_with_no_taskflow.py
[2026-06-19T17:02:45.840+0000] {processor.py:914} INFO - Processing file /home/airflow/.local/lib/python3.12/site-packages/airflow/example_dags/example_dataset_alias_with_no_taskflow.py for tasks to queue
[2026-06-19T17:02:45.851+0000] {logging_mixin.py:190} INFO - [2026-06-19T17:02:45.849+0000] {dagbag.py:588} INFO - Filling up the DagBag from /home/airflow/.local/lib/python3.12/site-packages/airflow/example_dags/example_dataset_alias_with_no_taskflow.py
[2026-06-19T17:02:47.508+0000] {processor.py:925} INFO - DAG(s) 'dataset_s3_bucket_consumer_with_no_taskflow', 'dataset_s3_bucket_producer_with_no_taskflow', 'dataset_alias_example_alias_consumer_with_no_taskflow', 'dataset_alias_example_alias_producer_with_no_taskflow' retrieved from /home/airflow/.local/lib/python3.12/site-packages/airflow/example_dags/example_dataset_alias_with_no_taskflow.py
[2026-06-19T17:02:47.595+0000] {logging_mixin.py:190} INFO - [2026-06-19T17:02:47.594+0000] {dag.py:3239} INFO - Sync 4 DAGs
[2026-06-19T17:02:47.670+0000] {logging_mixin.py:190} INFO - [2026-06-19T17:02:47.669+0000] {dag.py:4180} INFO - Setting next_dagrun for dataset_alias_example_alias_consumer_with_no_taskflow to None, run_after=None
[2026-06-19T17:02:47.680+0000] {logging_mixin.py:190} INFO - [2026-06-19T17:02:47.679+0000] {dag.py:4180} INFO - Setting next_dagrun for dataset_alias_example_alias_producer_with_no_taskflow to None, run_after=None
[2026-06-19T17:02:47.685+0000] {logging_mixin.py:190} INFO - [2026-06-19T17:02:47.685+0000] {dag.py:4180} INFO - Setting next_dagrun for dataset_s3_bucket_consumer_with_no_taskflow to None, run_after=None
[2026-06-19T17:02:47.690+0000] {logging_mixin.py:190} INFO - [2026-06-19T17:02:47.690+0000] {dag.py:4180} INFO - Setting next_dagrun for dataset_s3_bucket_producer_with_no_taskflow to None, run_after=None
[2026-06-19T17:02:47.754+0000] {processor.py:208} INFO - Processing /home/airflow/.local/lib/python3.12/site-packages/airflow/example_dags/example_dataset_alias_with_no_taskflow.py took 1.943 seconds
[2026-06-19T17:04:29.254+0000] {processor.py:186} INFO - Started process (PID=97) to work on /home/airflow/.local/lib/python3.12/site-packages/airflow/example_dags/example_dataset_alias_with_no_taskflow.py
[2026-06-19T17:04:29.257+0000] {processor.py:914} INFO - Processing file /home/airflow/.local/lib/python3.12/site-packages/airflow/example_dags/example_dataset_alias_with_no_taskflow.py for tasks to queue
[2026-06-19T17:04:29.263+0000] {logging_mixin.py:190} INFO - [2026-06-19T17:04:29.262+0000] {dagbag.py:588} INFO - Filling up the DagBag from /home/airflow/.local/lib/python3.12/site-packages/airflow/example_dags/example_dataset_alias_with_no_taskflow.py
[2026-06-19T17:04:30.374+0000] {processor.py:925} INFO - DAG(s) 'dataset_s3_bucket_producer_with_no_taskflow', 'dataset_alias_example_alias_producer_with_no_taskflow', 'dataset_alias_example_alias_consumer_with_no_taskflow', 'dataset_s3_bucket_consumer_with_no_taskflow' retrieved from /home/airflow/.local/lib/python3.12/site-packages/airflow/example_dags/example_dataset_alias_with_no_taskflow.py
[2026-06-19T17:04:30.459+0000] {logging_mixin.py:190} INFO - [2026-06-19T17:04:30.457+0000] {dag.py:3239} INFO - Sync 4 DAGs
[2026-06-19T17:04:30.550+0000] {logging_mixin.py:190} INFO - [2026-06-19T17:04:30.550+0000] {dag.py:4180} INFO - Setting next_dagrun for dataset_alias_example_alias_consumer_with_no_taskflow to None, run_after=None
[2026-06-19T17:04:30.560+0000] {logging_mixin.py:190} INFO - [2026-06-19T17:04:30.560+0000] {dag.py:4180} INFO - Setting next_dagrun for dataset_alias_example_alias_producer_with_no_taskflow to None, run_after=None
[2026-06-19T17:04:30.565+0000] {logging_mixin.py:190} INFO - [2026-06-19T17:04:30.564+0000] {dag.py:4180} INFO - Setting next_dagrun for dataset_s3_bucket_consumer_with_no_taskflow to None, run_after=None
[2026-06-19T17:04:30.569+0000] {logging_mixin.py:190} INFO - [2026-06-19T17:04:30.569+0000] {dag.py:4180} INFO - Setting next_dagrun for dataset_s3_bucket_producer_with_no_taskflow to None, run_after=None
[2026-06-19T17:04:30.617+0000] {processor.py:208} INFO - Processing /home/airflow/.local/lib/python3.12/site-packages/airflow/example_dags/example_dataset_alias_with_no_taskflow.py took 1.376 seconds
[2026-06-19T17:05:01.067+0000] {processor.py:186} INFO - Started process (PID=162) to work on /home/airflow/.local/lib/python3.12/site-packages/airflow/example_dags/example_dataset_alias_with_no_taskflow.py
[2026-06-19T17:05:01.072+0000] {processor.py:914} INFO - Processing file /home/airflow/.local/lib/python3.12/site-packages/airflow/example_dags/example_dataset_alias_with_no_taskflow.py for tasks to queue
[2026-06-19T17:05:01.080+0000] {logging_mixin.py:190} INFO - [2026-06-19T17:05:01.079+0000] {dagbag.py:588} INFO - Filling up the DagBag from /home/airflow/.local/lib/python3.12/site-packages/airflow/example_dags/example_dataset_alias_with_no_taskflow.py
[2026-06-19T17:05:02.611+0000] {processor.py:925} INFO - DAG(s) 'dataset_s3_bucket_consumer_with_no_taskflow', 'dataset_alias_example_alias_consumer_with_no_taskflow', 'dataset_alias_example_alias_producer_with_no_taskflow', 'dataset_s3_bucket_producer_with_no_taskflow' retrieved from /home/airflow/.local/lib/python3.12/site-packages/airflow/example_dags/example_dataset_alias_with_no_taskflow.py
[2026-06-19T17:05:02.661+0000] {logging_mixin.py:190} INFO - [2026-06-19T17:05:02.660+0000] {dag.py:3239} INFO - Sync 4 DAGs
[2026-06-19T17:05:02.722+0000] {logging_mixin.py:190} INFO - [2026-06-19T17:05:02.722+0000] {dag.py:4180} INFO - Setting next_dagrun for dataset_alias_example_alias_consumer_with_no_taskflow to None, run_after=None
[2026-06-19T17:05:02.729+0000] {logging_mixin.py:190} INFO - [2026-06-19T17:05:02.729+0000] {dag.py:4180} INFO - Setting next_dagrun for dataset_alias_example_alias_producer_with_no_taskflow to None, run_after=None
[2026-06-19T17:05:02.734+0000] {logging_mixin.py:190} INFO - [2026-06-19T17:05:02.734+0000] {dag.py:4180} INFO - Setting next_dagrun for dataset_s3_bucket_consumer_with_no_taskflow to None, run_after=None
[2026-06-19T17:05:02.744+0000] {logging_mixin.py:190} INFO - [2026-06-19T17:05:02.743+0000] {dag.py:4180} INFO - Setting next_dagrun for dataset_s3_bucket_producer_with_no_taskflow to None, run_after=None
[2026-06-19T17:05:02.797+0000] {processor.py:208} INFO - Processing /home/airflow/.local/lib/python3.12/site-packages/airflow/example_dags/example_dataset_alias_with_no_taskflow.py took 1.750 seconds
[2026-06-19T17:05:32.986+0000] {processor.py:186} INFO - Started process (PID=227) to work on /home/airflow/.local/lib/python3.12/site-packages/airflow/example_dags/example_dataset_alias_with_no_taskflow.py
[2026-06-19T17:05:32.989+0000] {processor.py:914} INFO - Processing file /home/airflow/.local/lib/python3.12/site-packages/airflow/example_dags/example_dataset_alias_with_no_taskflow.py for tasks to queue
[2026-06-19T17:05:32.995+0000] {logging_mixin.py:190} INFO - [2026-06-19T17:05:32.994+0000] {dagbag.py:588} INFO - Filling up the DagBag from /home/airflow/.local/lib/python3.12/site-packages/airflow/example_dags/example_dataset_alias_with_no_taskflow.py
[2026-06-19T17:05:33.951+0000] {processor.py:925} INFO - DAG(s) 'dataset_s3_bucket_producer_with_no_taskflow', 'dataset_s3_bucket_consumer_with_no_taskflow', 'dataset_alias_example_alias_consumer_with_no_taskflow', 'dataset_alias_example_alias_producer_with_no_taskflow' retrieved from /home/airflow/.local/lib/python3.12/site-packages/airflow/example_dags/example_dataset_alias_with_no_taskflow.py
[2026-06-19T17:05:34.000+0000] {logging_mixin.py:190} INFO - [2026-06-19T17:05:33.997+0000] {dag.py:3239} INFO - Sync 4 DAGs
[2026-06-19T17:05:34.090+0000] {logging_mixin.py:190} INFO - [2026-06-19T17:05:34.089+0000] {dag.py:4180} INFO - Setting next_dagrun for dataset_alias_example_alias_consumer_with_no_taskflow to None, run_after=None
[2026-06-19T17:05:34.096+0000] {logging_mixin.py:190} INFO - [2026-06-19T17:05:34.096+0000] {dag.py:4180} INFO - Setting next_dagrun for dataset_alias_example_alias_producer_with_no_taskflow to None, run_after=None
[2026-06-19T17:05:34.100+0000] {logging_mixin.py:190} INFO - [2026-06-19T17:05:34.099+0000] {dag.py:4180} INFO - Setting next_dagrun for dataset_s3_bucket_consumer_with_no_taskflow to None, run_after=None
[2026-06-19T17:05:34.104+0000] {logging_mixin.py:190} INFO - [2026-06-19T17:05:34.104+0000] {dag.py:4180} INFO - Setting next_dagrun for dataset_s3_bucket_producer_with_no_taskflow to None, run_after=None
[2026-06-19T17:05:34.132+0000] {processor.py:208} INFO - Processing /home/airflow/.local/lib/python3.12/site-packages/airflow/example_dags/example_dataset_alias_with_no_taskflow.py took 1.156 seconds
[2026-06-19T17:06:08.182+0000] {processor.py:186} INFO - Started process (PID=301) to work on /home/airflow/.local/lib/python3.12/site-packages/airflow/example_dags/example_dataset_alias_with_no_taskflow.py
[2026-06-19T17:06:08.195+0000] {processor.py:914} INFO - Processing file /home/airflow/.local/lib/python3.12/site-packages/airflow/example_dags/example_dataset_alias_with_no_taskflow.py for tasks to queue
[2026-06-19T17:06:08.212+0000] {logging_mixin.py:190} INFO - [2026-06-19T17:06:08.209+0000] {dagbag.py:588} INFO - Filling up the DagBag from /home/airflow/.local/lib/python3.12/site-packages/airflow/example_dags/example_dataset_alias_with_no_taskflow.py
[2026-06-19T17:06:10.636+0000] {processor.py:925} INFO - DAG(s) 'dataset_alias_example_alias_producer_with_no_taskflow', 'dataset_s3_bucket_producer_with_no_taskflow', 'dataset_alias_example_alias_consumer_with_no_taskflow', 'dataset_s3_bucket_consumer_with_no_taskflow' retrieved from /home/airflow/.local/lib/python3.12/site-packages/airflow/example_dags/example_dataset_alias_with_no_taskflow.py
[2026-06-19T17:06:10.708+0000] {logging_mixin.py:190} INFO - [2026-06-19T17:06:10.707+0000] {dag.py:3239} INFO - Sync 4 DAGs
[2026-06-19T17:06:10.765+0000] {logging_mixin.py:190} INFO - [2026-06-19T17:06:10.764+0000] {dag.py:4180} INFO - Setting next_dagrun for dataset_alias_example_alias_consumer_with_no_taskflow to None, run_after=None
[2026-06-19T17:06:10.773+0000] {logging_mixin.py:190} INFO - [2026-06-19T17:06:10.772+0000] {dag.py:4180} INFO - Setting next_dagrun for dataset_alias_example_alias_producer_with_no_taskflow to None, run_after=None
[2026-06-19T17:06:10.779+0000] {logging_mixin.py:190} INFO - [2026-06-19T17:06:10.778+0000] {dag.py:4180} INFO - Setting next_dagrun for dataset_s3_bucket_consumer_with_no_taskflow to None, run_after=None
[2026-06-19T17:06:10.784+0000] {logging_mixin.py:190} INFO - [2026-06-19T17:06:10.784+0000] {dag.py:4180} INFO - Setting next_dagrun for dataset_s3_bucket_producer_with_no_taskflow to None, run_after=None
[2026-06-19T17:06:10.829+0000] {processor.py:208} INFO - Processing /home/airflow/.local/lib/python3.12/site-packages/airflow/example_dags/example_dataset_alias_with_no_taskflow.py took 2.671 seconds
[2026-06-19T17:08:03.961+0000] {processor.py:186} INFO - Started process (PID=97) to work on /home/airflow/.local/lib/python3.12/site-packages/airflow/example_dags/example_dataset_alias_with_no_taskflow.py
[2026-06-19T17:08:03.964+0000] {processor.py:914} INFO - Processing file /home/airflow/.local/lib/python3.12/site-packages/airflow/example_dags/example_dataset_alias_with_no_taskflow.py for tasks to queue
[2026-06-19T17:08:03.970+0000] {logging_mixin.py:190} INFO - [2026-06-19T17:08:03.970+0000] {dagbag.py:588} INFO - Filling up the DagBag from /home/airflow/.local/lib/python3.12/site-packages/airflow/example_dags/example_dataset_alias_with_no_taskflow.py
[2026-06-19T17:08:05.338+0000] {processor.py:925} INFO - DAG(s) 'dataset_alias_example_alias_consumer_with_no_taskflow', 'dataset_s3_bucket_consumer_with_no_taskflow', 'dataset_s3_bucket_producer_with_no_taskflow', 'dataset_alias_example_alias_producer_with_no_taskflow' retrieved from /home/airflow/.local/lib/python3.12/site-packages/airflow/example_dags/example_dataset_alias_with_no_taskflow.py
[2026-06-19T17:08:05.400+0000] {logging_mixin.py:190} INFO - [2026-06-19T17:08:05.399+0000] {dag.py:3239} INFO - Sync 4 DAGs
[2026-06-19T17:08:05.478+0000] {logging_mixin.py:190} INFO - [2026-06-19T17:08:05.476+0000] {dag.py:4180} INFO - Setting next_dagrun for dataset_alias_example_alias_consumer_with_no_taskflow to None, run_after=None
[2026-06-19T17:08:05.504+0000] {logging_mixin.py:190} INFO - [2026-06-19T17:08:05.503+0000] {dag.py:4180} INFO - Setting next_dagrun for dataset_alias_example_alias_producer_with_no_taskflow to None, run_after=None
[2026-06-19T17:08:05.522+0000] {logging_mixin.py:190} INFO - [2026-06-19T17:08:05.520+0000] {dag.py:4180} INFO - Setting next_dagrun for dataset_s3_bucket_consumer_with_no_taskflow to None, run_after=None
[2026-06-19T17:08:05.533+0000] {logging_mixin.py:190} INFO - [2026-06-19T17:08:05.533+0000] {dag.py:4180} INFO - Setting next_dagrun for dataset_s3_bucket_producer_with_no_taskflow to None, run_after=None
[2026-06-19T17:08:05.661+0000] {processor.py:208} INFO - Processing /home/airflow/.local/lib/python3.12/site-packages/airflow/example_dags/example_dataset_alias_with_no_taskflow.py took 1.711 seconds
[2026-06-19T17:08:35.849+0000] {processor.py:186} INFO - Started process (PID=165) to work on /home/airflow/.local/lib/python3.12/site-packages/airflow/example_dags/example_dataset_alias_with_no_taskflow.py
[2026-06-19T17:08:35.862+0000] {processor.py:914} INFO - Processing file /home/airflow/.local/lib/python3.12/site-packages/airflow/example_dags/example_dataset_alias_with_no_taskflow.py for tasks to queue
[2026-06-19T17:08:35.871+0000] {logging_mixin.py:190} INFO - [2026-06-19T17:08:35.870+0000] {dagbag.py:588} INFO - Filling up the DagBag from /home/airflow/.local/lib/python3.12/site-packages/airflow/example_dags/example_dataset_alias_with_no_taskflow.py
[2026-06-19T17:08:37.805+0000] {processor.py:925} INFO - DAG(s) 'dataset_s3_bucket_consumer_with_no_taskflow', 'dataset_alias_example_alias_producer_with_no_taskflow', 'dataset_alias_example_alias_consumer_with_no_taskflow', 'dataset_s3_bucket_producer_with_no_taskflow' retrieved from /home/airflow/.local/lib/python3.12/site-packages/airflow/example_dags/example_dataset_alias_with_no_taskflow.py
[2026-06-19T17:08:37.861+0000] {logging_mixin.py:190} INFO - [2026-06-19T17:08:37.859+0000] {dag.py:3239} INFO - Sync 4 DAGs
[2026-06-19T17:08:37.967+0000] {logging_mixin.py:190} INFO - [2026-06-19T17:08:37.960+0000] {dag.py:4180} INFO - Setting next_dagrun for dataset_alias_example_alias_consumer_with_no_taskflow to None, run_after=None
[2026-06-19T17:08:37.996+0000] {logging_mixin.py:190} INFO - [2026-06-19T17:08:37.995+0000] {dag.py:4180} INFO - Setting next_dagrun for dataset_alias_example_alias_producer_with_no_taskflow to None, run_after=None
[2026-06-19T17:08:38.008+0000] {logging_mixin.py:190} INFO - [2026-06-19T17:08:38.007+0000] {dag.py:4180} INFO - Setting next_dagrun for dataset_s3_bucket_consumer_with_no_taskflow to None, run_after=None
[2026-06-19T17:08:38.014+0000] {logging_mixin.py:190} INFO - [2026-06-19T17:08:38.014+0000] {dag.py:4180} INFO - Setting next_dagrun for dataset_s3_bucket_producer_with_no_taskflow to None, run_after=None
[2026-06-19T17:08:38.097+0000] {processor.py:208} INFO - Processing /home/airflow/.local/lib/python3.12/site-packages/airflow/example_dags/example_dataset_alias_with_no_taskflow.py took 2.284 seconds
[2026-06-19T17:09:08.469+0000] {processor.py:186} INFO - Started process (PID=240) to work on /home/airflow/.local/lib/python3.12/site-packages/airflow/example_dags/example_dataset_alias_with_no_taskflow.py
[2026-06-19T17:09:08.471+0000] {processor.py:914} INFO - Processing file /home/airflow/.local/lib/python3.12/site-packages/airflow/example_dags/example_dataset_alias_with_no_taskflow.py for tasks to queue
[2026-06-19T17:09:08.476+0000] {logging_mixin.py:190} INFO - [2026-06-19T17:09:08.476+0000] {dagbag.py:588} INFO - Filling up the DagBag from /home/airflow/.local/lib/python3.12/site-packages/airflow/example_dags/example_dataset_alias_with_no_taskflow.py
[2026-06-19T17:09:09.300+0000] {processor.py:925} INFO - DAG(s) 'dataset_alias_example_alias_consumer_with_no_taskflow', 'dataset_alias_example_alias_producer_with_no_taskflow', 'dataset_s3_bucket_consumer_with_no_taskflow', 'dataset_s3_bucket_producer_with_no_taskflow' retrieved from /home/airflow/.local/lib/python3.12/site-packages/airflow/example_dags/example_dataset_alias_with_no_taskflow.py
[2026-06-19T17:09:09.328+0000] {logging_mixin.py:190} INFO - [2026-06-19T17:09:09.328+0000] {dag.py:3239} INFO - Sync 4 DAGs
[2026-06-19T17:09:09.359+0000] {logging_mixin.py:190} INFO - [2026-06-19T17:09:09.359+0000] {dag.py:4180} INFO - Setting next_dagrun for dataset_alias_example_alias_consumer_with_no_taskflow to None, run_after=None
[2026-06-19T17:09:09.364+0000] {logging_mixin.py:190} INFO - [2026-06-19T17:09:09.364+0000] {dag.py:4180} INFO - Setting next_dagrun for dataset_alias_example_alias_producer_with_no_taskflow to None, run_after=None
[2026-06-19T17:09:09.369+0000] {logging_mixin.py:190} INFO - [2026-06-19T17:09:09.369+0000] {dag.py:4180} INFO - Setting next_dagrun for dataset_s3_bucket_consumer_with_no_taskflow to None, run_after=None
[2026-06-19T17:09:09.373+0000] {logging_mixin.py:190} INFO - [2026-06-19T17:09:09.373+0000] {dag.py:4180} INFO - Setting next_dagrun for dataset_s3_bucket_producer_with_no_taskflow to None, run_after=None
[2026-06-19T17:09:09.401+0000] {processor.py:208} INFO - Processing /home/airflow/.local/lib/python3.12/site-packages/airflow/example_dags/example_dataset_alias_with_no_taskflow.py took 0.942 seconds
[2026-06-19T17:09:39.658+0000] {processor.py:186} INFO - Started process (PID=298) to work on /home/airflow/.local/lib/python3.12/site-packages/airflow/example_dags/example_dataset_alias_with_no_taskflow.py
[2026-06-19T17:09:39.663+0000] {processor.py:914} INFO - Processing file /home/airflow/.local/lib/python3.12/site-packages/airflow/example_dags/example_dataset_alias_with_no_taskflow.py for tasks to queue
[2026-06-19T17:09:39.671+0000] {logging_mixin.py:190} INFO - [2026-06-19T17:09:39.670+0000] {dagbag.py:588} INFO - Filling up the DagBag from /home/airflow/.local/lib/python3.12/site-packages/airflow/example_dags/example_dataset_alias_with_no_taskflow.py
[2026-06-19T17:09:41.218+0000] {processor.py:925} INFO - DAG(s) 'dataset_s3_bucket_consumer_with_no_taskflow', 'dataset_alias_example_alias_consumer_with_no_taskflow', 'dataset_alias_example_alias_producer_with_no_taskflow', 'dataset_s3_bucket_producer_with_no_taskflow' retrieved from /home/airflow/.local/lib/python3.12/site-packages/airflow/example_dags/example_dataset_alias_with_no_taskflow.py
[2026-06-19T17:09:41.270+0000] {logging_mixin.py:190} INFO - [2026-06-19T17:09:41.269+0000] {dag.py:3239} INFO - Sync 4 DAGs
[2026-06-19T17:09:41.326+0000] {logging_mixin.py:190} INFO - [2026-06-19T17:09:41.326+0000] {dag.py:4180} INFO - Setting next_dagrun for dataset_alias_example_alias_consumer_with_no_taskflow to None, run_after=None
[2026-06-19T17:09:41.336+0000] {logging_mixin.py:190} INFO - [2026-06-19T17:09:41.336+0000] {dag.py:4180} INFO - Setting next_dagrun for dataset_alias_example_alias_producer_with_no_taskflow to None, run_after=None
[2026-06-19T17:09:41.342+0000] {logging_mixin.py:190} INFO - [2026-06-19T17:09:41.342+0000] {dag.py:4180} INFO - Setting next_dagrun for dataset_s3_bucket_consumer_with_no_taskflow to None, run_after=None
[2026-06-19T17:09:41.347+0000] {logging_mixin.py:190} INFO - [2026-06-19T17:09:41.346+0000] {dag.py:4180} INFO - Setting next_dagrun for dataset_s3_bucket_producer_with_no_taskflow to None, run_after=None
[2026-06-19T17:09:41.403+0000] {processor.py:208} INFO - Processing /home/airflow/.local/lib/python3.12/site-packages/airflow/example_dags/example_dataset_alias_with_no_taskflow.py took 1.760 seconds
[2026-06-19T17:10:13.571+0000] {processor.py:186} INFO - Started process (PID=363) to work on /home/airflow/.local/lib/python3.12/site-packages/airflow/example_dags/example_dataset_alias_with_no_taskflow.py
[2026-06-19T17:10:13.576+0000] {processor.py:914} INFO - Processing file /home/airflow/.local/lib/python3.12/site-packages/airflow/example_dags/example_dataset_alias_with_no_taskflow.py for tasks to queue
[2026-06-19T17:10:13.588+0000] {logging_mixin.py:190} INFO - [2026-06-19T17:10:13.586+0000] {dagbag.py:588} INFO - Filling up the DagBag from /home/airflow/.local/lib/python3.12/site-packages/airflow/example_dags/example_dataset_alias_with_no_taskflow.py
[2026-06-19T17:10:17.021+0000] {processor.py:925} INFO - DAG(s) 'dataset_s3_bucket_producer_with_no_taskflow', 'dataset_alias_example_alias_producer_with_no_taskflow', 'dataset_alias_example_alias_consumer_with_no_taskflow', 'dataset_s3_bucket_consumer_with_no_taskflow' retrieved from /home/airflow/.local/lib/python3.12/site-packages/airflow/example_dags/example_dataset_alias_with_no_taskflow.py
[2026-06-19T17:10:17.101+0000] {logging_mixin.py:190} INFO - [2026-06-19T17:10:17.100+0000] {dag.py:3239} INFO - Sync 4 DAGs
[2026-06-19T17:10:17.175+0000] {logging_mixin.py:190} INFO - [2026-06-19T17:10:17.175+0000] {dag.py:4180} INFO - Setting next_dagrun for dataset_alias_example_alias_consumer_with_no_taskflow to None, run_after=None
[2026-06-19T17:10:17.185+0000] {logging_mixin.py:190} INFO - [2026-06-19T17:10:17.184+0000] {dag.py:4180} INFO - Setting next_dagrun for dataset_alias_example_alias_producer_with_no_taskflow to None, run_after=None
[2026-06-19T17:10:17.191+0000] {logging_mixin.py:190} INFO - [2026-06-19T17:10:17.191+0000] {dag.py:4180} INFO - Setting next_dagrun for dataset_s3_bucket_consumer_with_no_taskflow to None, run_after=None
[2026-06-19T17:10:17.199+0000] {logging_mixin.py:190} INFO - [2026-06-19T17:10:17.198+0000] {dag.py:4180} INFO - Setting next_dagrun for dataset_s3_bucket_producer_with_no_taskflow to None, run_after=None
[2026-06-19T17:10:17.258+0000] {processor.py:208} INFO - Processing /home/airflow/.local/lib/python3.12/site-packages/airflow/example_dags/example_dataset_alias_with_no_taskflow.py took 3.716 seconds
[2026-06-19T17:10:47.415+0000] {processor.py:186} INFO - Started process (PID=431) to work on /home/airflow/.local/lib/python3.12/site-packages/airflow/example_dags/example_dataset_alias_with_no_taskflow.py
[2026-06-19T17:10:47.420+0000] {processor.py:914} INFO - Processing file /home/airflow/.local/lib/python3.12/site-packages/airflow/example_dags/example_dataset_alias_with_no_taskflow.py for tasks to queue
[2026-06-19T17:10:47.428+0000] {logging_mixin.py:190} INFO - [2026-06-19T17:10:47.427+0000] {dagbag.py:588} INFO - Filling up the DagBag from /home/airflow/.local/lib/python3.12/site-packages/airflow/example_dags/example_dataset_alias_with_no_taskflow.py
[2026-06-19T17:10:48.487+0000] {processor.py:925} INFO - DAG(s) 'dataset_s3_bucket_producer_with_no_taskflow', 'dataset_alias_example_alias_consumer_with_no_taskflow', 'dataset_alias_example_alias_producer_with_no_taskflow', 'dataset_s3_bucket_consumer_with_no_taskflow' retrieved from /home/airflow/.local/lib/python3.12/site-packages/airflow/example_dags/example_dataset_alias_with_no_taskflow.py
[2026-06-19T17:10:48.528+0000] {logging_mixin.py:190} INFO - [2026-06-19T17:10:48.527+0000] {dag.py:3239} INFO - Sync 4 DAGs
[2026-06-19T17:10:48.566+0000] {logging_mixin.py:190} INFO - [2026-06-19T17:10:48.566+0000] {dag.py:4180} INFO - Setting next_dagrun for dataset_alias_example_alias_consumer_with_no_taskflow to None, run_after=None
[2026-06-19T17:10:48.572+0000] {logging_mixin.py:190} INFO - [2026-06-19T17:10:48.572+0000] {dag.py:4180} INFO - Setting next_dagrun for dataset_alias_example_alias_producer_with_no_taskflow to None, run_after=None
[2026-06-19T17:10:48.577+0000] {logging_mixin.py:190} INFO - [2026-06-19T17:10:48.577+0000] {dag.py:4180} INFO - Setting next_dagrun for dataset_s3_bucket_consumer_with_no_taskflow to None, run_after=None
[2026-06-19T17:10:48.581+0000] {logging_mixin.py:190} INFO - [2026-06-19T17:10:48.580+0000] {dag.py:4180} INFO - Setting next_dagrun for dataset_s3_bucket_producer_with_no_taskflow to None, run_after=None
[2026-06-19T17:10:48.612+0000] {processor.py:208} INFO - Processing /home/airflow/.local/lib/python3.12/site-packages/airflow/example_dags/example_dataset_alias_with_no_taskflow.py took 1.208 seconds
[2026-06-19T17:11:18.857+0000] {processor.py:186} INFO - Started process (PID=497) to work on /home/airflow/.local/lib/python3.12/site-packages/airflow/example_dags/example_dataset_alias_with_no_taskflow.py
[2026-06-19T17:11:18.906+0000] {processor.py:914} INFO - Processing file /home/airflow/.local/lib/python3.12/site-packages/airflow/example_dags/example_dataset_alias_with_no_taskflow.py for tasks to queue
[2026-06-19T17:11:18.927+0000] {logging_mixin.py:190} INFO - [2026-06-19T17:11:18.926+0000] {dagbag.py:588} INFO - Filling up the DagBag from /home/airflow/.local/lib/python3.12/site-packages/airflow/example_dags/example_dataset_alias_with_no_taskflow.py
[2026-06-19T17:11:21.367+0000] {processor.py:925} INFO - DAG(s) 'dataset_s3_bucket_producer_with_no_taskflow', 'dataset_alias_example_alias_consumer_with_no_taskflow', 'dataset_alias_example_alias_producer_with_no_taskflow', 'dataset_s3_bucket_consumer_with_no_taskflow' retrieved from /home/airflow/.local/lib/python3.12/site-packages/airflow/example_dags/example_dataset_alias_with_no_taskflow.py
[2026-06-19T17:11:21.443+0000] {logging_mixin.py:190} INFO - [2026-06-19T17:11:21.442+0000] {dag.py:3239} INFO - Sync 4 DAGs
[2026-06-19T17:11:21.518+0000] {logging_mixin.py:190} INFO - [2026-06-19T17:11:21.518+0000] {dag.py:4180} INFO - Setting next_dagrun for dataset_alias_example_alias_consumer_with_no_taskflow to None, run_after=None
[2026-06-19T17:11:21.526+0000] {logging_mixin.py:190} INFO - [2026-06-19T17:11:21.526+0000] {dag.py:4180} INFO - Setting next_dagrun for dataset_alias_example_alias_producer_with_no_taskflow to None, run_after=None
[2026-06-19T17:11:21.532+0000] {logging_mixin.py:190} INFO - [2026-06-19T17:11:21.532+0000] {dag.py:4180} INFO - Setting next_dagrun for dataset_s3_bucket_consumer_with_no_taskflow to None, run_after=None
[2026-06-19T17:11:21.539+0000] {logging_mixin.py:190} INFO - [2026-06-19T17:11:21.538+0000] {dag.py:4180} INFO - Setting next_dagrun for dataset_s3_bucket_producer_with_no_taskflow to None, run_after=None
[2026-06-19T17:11:21.602+0000] {processor.py:208} INFO - Processing /home/airflow/.local/lib/python3.12/site-packages/airflow/example_dags/example_dataset_alias_with_no_taskflow.py took 2.780 seconds
[2026-06-19T17:11:51.811+0000] {processor.py:186} INFO - Started process (PID=565) to work on /home/airflow/.local/lib/python3.12/site-packages/airflow/example_dags/example_dataset_alias_with_no_taskflow.py
[2026-06-19T17:11:51.815+0000] {processor.py:914} INFO - Processing file /home/airflow/.local/lib/python3.12/site-packages/airflow/example_dags/example_dataset_alias_with_no_taskflow.py for tasks to queue
[2026-06-19T17:11:51.822+0000] {logging_mixin.py:190} INFO - [2026-06-19T17:11:51.821+0000] {dagbag.py:588} INFO - Filling up the DagBag from /home/airflow/.local/lib/python3.12/site-packages/airflow/example_dags/example_dataset_alias_with_no_taskflow.py
[2026-06-19T17:11:53.018+0000] {processor.py:925} INFO - DAG(s) 'dataset_alias_example_alias_producer_with_no_taskflow', 'dataset_s3_bucket_consumer_with_no_taskflow', 'dataset_s3_bucket_producer_with_no_taskflow', 'dataset_alias_example_alias_consumer_with_no_taskflow' retrieved from /home/airflow/.local/lib/python3.12/site-packages/airflow/example_dags/example_dataset_alias_with_no_taskflow.py
[2026-06-19T17:11:53.062+0000] {logging_mixin.py:190} INFO - [2026-06-19T17:11:53.061+0000] {dag.py:3239} INFO - Sync 4 DAGs
[2026-06-19T17:11:53.100+0000] {logging_mixin.py:190} INFO - [2026-06-19T17:11:53.100+0000] {dag.py:4180} INFO - Setting next_dagrun for dataset_alias_example_alias_consumer_with_no_taskflow to None, run_after=None
[2026-06-19T17:11:53.107+0000] {logging_mixin.py:190} INFO - [2026-06-19T17:11:53.107+0000] {dag.py:4180} INFO - Setting next_dagrun for dataset_alias_example_alias_producer_with_no_taskflow to None, run_after=None
[2026-06-19T17:11:53.115+0000] {logging_mixin.py:190} INFO - [2026-06-19T17:11:53.114+0000] {dag.py:4180} INFO - Setting next_dagrun for dataset_s3_bucket_consumer_with_no_taskflow to None, run_after=None
[2026-06-19T17:11:53.121+0000] {logging_mixin.py:190} INFO - [2026-06-19T17:11:53.120+0000] {dag.py:4180} INFO - Setting next_dagrun for dataset_s3_bucket_producer_with_no_taskflow to None, run_after=None
[2026-06-19T17:11:53.163+0000] {processor.py:208} INFO - Processing /home/airflow/.local/lib/python3.12/site-packages/airflow/example_dags/example_dataset_alias_with_no_taskflow.py took 1.366 seconds
[2026-06-19T17:12:24.467+0000] {processor.py:186} INFO - Started process (PID=629) to work on /home/airflow/.local/lib/python3.12/site-packages/airflow/example_dags/example_dataset_alias_with_no_taskflow.py
[2026-06-19T17:12:24.477+0000] {processor.py:914} INFO - Processing file /home/airflow/.local/lib/python3.12/site-packages/airflow/example_dags/example_dataset_alias_with_no_taskflow.py for tasks to queue
[2026-06-19T17:12:24.491+0000] {logging_mixin.py:190} INFO - [2026-06-19T17:12:24.490+0000] {dagbag.py:588} INFO - Filling up the DagBag from /home/airflow/.local/lib/python3.12/site-packages/airflow/example_dags/example_dataset_alias_with_no_taskflow.py
[2026-06-19T17:12:25.911+0000] {processor.py:925} INFO - DAG(s) 'dataset_alias_example_alias_consumer_with_no_taskflow', 'dataset_alias_example_alias_producer_with_no_taskflow', 'dataset_s3_bucket_consumer_with_no_taskflow', 'dataset_s3_bucket_producer_with_no_taskflow' retrieved from /home/airflow/.local/lib/python3.12/site-packages/airflow/example_dags/example_dataset_alias_with_no_taskflow.py
[2026-06-19T17:12:25.945+0000] {logging_mixin.py:190} INFO - [2026-06-19T17:12:25.945+0000] {dag.py:3239} INFO - Sync 4 DAGs
[2026-06-19T17:12:25.983+0000] {logging_mixin.py:190} INFO - [2026-06-19T17:12:25.982+0000] {dag.py:4180} INFO - Setting next_dagrun for dataset_alias_example_alias_consumer_with_no_taskflow to None, run_after=None
[2026-06-19T17:12:25.989+0000] {logging_mixin.py:190} INFO - [2026-06-19T17:12:25.988+0000] {dag.py:4180} INFO - Setting next_dagrun for dataset_alias_example_alias_producer_with_no_taskflow to None, run_after=None
[2026-06-19T17:12:25.992+0000] {logging_mixin.py:190} INFO - [2026-06-19T17:12:25.992+0000] {dag.py:4180} INFO - Setting next_dagrun for dataset_s3_bucket_consumer_with_no_taskflow to None, run_after=None
[2026-06-19T17:12:25.995+0000] {logging_mixin.py:190} INFO - [2026-06-19T17:12:25.995+0000] {dag.py:4180} INFO - Setting next_dagrun for dataset_s3_bucket_producer_with_no_taskflow to None, run_after=None
[2026-06-19T17:12:26.028+0000] {processor.py:208} INFO - Processing /home/airflow/.local/lib/python3.12/site-packages/airflow/example_dags/example_dataset_alias_with_no_taskflow.py took 1.609 seconds
[2026-06-19T17:12:56.372+0000] {processor.py:186} INFO - Started process (PID=694) to work on /home/airflow/.local/lib/python3.12/site-packages/airflow/example_dags/example_dataset_alias_with_no_taskflow.py
[2026-06-19T17:12:56.386+0000] {processor.py:914} INFO - Processing file /home/airflow/.local/lib/python3.12/site-packages/airflow/example_dags/example_dataset_alias_with_no_taskflow.py for tasks to queue
[2026-06-19T17:12:56.389+0000] {logging_mixin.py:190} INFO - [2026-06-19T17:12:56.389+0000] {dagbag.py:588} INFO - Filling up the DagBag from /home/airflow/.local/lib/python3.12/site-packages/airflow/example_dags/example_dataset_alias_with_no_taskflow.py
[2026-06-19T17:12:56.929+0000] {processor.py:925} INFO - DAG(s) 'dataset_alias_example_alias_producer_with_no_taskflow', 'dataset_s3_bucket_producer_with_no_taskflow', 'dataset_s3_bucket_consumer_with_no_taskflow', 'dataset_alias_example_alias_consumer_with_no_taskflow' retrieved from /home/airflow/.local/lib/python3.12/site-packages/airflow/example_dags/example_dataset_alias_with_no_taskflow.py
[2026-06-19T17:12:56.953+0000] {logging_mixin.py:190} INFO - [2026-06-19T17:12:56.952+0000] {dag.py:3239} INFO - Sync 4 DAGs
[2026-06-19T17:12:56.977+0000] {logging_mixin.py:190} INFO - [2026-06-19T17:12:56.976+0000] {dag.py:4180} INFO - Setting next_dagrun for dataset_alias_example_alias_consumer_with_no_taskflow to None, run_after=None
[2026-06-19T17:12:56.981+0000] {logging_mixin.py:190} INFO - [2026-06-19T17:12:56.980+0000] {dag.py:4180} INFO - Setting next_dagrun for dataset_alias_example_alias_producer_with_no_taskflow to None, run_after=None
[2026-06-19T17:12:56.983+0000] {logging_mixin.py:190} INFO - [2026-06-19T17:12:56.983+0000] {dag.py:4180} INFO - Setting next_dagrun for dataset_s3_bucket_consumer_with_no_taskflow to None, run_after=None
[2026-06-19T17:12:56.985+0000] {logging_mixin.py:190} INFO - [2026-06-19T17:12:56.985+0000] {dag.py:4180} INFO - Setting next_dagrun for dataset_s3_bucket_producer_with_no_taskflow to None, run_after=None
[2026-06-19T17:12:57.010+0000] {processor.py:208} INFO - Processing /home/airflow/.local/lib/python3.12/site-packages/airflow/example_dags/example_dataset_alias_with_no_taskflow.py took 0.643 seconds
[2026-06-19T17:13:27.760+0000] {processor.py:186} INFO - Started process (PID=758) to work on /home/airflow/.local/lib/python3.12/site-packages/airflow/example_dags/example_dataset_alias_with_no_taskflow.py
[2026-06-19T17:13:27.773+0000] {processor.py:914} INFO - Processing file /home/airflow/.local/lib/python3.12/site-packages/airflow/example_dags/example_dataset_alias_with_no_taskflow.py for tasks to queue
[2026-06-19T17:13:27.792+0000] {logging_mixin.py:190} INFO - [2026-06-19T17:13:27.790+0000] {dagbag.py:588} INFO - Filling up the DagBag from /home/airflow/.local/lib/python3.12/site-packages/airflow/example_dags/example_dataset_alias_with_no_taskflow.py
[2026-06-19T17:13:30.783+0000] {processor.py:925} INFO - DAG(s) 'dataset_alias_example_alias_consumer_with_no_taskflow', 'dataset_alias_example_alias_producer_with_no_taskflow', 'dataset_s3_bucket_consumer_with_no_taskflow', 'dataset_s3_bucket_producer_with_no_taskflow' retrieved from /home/airflow/.local/lib/python3.12/site-packages/airflow/example_dags/example_dataset_alias_with_no_taskflow.py
[2026-06-19T17:13:30.905+0000] {logging_mixin.py:190} INFO - [2026-06-19T17:13:30.903+0000] {dag.py:3239} INFO - Sync 4 DAGs
[2026-06-19T17:13:31.012+0000] {logging_mixin.py:190} INFO - [2026-06-19T17:13:31.012+0000] {dag.py:4180} INFO - Setting next_dagrun for dataset_alias_example_alias_consumer_with_no_taskflow to None, run_after=None
[2026-06-19T17:13:31.027+0000] {logging_mixin.py:190} INFO - [2026-06-19T17:13:31.027+0000] {dag.py:4180} INFO - Setting next_dagrun for dataset_alias_example_alias_producer_with_no_taskflow to None, run_after=None
[2026-06-19T17:13:31.035+0000] {logging_mixin.py:190} INFO - [2026-06-19T17:13:31.034+0000] {dag.py:4180} INFO - Setting next_dagrun for dataset_s3_bucket_consumer_with_no_taskflow to None, run_after=None
[2026-06-19T17:13:31.048+0000] {logging_mixin.py:190} INFO - [2026-06-19T17:13:31.045+0000] {dag.py:4180} INFO - Setting next_dagrun for dataset_s3_bucket_producer_with_no_taskflow to None, run_after=None
[2026-06-19T17:13:31.127+0000] {processor.py:208} INFO - Processing /home/airflow/.local/lib/python3.12/site-packages/airflow/example_dags/example_dataset_alias_with_no_taskflow.py took 3.410 seconds
[2026-06-19T17:14:01.596+0000] {processor.py:186} INFO - Started process (PID=822) to work on /home/airflow/.local/lib/python3.12/site-packages/airflow/example_dags/example_dataset_alias_with_no_taskflow.py
[2026-06-19T17:14:01.603+0000] {processor.py:914} INFO - Processing file /home/airflow/.local/lib/python3.12/site-packages/airflow/example_dags/example_dataset_alias_with_no_taskflow.py for tasks to queue
[2026-06-19T17:14:01.630+0000] {logging_mixin.py:190} INFO - [2026-06-19T17:14:01.621+0000] {dagbag.py:588} INFO - Filling up the DagBag from /home/airflow/.local/lib/python3.12/site-packages/airflow/example_dags/example_dataset_alias_with_no_taskflow.py
[2026-06-19T17:14:05.517+0000] {processor.py:925} INFO - DAG(s) 'dataset_alias_example_alias_producer_with_no_taskflow', 'dataset_s3_bucket_consumer_with_no_taskflow', 'dataset_alias_example_alias_consumer_with_no_taskflow', 'dataset_s3_bucket_producer_with_no_taskflow' retrieved from /home/airflow/.local/lib/python3.12/site-packages/airflow/example_dags/example_dataset_alias_with_no_taskflow.py
[2026-06-19T17:14:05.623+0000] {logging_mixin.py:190} INFO - [2026-06-19T17:14:05.620+0000] {dag.py:3239} INFO - Sync 4 DAGs
[2026-06-19T17:14:05.720+0000] {logging_mixin.py:190} INFO - [2026-06-19T17:14:05.719+0000] {dag.py:4180} INFO - Setting next_dagrun for dataset_alias_example_alias_consumer_with_no_taskflow to None, run_after=None
[2026-06-19T17:14:05.732+0000] {logging_mixin.py:190} INFO - [2026-06-19T17:14:05.731+0000] {dag.py:4180} INFO - Setting next_dagrun for dataset_alias_example_alias_producer_with_no_taskflow to None, run_after=None
[2026-06-19T17:14:05.740+0000] {logging_mixin.py:190} INFO - [2026-06-19T17:14:05.739+0000] {dag.py:4180} INFO - Setting next_dagrun for dataset_s3_bucket_consumer_with_no_taskflow to None, run_after=None
[2026-06-19T17:14:05.748+0000] {logging_mixin.py:190} INFO - [2026-06-19T17:14:05.747+0000] {dag.py:4180} INFO - Setting next_dagrun for dataset_s3_bucket_producer_with_no_taskflow to None, run_after=None
[2026-06-19T17:14:05.843+0000] {processor.py:208} INFO - Processing /home/airflow/.local/lib/python3.12/site-packages/airflow/example_dags/example_dataset_alias_with_no_taskflow.py took 4.292 seconds
[2026-06-19T17:14:36.100+0000] {processor.py:186} INFO - Started process (PID=885) to work on /home/airflow/.local/lib/python3.12/site-packages/airflow/example_dags/example_dataset_alias_with_no_taskflow.py
[2026-06-19T17:14:36.107+0000] {processor.py:914} INFO - Processing file /home/airflow/.local/lib/python3.12/site-packages/airflow/example_dags/example_dataset_alias_with_no_taskflow.py for tasks to queue
[2026-06-19T17:14:36.120+0000] {logging_mixin.py:190} INFO - [2026-06-19T17:14:36.119+0000] {dagbag.py:588} INFO - Filling up the DagBag from /home/airflow/.local/lib/python3.12/site-packages/airflow/example_dags/example_dataset_alias_with_no_taskflow.py
[2026-06-19T17:14:38.186+0000] {processor.py:925} INFO - DAG(s) 'dataset_s3_bucket_producer_with_no_taskflow', 'dataset_alias_example_alias_consumer_with_no_taskflow', 'dataset_s3_bucket_consumer_with_no_taskflow', 'dataset_alias_example_alias_producer_with_no_taskflow' retrieved from /home/airflow/.local/lib/python3.12/site-packages/airflow/example_dags/example_dataset_alias_with_no_taskflow.py
[2026-06-19T17:14:38.295+0000] {logging_mixin.py:190} INFO - [2026-06-19T17:14:38.293+0000] {dag.py:3239} INFO - Sync 4 DAGs
[2026-06-19T17:14:38.477+0000] {logging_mixin.py:190} INFO - [2026-06-19T17:14:38.476+0000] {dag.py:4180} INFO - Setting next_dagrun for dataset_alias_example_alias_consumer_with_no_taskflow to None, run_after=None
[2026-06-19T17:14:38.504+0000] {logging_mixin.py:190} INFO - [2026-06-19T17:14:38.503+0000] {dag.py:4180} INFO - Setting next_dagrun for dataset_alias_example_alias_producer_with_no_taskflow to None, run_after=None
[2026-06-19T17:14:38.516+0000] {logging_mixin.py:190} INFO - [2026-06-19T17:14:38.516+0000] {dag.py:4180} INFO - Setting next_dagrun for dataset_s3_bucket_consumer_with_no_taskflow to None, run_after=None
[2026-06-19T17:14:38.523+0000] {logging_mixin.py:190} INFO - [2026-06-19T17:14:38.523+0000] {dag.py:4180} INFO - Setting next_dagrun for dataset_s3_bucket_producer_with_no_taskflow to None, run_after=None
[2026-06-19T17:14:38.649+0000] {processor.py:208} INFO - Processing /home/airflow/.local/lib/python3.12/site-packages/airflow/example_dags/example_dataset_alias_with_no_taskflow.py took 2.573 seconds
[2026-06-19T17:15:09.444+0000] {processor.py:186} INFO - Started process (PID=955) to work on /home/airflow/.local/lib/python3.12/site-packages/airflow/example_dags/example_dataset_alias_with_no_taskflow.py
[2026-06-19T17:15:09.447+0000] {processor.py:914} INFO - Processing file /home/airflow/.local/lib/python3.12/site-packages/airflow/example_dags/example_dataset_alias_with_no_taskflow.py for tasks to queue
[2026-06-19T17:15:09.461+0000] {logging_mixin.py:190} INFO - [2026-06-19T17:15:09.460+0000] {dagbag.py:588} INFO - Filling up the DagBag from /home/airflow/.local/lib/python3.12/site-packages/airflow/example_dags/example_dataset_alias_with_no_taskflow.py
[2026-06-19T17:15:11.432+0000] {processor.py:925} INFO - DAG(s) 'dataset_alias_example_alias_consumer_with_no_taskflow', 'dataset_s3_bucket_producer_with_no_taskflow', 'dataset_s3_bucket_consumer_with_no_taskflow', 'dataset_alias_example_alias_producer_with_no_taskflow' retrieved from /home/airflow/.local/lib/python3.12/site-packages/airflow/example_dags/example_dataset_alias_with_no_taskflow.py
[2026-06-19T17:15:11.516+0000] {logging_mixin.py:190} INFO - [2026-06-19T17:15:11.515+0000] {dag.py:3239} INFO - Sync 4 DAGs
[2026-06-19T17:15:11.586+0000] {logging_mixin.py:190} INFO - [2026-06-19T17:15:11.585+0000] {dag.py:4180} INFO - Setting next_dagrun for dataset_alias_example_alias_consumer_with_no_taskflow to None, run_after=None
[2026-06-19T17:15:11.595+0000] {logging_mixin.py:190} INFO - [2026-06-19T17:15:11.594+0000] {dag.py:4180} INFO - Setting next_dagrun for dataset_alias_example_alias_producer_with_no_taskflow to None, run_after=None
[2026-06-19T17:15:11.601+0000] {logging_mixin.py:190} INFO - [2026-06-19T17:15:11.601+0000] {dag.py:4180} INFO - Setting next_dagrun for dataset_s3_bucket_consumer_with_no_taskflow to None, run_after=None
[2026-06-19T17:15:11.608+0000] {logging_mixin.py:190} INFO - [2026-06-19T17:15:11.607+0000] {dag.py:4180} INFO - Setting next_dagrun for dataset_s3_bucket_producer_with_no_taskflow to None, run_after=None
[2026-06-19T17:15:11.660+0000] {processor.py:208} INFO - Processing /home/airflow/.local/lib/python3.12/site-packages/airflow/example_dags/example_dataset_alias_with_no_taskflow.py took 2.225 seconds
[2026-06-19T17:15:42.081+0000] {processor.py:186} INFO - Started process (PID=1020) to work on /home/airflow/.local/lib/python3.12/site-packages/airflow/example_dags/example_dataset_alias_with_no_taskflow.py
[2026-06-19T17:15:42.088+0000] {processor.py:914} INFO - Processing file /home/airflow/.local/lib/python3.12/site-packages/airflow/example_dags/example_dataset_alias_with_no_taskflow.py for tasks to queue
[2026-06-19T17:15:42.099+0000] {logging_mixin.py:190} INFO - [2026-06-19T17:15:42.097+0000] {dagbag.py:588} INFO - Filling up the DagBag from /home/airflow/.local/lib/python3.12/site-packages/airflow/example_dags/example_dataset_alias_with_no_taskflow.py
[2026-06-19T17:15:43.018+0000] {processor.py:925} INFO - DAG(s) 'dataset_s3_bucket_consumer_with_no_taskflow', 'dataset_s3_bucket_producer_with_no_taskflow', 'dataset_alias_example_alias_consumer_with_no_taskflow', 'dataset_alias_example_alias_producer_with_no_taskflow' retrieved from /home/airflow/.local/lib/python3.12/site-packages/airflow/example_dags/example_dataset_alias_with_no_taskflow.py
[2026-06-19T17:15:43.056+0000] {logging_mixin.py:190} INFO - [2026-06-19T17:15:43.055+0000] {dag.py:3239} INFO - Sync 4 DAGs
[2026-06-19T17:15:43.100+0000] {logging_mixin.py:190} INFO - [2026-06-19T17:15:43.100+0000] {dag.py:4180} INFO - Setting next_dagrun for dataset_alias_example_alias_consumer_with_no_taskflow to None, run_after=None
[2026-06-19T17:15:43.107+0000] {logging_mixin.py:190} INFO - [2026-06-19T17:15:43.107+0000] {dag.py:4180} INFO - Setting next_dagrun for dataset_alias_example_alias_producer_with_no_taskflow to None, run_after=None
[2026-06-19T17:15:43.112+0000] {logging_mixin.py:190} INFO - [2026-06-19T17:15:43.111+0000] {dag.py:4180} INFO - Setting next_dagrun for dataset_s3_bucket_consumer_with_no_taskflow to None, run_after=None
[2026-06-19T17:15:43.116+0000] {logging_mixin.py:190} INFO - [2026-06-19T17:15:43.116+0000] {dag.py:4180} INFO - Setting next_dagrun for dataset_s3_bucket_producer_with_no_taskflow to None, run_after=None
[2026-06-19T17:15:43.163+0000] {processor.py:208} INFO - Processing /home/airflow/.local/lib/python3.12/site-packages/airflow/example_dags/example_dataset_alias_with_no_taskflow.py took 1.103 seconds
[2026-06-19T17:16:13.412+0000] {processor.py:186} INFO - Started process (PID=1086) to work on /home/airflow/.local/lib/python3.12/site-packages/airflow/example_dags/example_dataset_alias_with_no_taskflow.py
[2026-06-19T17:16:13.414+0000] {processor.py:914} INFO - Processing file /home/airflow/.local/lib/python3.12/site-packages/airflow/example_dags/example_dataset_alias_with_no_taskflow.py for tasks to queue
[2026-06-19T17:16:13.417+0000] {logging_mixin.py:190} INFO - [2026-06-19T17:16:13.417+0000] {dagbag.py:588} INFO - Filling up the DagBag from /home/airflow/.local/lib/python3.12/site-packages/airflow/example_dags/example_dataset_alias_with_no_taskflow.py
[2026-06-19T17:16:14.045+0000] {processor.py:925} INFO - DAG(s) 'dataset_s3_bucket_producer_with_no_taskflow', 'dataset_alias_example_alias_producer_with_no_taskflow', 'dataset_alias_example_alias_consumer_with_no_taskflow', 'dataset_s3_bucket_consumer_with_no_taskflow' retrieved from /home/airflow/.local/lib/python3.12/site-packages/airflow/example_dags/example_dataset_alias_with_no_taskflow.py
[2026-06-19T17:16:14.070+0000] {logging_mixin.py:190} INFO - [2026-06-19T17:16:14.069+0000] {dag.py:3239} INFO - Sync 4 DAGs
[2026-06-19T17:16:14.094+0000] {logging_mixin.py:190} INFO - [2026-06-19T17:16:14.094+0000] {dag.py:4180} INFO - Setting next_dagrun for dataset_alias_example_alias_consumer_with_no_taskflow to None, run_after=None
[2026-06-19T17:16:14.098+0000] {logging_mixin.py:190} INFO - [2026-06-19T17:16:14.098+0000] {dag.py:4180} INFO - Setting next_dagrun for dataset_alias_example_alias_producer_with_no_taskflow to None, run_after=None
[2026-06-19T17:16:14.102+0000] {logging_mixin.py:190} INFO - [2026-06-19T17:16:14.102+0000] {dag.py:4180} INFO - Setting next_dagrun for dataset_s3_bucket_consumer_with_no_taskflow to None, run_after=None
[2026-06-19T17:16:14.105+0000] {logging_mixin.py:190} INFO - [2026-06-19T17:16:14.105+0000] {dag.py:4180} INFO - Setting next_dagrun for dataset_s3_bucket_producer_with_no_taskflow to None, run_after=None
[2026-06-19T17:16:14.129+0000] {processor.py:208} INFO - Processing /home/airflow/.local/lib/python3.12/site-packages/airflow/example_dags/example_dataset_alias_with_no_taskflow.py took 0.724 seconds
[2026-06-19T17:16:45.021+0000] {processor.py:186} INFO - Started process (PID=1151) to work on /home/airflow/.local/lib/python3.12/site-packages/airflow/example_dags/example_dataset_alias_with_no_taskflow.py
[2026-06-19T17:16:45.023+0000] {processor.py:914} INFO - Processing file /home/airflow/.local/lib/python3.12/site-packages/airflow/example_dags/example_dataset_alias_with_no_taskflow.py for tasks to queue
[2026-06-19T17:16:45.028+0000] {logging_mixin.py:190} INFO - [2026-06-19T17:16:45.027+0000] {dagbag.py:588} INFO - Filling up the DagBag from /home/airflow/.local/lib/python3.12/site-packages/airflow/example_dags/example_dataset_alias_with_no_taskflow.py
[2026-06-19T17:16:46.022+0000] {processor.py:925} INFO - DAG(s) 'dataset_s3_bucket_consumer_with_no_taskflow', 'dataset_alias_example_alias_consumer_with_no_taskflow', 'dataset_alias_example_alias_producer_with_no_taskflow', 'dataset_s3_bucket_producer_with_no_taskflow' retrieved from /home/airflow/.local/lib/python3.12/site-packages/airflow/example_dags/example_dataset_alias_with_no_taskflow.py
[2026-06-19T17:16:46.069+0000] {logging_mixin.py:190} INFO - [2026-06-19T17:16:46.068+0000] {dag.py:3239} INFO - Sync 4 DAGs
[2026-06-19T17:16:46.123+0000] {logging_mixin.py:190} INFO - [2026-06-19T17:16:46.123+0000] {dag.py:4180} INFO - Setting next_dagrun for dataset_alias_example_alias_consumer_with_no_taskflow to None, run_after=None
[2026-06-19T17:16:46.136+0000] {logging_mixin.py:190} INFO - [2026-06-19T17:16:46.136+0000] {dag.py:4180} INFO - Setting next_dagrun for dataset_alias_example_alias_producer_with_no_taskflow to None, run_after=None
[2026-06-19T17:16:46.194+0000] {logging_mixin.py:190} INFO - [2026-06-19T17:16:46.193+0000] {dag.py:4180} INFO - Setting next_dagrun for dataset_s3_bucket_consumer_with_no_taskflow to None, run_after=None
[2026-06-19T17:16:46.200+0000] {logging_mixin.py:190} INFO - [2026-06-19T17:16:46.199+0000] {dag.py:4180} INFO - Setting next_dagrun for dataset_s3_bucket_producer_with_no_taskflow to None, run_after=None
[2026-06-19T17:16:46.282+0000] {processor.py:208} INFO - Processing /home/airflow/.local/lib/python3.12/site-packages/airflow/example_dags/example_dataset_alias_with_no_taskflow.py took 1.267 seconds
[2026-06-19T17:17:17.098+0000] {processor.py:186} INFO - Started process (PID=1220) to work on /home/airflow/.local/lib/python3.12/site-packages/airflow/example_dags/example_dataset_alias_with_no_taskflow.py
[2026-06-19T17:17:17.105+0000] {processor.py:914} INFO - Processing file /home/airflow/.local/lib/python3.12/site-packages/airflow/example_dags/example_dataset_alias_with_no_taskflow.py for tasks to queue
[2026-06-19T17:17:17.113+0000] {logging_mixin.py:190} INFO - [2026-06-19T17:17:17.112+0000] {dagbag.py:588} INFO - Filling up the DagBag from /home/airflow/.local/lib/python3.12/site-packages/airflow/example_dags/example_dataset_alias_with_no_taskflow.py
[2026-06-19T17:17:18.733+0000] {processor.py:925} INFO - DAG(s) 'dataset_s3_bucket_consumer_with_no_taskflow', 'dataset_alias_example_alias_consumer_with_no_taskflow', 'dataset_s3_bucket_producer_with_no_taskflow', 'dataset_alias_example_alias_producer_with_no_taskflow' retrieved from /home/airflow/.local/lib/python3.12/site-packages/airflow/example_dags/example_dataset_alias_with_no_taskflow.py
[2026-06-19T17:17:18.781+0000] {logging_mixin.py:190} INFO - [2026-06-19T17:17:18.780+0000] {dag.py:3239} INFO - Sync 4 DAGs
[2026-06-19T17:17:18.834+0000] {logging_mixin.py:190} INFO - [2026-06-19T17:17:18.834+0000] {dag.py:4180} INFO - Setting next_dagrun for dataset_alias_example_alias_consumer_with_no_taskflow to None, run_after=None
[2026-06-19T17:17:18.842+0000] {logging_mixin.py:190} INFO - [2026-06-19T17:17:18.842+0000] {dag.py:4180} INFO - Setting next_dagrun for dataset_alias_example_alias_producer_with_no_taskflow to None, run_after=None
[2026-06-19T17:17:18.847+0000] {logging_mixin.py:190} INFO - [2026-06-19T17:17:18.846+0000] {dag.py:4180} INFO - Setting next_dagrun for dataset_s3_bucket_consumer_with_no_taskflow to None, run_after=None
[2026-06-19T17:17:18.851+0000] {logging_mixin.py:190} INFO - [2026-06-19T17:17:18.850+0000] {dag.py:4180} INFO - Setting next_dagrun for dataset_s3_bucket_producer_with_no_taskflow to None, run_after=None
[2026-06-19T17:17:18.910+0000] {processor.py:208} INFO - Processing /home/airflow/.local/lib/python3.12/site-packages/airflow/example_dags/example_dataset_alias_with_no_taskflow.py took 1.826 seconds
[2026-06-19T17:17:49.767+0000] {processor.py:186} INFO - Started process (PID=1289) to work on /home/airflow/.local/lib/python3.12/site-packages/airflow/example_dags/example_dataset_alias_with_no_taskflow.py
[2026-06-19T17:17:49.800+0000] {processor.py:914} INFO - Processing file /home/airflow/.local/lib/python3.12/site-packages/airflow/example_dags/example_dataset_alias_with_no_taskflow.py for tasks to queue
[2026-06-19T17:17:49.830+0000] {logging_mixin.py:190} INFO - [2026-06-19T17:17:49.829+0000] {dagbag.py:588} INFO - Filling up the DagBag from /home/airflow/.local/lib/python3.12/site-packages/airflow/example_dags/example_dataset_alias_with_no_taskflow.py
[2026-06-19T17:17:51.940+0000] {processor.py:925} INFO - DAG(s) 'dataset_s3_bucket_producer_with_no_taskflow', 'dataset_alias_example_alias_consumer_with_no_taskflow', 'dataset_alias_example_alias_producer_with_no_taskflow', 'dataset_s3_bucket_consumer_with_no_taskflow' retrieved from /home/airflow/.local/lib/python3.12/site-packages/airflow/example_dags/example_dataset_alias_with_no_taskflow.py
[2026-06-19T17:17:52.047+0000] {logging_mixin.py:190} INFO - [2026-06-19T17:17:52.045+0000] {dag.py:3239} INFO - Sync 4 DAGs
[2026-06-19T17:17:52.130+0000] {logging_mixin.py:190} INFO - [2026-06-19T17:17:52.130+0000] {dag.py:4180} INFO - Setting next_dagrun for dataset_alias_example_alias_consumer_with_no_taskflow to None, run_after=None
[2026-06-19T17:17:52.144+0000] {logging_mixin.py:190} INFO - [2026-06-19T17:17:52.143+0000] {dag.py:4180} INFO - Setting next_dagrun for dataset_alias_example_alias_producer_with_no_taskflow to None, run_after=None
[2026-06-19T17:17:52.151+0000] {logging_mixin.py:190} INFO - [2026-06-19T17:17:52.151+0000] {dag.py:4180} INFO - Setting next_dagrun for dataset_s3_bucket_consumer_with_no_taskflow to None, run_after=None
[2026-06-19T17:17:52.158+0000] {logging_mixin.py:190} INFO - [2026-06-19T17:17:52.157+0000] {dag.py:4180} INFO - Setting next_dagrun for dataset_s3_bucket_producer_with_no_taskflow to None, run_after=None
[2026-06-19T17:17:52.225+0000] {processor.py:208} INFO - Processing /home/airflow/.local/lib/python3.12/site-packages/airflow/example_dags/example_dataset_alias_with_no_taskflow.py took 2.501 seconds
