[2026-06-18T19:12:17.203+0000] {processor.py:186} INFO - Started process (PID=81) to work on /home/airflow/.local/lib/python3.12/site-packages/airflow/example_dags/example_datasets.py
[2026-06-18T19:12:17.206+0000] {processor.py:914} INFO - Processing file /home/airflow/.local/lib/python3.12/site-packages/airflow/example_dags/example_datasets.py for tasks to queue
[2026-06-18T19:12:17.214+0000] {logging_mixin.py:190} INFO - [2026-06-18T19:12:17.213+0000] {dagbag.py:588} INFO - Filling up the DagBag from /home/airflow/.local/lib/python3.12/site-packages/airflow/example_dags/example_datasets.py
[2026-06-18T19:12:20.657+0000] {processor.py:925} INFO - DAG(s) 'dataset_consumes_unknown_never_scheduled', 'conditional_dataset_and_time_based_timetable', 'consume_1_or_2_with_dataset_expressions', 'dataset_consumes_1_and_2', 'dataset_produces_1', 'dataset_consumes_1', 'dataset_produces_2', 'consume_1_and_2_with_dataset_expressions', 'dataset_consumes_1_never_scheduled', 'consume_1_or_both_2_and_3_with_dataset_expressions' retrieved from /home/airflow/.local/lib/python3.12/site-packages/airflow/example_dags/example_datasets.py
[2026-06-18T19:12:20.732+0000] {logging_mixin.py:190} INFO - [2026-06-18T19:12:20.732+0000] {dag.py:3239} INFO - Sync 10 DAGs
[2026-06-18T19:12:20.766+0000] {logging_mixin.py:190} INFO - [2026-06-18T19:12:20.766+0000] {dag.py:4180} INFO - Setting next_dagrun for conditional_dataset_and_time_based_timetable to 2026-06-17 01:00:00+00:00, run_after=2026-06-17 01:00:00+00:00
[2026-06-18T19:12:20.772+0000] {logging_mixin.py:190} INFO - [2026-06-18T19:12:20.772+0000] {dag.py:4180} INFO - Setting next_dagrun for consume_1_and_2_with_dataset_expressions to None, run_after=None
[2026-06-18T19:12:20.775+0000] {logging_mixin.py:190} INFO - [2026-06-18T19:12:20.775+0000] {dag.py:4180} INFO - Setting next_dagrun for consume_1_or_2_with_dataset_expressions to None, run_after=None
[2026-06-18T19:12:20.778+0000] {logging_mixin.py:190} INFO - [2026-06-18T19:12:20.778+0000] {dag.py:4180} INFO - Setting next_dagrun for consume_1_or_both_2_and_3_with_dataset_expressions to None, run_after=None
[2026-06-18T19:12:20.782+0000] {logging_mixin.py:190} INFO - [2026-06-18T19:12:20.781+0000] {dag.py:4180} INFO - Setting next_dagrun for dataset_consumes_1 to None, run_after=None
[2026-06-18T19:12:20.785+0000] {logging_mixin.py:190} INFO - [2026-06-18T19:12:20.785+0000] {dag.py:4180} INFO - Setting next_dagrun for dataset_consumes_1_and_2 to None, run_after=None
[2026-06-18T19:12:20.791+0000] {logging_mixin.py:190} INFO - [2026-06-18T19:12:20.790+0000] {dag.py:4180} INFO - Setting next_dagrun for dataset_consumes_1_never_scheduled to None, run_after=None
[2026-06-18T19:12:20.795+0000] {logging_mixin.py:190} INFO - [2026-06-18T19:12:20.794+0000] {dag.py:4180} INFO - Setting next_dagrun for dataset_consumes_unknown_never_scheduled to None, run_after=None
[2026-06-18T19:12:20.801+0000] {logging_mixin.py:190} INFO - [2026-06-18T19:12:20.800+0000] {dag.py:4180} INFO - Setting next_dagrun for dataset_produces_1 to 2026-06-17 00:00:00+00:00, run_after=2026-06-18 00:00:00+00:00
[2026-06-18T19:12:20.805+0000] {logging_mixin.py:190} INFO - [2026-06-18T19:12:20.805+0000] {dag.py:4180} INFO - Setting next_dagrun for dataset_produces_2 to None, run_after=None
[2026-06-18T19:12:20.878+0000] {processor.py:208} INFO - Processing /home/airflow/.local/lib/python3.12/site-packages/airflow/example_dags/example_datasets.py took 3.690 seconds
[2026-06-18T19:12:51.195+0000] {processor.py:186} INFO - Started process (PID=153) to work on /home/airflow/.local/lib/python3.12/site-packages/airflow/example_dags/example_datasets.py
[2026-06-18T19:12:51.202+0000] {processor.py:914} INFO - Processing file /home/airflow/.local/lib/python3.12/site-packages/airflow/example_dags/example_datasets.py for tasks to queue
[2026-06-18T19:12:51.225+0000] {logging_mixin.py:190} INFO - [2026-06-18T19:12:51.223+0000] {dagbag.py:588} INFO - Filling up the DagBag from /home/airflow/.local/lib/python3.12/site-packages/airflow/example_dags/example_datasets.py
[2026-06-18T19:12:54.253+0000] {processor.py:925} INFO - DAG(s) 'dataset_produces_2', 'conditional_dataset_and_time_based_timetable', 'dataset_consumes_unknown_never_scheduled', 'consume_1_and_2_with_dataset_expressions', 'dataset_consumes_1_and_2', 'consume_1_or_both_2_and_3_with_dataset_expressions', 'dataset_produces_1', 'dataset_consumes_1_never_scheduled', 'consume_1_or_2_with_dataset_expressions', 'dataset_consumes_1' retrieved from /home/airflow/.local/lib/python3.12/site-packages/airflow/example_dags/example_datasets.py
[2026-06-18T19:12:54.425+0000] {logging_mixin.py:190} INFO - [2026-06-18T19:12:54.424+0000] {dag.py:3239} INFO - Sync 10 DAGs
[2026-06-18T19:12:54.514+0000] {logging_mixin.py:190} INFO - [2026-06-18T19:12:54.513+0000] {dag.py:4180} INFO - Setting next_dagrun for conditional_dataset_and_time_based_timetable to 2026-06-17 01:00:00+00:00, run_after=2026-06-17 01:00:00+00:00
[2026-06-18T19:12:54.530+0000] {logging_mixin.py:190} INFO - [2026-06-18T19:12:54.530+0000] {dag.py:4180} INFO - Setting next_dagrun for consume_1_and_2_with_dataset_expressions to None, run_after=None
[2026-06-18T19:12:54.535+0000] {logging_mixin.py:190} INFO - [2026-06-18T19:12:54.535+0000] {dag.py:4180} INFO - Setting next_dagrun for consume_1_or_2_with_dataset_expressions to None, run_after=None
[2026-06-18T19:12:54.540+0000] {logging_mixin.py:190} INFO - [2026-06-18T19:12:54.540+0000] {dag.py:4180} INFO - Setting next_dagrun for consume_1_or_both_2_and_3_with_dataset_expressions to None, run_after=None
[2026-06-18T19:12:54.546+0000] {logging_mixin.py:190} INFO - [2026-06-18T19:12:54.546+0000] {dag.py:4180} INFO - Setting next_dagrun for dataset_consumes_1 to None, run_after=None
[2026-06-18T19:12:54.552+0000] {logging_mixin.py:190} INFO - [2026-06-18T19:12:54.551+0000] {dag.py:4180} INFO - Setting next_dagrun for dataset_consumes_1_and_2 to None, run_after=None
[2026-06-18T19:12:54.556+0000] {logging_mixin.py:190} INFO - [2026-06-18T19:12:54.556+0000] {dag.py:4180} INFO - Setting next_dagrun for dataset_consumes_1_never_scheduled to None, run_after=None
[2026-06-18T19:12:54.560+0000] {logging_mixin.py:190} INFO - [2026-06-18T19:12:54.560+0000] {dag.py:4180} INFO - Setting next_dagrun for dataset_consumes_unknown_never_scheduled to None, run_after=None
[2026-06-18T19:12:54.569+0000] {logging_mixin.py:190} INFO - [2026-06-18T19:12:54.568+0000] {dag.py:4180} INFO - Setting next_dagrun for dataset_produces_1 to 2026-06-17 00:00:00+00:00, run_after=2026-06-18 00:00:00+00:00
[2026-06-18T19:12:54.574+0000] {logging_mixin.py:190} INFO - [2026-06-18T19:12:54.574+0000] {dag.py:4180} INFO - Setting next_dagrun for dataset_produces_2 to None, run_after=None
[2026-06-18T19:12:54.677+0000] {processor.py:208} INFO - Processing /home/airflow/.local/lib/python3.12/site-packages/airflow/example_dags/example_datasets.py took 3.538 seconds
[2026-06-18T19:13:25.300+0000] {processor.py:186} INFO - Started process (PID=222) to work on /home/airflow/.local/lib/python3.12/site-packages/airflow/example_dags/example_datasets.py
[2026-06-18T19:13:25.308+0000] {processor.py:914} INFO - Processing file /home/airflow/.local/lib/python3.12/site-packages/airflow/example_dags/example_datasets.py for tasks to queue
[2026-06-18T19:13:25.317+0000] {logging_mixin.py:190} INFO - [2026-06-18T19:13:25.316+0000] {dagbag.py:588} INFO - Filling up the DagBag from /home/airflow/.local/lib/python3.12/site-packages/airflow/example_dags/example_datasets.py
[2026-06-18T19:13:29.165+0000] {processor.py:925} INFO - DAG(s) 'dataset_consumes_1', 'dataset_consumes_1_never_scheduled', 'consume_1_or_both_2_and_3_with_dataset_expressions', 'dataset_consumes_1_and_2', 'dataset_produces_2', 'dataset_produces_1', 'dataset_consumes_unknown_never_scheduled', 'consume_1_and_2_with_dataset_expressions', 'conditional_dataset_and_time_based_timetable', 'consume_1_or_2_with_dataset_expressions' retrieved from /home/airflow/.local/lib/python3.12/site-packages/airflow/example_dags/example_datasets.py
[2026-06-18T19:13:29.381+0000] {logging_mixin.py:190} INFO - [2026-06-18T19:13:29.381+0000] {dag.py:3239} INFO - Sync 10 DAGs
[2026-06-18T19:13:29.545+0000] {logging_mixin.py:190} INFO - [2026-06-18T19:13:29.544+0000] {dag.py:4180} INFO - Setting next_dagrun for conditional_dataset_and_time_based_timetable to 2026-06-17 01:00:00+00:00, run_after=2026-06-17 01:00:00+00:00
[2026-06-18T19:13:29.577+0000] {logging_mixin.py:190} INFO - [2026-06-18T19:13:29.576+0000] {dag.py:4180} INFO - Setting next_dagrun for consume_1_and_2_with_dataset_expressions to None, run_after=None
[2026-06-18T19:13:29.595+0000] {logging_mixin.py:190} INFO - [2026-06-18T19:13:29.594+0000] {dag.py:4180} INFO - Setting next_dagrun for consume_1_or_2_with_dataset_expressions to None, run_after=None
[2026-06-18T19:13:29.607+0000] {logging_mixin.py:190} INFO - [2026-06-18T19:13:29.606+0000] {dag.py:4180} INFO - Setting next_dagrun for consume_1_or_both_2_and_3_with_dataset_expressions to None, run_after=None
[2026-06-18T19:13:29.616+0000] {logging_mixin.py:190} INFO - [2026-06-18T19:13:29.615+0000] {dag.py:4180} INFO - Setting next_dagrun for dataset_consumes_1 to None, run_after=None
[2026-06-18T19:13:29.630+0000] {logging_mixin.py:190} INFO - [2026-06-18T19:13:29.630+0000] {dag.py:4180} INFO - Setting next_dagrun for dataset_consumes_1_and_2 to None, run_after=None
[2026-06-18T19:13:29.647+0000] {logging_mixin.py:190} INFO - [2026-06-18T19:13:29.646+0000] {dag.py:4180} INFO - Setting next_dagrun for dataset_consumes_1_never_scheduled to None, run_after=None
[2026-06-18T19:13:29.661+0000] {logging_mixin.py:190} INFO - [2026-06-18T19:13:29.660+0000] {dag.py:4180} INFO - Setting next_dagrun for dataset_consumes_unknown_never_scheduled to None, run_after=None
[2026-06-18T19:13:29.681+0000] {logging_mixin.py:190} INFO - [2026-06-18T19:13:29.680+0000] {dag.py:4180} INFO - Setting next_dagrun for dataset_produces_1 to 2026-06-17 00:00:00+00:00, run_after=2026-06-18 00:00:00+00:00
[2026-06-18T19:13:29.688+0000] {logging_mixin.py:190} INFO - [2026-06-18T19:13:29.688+0000] {dag.py:4180} INFO - Setting next_dagrun for dataset_produces_2 to None, run_after=None
[2026-06-18T19:13:29.957+0000] {processor.py:208} INFO - Processing /home/airflow/.local/lib/python3.12/site-packages/airflow/example_dags/example_datasets.py took 4.704 seconds
[2026-06-18T19:14:00.488+0000] {processor.py:186} INFO - Started process (PID=288) to work on /home/airflow/.local/lib/python3.12/site-packages/airflow/example_dags/example_datasets.py
[2026-06-18T19:14:00.493+0000] {processor.py:914} INFO - Processing file /home/airflow/.local/lib/python3.12/site-packages/airflow/example_dags/example_datasets.py for tasks to queue
[2026-06-18T19:14:00.504+0000] {logging_mixin.py:190} INFO - [2026-06-18T19:14:00.503+0000] {dagbag.py:588} INFO - Filling up the DagBag from /home/airflow/.local/lib/python3.12/site-packages/airflow/example_dags/example_datasets.py
[2026-06-18T19:14:02.317+0000] {processor.py:925} INFO - DAG(s) 'dataset_consumes_1_and_2', 'dataset_produces_2', 'dataset_consumes_unknown_never_scheduled', 'consume_1_or_2_with_dataset_expressions', 'dataset_produces_1', 'conditional_dataset_and_time_based_timetable', 'dataset_consumes_1', 'consume_1_and_2_with_dataset_expressions', 'consume_1_or_both_2_and_3_with_dataset_expressions', 'dataset_consumes_1_never_scheduled' retrieved from /home/airflow/.local/lib/python3.12/site-packages/airflow/example_dags/example_datasets.py
[2026-06-18T19:14:02.505+0000] {logging_mixin.py:190} INFO - [2026-06-18T19:14:02.504+0000] {dag.py:3239} INFO - Sync 10 DAGs
[2026-06-18T19:14:02.577+0000] {logging_mixin.py:190} INFO - [2026-06-18T19:14:02.576+0000] {dag.py:4180} INFO - Setting next_dagrun for conditional_dataset_and_time_based_timetable to 2026-06-17 01:00:00+00:00, run_after=2026-06-17 01:00:00+00:00
[2026-06-18T19:14:02.587+0000] {logging_mixin.py:190} INFO - [2026-06-18T19:14:02.586+0000] {dag.py:4180} INFO - Setting next_dagrun for consume_1_and_2_with_dataset_expressions to None, run_after=None
[2026-06-18T19:14:02.592+0000] {logging_mixin.py:190} INFO - [2026-06-18T19:14:02.592+0000] {dag.py:4180} INFO - Setting next_dagrun for consume_1_or_2_with_dataset_expressions to None, run_after=None
[2026-06-18T19:14:02.599+0000] {logging_mixin.py:190} INFO - [2026-06-18T19:14:02.598+0000] {dag.py:4180} INFO - Setting next_dagrun for consume_1_or_both_2_and_3_with_dataset_expressions to None, run_after=None
[2026-06-18T19:14:02.604+0000] {logging_mixin.py:190} INFO - [2026-06-18T19:14:02.604+0000] {dag.py:4180} INFO - Setting next_dagrun for dataset_consumes_1 to None, run_after=None
[2026-06-18T19:14:02.608+0000] {logging_mixin.py:190} INFO - [2026-06-18T19:14:02.608+0000] {dag.py:4180} INFO - Setting next_dagrun for dataset_consumes_1_and_2 to None, run_after=None
[2026-06-18T19:14:02.612+0000] {logging_mixin.py:190} INFO - [2026-06-18T19:14:02.612+0000] {dag.py:4180} INFO - Setting next_dagrun for dataset_consumes_1_never_scheduled to None, run_after=None
[2026-06-18T19:14:02.617+0000] {logging_mixin.py:190} INFO - [2026-06-18T19:14:02.617+0000] {dag.py:4180} INFO - Setting next_dagrun for dataset_consumes_unknown_never_scheduled to None, run_after=None
[2026-06-18T19:14:02.626+0000] {logging_mixin.py:190} INFO - [2026-06-18T19:14:02.626+0000] {dag.py:4180} INFO - Setting next_dagrun for dataset_produces_1 to 2026-06-17 00:00:00+00:00, run_after=2026-06-18 00:00:00+00:00
[2026-06-18T19:14:02.631+0000] {logging_mixin.py:190} INFO - [2026-06-18T19:14:02.630+0000] {dag.py:4180} INFO - Setting next_dagrun for dataset_produces_2 to None, run_after=None
[2026-06-18T19:14:02.714+0000] {processor.py:208} INFO - Processing /home/airflow/.local/lib/python3.12/site-packages/airflow/example_dags/example_datasets.py took 2.243 seconds
[2026-06-18T19:14:33.132+0000] {processor.py:186} INFO - Started process (PID=353) to work on /home/airflow/.local/lib/python3.12/site-packages/airflow/example_dags/example_datasets.py
[2026-06-18T19:14:33.136+0000] {processor.py:914} INFO - Processing file /home/airflow/.local/lib/python3.12/site-packages/airflow/example_dags/example_datasets.py for tasks to queue
[2026-06-18T19:14:33.144+0000] {logging_mixin.py:190} INFO - [2026-06-18T19:14:33.143+0000] {dagbag.py:588} INFO - Filling up the DagBag from /home/airflow/.local/lib/python3.12/site-packages/airflow/example_dags/example_datasets.py
[2026-06-18T19:14:34.718+0000] {processor.py:925} INFO - DAG(s) 'dataset_produces_1', 'consume_1_and_2_with_dataset_expressions', 'conditional_dataset_and_time_based_timetable', 'dataset_consumes_unknown_never_scheduled', 'dataset_consumes_1', 'consume_1_or_both_2_and_3_with_dataset_expressions', 'dataset_consumes_1_and_2', 'dataset_produces_2', 'dataset_consumes_1_never_scheduled', 'consume_1_or_2_with_dataset_expressions' retrieved from /home/airflow/.local/lib/python3.12/site-packages/airflow/example_dags/example_datasets.py
[2026-06-18T19:14:34.827+0000] {logging_mixin.py:190} INFO - [2026-06-18T19:14:34.827+0000] {dag.py:3239} INFO - Sync 10 DAGs
[2026-06-18T19:14:34.876+0000] {logging_mixin.py:190} INFO - [2026-06-18T19:14:34.876+0000] {dag.py:4180} INFO - Setting next_dagrun for conditional_dataset_and_time_based_timetable to 2026-06-17 01:00:00+00:00, run_after=2026-06-17 01:00:00+00:00
[2026-06-18T19:14:34.887+0000] {logging_mixin.py:190} INFO - [2026-06-18T19:14:34.886+0000] {dag.py:4180} INFO - Setting next_dagrun for consume_1_and_2_with_dataset_expressions to None, run_after=None
[2026-06-18T19:14:34.897+0000] {logging_mixin.py:190} INFO - [2026-06-18T19:14:34.896+0000] {dag.py:4180} INFO - Setting next_dagrun for consume_1_or_2_with_dataset_expressions to None, run_after=None
[2026-06-18T19:14:34.903+0000] {logging_mixin.py:190} INFO - [2026-06-18T19:14:34.903+0000] {dag.py:4180} INFO - Setting next_dagrun for consume_1_or_both_2_and_3_with_dataset_expressions to None, run_after=None
[2026-06-18T19:14:34.910+0000] {logging_mixin.py:190} INFO - [2026-06-18T19:14:34.910+0000] {dag.py:4180} INFO - Setting next_dagrun for dataset_consumes_1 to None, run_after=None
[2026-06-18T19:14:34.916+0000] {logging_mixin.py:190} INFO - [2026-06-18T19:14:34.915+0000] {dag.py:4180} INFO - Setting next_dagrun for dataset_consumes_1_and_2 to None, run_after=None
[2026-06-18T19:14:34.921+0000] {logging_mixin.py:190} INFO - [2026-06-18T19:14:34.921+0000] {dag.py:4180} INFO - Setting next_dagrun for dataset_consumes_1_never_scheduled to None, run_after=None
[2026-06-18T19:14:34.926+0000] {logging_mixin.py:190} INFO - [2026-06-18T19:14:34.926+0000] {dag.py:4180} INFO - Setting next_dagrun for dataset_consumes_unknown_never_scheduled to None, run_after=None
[2026-06-18T19:14:34.935+0000] {logging_mixin.py:190} INFO - [2026-06-18T19:14:34.934+0000] {dag.py:4180} INFO - Setting next_dagrun for dataset_produces_1 to 2026-06-17 00:00:00+00:00, run_after=2026-06-18 00:00:00+00:00
[2026-06-18T19:14:34.939+0000] {logging_mixin.py:190} INFO - [2026-06-18T19:14:34.939+0000] {dag.py:4180} INFO - Setting next_dagrun for dataset_produces_2 to None, run_after=None
[2026-06-18T19:14:35.008+0000] {processor.py:208} INFO - Processing /home/airflow/.local/lib/python3.12/site-packages/airflow/example_dags/example_datasets.py took 1.896 seconds
[2026-06-18T19:15:05.574+0000] {processor.py:186} INFO - Started process (PID=421) to work on /home/airflow/.local/lib/python3.12/site-packages/airflow/example_dags/example_datasets.py
[2026-06-18T19:15:05.579+0000] {processor.py:914} INFO - Processing file /home/airflow/.local/lib/python3.12/site-packages/airflow/example_dags/example_datasets.py for tasks to queue
[2026-06-18T19:15:05.590+0000] {logging_mixin.py:190} INFO - [2026-06-18T19:15:05.588+0000] {dagbag.py:588} INFO - Filling up the DagBag from /home/airflow/.local/lib/python3.12/site-packages/airflow/example_dags/example_datasets.py
[2026-06-18T19:15:07.992+0000] {processor.py:925} INFO - DAG(s) 'consume_1_or_both_2_and_3_with_dataset_expressions', 'dataset_consumes_1_and_2', 'dataset_consumes_1', 'consume_1_or_2_with_dataset_expressions', 'consume_1_and_2_with_dataset_expressions', 'dataset_consumes_1_never_scheduled', 'dataset_consumes_unknown_never_scheduled', 'dataset_produces_2', 'dataset_produces_1', 'conditional_dataset_and_time_based_timetable' retrieved from /home/airflow/.local/lib/python3.12/site-packages/airflow/example_dags/example_datasets.py
[2026-06-18T19:15:08.121+0000] {logging_mixin.py:190} INFO - [2026-06-18T19:15:08.121+0000] {dag.py:3239} INFO - Sync 10 DAGs
[2026-06-18T19:15:08.270+0000] {logging_mixin.py:190} INFO - [2026-06-18T19:15:08.269+0000] {dag.py:4180} INFO - Setting next_dagrun for conditional_dataset_and_time_based_timetable to 2026-06-17 01:00:00+00:00, run_after=2026-06-17 01:00:00+00:00
[2026-06-18T19:15:08.306+0000] {logging_mixin.py:190} INFO - [2026-06-18T19:15:08.305+0000] {dag.py:4180} INFO - Setting next_dagrun for consume_1_and_2_with_dataset_expressions to None, run_after=None
[2026-06-18T19:15:08.323+0000] {logging_mixin.py:190} INFO - [2026-06-18T19:15:08.322+0000] {dag.py:4180} INFO - Setting next_dagrun for consume_1_or_2_with_dataset_expressions to None, run_after=None
[2026-06-18T19:15:08.338+0000] {logging_mixin.py:190} INFO - [2026-06-18T19:15:08.337+0000] {dag.py:4180} INFO - Setting next_dagrun for consume_1_or_both_2_and_3_with_dataset_expressions to None, run_after=None
[2026-06-18T19:15:08.349+0000] {logging_mixin.py:190} INFO - [2026-06-18T19:15:08.348+0000] {dag.py:4180} INFO - Setting next_dagrun for dataset_consumes_1 to None, run_after=None
[2026-06-18T19:15:08.356+0000] {logging_mixin.py:190} INFO - [2026-06-18T19:15:08.355+0000] {dag.py:4180} INFO - Setting next_dagrun for dataset_consumes_1_and_2 to None, run_after=None
[2026-06-18T19:15:08.365+0000] {logging_mixin.py:190} INFO - [2026-06-18T19:15:08.363+0000] {dag.py:4180} INFO - Setting next_dagrun for dataset_consumes_1_never_scheduled to None, run_after=None
[2026-06-18T19:15:08.371+0000] {logging_mixin.py:190} INFO - [2026-06-18T19:15:08.371+0000] {dag.py:4180} INFO - Setting next_dagrun for dataset_consumes_unknown_never_scheduled to None, run_after=None
[2026-06-18T19:15:08.387+0000] {logging_mixin.py:190} INFO - [2026-06-18T19:15:08.386+0000] {dag.py:4180} INFO - Setting next_dagrun for dataset_produces_1 to 2026-06-17 00:00:00+00:00, run_after=2026-06-18 00:00:00+00:00
[2026-06-18T19:15:08.397+0000] {logging_mixin.py:190} INFO - [2026-06-18T19:15:08.397+0000] {dag.py:4180} INFO - Setting next_dagrun for dataset_produces_2 to None, run_after=None
[2026-06-18T19:15:08.688+0000] {processor.py:208} INFO - Processing /home/airflow/.local/lib/python3.12/site-packages/airflow/example_dags/example_datasets.py took 3.137 seconds
[2026-06-18T19:15:39.522+0000] {processor.py:186} INFO - Started process (PID=486) to work on /home/airflow/.local/lib/python3.12/site-packages/airflow/example_dags/example_datasets.py
[2026-06-18T19:15:39.526+0000] {processor.py:914} INFO - Processing file /home/airflow/.local/lib/python3.12/site-packages/airflow/example_dags/example_datasets.py for tasks to queue
[2026-06-18T19:15:39.531+0000] {logging_mixin.py:190} INFO - [2026-06-18T19:15:39.530+0000] {dagbag.py:588} INFO - Filling up the DagBag from /home/airflow/.local/lib/python3.12/site-packages/airflow/example_dags/example_datasets.py
[2026-06-18T19:15:40.463+0000] {processor.py:925} INFO - DAG(s) 'dataset_produces_2', 'consume_1_and_2_with_dataset_expressions', 'consume_1_or_2_with_dataset_expressions', 'dataset_consumes_unknown_never_scheduled', 'dataset_consumes_1_never_scheduled', 'dataset_consumes_1', 'conditional_dataset_and_time_based_timetable', 'dataset_produces_1', 'consume_1_or_both_2_and_3_with_dataset_expressions', 'dataset_consumes_1_and_2' retrieved from /home/airflow/.local/lib/python3.12/site-packages/airflow/example_dags/example_datasets.py
[2026-06-18T19:15:40.569+0000] {logging_mixin.py:190} INFO - [2026-06-18T19:15:40.569+0000] {dag.py:3239} INFO - Sync 10 DAGs
[2026-06-18T19:15:40.639+0000] {logging_mixin.py:190} INFO - [2026-06-18T19:15:40.639+0000] {dag.py:4180} INFO - Setting next_dagrun for conditional_dataset_and_time_based_timetable to 2026-06-17 01:00:00+00:00, run_after=2026-06-17 01:00:00+00:00
[2026-06-18T19:15:40.648+0000] {logging_mixin.py:190} INFO - [2026-06-18T19:15:40.648+0000] {dag.py:4180} INFO - Setting next_dagrun for consume_1_and_2_with_dataset_expressions to None, run_after=None
[2026-06-18T19:15:40.653+0000] {logging_mixin.py:190} INFO - [2026-06-18T19:15:40.652+0000] {dag.py:4180} INFO - Setting next_dagrun for consume_1_or_2_with_dataset_expressions to None, run_after=None
[2026-06-18T19:15:40.657+0000] {logging_mixin.py:190} INFO - [2026-06-18T19:15:40.656+0000] {dag.py:4180} INFO - Setting next_dagrun for consume_1_or_both_2_and_3_with_dataset_expressions to None, run_after=None
[2026-06-18T19:15:40.660+0000] {logging_mixin.py:190} INFO - [2026-06-18T19:15:40.660+0000] {dag.py:4180} INFO - Setting next_dagrun for dataset_consumes_1 to None, run_after=None
[2026-06-18T19:15:40.665+0000] {logging_mixin.py:190} INFO - [2026-06-18T19:15:40.665+0000] {dag.py:4180} INFO - Setting next_dagrun for dataset_consumes_1_and_2 to None, run_after=None
[2026-06-18T19:15:40.669+0000] {logging_mixin.py:190} INFO - [2026-06-18T19:15:40.669+0000] {dag.py:4180} INFO - Setting next_dagrun for dataset_consumes_1_never_scheduled to None, run_after=None
[2026-06-18T19:15:40.674+0000] {logging_mixin.py:190} INFO - [2026-06-18T19:15:40.674+0000] {dag.py:4180} INFO - Setting next_dagrun for dataset_consumes_unknown_never_scheduled to None, run_after=None
[2026-06-18T19:15:40.682+0000] {logging_mixin.py:190} INFO - [2026-06-18T19:15:40.682+0000] {dag.py:4180} INFO - Setting next_dagrun for dataset_produces_1 to 2026-06-17 00:00:00+00:00, run_after=2026-06-18 00:00:00+00:00
[2026-06-18T19:15:40.686+0000] {logging_mixin.py:190} INFO - [2026-06-18T19:15:40.686+0000] {dag.py:4180} INFO - Setting next_dagrun for dataset_produces_2 to None, run_after=None
[2026-06-18T19:15:40.740+0000] {processor.py:208} INFO - Processing /home/airflow/.local/lib/python3.12/site-packages/airflow/example_dags/example_datasets.py took 1.227 seconds
[2026-06-18T19:16:10.958+0000] {processor.py:186} INFO - Started process (PID=551) to work on /home/airflow/.local/lib/python3.12/site-packages/airflow/example_dags/example_datasets.py
[2026-06-18T19:16:10.960+0000] {processor.py:914} INFO - Processing file /home/airflow/.local/lib/python3.12/site-packages/airflow/example_dags/example_datasets.py for tasks to queue
[2026-06-18T19:16:10.965+0000] {logging_mixin.py:190} INFO - [2026-06-18T19:16:10.965+0000] {dagbag.py:588} INFO - Filling up the DagBag from /home/airflow/.local/lib/python3.12/site-packages/airflow/example_dags/example_datasets.py
[2026-06-18T19:16:11.857+0000] {processor.py:925} INFO - DAG(s) 'dataset_consumes_1', 'dataset_consumes_unknown_never_scheduled', 'dataset_produces_1', 'dataset_consumes_1_and_2', 'conditional_dataset_and_time_based_timetable', 'consume_1_or_2_with_dataset_expressions', 'consume_1_and_2_with_dataset_expressions', 'consume_1_or_both_2_and_3_with_dataset_expressions', 'dataset_consumes_1_never_scheduled', 'dataset_produces_2' retrieved from /home/airflow/.local/lib/python3.12/site-packages/airflow/example_dags/example_datasets.py
[2026-06-18T19:16:11.965+0000] {logging_mixin.py:190} INFO - [2026-06-18T19:16:11.964+0000] {dag.py:3239} INFO - Sync 10 DAGs
[2026-06-18T19:16:12.021+0000] {logging_mixin.py:190} INFO - [2026-06-18T19:16:12.020+0000] {dag.py:4180} INFO - Setting next_dagrun for conditional_dataset_and_time_based_timetable to 2026-06-17 01:00:00+00:00, run_after=2026-06-17 01:00:00+00:00
[2026-06-18T19:16:12.031+0000] {logging_mixin.py:190} INFO - [2026-06-18T19:16:12.031+0000] {dag.py:4180} INFO - Setting next_dagrun for consume_1_and_2_with_dataset_expressions to None, run_after=None
[2026-06-18T19:16:12.037+0000] {logging_mixin.py:190} INFO - [2026-06-18T19:16:12.036+0000] {dag.py:4180} INFO - Setting next_dagrun for consume_1_or_2_with_dataset_expressions to None, run_after=None
[2026-06-18T19:16:12.041+0000] {logging_mixin.py:190} INFO - [2026-06-18T19:16:12.041+0000] {dag.py:4180} INFO - Setting next_dagrun for consume_1_or_both_2_and_3_with_dataset_expressions to None, run_after=None
[2026-06-18T19:16:12.045+0000] {logging_mixin.py:190} INFO - [2026-06-18T19:16:12.045+0000] {dag.py:4180} INFO - Setting next_dagrun for dataset_consumes_1 to None, run_after=None
[2026-06-18T19:16:12.049+0000] {logging_mixin.py:190} INFO - [2026-06-18T19:16:12.048+0000] {dag.py:4180} INFO - Setting next_dagrun for dataset_consumes_1_and_2 to None, run_after=None
[2026-06-18T19:16:12.052+0000] {logging_mixin.py:190} INFO - [2026-06-18T19:16:12.052+0000] {dag.py:4180} INFO - Setting next_dagrun for dataset_consumes_1_never_scheduled to None, run_after=None
[2026-06-18T19:16:12.056+0000] {logging_mixin.py:190} INFO - [2026-06-18T19:16:12.055+0000] {dag.py:4180} INFO - Setting next_dagrun for dataset_consumes_unknown_never_scheduled to None, run_after=None
[2026-06-18T19:16:12.062+0000] {logging_mixin.py:190} INFO - [2026-06-18T19:16:12.061+0000] {dag.py:4180} INFO - Setting next_dagrun for dataset_produces_1 to 2026-06-17 00:00:00+00:00, run_after=2026-06-18 00:00:00+00:00
[2026-06-18T19:16:12.065+0000] {logging_mixin.py:190} INFO - [2026-06-18T19:16:12.065+0000] {dag.py:4180} INFO - Setting next_dagrun for dataset_produces_2 to None, run_after=None
[2026-06-18T19:16:12.151+0000] {processor.py:208} INFO - Processing /home/airflow/.local/lib/python3.12/site-packages/airflow/example_dags/example_datasets.py took 1.201 seconds
[2026-06-18T19:16:42.388+0000] {processor.py:186} INFO - Started process (PID=614) to work on /home/airflow/.local/lib/python3.12/site-packages/airflow/example_dags/example_datasets.py
[2026-06-18T19:16:42.392+0000] {processor.py:914} INFO - Processing file /home/airflow/.local/lib/python3.12/site-packages/airflow/example_dags/example_datasets.py for tasks to queue
[2026-06-18T19:16:42.397+0000] {logging_mixin.py:190} INFO - [2026-06-18T19:16:42.396+0000] {dagbag.py:588} INFO - Filling up the DagBag from /home/airflow/.local/lib/python3.12/site-packages/airflow/example_dags/example_datasets.py
[2026-06-18T19:16:43.400+0000] {processor.py:925} INFO - DAG(s) 'dataset_consumes_1_never_scheduled', 'dataset_produces_2', 'consume_1_or_2_with_dataset_expressions', 'conditional_dataset_and_time_based_timetable', 'dataset_consumes_unknown_never_scheduled', 'consume_1_or_both_2_and_3_with_dataset_expressions', 'dataset_consumes_1', 'dataset_consumes_1_and_2', 'consume_1_and_2_with_dataset_expressions', 'dataset_produces_1' retrieved from /home/airflow/.local/lib/python3.12/site-packages/airflow/example_dags/example_datasets.py
[2026-06-18T19:16:43.499+0000] {logging_mixin.py:190} INFO - [2026-06-18T19:16:43.498+0000] {dag.py:3239} INFO - Sync 10 DAGs
[2026-06-18T19:16:43.567+0000] {logging_mixin.py:190} INFO - [2026-06-18T19:16:43.567+0000] {dag.py:4180} INFO - Setting next_dagrun for conditional_dataset_and_time_based_timetable to 2026-06-17 01:00:00+00:00, run_after=2026-06-17 01:00:00+00:00
[2026-06-18T19:16:43.575+0000] {logging_mixin.py:190} INFO - [2026-06-18T19:16:43.575+0000] {dag.py:4180} INFO - Setting next_dagrun for consume_1_and_2_with_dataset_expressions to None, run_after=None
[2026-06-18T19:16:43.581+0000] {logging_mixin.py:190} INFO - [2026-06-18T19:16:43.580+0000] {dag.py:4180} INFO - Setting next_dagrun for consume_1_or_2_with_dataset_expressions to None, run_after=None
[2026-06-18T19:16:43.586+0000] {logging_mixin.py:190} INFO - [2026-06-18T19:16:43.586+0000] {dag.py:4180} INFO - Setting next_dagrun for consume_1_or_both_2_and_3_with_dataset_expressions to None, run_after=None
[2026-06-18T19:16:43.591+0000] {logging_mixin.py:190} INFO - [2026-06-18T19:16:43.590+0000] {dag.py:4180} INFO - Setting next_dagrun for dataset_consumes_1 to None, run_after=None
[2026-06-18T19:16:43.597+0000] {logging_mixin.py:190} INFO - [2026-06-18T19:16:43.596+0000] {dag.py:4180} INFO - Setting next_dagrun for dataset_consumes_1_and_2 to None, run_after=None
[2026-06-18T19:16:43.603+0000] {logging_mixin.py:190} INFO - [2026-06-18T19:16:43.602+0000] {dag.py:4180} INFO - Setting next_dagrun for dataset_consumes_1_never_scheduled to None, run_after=None
[2026-06-18T19:16:43.608+0000] {logging_mixin.py:190} INFO - [2026-06-18T19:16:43.607+0000] {dag.py:4180} INFO - Setting next_dagrun for dataset_consumes_unknown_never_scheduled to None, run_after=None
[2026-06-18T19:16:43.620+0000] {logging_mixin.py:190} INFO - [2026-06-18T19:16:43.619+0000] {dag.py:4180} INFO - Setting next_dagrun for dataset_produces_1 to 2026-06-17 00:00:00+00:00, run_after=2026-06-18 00:00:00+00:00
[2026-06-18T19:16:43.626+0000] {logging_mixin.py:190} INFO - [2026-06-18T19:16:43.626+0000] {dag.py:4180} INFO - Setting next_dagrun for dataset_produces_2 to None, run_after=None
[2026-06-18T19:16:43.756+0000] {processor.py:208} INFO - Processing /home/airflow/.local/lib/python3.12/site-packages/airflow/example_dags/example_datasets.py took 1.378 seconds
[2026-06-18T19:17:13.867+0000] {processor.py:186} INFO - Started process (PID=679) to work on /home/airflow/.local/lib/python3.12/site-packages/airflow/example_dags/example_datasets.py
[2026-06-18T19:17:13.870+0000] {processor.py:914} INFO - Processing file /home/airflow/.local/lib/python3.12/site-packages/airflow/example_dags/example_datasets.py for tasks to queue
[2026-06-18T19:17:13.876+0000] {logging_mixin.py:190} INFO - [2026-06-18T19:17:13.875+0000] {dagbag.py:588} INFO - Filling up the DagBag from /home/airflow/.local/lib/python3.12/site-packages/airflow/example_dags/example_datasets.py
[2026-06-18T19:17:14.655+0000] {processor.py:925} INFO - DAG(s) 'dataset_consumes_1_never_scheduled', 'consume_1_or_2_with_dataset_expressions', 'consume_1_and_2_with_dataset_expressions', 'conditional_dataset_and_time_based_timetable', 'dataset_produces_2', 'dataset_produces_1', 'consume_1_or_both_2_and_3_with_dataset_expressions', 'dataset_consumes_1', 'dataset_consumes_unknown_never_scheduled', 'dataset_consumes_1_and_2' retrieved from /home/airflow/.local/lib/python3.12/site-packages/airflow/example_dags/example_datasets.py
[2026-06-18T19:17:14.724+0000] {logging_mixin.py:190} INFO - [2026-06-18T19:17:14.724+0000] {dag.py:3239} INFO - Sync 10 DAGs
[2026-06-18T19:17:14.767+0000] {logging_mixin.py:190} INFO - [2026-06-18T19:17:14.767+0000] {dag.py:4180} INFO - Setting next_dagrun for conditional_dataset_and_time_based_timetable to 2026-06-17 01:00:00+00:00, run_after=2026-06-17 01:00:00+00:00
[2026-06-18T19:17:14.774+0000] {logging_mixin.py:190} INFO - [2026-06-18T19:17:14.774+0000] {dag.py:4180} INFO - Setting next_dagrun for consume_1_and_2_with_dataset_expressions to None, run_after=None
[2026-06-18T19:17:14.779+0000] {logging_mixin.py:190} INFO - [2026-06-18T19:17:14.779+0000] {dag.py:4180} INFO - Setting next_dagrun for consume_1_or_2_with_dataset_expressions to None, run_after=None
[2026-06-18T19:17:14.783+0000] {logging_mixin.py:190} INFO - [2026-06-18T19:17:14.783+0000] {dag.py:4180} INFO - Setting next_dagrun for consume_1_or_both_2_and_3_with_dataset_expressions to None, run_after=None
[2026-06-18T19:17:14.788+0000] {logging_mixin.py:190} INFO - [2026-06-18T19:17:14.787+0000] {dag.py:4180} INFO - Setting next_dagrun for dataset_consumes_1 to None, run_after=None
[2026-06-18T19:17:14.791+0000] {logging_mixin.py:190} INFO - [2026-06-18T19:17:14.791+0000] {dag.py:4180} INFO - Setting next_dagrun for dataset_consumes_1_and_2 to None, run_after=None
[2026-06-18T19:17:14.795+0000] {logging_mixin.py:190} INFO - [2026-06-18T19:17:14.794+0000] {dag.py:4180} INFO - Setting next_dagrun for dataset_consumes_1_never_scheduled to None, run_after=None
[2026-06-18T19:17:14.797+0000] {logging_mixin.py:190} INFO - [2026-06-18T19:17:14.797+0000] {dag.py:4180} INFO - Setting next_dagrun for dataset_consumes_unknown_never_scheduled to None, run_after=None
[2026-06-18T19:17:14.803+0000] {logging_mixin.py:190} INFO - [2026-06-18T19:17:14.802+0000] {dag.py:4180} INFO - Setting next_dagrun for dataset_produces_1 to 2026-06-17 00:00:00+00:00, run_after=2026-06-18 00:00:00+00:00
[2026-06-18T19:17:14.807+0000] {logging_mixin.py:190} INFO - [2026-06-18T19:17:14.806+0000] {dag.py:4180} INFO - Setting next_dagrun for dataset_produces_2 to None, run_after=None
[2026-06-18T19:17:14.847+0000] {processor.py:208} INFO - Processing /home/airflow/.local/lib/python3.12/site-packages/airflow/example_dags/example_datasets.py took 0.992 seconds
[2026-06-18T19:17:45.069+0000] {processor.py:186} INFO - Started process (PID=742) to work on /home/airflow/.local/lib/python3.12/site-packages/airflow/example_dags/example_datasets.py
[2026-06-18T19:17:45.075+0000] {processor.py:914} INFO - Processing file /home/airflow/.local/lib/python3.12/site-packages/airflow/example_dags/example_datasets.py for tasks to queue
[2026-06-18T19:17:45.081+0000] {logging_mixin.py:190} INFO - [2026-06-18T19:17:45.080+0000] {dagbag.py:588} INFO - Filling up the DagBag from /home/airflow/.local/lib/python3.12/site-packages/airflow/example_dags/example_datasets.py
[2026-06-18T19:17:46.831+0000] {processor.py:925} INFO - DAG(s) 'dataset_consumes_1_never_scheduled', 'conditional_dataset_and_time_based_timetable', 'consume_1_or_2_with_dataset_expressions', 'consume_1_or_both_2_and_3_with_dataset_expressions', 'consume_1_and_2_with_dataset_expressions', 'dataset_consumes_unknown_never_scheduled', 'dataset_consumes_1_and_2', 'dataset_consumes_1', 'dataset_produces_1', 'dataset_produces_2' retrieved from /home/airflow/.local/lib/python3.12/site-packages/airflow/example_dags/example_datasets.py
[2026-06-18T19:17:46.992+0000] {logging_mixin.py:190} INFO - [2026-06-18T19:17:46.992+0000] {dag.py:3239} INFO - Sync 10 DAGs
[2026-06-18T19:17:47.071+0000] {logging_mixin.py:190} INFO - [2026-06-18T19:17:47.070+0000] {dag.py:4180} INFO - Setting next_dagrun for conditional_dataset_and_time_based_timetable to 2026-06-17 01:00:00+00:00, run_after=2026-06-17 01:00:00+00:00
[2026-06-18T19:17:47.083+0000] {logging_mixin.py:190} INFO - [2026-06-18T19:17:47.082+0000] {dag.py:4180} INFO - Setting next_dagrun for consume_1_and_2_with_dataset_expressions to None, run_after=None
[2026-06-18T19:17:47.092+0000] {logging_mixin.py:190} INFO - [2026-06-18T19:17:47.091+0000] {dag.py:4180} INFO - Setting next_dagrun for consume_1_or_2_with_dataset_expressions to None, run_after=None
[2026-06-18T19:17:47.098+0000] {logging_mixin.py:190} INFO - [2026-06-18T19:17:47.097+0000] {dag.py:4180} INFO - Setting next_dagrun for consume_1_or_both_2_and_3_with_dataset_expressions to None, run_after=None
[2026-06-18T19:17:47.105+0000] {logging_mixin.py:190} INFO - [2026-06-18T19:17:47.104+0000] {dag.py:4180} INFO - Setting next_dagrun for dataset_consumes_1 to None, run_after=None
[2026-06-18T19:17:47.111+0000] {logging_mixin.py:190} INFO - [2026-06-18T19:17:47.110+0000] {dag.py:4180} INFO - Setting next_dagrun for dataset_consumes_1_and_2 to None, run_after=None
[2026-06-18T19:17:47.117+0000] {logging_mixin.py:190} INFO - [2026-06-18T19:17:47.116+0000] {dag.py:4180} INFO - Setting next_dagrun for dataset_consumes_1_never_scheduled to None, run_after=None
[2026-06-18T19:17:47.122+0000] {logging_mixin.py:190} INFO - [2026-06-18T19:17:47.122+0000] {dag.py:4180} INFO - Setting next_dagrun for dataset_consumes_unknown_never_scheduled to None, run_after=None
[2026-06-18T19:17:47.131+0000] {logging_mixin.py:190} INFO - [2026-06-18T19:17:47.130+0000] {dag.py:4180} INFO - Setting next_dagrun for dataset_produces_1 to 2026-06-17 00:00:00+00:00, run_after=2026-06-18 00:00:00+00:00
[2026-06-18T19:17:47.137+0000] {logging_mixin.py:190} INFO - [2026-06-18T19:17:47.137+0000] {dag.py:4180} INFO - Setting next_dagrun for dataset_produces_2 to None, run_after=None
[2026-06-18T19:17:47.274+0000] {processor.py:208} INFO - Processing /home/airflow/.local/lib/python3.12/site-packages/airflow/example_dags/example_datasets.py took 2.222 seconds
[2026-06-18T19:18:17.519+0000] {processor.py:186} INFO - Started process (PID=813) to work on /home/airflow/.local/lib/python3.12/site-packages/airflow/example_dags/example_datasets.py
[2026-06-18T19:18:17.521+0000] {processor.py:914} INFO - Processing file /home/airflow/.local/lib/python3.12/site-packages/airflow/example_dags/example_datasets.py for tasks to queue
[2026-06-18T19:18:17.525+0000] {logging_mixin.py:190} INFO - [2026-06-18T19:18:17.525+0000] {dagbag.py:588} INFO - Filling up the DagBag from /home/airflow/.local/lib/python3.12/site-packages/airflow/example_dags/example_datasets.py
[2026-06-18T19:18:18.284+0000] {processor.py:925} INFO - DAG(s) 'dataset_produces_2', 'dataset_produces_1', 'dataset_consumes_unknown_never_scheduled', 'consume_1_and_2_with_dataset_expressions', 'dataset_consumes_1_and_2', 'conditional_dataset_and_time_based_timetable', 'dataset_consumes_1_never_scheduled', 'consume_1_or_both_2_and_3_with_dataset_expressions', 'consume_1_or_2_with_dataset_expressions', 'dataset_consumes_1' retrieved from /home/airflow/.local/lib/python3.12/site-packages/airflow/example_dags/example_datasets.py
[2026-06-18T19:18:18.375+0000] {logging_mixin.py:190} INFO - [2026-06-18T19:18:18.375+0000] {dag.py:3239} INFO - Sync 10 DAGs
[2026-06-18T19:18:18.434+0000] {logging_mixin.py:190} INFO - [2026-06-18T19:18:18.433+0000] {dag.py:4180} INFO - Setting next_dagrun for conditional_dataset_and_time_based_timetable to 2026-06-17 01:00:00+00:00, run_after=2026-06-17 01:00:00+00:00
[2026-06-18T19:18:18.444+0000] {logging_mixin.py:190} INFO - [2026-06-18T19:18:18.443+0000] {dag.py:4180} INFO - Setting next_dagrun for consume_1_and_2_with_dataset_expressions to None, run_after=None
[2026-06-18T19:18:18.450+0000] {logging_mixin.py:190} INFO - [2026-06-18T19:18:18.449+0000] {dag.py:4180} INFO - Setting next_dagrun for consume_1_or_2_with_dataset_expressions to None, run_after=None
[2026-06-18T19:18:18.454+0000] {logging_mixin.py:190} INFO - [2026-06-18T19:18:18.453+0000] {dag.py:4180} INFO - Setting next_dagrun for consume_1_or_both_2_and_3_with_dataset_expressions to None, run_after=None
[2026-06-18T19:18:18.458+0000] {logging_mixin.py:190} INFO - [2026-06-18T19:18:18.457+0000] {dag.py:4180} INFO - Setting next_dagrun for dataset_consumes_1 to None, run_after=None
[2026-06-18T19:18:18.463+0000] {logging_mixin.py:190} INFO - [2026-06-18T19:18:18.463+0000] {dag.py:4180} INFO - Setting next_dagrun for dataset_consumes_1_and_2 to None, run_after=None
[2026-06-18T19:18:18.466+0000] {logging_mixin.py:190} INFO - [2026-06-18T19:18:18.466+0000] {dag.py:4180} INFO - Setting next_dagrun for dataset_consumes_1_never_scheduled to None, run_after=None
[2026-06-18T19:18:18.470+0000] {logging_mixin.py:190} INFO - [2026-06-18T19:18:18.470+0000] {dag.py:4180} INFO - Setting next_dagrun for dataset_consumes_unknown_never_scheduled to None, run_after=None
[2026-06-18T19:18:18.476+0000] {logging_mixin.py:190} INFO - [2026-06-18T19:18:18.476+0000] {dag.py:4180} INFO - Setting next_dagrun for dataset_produces_1 to 2026-06-17 00:00:00+00:00, run_after=2026-06-18 00:00:00+00:00
[2026-06-18T19:18:18.480+0000] {logging_mixin.py:190} INFO - [2026-06-18T19:18:18.479+0000] {dag.py:4180} INFO - Setting next_dagrun for dataset_produces_2 to None, run_after=None
[2026-06-18T19:18:18.527+0000] {processor.py:208} INFO - Processing /home/airflow/.local/lib/python3.12/site-packages/airflow/example_dags/example_datasets.py took 1.015 seconds
[2026-06-18T19:18:49.151+0000] {processor.py:186} INFO - Started process (PID=877) to work on /home/airflow/.local/lib/python3.12/site-packages/airflow/example_dags/example_datasets.py
[2026-06-18T19:18:49.168+0000] {processor.py:914} INFO - Processing file /home/airflow/.local/lib/python3.12/site-packages/airflow/example_dags/example_datasets.py for tasks to queue
[2026-06-18T19:18:49.173+0000] {logging_mixin.py:190} INFO - [2026-06-18T19:18:49.173+0000] {dagbag.py:588} INFO - Filling up the DagBag from /home/airflow/.local/lib/python3.12/site-packages/airflow/example_dags/example_datasets.py
[2026-06-18T19:18:50.015+0000] {processor.py:925} INFO - DAG(s) 'dataset_produces_1', 'dataset_produces_2', 'consume_1_and_2_with_dataset_expressions', 'dataset_consumes_1_never_scheduled', 'consume_1_or_both_2_and_3_with_dataset_expressions', 'consume_1_or_2_with_dataset_expressions', 'conditional_dataset_and_time_based_timetable', 'dataset_consumes_1', 'dataset_consumes_1_and_2', 'dataset_consumes_unknown_never_scheduled' retrieved from /home/airflow/.local/lib/python3.12/site-packages/airflow/example_dags/example_datasets.py
[2026-06-18T19:18:50.090+0000] {logging_mixin.py:190} INFO - [2026-06-18T19:18:50.089+0000] {dag.py:3239} INFO - Sync 10 DAGs
[2026-06-18T19:18:50.130+0000] {logging_mixin.py:190} INFO - [2026-06-18T19:18:50.130+0000] {dag.py:4180} INFO - Setting next_dagrun for conditional_dataset_and_time_based_timetable to 2026-06-17 01:00:00+00:00, run_after=2026-06-17 01:00:00+00:00
[2026-06-18T19:18:50.138+0000] {logging_mixin.py:190} INFO - [2026-06-18T19:18:50.137+0000] {dag.py:4180} INFO - Setting next_dagrun for consume_1_and_2_with_dataset_expressions to None, run_after=None
[2026-06-18T19:18:50.144+0000] {logging_mixin.py:190} INFO - [2026-06-18T19:18:50.144+0000] {dag.py:4180} INFO - Setting next_dagrun for consume_1_or_2_with_dataset_expressions to None, run_after=None
[2026-06-18T19:18:50.149+0000] {logging_mixin.py:190} INFO - [2026-06-18T19:18:50.149+0000] {dag.py:4180} INFO - Setting next_dagrun for consume_1_or_both_2_and_3_with_dataset_expressions to None, run_after=None
[2026-06-18T19:18:50.155+0000] {logging_mixin.py:190} INFO - [2026-06-18T19:18:50.154+0000] {dag.py:4180} INFO - Setting next_dagrun for dataset_consumes_1 to None, run_after=None
[2026-06-18T19:18:50.160+0000] {logging_mixin.py:190} INFO - [2026-06-18T19:18:50.159+0000] {dag.py:4180} INFO - Setting next_dagrun for dataset_consumes_1_and_2 to None, run_after=None
[2026-06-18T19:18:50.164+0000] {logging_mixin.py:190} INFO - [2026-06-18T19:18:50.164+0000] {dag.py:4180} INFO - Setting next_dagrun for dataset_consumes_1_never_scheduled to None, run_after=None
[2026-06-18T19:18:50.169+0000] {logging_mixin.py:190} INFO - [2026-06-18T19:18:50.168+0000] {dag.py:4180} INFO - Setting next_dagrun for dataset_consumes_unknown_never_scheduled to None, run_after=None
[2026-06-18T19:18:50.178+0000] {logging_mixin.py:190} INFO - [2026-06-18T19:18:50.177+0000] {dag.py:4180} INFO - Setting next_dagrun for dataset_produces_1 to 2026-06-17 00:00:00+00:00, run_after=2026-06-18 00:00:00+00:00
[2026-06-18T19:18:50.183+0000] {logging_mixin.py:190} INFO - [2026-06-18T19:18:50.182+0000] {dag.py:4180} INFO - Setting next_dagrun for dataset_produces_2 to None, run_after=None
[2026-06-18T19:18:50.259+0000] {processor.py:208} INFO - Processing /home/airflow/.local/lib/python3.12/site-packages/airflow/example_dags/example_datasets.py took 1.120 seconds
[2026-06-18T19:19:20.388+0000] {processor.py:186} INFO - Started process (PID=941) to work on /home/airflow/.local/lib/python3.12/site-packages/airflow/example_dags/example_datasets.py
[2026-06-18T19:19:20.404+0000] {processor.py:914} INFO - Processing file /home/airflow/.local/lib/python3.12/site-packages/airflow/example_dags/example_datasets.py for tasks to queue
[2026-06-18T19:19:20.412+0000] {logging_mixin.py:190} INFO - [2026-06-18T19:19:20.411+0000] {dagbag.py:588} INFO - Filling up the DagBag from /home/airflow/.local/lib/python3.12/site-packages/airflow/example_dags/example_datasets.py
[2026-06-18T19:19:21.747+0000] {processor.py:925} INFO - DAG(s) 'dataset_consumes_1', 'consume_1_or_both_2_and_3_with_dataset_expressions', 'dataset_consumes_unknown_never_scheduled', 'dataset_consumes_1_and_2', 'conditional_dataset_and_time_based_timetable', 'dataset_consumes_1_never_scheduled', 'consume_1_or_2_with_dataset_expressions', 'dataset_produces_2', 'dataset_produces_1', 'consume_1_and_2_with_dataset_expressions' retrieved from /home/airflow/.local/lib/python3.12/site-packages/airflow/example_dags/example_datasets.py
[2026-06-18T19:19:21.865+0000] {logging_mixin.py:190} INFO - [2026-06-18T19:19:21.865+0000] {dag.py:3239} INFO - Sync 10 DAGs
[2026-06-18T19:19:21.940+0000] {logging_mixin.py:190} INFO - [2026-06-18T19:19:21.940+0000] {dag.py:4180} INFO - Setting next_dagrun for conditional_dataset_and_time_based_timetable to 2026-06-17 01:00:00+00:00, run_after=2026-06-17 01:00:00+00:00
[2026-06-18T19:19:21.955+0000] {logging_mixin.py:190} INFO - [2026-06-18T19:19:21.954+0000] {dag.py:4180} INFO - Setting next_dagrun for consume_1_and_2_with_dataset_expressions to None, run_after=None
[2026-06-18T19:19:21.962+0000] {logging_mixin.py:190} INFO - [2026-06-18T19:19:21.961+0000] {dag.py:4180} INFO - Setting next_dagrun for consume_1_or_2_with_dataset_expressions to None, run_after=None
[2026-06-18T19:19:21.968+0000] {logging_mixin.py:190} INFO - [2026-06-18T19:19:21.967+0000] {dag.py:4180} INFO - Setting next_dagrun for consume_1_or_both_2_and_3_with_dataset_expressions to None, run_after=None
[2026-06-18T19:19:21.975+0000] {logging_mixin.py:190} INFO - [2026-06-18T19:19:21.974+0000] {dag.py:4180} INFO - Setting next_dagrun for dataset_consumes_1 to None, run_after=None
[2026-06-18T19:19:21.983+0000] {logging_mixin.py:190} INFO - [2026-06-18T19:19:21.982+0000] {dag.py:4180} INFO - Setting next_dagrun for dataset_consumes_1_and_2 to None, run_after=None
[2026-06-18T19:19:21.991+0000] {logging_mixin.py:190} INFO - [2026-06-18T19:19:21.990+0000] {dag.py:4180} INFO - Setting next_dagrun for dataset_consumes_1_never_scheduled to None, run_after=None
[2026-06-18T19:19:21.996+0000] {logging_mixin.py:190} INFO - [2026-06-18T19:19:21.996+0000] {dag.py:4180} INFO - Setting next_dagrun for dataset_consumes_unknown_never_scheduled to None, run_after=None
[2026-06-18T19:19:22.006+0000] {logging_mixin.py:190} INFO - [2026-06-18T19:19:22.006+0000] {dag.py:4180} INFO - Setting next_dagrun for dataset_produces_1 to 2026-06-17 00:00:00+00:00, run_after=2026-06-18 00:00:00+00:00
[2026-06-18T19:19:22.012+0000] {logging_mixin.py:190} INFO - [2026-06-18T19:19:22.011+0000] {dag.py:4180} INFO - Setting next_dagrun for dataset_produces_2 to None, run_after=None
[2026-06-18T19:19:22.126+0000] {processor.py:208} INFO - Processing /home/airflow/.local/lib/python3.12/site-packages/airflow/example_dags/example_datasets.py took 1.754 seconds
[2026-06-18T19:19:52.216+0000] {processor.py:186} INFO - Started process (PID=1006) to work on /home/airflow/.local/lib/python3.12/site-packages/airflow/example_dags/example_datasets.py
[2026-06-18T19:19:52.219+0000] {processor.py:914} INFO - Processing file /home/airflow/.local/lib/python3.12/site-packages/airflow/example_dags/example_datasets.py for tasks to queue
[2026-06-18T19:19:52.222+0000] {logging_mixin.py:190} INFO - [2026-06-18T19:19:52.222+0000] {dagbag.py:588} INFO - Filling up the DagBag from /home/airflow/.local/lib/python3.12/site-packages/airflow/example_dags/example_datasets.py
[2026-06-18T19:19:52.781+0000] {processor.py:925} INFO - DAG(s) 'dataset_produces_1', 'consume_1_or_2_with_dataset_expressions', 'dataset_consumes_1_and_2', 'conditional_dataset_and_time_based_timetable', 'consume_1_or_both_2_and_3_with_dataset_expressions', 'dataset_consumes_unknown_never_scheduled', 'dataset_consumes_1_never_scheduled', 'dataset_consumes_1', 'dataset_produces_2', 'consume_1_and_2_with_dataset_expressions' retrieved from /home/airflow/.local/lib/python3.12/site-packages/airflow/example_dags/example_datasets.py
[2026-06-18T19:19:52.826+0000] {logging_mixin.py:190} INFO - [2026-06-18T19:19:52.826+0000] {dag.py:3239} INFO - Sync 10 DAGs
[2026-06-18T19:19:52.849+0000] {logging_mixin.py:190} INFO - [2026-06-18T19:19:52.849+0000] {dag.py:4180} INFO - Setting next_dagrun for conditional_dataset_and_time_based_timetable to 2026-06-17 01:00:00+00:00, run_after=2026-06-17 01:00:00+00:00
[2026-06-18T19:19:52.854+0000] {logging_mixin.py:190} INFO - [2026-06-18T19:19:52.854+0000] {dag.py:4180} INFO - Setting next_dagrun for consume_1_and_2_with_dataset_expressions to None, run_after=None
[2026-06-18T19:19:52.856+0000] {logging_mixin.py:190} INFO - [2026-06-18T19:19:52.856+0000] {dag.py:4180} INFO - Setting next_dagrun for consume_1_or_2_with_dataset_expressions to None, run_after=None
[2026-06-18T19:19:52.858+0000] {logging_mixin.py:190} INFO - [2026-06-18T19:19:52.858+0000] {dag.py:4180} INFO - Setting next_dagrun for consume_1_or_both_2_and_3_with_dataset_expressions to None, run_after=None
[2026-06-18T19:19:52.861+0000] {logging_mixin.py:190} INFO - [2026-06-18T19:19:52.860+0000] {dag.py:4180} INFO - Setting next_dagrun for dataset_consumes_1 to None, run_after=None
[2026-06-18T19:19:52.863+0000] {logging_mixin.py:190} INFO - [2026-06-18T19:19:52.863+0000] {dag.py:4180} INFO - Setting next_dagrun for dataset_consumes_1_and_2 to None, run_after=None
[2026-06-18T19:19:52.865+0000] {logging_mixin.py:190} INFO - [2026-06-18T19:19:52.865+0000] {dag.py:4180} INFO - Setting next_dagrun for dataset_consumes_1_never_scheduled to None, run_after=None
[2026-06-18T19:19:52.867+0000] {logging_mixin.py:190} INFO - [2026-06-18T19:19:52.867+0000] {dag.py:4180} INFO - Setting next_dagrun for dataset_consumes_unknown_never_scheduled to None, run_after=None
[2026-06-18T19:19:52.871+0000] {logging_mixin.py:190} INFO - [2026-06-18T19:19:52.871+0000] {dag.py:4180} INFO - Setting next_dagrun for dataset_produces_1 to 2026-06-17 00:00:00+00:00, run_after=2026-06-18 00:00:00+00:00
[2026-06-18T19:19:52.874+0000] {logging_mixin.py:190} INFO - [2026-06-18T19:19:52.874+0000] {dag.py:4180} INFO - Setting next_dagrun for dataset_produces_2 to None, run_after=None
[2026-06-18T19:19:52.906+0000] {processor.py:208} INFO - Processing /home/airflow/.local/lib/python3.12/site-packages/airflow/example_dags/example_datasets.py took 0.695 seconds
[2026-06-18T19:20:23.474+0000] {processor.py:186} INFO - Started process (PID=1069) to work on /home/airflow/.local/lib/python3.12/site-packages/airflow/example_dags/example_datasets.py
[2026-06-18T19:20:23.477+0000] {processor.py:914} INFO - Processing file /home/airflow/.local/lib/python3.12/site-packages/airflow/example_dags/example_datasets.py for tasks to queue
[2026-06-18T19:20:23.480+0000] {logging_mixin.py:190} INFO - [2026-06-18T19:20:23.480+0000] {dagbag.py:588} INFO - Filling up the DagBag from /home/airflow/.local/lib/python3.12/site-packages/airflow/example_dags/example_datasets.py
[2026-06-18T19:20:24.274+0000] {processor.py:925} INFO - DAG(s) 'dataset_consumes_unknown_never_scheduled', 'consume_1_or_both_2_and_3_with_dataset_expressions', 'dataset_consumes_1', 'dataset_produces_1', 'dataset_produces_2', 'dataset_consumes_1_never_scheduled', 'conditional_dataset_and_time_based_timetable', 'consume_1_and_2_with_dataset_expressions', 'dataset_consumes_1_and_2', 'consume_1_or_2_with_dataset_expressions' retrieved from /home/airflow/.local/lib/python3.12/site-packages/airflow/example_dags/example_datasets.py
[2026-06-18T19:20:24.362+0000] {logging_mixin.py:190} INFO - [2026-06-18T19:20:24.362+0000] {dag.py:3239} INFO - Sync 10 DAGs
[2026-06-18T19:20:24.402+0000] {logging_mixin.py:190} INFO - [2026-06-18T19:20:24.402+0000] {dag.py:4180} INFO - Setting next_dagrun for conditional_dataset_and_time_based_timetable to 2026-06-17 01:00:00+00:00, run_after=2026-06-17 01:00:00+00:00
[2026-06-18T19:20:24.410+0000] {logging_mixin.py:190} INFO - [2026-06-18T19:20:24.410+0000] {dag.py:4180} INFO - Setting next_dagrun for consume_1_and_2_with_dataset_expressions to None, run_after=None
[2026-06-18T19:20:24.415+0000] {logging_mixin.py:190} INFO - [2026-06-18T19:20:24.414+0000] {dag.py:4180} INFO - Setting next_dagrun for consume_1_or_2_with_dataset_expressions to None, run_after=None
[2026-06-18T19:20:24.418+0000] {logging_mixin.py:190} INFO - [2026-06-18T19:20:24.417+0000] {dag.py:4180} INFO - Setting next_dagrun for consume_1_or_both_2_and_3_with_dataset_expressions to None, run_after=None
[2026-06-18T19:20:24.421+0000] {logging_mixin.py:190} INFO - [2026-06-18T19:20:24.420+0000] {dag.py:4180} INFO - Setting next_dagrun for dataset_consumes_1 to None, run_after=None
[2026-06-18T19:20:24.424+0000] {logging_mixin.py:190} INFO - [2026-06-18T19:20:24.424+0000] {dag.py:4180} INFO - Setting next_dagrun for dataset_consumes_1_and_2 to None, run_after=None
[2026-06-18T19:20:24.428+0000] {logging_mixin.py:190} INFO - [2026-06-18T19:20:24.428+0000] {dag.py:4180} INFO - Setting next_dagrun for dataset_consumes_1_never_scheduled to None, run_after=None
[2026-06-18T19:20:24.431+0000] {logging_mixin.py:190} INFO - [2026-06-18T19:20:24.431+0000] {dag.py:4180} INFO - Setting next_dagrun for dataset_consumes_unknown_never_scheduled to None, run_after=None
[2026-06-18T19:20:24.436+0000] {logging_mixin.py:190} INFO - [2026-06-18T19:20:24.436+0000] {dag.py:4180} INFO - Setting next_dagrun for dataset_produces_1 to 2026-06-17 00:00:00+00:00, run_after=2026-06-18 00:00:00+00:00
[2026-06-18T19:20:24.439+0000] {logging_mixin.py:190} INFO - [2026-06-18T19:20:24.439+0000] {dag.py:4180} INFO - Setting next_dagrun for dataset_produces_2 to None, run_after=None
[2026-06-18T19:20:24.493+0000] {processor.py:208} INFO - Processing /home/airflow/.local/lib/python3.12/site-packages/airflow/example_dags/example_datasets.py took 1.025 seconds
[2026-06-18T19:20:55.366+0000] {processor.py:186} INFO - Started process (PID=1133) to work on /home/airflow/.local/lib/python3.12/site-packages/airflow/example_dags/example_datasets.py
[2026-06-18T19:20:55.370+0000] {processor.py:914} INFO - Processing file /home/airflow/.local/lib/python3.12/site-packages/airflow/example_dags/example_datasets.py for tasks to queue
[2026-06-18T19:20:55.377+0000] {logging_mixin.py:190} INFO - [2026-06-18T19:20:55.376+0000] {dagbag.py:588} INFO - Filling up the DagBag from /home/airflow/.local/lib/python3.12/site-packages/airflow/example_dags/example_datasets.py
[2026-06-18T19:20:56.590+0000] {processor.py:925} INFO - DAG(s) 'consume_1_or_both_2_and_3_with_dataset_expressions', 'conditional_dataset_and_time_based_timetable', 'dataset_consumes_1_and_2', 'consume_1_and_2_with_dataset_expressions', 'dataset_consumes_1', 'consume_1_or_2_with_dataset_expressions', 'dataset_consumes_unknown_never_scheduled', 'dataset_consumes_1_never_scheduled', 'dataset_produces_1', 'dataset_produces_2' retrieved from /home/airflow/.local/lib/python3.12/site-packages/airflow/example_dags/example_datasets.py
[2026-06-18T19:20:56.703+0000] {logging_mixin.py:190} INFO - [2026-06-18T19:20:56.702+0000] {dag.py:3239} INFO - Sync 10 DAGs
[2026-06-18T19:20:56.807+0000] {logging_mixin.py:190} INFO - [2026-06-18T19:20:56.806+0000] {dag.py:4180} INFO - Setting next_dagrun for conditional_dataset_and_time_based_timetable to 2026-06-17 01:00:00+00:00, run_after=2026-06-17 01:00:00+00:00
[2026-06-18T19:20:56.823+0000] {logging_mixin.py:190} INFO - [2026-06-18T19:20:56.822+0000] {dag.py:4180} INFO - Setting next_dagrun for consume_1_and_2_with_dataset_expressions to None, run_after=None
[2026-06-18T19:20:56.831+0000] {logging_mixin.py:190} INFO - [2026-06-18T19:20:56.831+0000] {dag.py:4180} INFO - Setting next_dagrun for consume_1_or_2_with_dataset_expressions to None, run_after=None
[2026-06-18T19:20:56.840+0000] {logging_mixin.py:190} INFO - [2026-06-18T19:20:56.839+0000] {dag.py:4180} INFO - Setting next_dagrun for consume_1_or_both_2_and_3_with_dataset_expressions to None, run_after=None
[2026-06-18T19:20:56.847+0000] {logging_mixin.py:190} INFO - [2026-06-18T19:20:56.846+0000] {dag.py:4180} INFO - Setting next_dagrun for dataset_consumes_1 to None, run_after=None
[2026-06-18T19:20:56.855+0000] {logging_mixin.py:190} INFO - [2026-06-18T19:20:56.854+0000] {dag.py:4180} INFO - Setting next_dagrun for dataset_consumes_1_and_2 to None, run_after=None
[2026-06-18T19:20:56.861+0000] {logging_mixin.py:190} INFO - [2026-06-18T19:20:56.860+0000] {dag.py:4180} INFO - Setting next_dagrun for dataset_consumes_1_never_scheduled to None, run_after=None
[2026-06-18T19:20:56.869+0000] {logging_mixin.py:190} INFO - [2026-06-18T19:20:56.868+0000] {dag.py:4180} INFO - Setting next_dagrun for dataset_consumes_unknown_never_scheduled to None, run_after=None
[2026-06-18T19:20:56.881+0000] {logging_mixin.py:190} INFO - [2026-06-18T19:20:56.880+0000] {dag.py:4180} INFO - Setting next_dagrun for dataset_produces_1 to 2026-06-17 00:00:00+00:00, run_after=2026-06-18 00:00:00+00:00
[2026-06-18T19:20:56.887+0000] {logging_mixin.py:190} INFO - [2026-06-18T19:20:56.886+0000] {dag.py:4180} INFO - Setting next_dagrun for dataset_produces_2 to None, run_after=None
[2026-06-18T19:20:56.988+0000] {processor.py:208} INFO - Processing /home/airflow/.local/lib/python3.12/site-packages/airflow/example_dags/example_datasets.py took 1.628 seconds
[2026-06-18T19:21:27.555+0000] {processor.py:186} INFO - Started process (PID=1197) to work on /home/airflow/.local/lib/python3.12/site-packages/airflow/example_dags/example_datasets.py
[2026-06-18T19:21:27.558+0000] {processor.py:914} INFO - Processing file /home/airflow/.local/lib/python3.12/site-packages/airflow/example_dags/example_datasets.py for tasks to queue
[2026-06-18T19:21:27.561+0000] {logging_mixin.py:190} INFO - [2026-06-18T19:21:27.560+0000] {dagbag.py:588} INFO - Filling up the DagBag from /home/airflow/.local/lib/python3.12/site-packages/airflow/example_dags/example_datasets.py
[2026-06-18T19:21:28.165+0000] {processor.py:925} INFO - DAG(s) 'consume_1_or_both_2_and_3_with_dataset_expressions', 'dataset_consumes_1', 'dataset_consumes_1_never_scheduled', 'consume_1_and_2_with_dataset_expressions', 'dataset_produces_1', 'conditional_dataset_and_time_based_timetable', 'consume_1_or_2_with_dataset_expressions', 'dataset_produces_2', 'dataset_consumes_unknown_never_scheduled', 'dataset_consumes_1_and_2' retrieved from /home/airflow/.local/lib/python3.12/site-packages/airflow/example_dags/example_datasets.py
[2026-06-18T19:21:28.219+0000] {logging_mixin.py:190} INFO - [2026-06-18T19:21:28.219+0000] {dag.py:3239} INFO - Sync 10 DAGs
[2026-06-18T19:21:28.245+0000] {logging_mixin.py:190} INFO - [2026-06-18T19:21:28.245+0000] {dag.py:4180} INFO - Setting next_dagrun for conditional_dataset_and_time_based_timetable to 2026-06-17 01:00:00+00:00, run_after=2026-06-17 01:00:00+00:00
[2026-06-18T19:21:28.249+0000] {logging_mixin.py:190} INFO - [2026-06-18T19:21:28.249+0000] {dag.py:4180} INFO - Setting next_dagrun for consume_1_and_2_with_dataset_expressions to None, run_after=None
[2026-06-18T19:21:28.252+0000] {logging_mixin.py:190} INFO - [2026-06-18T19:21:28.251+0000] {dag.py:4180} INFO - Setting next_dagrun for consume_1_or_2_with_dataset_expressions to None, run_after=None
[2026-06-18T19:21:28.254+0000] {logging_mixin.py:190} INFO - [2026-06-18T19:21:28.254+0000] {dag.py:4180} INFO - Setting next_dagrun for consume_1_or_both_2_and_3_with_dataset_expressions to None, run_after=None
[2026-06-18T19:21:28.256+0000] {logging_mixin.py:190} INFO - [2026-06-18T19:21:28.256+0000] {dag.py:4180} INFO - Setting next_dagrun for dataset_consumes_1 to None, run_after=None
[2026-06-18T19:21:28.259+0000] {logging_mixin.py:190} INFO - [2026-06-18T19:21:28.258+0000] {dag.py:4180} INFO - Setting next_dagrun for dataset_consumes_1_and_2 to None, run_after=None
[2026-06-18T19:21:28.261+0000] {logging_mixin.py:190} INFO - [2026-06-18T19:21:28.261+0000] {dag.py:4180} INFO - Setting next_dagrun for dataset_consumes_1_never_scheduled to None, run_after=None
[2026-06-18T19:21:28.263+0000] {logging_mixin.py:190} INFO - [2026-06-18T19:21:28.263+0000] {dag.py:4180} INFO - Setting next_dagrun for dataset_consumes_unknown_never_scheduled to None, run_after=None
[2026-06-18T19:21:28.266+0000] {logging_mixin.py:190} INFO - [2026-06-18T19:21:28.266+0000] {dag.py:4180} INFO - Setting next_dagrun for dataset_produces_1 to 2026-06-17 00:00:00+00:00, run_after=2026-06-18 00:00:00+00:00
[2026-06-18T19:21:28.269+0000] {logging_mixin.py:190} INFO - [2026-06-18T19:21:28.268+0000] {dag.py:4180} INFO - Setting next_dagrun for dataset_produces_2 to None, run_after=None
[2026-06-18T19:21:28.307+0000] {processor.py:208} INFO - Processing /home/airflow/.local/lib/python3.12/site-packages/airflow/example_dags/example_datasets.py took 0.758 seconds
[2026-06-18T19:21:58.496+0000] {processor.py:186} INFO - Started process (PID=1261) to work on /home/airflow/.local/lib/python3.12/site-packages/airflow/example_dags/example_datasets.py
[2026-06-18T19:21:58.499+0000] {processor.py:914} INFO - Processing file /home/airflow/.local/lib/python3.12/site-packages/airflow/example_dags/example_datasets.py for tasks to queue
[2026-06-18T19:21:58.503+0000] {logging_mixin.py:190} INFO - [2026-06-18T19:21:58.503+0000] {dagbag.py:588} INFO - Filling up the DagBag from /home/airflow/.local/lib/python3.12/site-packages/airflow/example_dags/example_datasets.py
[2026-06-18T19:21:59.231+0000] {processor.py:925} INFO - DAG(s) 'consume_1_or_2_with_dataset_expressions', 'dataset_consumes_1_never_scheduled', 'dataset_produces_2', 'dataset_consumes_1', 'consume_1_or_both_2_and_3_with_dataset_expressions', 'conditional_dataset_and_time_based_timetable', 'consume_1_and_2_with_dataset_expressions', 'dataset_consumes_1_and_2', 'dataset_consumes_unknown_never_scheduled', 'dataset_produces_1' retrieved from /home/airflow/.local/lib/python3.12/site-packages/airflow/example_dags/example_datasets.py
[2026-06-18T19:21:59.326+0000] {logging_mixin.py:190} INFO - [2026-06-18T19:21:59.326+0000] {dag.py:3239} INFO - Sync 10 DAGs
[2026-06-18T19:21:59.379+0000] {logging_mixin.py:190} INFO - [2026-06-18T19:21:59.379+0000] {dag.py:4180} INFO - Setting next_dagrun for conditional_dataset_and_time_based_timetable to 2026-06-17 01:00:00+00:00, run_after=2026-06-17 01:00:00+00:00
[2026-06-18T19:21:59.387+0000] {logging_mixin.py:190} INFO - [2026-06-18T19:21:59.387+0000] {dag.py:4180} INFO - Setting next_dagrun for consume_1_and_2_with_dataset_expressions to None, run_after=None
[2026-06-18T19:21:59.392+0000] {logging_mixin.py:190} INFO - [2026-06-18T19:21:59.392+0000] {dag.py:4180} INFO - Setting next_dagrun for consume_1_or_2_with_dataset_expressions to None, run_after=None
[2026-06-18T19:21:59.396+0000] {logging_mixin.py:190} INFO - [2026-06-18T19:21:59.395+0000] {dag.py:4180} INFO - Setting next_dagrun for consume_1_or_both_2_and_3_with_dataset_expressions to None, run_after=None
[2026-06-18T19:21:59.407+0000] {logging_mixin.py:190} INFO - [2026-06-18T19:21:59.406+0000] {dag.py:4180} INFO - Setting next_dagrun for dataset_consumes_1 to None, run_after=None
[2026-06-18T19:21:59.412+0000] {logging_mixin.py:190} INFO - [2026-06-18T19:21:59.411+0000] {dag.py:4180} INFO - Setting next_dagrun for dataset_consumes_1_and_2 to None, run_after=None
[2026-06-18T19:21:59.416+0000] {logging_mixin.py:190} INFO - [2026-06-18T19:21:59.415+0000] {dag.py:4180} INFO - Setting next_dagrun for dataset_consumes_1_never_scheduled to None, run_after=None
[2026-06-18T19:21:59.420+0000] {logging_mixin.py:190} INFO - [2026-06-18T19:21:59.420+0000] {dag.py:4180} INFO - Setting next_dagrun for dataset_consumes_unknown_never_scheduled to None, run_after=None
[2026-06-18T19:21:59.429+0000] {logging_mixin.py:190} INFO - [2026-06-18T19:21:59.428+0000] {dag.py:4180} INFO - Setting next_dagrun for dataset_produces_1 to 2026-06-17 00:00:00+00:00, run_after=2026-06-18 00:00:00+00:00
[2026-06-18T19:21:59.433+0000] {logging_mixin.py:190} INFO - [2026-06-18T19:21:59.433+0000] {dag.py:4180} INFO - Setting next_dagrun for dataset_produces_2 to None, run_after=None
[2026-06-18T19:21:59.505+0000] {processor.py:208} INFO - Processing /home/airflow/.local/lib/python3.12/site-packages/airflow/example_dags/example_datasets.py took 1.016 seconds
[2026-06-18T19:22:29.623+0000] {processor.py:186} INFO - Started process (PID=1326) to work on /home/airflow/.local/lib/python3.12/site-packages/airflow/example_dags/example_datasets.py
[2026-06-18T19:22:29.633+0000] {processor.py:914} INFO - Processing file /home/airflow/.local/lib/python3.12/site-packages/airflow/example_dags/example_datasets.py for tasks to queue
[2026-06-18T19:22:29.641+0000] {logging_mixin.py:190} INFO - [2026-06-18T19:22:29.641+0000] {dagbag.py:588} INFO - Filling up the DagBag from /home/airflow/.local/lib/python3.12/site-packages/airflow/example_dags/example_datasets.py
[2026-06-18T19:22:31.626+0000] {processor.py:925} INFO - DAG(s) 'consume_1_or_2_with_dataset_expressions', 'dataset_produces_1', 'dataset_consumes_1_never_scheduled', 'dataset_consumes_1', 'consume_1_or_both_2_and_3_with_dataset_expressions', 'conditional_dataset_and_time_based_timetable', 'dataset_produces_2', 'dataset_consumes_1_and_2', 'dataset_consumes_unknown_never_scheduled', 'consume_1_and_2_with_dataset_expressions' retrieved from /home/airflow/.local/lib/python3.12/site-packages/airflow/example_dags/example_datasets.py
[2026-06-18T19:22:31.822+0000] {logging_mixin.py:190} INFO - [2026-06-18T19:22:31.820+0000] {dag.py:3239} INFO - Sync 10 DAGs
[2026-06-18T19:22:31.914+0000] {logging_mixin.py:190} INFO - [2026-06-18T19:22:31.913+0000] {dag.py:4180} INFO - Setting next_dagrun for conditional_dataset_and_time_based_timetable to 2026-06-17 01:00:00+00:00, run_after=2026-06-17 01:00:00+00:00
[2026-06-18T19:22:31.932+0000] {logging_mixin.py:190} INFO - [2026-06-18T19:22:31.931+0000] {dag.py:4180} INFO - Setting next_dagrun for consume_1_and_2_with_dataset_expressions to None, run_after=None
[2026-06-18T19:22:31.944+0000] {logging_mixin.py:190} INFO - [2026-06-18T19:22:31.944+0000] {dag.py:4180} INFO - Setting next_dagrun for consume_1_or_2_with_dataset_expressions to None, run_after=None
[2026-06-18T19:22:31.952+0000] {logging_mixin.py:190} INFO - [2026-06-18T19:22:31.952+0000] {dag.py:4180} INFO - Setting next_dagrun for consume_1_or_both_2_and_3_with_dataset_expressions to None, run_after=None
[2026-06-18T19:22:31.964+0000] {logging_mixin.py:190} INFO - [2026-06-18T19:22:31.964+0000] {dag.py:4180} INFO - Setting next_dagrun for dataset_consumes_1 to None, run_after=None
[2026-06-18T19:22:31.972+0000] {logging_mixin.py:190} INFO - [2026-06-18T19:22:31.971+0000] {dag.py:4180} INFO - Setting next_dagrun for dataset_consumes_1_and_2 to None, run_after=None
[2026-06-18T19:22:31.983+0000] {logging_mixin.py:190} INFO - [2026-06-18T19:22:31.983+0000] {dag.py:4180} INFO - Setting next_dagrun for dataset_consumes_1_never_scheduled to None, run_after=None
[2026-06-18T19:22:31.997+0000] {logging_mixin.py:190} INFO - [2026-06-18T19:22:31.996+0000] {dag.py:4180} INFO - Setting next_dagrun for dataset_consumes_unknown_never_scheduled to None, run_after=None
[2026-06-18T19:22:32.008+0000] {logging_mixin.py:190} INFO - [2026-06-18T19:22:32.007+0000] {dag.py:4180} INFO - Setting next_dagrun for dataset_produces_1 to 2026-06-17 00:00:00+00:00, run_after=2026-06-18 00:00:00+00:00
[2026-06-18T19:22:32.021+0000] {logging_mixin.py:190} INFO - [2026-06-18T19:22:32.021+0000] {dag.py:4180} INFO - Setting next_dagrun for dataset_produces_2 to None, run_after=None
[2026-06-18T19:22:32.154+0000] {processor.py:208} INFO - Processing /home/airflow/.local/lib/python3.12/site-packages/airflow/example_dags/example_datasets.py took 2.547 seconds
[2026-06-18T19:23:02.535+0000] {processor.py:186} INFO - Started process (PID=1390) to work on /home/airflow/.local/lib/python3.12/site-packages/airflow/example_dags/example_datasets.py
[2026-06-18T19:23:02.537+0000] {processor.py:914} INFO - Processing file /home/airflow/.local/lib/python3.12/site-packages/airflow/example_dags/example_datasets.py for tasks to queue
[2026-06-18T19:23:02.540+0000] {logging_mixin.py:190} INFO - [2026-06-18T19:23:02.540+0000] {dagbag.py:588} INFO - Filling up the DagBag from /home/airflow/.local/lib/python3.12/site-packages/airflow/example_dags/example_datasets.py
[2026-06-18T19:23:03.081+0000] {processor.py:925} INFO - DAG(s) 'dataset_produces_1', 'consume_1_and_2_with_dataset_expressions', 'dataset_produces_2', 'dataset_consumes_unknown_never_scheduled', 'dataset_consumes_1_never_scheduled', 'dataset_consumes_1_and_2', 'conditional_dataset_and_time_based_timetable', 'consume_1_or_2_with_dataset_expressions', 'dataset_consumes_1', 'consume_1_or_both_2_and_3_with_dataset_expressions' retrieved from /home/airflow/.local/lib/python3.12/site-packages/airflow/example_dags/example_datasets.py
[2026-06-18T19:23:03.122+0000] {logging_mixin.py:190} INFO - [2026-06-18T19:23:03.121+0000] {dag.py:3239} INFO - Sync 10 DAGs
[2026-06-18T19:23:03.145+0000] {logging_mixin.py:190} INFO - [2026-06-18T19:23:03.145+0000] {dag.py:4180} INFO - Setting next_dagrun for conditional_dataset_and_time_based_timetable to 2026-06-17 01:00:00+00:00, run_after=2026-06-17 01:00:00+00:00
[2026-06-18T19:23:03.150+0000] {logging_mixin.py:190} INFO - [2026-06-18T19:23:03.150+0000] {dag.py:4180} INFO - Setting next_dagrun for consume_1_and_2_with_dataset_expressions to None, run_after=None
[2026-06-18T19:23:03.153+0000] {logging_mixin.py:190} INFO - [2026-06-18T19:23:03.152+0000] {dag.py:4180} INFO - Setting next_dagrun for consume_1_or_2_with_dataset_expressions to None, run_after=None
[2026-06-18T19:23:03.154+0000] {logging_mixin.py:190} INFO - [2026-06-18T19:23:03.154+0000] {dag.py:4180} INFO - Setting next_dagrun for consume_1_or_both_2_and_3_with_dataset_expressions to None, run_after=None
[2026-06-18T19:23:03.156+0000] {logging_mixin.py:190} INFO - [2026-06-18T19:23:03.156+0000] {dag.py:4180} INFO - Setting next_dagrun for dataset_consumes_1 to None, run_after=None
[2026-06-18T19:23:03.158+0000] {logging_mixin.py:190} INFO - [2026-06-18T19:23:03.158+0000] {dag.py:4180} INFO - Setting next_dagrun for dataset_consumes_1_and_2 to None, run_after=None
[2026-06-18T19:23:03.161+0000] {logging_mixin.py:190} INFO - [2026-06-18T19:23:03.160+0000] {dag.py:4180} INFO - Setting next_dagrun for dataset_consumes_1_never_scheduled to None, run_after=None
[2026-06-18T19:23:03.163+0000] {logging_mixin.py:190} INFO - [2026-06-18T19:23:03.163+0000] {dag.py:4180} INFO - Setting next_dagrun for dataset_consumes_unknown_never_scheduled to None, run_after=None
[2026-06-18T19:23:03.166+0000] {logging_mixin.py:190} INFO - [2026-06-18T19:23:03.166+0000] {dag.py:4180} INFO - Setting next_dagrun for dataset_produces_1 to 2026-06-17 00:00:00+00:00, run_after=2026-06-18 00:00:00+00:00
[2026-06-18T19:23:03.168+0000] {logging_mixin.py:190} INFO - [2026-06-18T19:23:03.168+0000] {dag.py:4180} INFO - Setting next_dagrun for dataset_produces_2 to None, run_after=None
[2026-06-18T19:23:03.201+0000] {processor.py:208} INFO - Processing /home/airflow/.local/lib/python3.12/site-packages/airflow/example_dags/example_datasets.py took 0.673 seconds
[2026-06-18T19:23:33.915+0000] {processor.py:186} INFO - Started process (PID=1454) to work on /home/airflow/.local/lib/python3.12/site-packages/airflow/example_dags/example_datasets.py
[2026-06-18T19:23:33.918+0000] {processor.py:914} INFO - Processing file /home/airflow/.local/lib/python3.12/site-packages/airflow/example_dags/example_datasets.py for tasks to queue
[2026-06-18T19:23:33.924+0000] {logging_mixin.py:190} INFO - [2026-06-18T19:23:33.923+0000] {dagbag.py:588} INFO - Filling up the DagBag from /home/airflow/.local/lib/python3.12/site-packages/airflow/example_dags/example_datasets.py
[2026-06-18T19:23:36.154+0000] {processor.py:925} INFO - DAG(s) 'consume_1_and_2_with_dataset_expressions', 'dataset_produces_1', 'dataset_consumes_unknown_never_scheduled', 'dataset_consumes_1_and_2', 'dataset_produces_2', 'consume_1_or_2_with_dataset_expressions', 'conditional_dataset_and_time_based_timetable', 'dataset_consumes_1', 'dataset_consumes_1_never_scheduled', 'consume_1_or_both_2_and_3_with_dataset_expressions' retrieved from /home/airflow/.local/lib/python3.12/site-packages/airflow/example_dags/example_datasets.py
[2026-06-18T19:23:36.311+0000] {logging_mixin.py:190} INFO - [2026-06-18T19:23:36.310+0000] {dag.py:3239} INFO - Sync 10 DAGs
[2026-06-18T19:23:36.420+0000] {logging_mixin.py:190} INFO - [2026-06-18T19:23:36.419+0000] {dag.py:4180} INFO - Setting next_dagrun for conditional_dataset_and_time_based_timetable to 2026-06-17 01:00:00+00:00, run_after=2026-06-17 01:00:00+00:00
[2026-06-18T19:23:36.431+0000] {logging_mixin.py:190} INFO - [2026-06-18T19:23:36.430+0000] {dag.py:4180} INFO - Setting next_dagrun for consume_1_and_2_with_dataset_expressions to None, run_after=None
[2026-06-18T19:23:36.436+0000] {logging_mixin.py:190} INFO - [2026-06-18T19:23:36.436+0000] {dag.py:4180} INFO - Setting next_dagrun for consume_1_or_2_with_dataset_expressions to None, run_after=None
[2026-06-18T19:23:36.442+0000] {logging_mixin.py:190} INFO - [2026-06-18T19:23:36.441+0000] {dag.py:4180} INFO - Setting next_dagrun for consume_1_or_both_2_and_3_with_dataset_expressions to None, run_after=None
[2026-06-18T19:23:36.447+0000] {logging_mixin.py:190} INFO - [2026-06-18T19:23:36.447+0000] {dag.py:4180} INFO - Setting next_dagrun for dataset_consumes_1 to None, run_after=None
[2026-06-18T19:23:36.452+0000] {logging_mixin.py:190} INFO - [2026-06-18T19:23:36.451+0000] {dag.py:4180} INFO - Setting next_dagrun for dataset_consumes_1_and_2 to None, run_after=None
[2026-06-18T19:23:36.456+0000] {logging_mixin.py:190} INFO - [2026-06-18T19:23:36.456+0000] {dag.py:4180} INFO - Setting next_dagrun for dataset_consumes_1_never_scheduled to None, run_after=None
[2026-06-18T19:23:36.462+0000] {logging_mixin.py:190} INFO - [2026-06-18T19:23:36.461+0000] {dag.py:4180} INFO - Setting next_dagrun for dataset_consumes_unknown_never_scheduled to None, run_after=None
[2026-06-18T19:23:36.470+0000] {logging_mixin.py:190} INFO - [2026-06-18T19:23:36.470+0000] {dag.py:4180} INFO - Setting next_dagrun for dataset_produces_1 to 2026-06-17 00:00:00+00:00, run_after=2026-06-18 00:00:00+00:00
[2026-06-18T19:23:36.475+0000] {logging_mixin.py:190} INFO - [2026-06-18T19:23:36.474+0000] {dag.py:4180} INFO - Setting next_dagrun for dataset_produces_2 to None, run_after=None
[2026-06-18T19:23:36.548+0000] {processor.py:208} INFO - Processing /home/airflow/.local/lib/python3.12/site-packages/airflow/example_dags/example_datasets.py took 2.644 seconds
[2026-06-18T19:24:06.755+0000] {processor.py:186} INFO - Started process (PID=1517) to work on /home/airflow/.local/lib/python3.12/site-packages/airflow/example_dags/example_datasets.py
[2026-06-18T19:24:06.758+0000] {processor.py:914} INFO - Processing file /home/airflow/.local/lib/python3.12/site-packages/airflow/example_dags/example_datasets.py for tasks to queue
[2026-06-18T19:24:06.762+0000] {logging_mixin.py:190} INFO - [2026-06-18T19:24:06.761+0000] {dagbag.py:588} INFO - Filling up the DagBag from /home/airflow/.local/lib/python3.12/site-packages/airflow/example_dags/example_datasets.py
[2026-06-18T19:24:07.347+0000] {processor.py:925} INFO - DAG(s) 'conditional_dataset_and_time_based_timetable', 'dataset_consumes_1_and_2', 'dataset_consumes_1_never_scheduled', 'consume_1_or_2_with_dataset_expressions', 'consume_1_and_2_with_dataset_expressions', 'consume_1_or_both_2_and_3_with_dataset_expressions', 'dataset_consumes_unknown_never_scheduled', 'dataset_produces_1', 'dataset_produces_2', 'dataset_consumes_1' retrieved from /home/airflow/.local/lib/python3.12/site-packages/airflow/example_dags/example_datasets.py
[2026-06-18T19:24:07.395+0000] {logging_mixin.py:190} INFO - [2026-06-18T19:24:07.395+0000] {dag.py:3239} INFO - Sync 10 DAGs
[2026-06-18T19:24:07.423+0000] {logging_mixin.py:190} INFO - [2026-06-18T19:24:07.423+0000] {dag.py:4180} INFO - Setting next_dagrun for conditional_dataset_and_time_based_timetable to 2026-06-17 01:00:00+00:00, run_after=2026-06-17 01:00:00+00:00
[2026-06-18T19:24:07.428+0000] {logging_mixin.py:190} INFO - [2026-06-18T19:24:07.428+0000] {dag.py:4180} INFO - Setting next_dagrun for consume_1_and_2_with_dataset_expressions to None, run_after=None
[2026-06-18T19:24:07.432+0000] {logging_mixin.py:190} INFO - [2026-06-18T19:24:07.432+0000] {dag.py:4180} INFO - Setting next_dagrun for consume_1_or_2_with_dataset_expressions to None, run_after=None
[2026-06-18T19:24:07.436+0000] {logging_mixin.py:190} INFO - [2026-06-18T19:24:07.436+0000] {dag.py:4180} INFO - Setting next_dagrun for consume_1_or_both_2_and_3_with_dataset_expressions to None, run_after=None
[2026-06-18T19:24:07.439+0000] {logging_mixin.py:190} INFO - [2026-06-18T19:24:07.438+0000] {dag.py:4180} INFO - Setting next_dagrun for dataset_consumes_1 to None, run_after=None
[2026-06-18T19:24:07.442+0000] {logging_mixin.py:190} INFO - [2026-06-18T19:24:07.441+0000] {dag.py:4180} INFO - Setting next_dagrun for dataset_consumes_1_and_2 to None, run_after=None
[2026-06-18T19:24:07.444+0000] {logging_mixin.py:190} INFO - [2026-06-18T19:24:07.444+0000] {dag.py:4180} INFO - Setting next_dagrun for dataset_consumes_1_never_scheduled to None, run_after=None
[2026-06-18T19:24:07.447+0000] {logging_mixin.py:190} INFO - [2026-06-18T19:24:07.447+0000] {dag.py:4180} INFO - Setting next_dagrun for dataset_consumes_unknown_never_scheduled to None, run_after=None
[2026-06-18T19:24:07.452+0000] {logging_mixin.py:190} INFO - [2026-06-18T19:24:07.452+0000] {dag.py:4180} INFO - Setting next_dagrun for dataset_produces_1 to 2026-06-17 00:00:00+00:00, run_after=2026-06-18 00:00:00+00:00
[2026-06-18T19:24:07.457+0000] {logging_mixin.py:190} INFO - [2026-06-18T19:24:07.456+0000] {dag.py:4180} INFO - Setting next_dagrun for dataset_produces_2 to None, run_after=None
[2026-06-18T19:24:07.497+0000] {processor.py:208} INFO - Processing /home/airflow/.local/lib/python3.12/site-packages/airflow/example_dags/example_datasets.py took 0.748 seconds
[2026-06-18T19:24:38.373+0000] {processor.py:186} INFO - Started process (PID=1584) to work on /home/airflow/.local/lib/python3.12/site-packages/airflow/example_dags/example_datasets.py
[2026-06-18T19:24:38.376+0000] {processor.py:914} INFO - Processing file /home/airflow/.local/lib/python3.12/site-packages/airflow/example_dags/example_datasets.py for tasks to queue
[2026-06-18T19:24:38.383+0000] {logging_mixin.py:190} INFO - [2026-06-18T19:24:38.382+0000] {dagbag.py:588} INFO - Filling up the DagBag from /home/airflow/.local/lib/python3.12/site-packages/airflow/example_dags/example_datasets.py
[2026-06-18T19:24:39.875+0000] {processor.py:925} INFO - DAG(s) 'dataset_consumes_1_and_2', 'dataset_consumes_unknown_never_scheduled', 'consume_1_or_2_with_dataset_expressions', 'consume_1_or_both_2_and_3_with_dataset_expressions', 'dataset_produces_1', 'dataset_consumes_1_never_scheduled', 'conditional_dataset_and_time_based_timetable', 'dataset_consumes_1', 'consume_1_and_2_with_dataset_expressions', 'dataset_produces_2' retrieved from /home/airflow/.local/lib/python3.12/site-packages/airflow/example_dags/example_datasets.py
[2026-06-18T19:24:39.979+0000] {logging_mixin.py:190} INFO - [2026-06-18T19:24:39.979+0000] {dag.py:3239} INFO - Sync 10 DAGs
[2026-06-18T19:24:40.060+0000] {logging_mixin.py:190} INFO - [2026-06-18T19:24:40.059+0000] {dag.py:4180} INFO - Setting next_dagrun for conditional_dataset_and_time_based_timetable to 2026-06-17 01:00:00+00:00, run_after=2026-06-17 01:00:00+00:00
[2026-06-18T19:24:40.080+0000] {logging_mixin.py:190} INFO - [2026-06-18T19:24:40.080+0000] {dag.py:4180} INFO - Setting next_dagrun for consume_1_and_2_with_dataset_expressions to None, run_after=None
[2026-06-18T19:24:40.094+0000] {logging_mixin.py:190} INFO - [2026-06-18T19:24:40.093+0000] {dag.py:4180} INFO - Setting next_dagrun for consume_1_or_2_with_dataset_expressions to None, run_after=None
[2026-06-18T19:24:40.101+0000] {logging_mixin.py:190} INFO - [2026-06-18T19:24:40.100+0000] {dag.py:4180} INFO - Setting next_dagrun for consume_1_or_both_2_and_3_with_dataset_expressions to None, run_after=None
[2026-06-18T19:24:40.107+0000] {logging_mixin.py:190} INFO - [2026-06-18T19:24:40.106+0000] {dag.py:4180} INFO - Setting next_dagrun for dataset_consumes_1 to None, run_after=None
[2026-06-18T19:24:40.119+0000] {logging_mixin.py:190} INFO - [2026-06-18T19:24:40.118+0000] {dag.py:4180} INFO - Setting next_dagrun for dataset_consumes_1_and_2 to None, run_after=None
[2026-06-18T19:24:40.124+0000] {logging_mixin.py:190} INFO - [2026-06-18T19:24:40.124+0000] {dag.py:4180} INFO - Setting next_dagrun for dataset_consumes_1_never_scheduled to None, run_after=None
[2026-06-18T19:24:40.130+0000] {logging_mixin.py:190} INFO - [2026-06-18T19:24:40.129+0000] {dag.py:4180} INFO - Setting next_dagrun for dataset_consumes_unknown_never_scheduled to None, run_after=None
[2026-06-18T19:24:40.144+0000] {logging_mixin.py:190} INFO - [2026-06-18T19:24:40.144+0000] {dag.py:4180} INFO - Setting next_dagrun for dataset_produces_1 to 2026-06-17 00:00:00+00:00, run_after=2026-06-18 00:00:00+00:00
[2026-06-18T19:24:40.163+0000] {logging_mixin.py:190} INFO - [2026-06-18T19:24:40.162+0000] {dag.py:4180} INFO - Setting next_dagrun for dataset_produces_2 to None, run_after=None
[2026-06-18T19:24:40.298+0000] {processor.py:208} INFO - Processing /home/airflow/.local/lib/python3.12/site-packages/airflow/example_dags/example_datasets.py took 1.934 seconds
[2026-06-18T19:25:10.826+0000] {processor.py:186} INFO - Started process (PID=1648) to work on /home/airflow/.local/lib/python3.12/site-packages/airflow/example_dags/example_datasets.py
[2026-06-18T19:25:10.830+0000] {processor.py:914} INFO - Processing file /home/airflow/.local/lib/python3.12/site-packages/airflow/example_dags/example_datasets.py for tasks to queue
[2026-06-18T19:25:10.837+0000] {logging_mixin.py:190} INFO - [2026-06-18T19:25:10.836+0000] {dagbag.py:588} INFO - Filling up the DagBag from /home/airflow/.local/lib/python3.12/site-packages/airflow/example_dags/example_datasets.py
[2026-06-18T19:25:12.074+0000] {processor.py:925} INFO - DAG(s) 'dataset_consumes_1_and_2', 'consume_1_or_both_2_and_3_with_dataset_expressions', 'dataset_produces_2', 'dataset_consumes_1', 'dataset_produces_1', 'dataset_consumes_1_never_scheduled', 'consume_1_and_2_with_dataset_expressions', 'consume_1_or_2_with_dataset_expressions', 'dataset_consumes_unknown_never_scheduled', 'conditional_dataset_and_time_based_timetable' retrieved from /home/airflow/.local/lib/python3.12/site-packages/airflow/example_dags/example_datasets.py
[2026-06-18T19:25:12.142+0000] {logging_mixin.py:190} INFO - [2026-06-18T19:25:12.142+0000] {dag.py:3239} INFO - Sync 10 DAGs
[2026-06-18T19:25:12.199+0000] {logging_mixin.py:190} INFO - [2026-06-18T19:25:12.198+0000] {dag.py:4180} INFO - Setting next_dagrun for conditional_dataset_and_time_based_timetable to 2026-06-17 01:00:00+00:00, run_after=2026-06-17 01:00:00+00:00
[2026-06-18T19:25:12.207+0000] {logging_mixin.py:190} INFO - [2026-06-18T19:25:12.206+0000] {dag.py:4180} INFO - Setting next_dagrun for consume_1_and_2_with_dataset_expressions to None, run_after=None
[2026-06-18T19:25:12.214+0000] {logging_mixin.py:190} INFO - [2026-06-18T19:25:12.214+0000] {dag.py:4180} INFO - Setting next_dagrun for consume_1_or_2_with_dataset_expressions to None, run_after=None
[2026-06-18T19:25:12.220+0000] {logging_mixin.py:190} INFO - [2026-06-18T19:25:12.219+0000] {dag.py:4180} INFO - Setting next_dagrun for consume_1_or_both_2_and_3_with_dataset_expressions to None, run_after=None
[2026-06-18T19:25:12.224+0000] {logging_mixin.py:190} INFO - [2026-06-18T19:25:12.224+0000] {dag.py:4180} INFO - Setting next_dagrun for dataset_consumes_1 to None, run_after=None
[2026-06-18T19:25:12.229+0000] {logging_mixin.py:190} INFO - [2026-06-18T19:25:12.228+0000] {dag.py:4180} INFO - Setting next_dagrun for dataset_consumes_1_and_2 to None, run_after=None
[2026-06-18T19:25:12.233+0000] {logging_mixin.py:190} INFO - [2026-06-18T19:25:12.233+0000] {dag.py:4180} INFO - Setting next_dagrun for dataset_consumes_1_never_scheduled to None, run_after=None
[2026-06-18T19:25:12.238+0000] {logging_mixin.py:190} INFO - [2026-06-18T19:25:12.238+0000] {dag.py:4180} INFO - Setting next_dagrun for dataset_consumes_unknown_never_scheduled to None, run_after=None
[2026-06-18T19:25:12.247+0000] {logging_mixin.py:190} INFO - [2026-06-18T19:25:12.246+0000] {dag.py:4180} INFO - Setting next_dagrun for dataset_produces_1 to 2026-06-17 00:00:00+00:00, run_after=2026-06-18 00:00:00+00:00
[2026-06-18T19:25:12.251+0000] {logging_mixin.py:190} INFO - [2026-06-18T19:25:12.251+0000] {dag.py:4180} INFO - Setting next_dagrun for dataset_produces_2 to None, run_after=None
[2026-06-18T19:25:12.315+0000] {processor.py:208} INFO - Processing /home/airflow/.local/lib/python3.12/site-packages/airflow/example_dags/example_datasets.py took 1.503 seconds
[2026-06-18T19:25:42.747+0000] {processor.py:186} INFO - Started process (PID=1712) to work on /home/airflow/.local/lib/python3.12/site-packages/airflow/example_dags/example_datasets.py
[2026-06-18T19:25:42.768+0000] {processor.py:914} INFO - Processing file /home/airflow/.local/lib/python3.12/site-packages/airflow/example_dags/example_datasets.py for tasks to queue
[2026-06-18T19:25:42.777+0000] {logging_mixin.py:190} INFO - [2026-06-18T19:25:42.776+0000] {dagbag.py:588} INFO - Filling up the DagBag from /home/airflow/.local/lib/python3.12/site-packages/airflow/example_dags/example_datasets.py
[2026-06-18T19:25:44.504+0000] {processor.py:925} INFO - DAG(s) 'dataset_consumes_unknown_never_scheduled', 'dataset_consumes_1', 'consume_1_or_both_2_and_3_with_dataset_expressions', 'dataset_produces_1', 'dataset_consumes_1_and_2', 'consume_1_and_2_with_dataset_expressions', 'consume_1_or_2_with_dataset_expressions', 'dataset_consumes_1_never_scheduled', 'conditional_dataset_and_time_based_timetable', 'dataset_produces_2' retrieved from /home/airflow/.local/lib/python3.12/site-packages/airflow/example_dags/example_datasets.py
[2026-06-18T19:25:44.750+0000] {logging_mixin.py:190} INFO - [2026-06-18T19:25:44.750+0000] {dag.py:3239} INFO - Sync 10 DAGs
[2026-06-18T19:25:44.803+0000] {logging_mixin.py:190} INFO - [2026-06-18T19:25:44.803+0000] {dag.py:4180} INFO - Setting next_dagrun for conditional_dataset_and_time_based_timetable to 2026-06-17 01:00:00+00:00, run_after=2026-06-17 01:00:00+00:00
[2026-06-18T19:25:44.814+0000] {logging_mixin.py:190} INFO - [2026-06-18T19:25:44.814+0000] {dag.py:4180} INFO - Setting next_dagrun for consume_1_and_2_with_dataset_expressions to None, run_after=None
[2026-06-18T19:25:44.818+0000] {logging_mixin.py:190} INFO - [2026-06-18T19:25:44.818+0000] {dag.py:4180} INFO - Setting next_dagrun for consume_1_or_2_with_dataset_expressions to None, run_after=None
[2026-06-18T19:25:44.821+0000] {logging_mixin.py:190} INFO - [2026-06-18T19:25:44.821+0000] {dag.py:4180} INFO - Setting next_dagrun for consume_1_or_both_2_and_3_with_dataset_expressions to None, run_after=None
[2026-06-18T19:25:44.826+0000] {logging_mixin.py:190} INFO - [2026-06-18T19:25:44.825+0000] {dag.py:4180} INFO - Setting next_dagrun for dataset_consumes_1 to None, run_after=None
[2026-06-18T19:25:44.829+0000] {logging_mixin.py:190} INFO - [2026-06-18T19:25:44.829+0000] {dag.py:4180} INFO - Setting next_dagrun for dataset_consumes_1_and_2 to None, run_after=None
[2026-06-18T19:25:44.832+0000] {logging_mixin.py:190} INFO - [2026-06-18T19:25:44.832+0000] {dag.py:4180} INFO - Setting next_dagrun for dataset_consumes_1_never_scheduled to None, run_after=None
[2026-06-18T19:25:44.836+0000] {logging_mixin.py:190} INFO - [2026-06-18T19:25:44.836+0000] {dag.py:4180} INFO - Setting next_dagrun for dataset_consumes_unknown_never_scheduled to None, run_after=None
[2026-06-18T19:25:44.845+0000] {logging_mixin.py:190} INFO - [2026-06-18T19:25:44.845+0000] {dag.py:4180} INFO - Setting next_dagrun for dataset_produces_1 to 2026-06-17 00:00:00+00:00, run_after=2026-06-18 00:00:00+00:00
[2026-06-18T19:25:44.850+0000] {logging_mixin.py:190} INFO - [2026-06-18T19:25:44.850+0000] {dag.py:4180} INFO - Setting next_dagrun for dataset_produces_2 to None, run_after=None
[2026-06-18T19:25:44.917+0000] {processor.py:208} INFO - Processing /home/airflow/.local/lib/python3.12/site-packages/airflow/example_dags/example_datasets.py took 2.186 seconds
[2026-06-18T19:26:15.499+0000] {processor.py:186} INFO - Started process (PID=1777) to work on /home/airflow/.local/lib/python3.12/site-packages/airflow/example_dags/example_datasets.py
[2026-06-18T19:26:15.501+0000] {processor.py:914} INFO - Processing file /home/airflow/.local/lib/python3.12/site-packages/airflow/example_dags/example_datasets.py for tasks to queue
[2026-06-18T19:26:15.506+0000] {logging_mixin.py:190} INFO - [2026-06-18T19:26:15.506+0000] {dagbag.py:588} INFO - Filling up the DagBag from /home/airflow/.local/lib/python3.12/site-packages/airflow/example_dags/example_datasets.py
[2026-06-18T19:26:16.267+0000] {processor.py:925} INFO - DAG(s) 'dataset_consumes_unknown_never_scheduled', 'conditional_dataset_and_time_based_timetable', 'dataset_consumes_1', 'dataset_produces_1', 'dataset_consumes_1_and_2', 'consume_1_or_both_2_and_3_with_dataset_expressions', 'dataset_consumes_1_never_scheduled', 'consume_1_and_2_with_dataset_expressions', 'consume_1_or_2_with_dataset_expressions', 'dataset_produces_2' retrieved from /home/airflow/.local/lib/python3.12/site-packages/airflow/example_dags/example_datasets.py
[2026-06-18T19:26:16.331+0000] {logging_mixin.py:190} INFO - [2026-06-18T19:26:16.331+0000] {dag.py:3239} INFO - Sync 10 DAGs
[2026-06-18T19:26:16.373+0000] {logging_mixin.py:190} INFO - [2026-06-18T19:26:16.373+0000] {dag.py:4180} INFO - Setting next_dagrun for conditional_dataset_and_time_based_timetable to 2026-06-17 01:00:00+00:00, run_after=2026-06-17 01:00:00+00:00
[2026-06-18T19:26:16.380+0000] {logging_mixin.py:190} INFO - [2026-06-18T19:26:16.379+0000] {dag.py:4180} INFO - Setting next_dagrun for consume_1_and_2_with_dataset_expressions to None, run_after=None
[2026-06-18T19:26:16.384+0000] {logging_mixin.py:190} INFO - [2026-06-18T19:26:16.383+0000] {dag.py:4180} INFO - Setting next_dagrun for consume_1_or_2_with_dataset_expressions to None, run_after=None
[2026-06-18T19:26:16.387+0000] {logging_mixin.py:190} INFO - [2026-06-18T19:26:16.387+0000] {dag.py:4180} INFO - Setting next_dagrun for consume_1_or_both_2_and_3_with_dataset_expressions to None, run_after=None
[2026-06-18T19:26:16.390+0000] {logging_mixin.py:190} INFO - [2026-06-18T19:26:16.390+0000] {dag.py:4180} INFO - Setting next_dagrun for dataset_consumes_1 to None, run_after=None
[2026-06-18T19:26:16.393+0000] {logging_mixin.py:190} INFO - [2026-06-18T19:26:16.393+0000] {dag.py:4180} INFO - Setting next_dagrun for dataset_consumes_1_and_2 to None, run_after=None
[2026-06-18T19:26:16.396+0000] {logging_mixin.py:190} INFO - [2026-06-18T19:26:16.396+0000] {dag.py:4180} INFO - Setting next_dagrun for dataset_consumes_1_never_scheduled to None, run_after=None
[2026-06-18T19:26:16.400+0000] {logging_mixin.py:190} INFO - [2026-06-18T19:26:16.399+0000] {dag.py:4180} INFO - Setting next_dagrun for dataset_consumes_unknown_never_scheduled to None, run_after=None
[2026-06-18T19:26:16.405+0000] {logging_mixin.py:190} INFO - [2026-06-18T19:26:16.405+0000] {dag.py:4180} INFO - Setting next_dagrun for dataset_produces_1 to 2026-06-17 00:00:00+00:00, run_after=2026-06-18 00:00:00+00:00
[2026-06-18T19:26:16.408+0000] {logging_mixin.py:190} INFO - [2026-06-18T19:26:16.408+0000] {dag.py:4180} INFO - Setting next_dagrun for dataset_produces_2 to None, run_after=None
[2026-06-18T19:26:16.464+0000] {processor.py:208} INFO - Processing /home/airflow/.local/lib/python3.12/site-packages/airflow/example_dags/example_datasets.py took 0.971 seconds
[2026-06-18T19:26:47.812+0000] {processor.py:186} INFO - Started process (PID=1845) to work on /home/airflow/.local/lib/python3.12/site-packages/airflow/example_dags/example_datasets.py
[2026-06-18T19:26:47.825+0000] {processor.py:914} INFO - Processing file /home/airflow/.local/lib/python3.12/site-packages/airflow/example_dags/example_datasets.py for tasks to queue
[2026-06-18T19:26:47.834+0000] {logging_mixin.py:190} INFO - [2026-06-18T19:26:47.833+0000] {dagbag.py:588} INFO - Filling up the DagBag from /home/airflow/.local/lib/python3.12/site-packages/airflow/example_dags/example_datasets.py
[2026-06-18T19:26:48.882+0000] {processor.py:925} INFO - DAG(s) 'dataset_consumes_unknown_never_scheduled', 'dataset_produces_2', 'dataset_consumes_1_never_scheduled', 'dataset_consumes_1', 'consume_1_or_both_2_and_3_with_dataset_expressions', 'consume_1_and_2_with_dataset_expressions', 'conditional_dataset_and_time_based_timetable', 'consume_1_or_2_with_dataset_expressions', 'dataset_produces_1', 'dataset_consumes_1_and_2' retrieved from /home/airflow/.local/lib/python3.12/site-packages/airflow/example_dags/example_datasets.py
[2026-06-18T19:26:48.971+0000] {logging_mixin.py:190} INFO - [2026-06-18T19:26:48.971+0000] {dag.py:3239} INFO - Sync 10 DAGs
[2026-06-18T19:26:49.015+0000] {logging_mixin.py:190} INFO - [2026-06-18T19:26:49.015+0000] {dag.py:4180} INFO - Setting next_dagrun for conditional_dataset_and_time_based_timetable to 2026-06-17 01:00:00+00:00, run_after=2026-06-17 01:00:00+00:00
[2026-06-18T19:26:49.027+0000] {logging_mixin.py:190} INFO - [2026-06-18T19:26:49.027+0000] {dag.py:4180} INFO - Setting next_dagrun for consume_1_and_2_with_dataset_expressions to None, run_after=None
[2026-06-18T19:26:49.033+0000] {logging_mixin.py:190} INFO - [2026-06-18T19:26:49.032+0000] {dag.py:4180} INFO - Setting next_dagrun for consume_1_or_2_with_dataset_expressions to None, run_after=None
[2026-06-18T19:26:49.037+0000] {logging_mixin.py:190} INFO - [2026-06-18T19:26:49.037+0000] {dag.py:4180} INFO - Setting next_dagrun for consume_1_or_both_2_and_3_with_dataset_expressions to None, run_after=None
[2026-06-18T19:26:49.044+0000] {logging_mixin.py:190} INFO - [2026-06-18T19:26:49.043+0000] {dag.py:4180} INFO - Setting next_dagrun for dataset_consumes_1 to None, run_after=None
[2026-06-18T19:26:49.051+0000] {logging_mixin.py:190} INFO - [2026-06-18T19:26:49.051+0000] {dag.py:4180} INFO - Setting next_dagrun for dataset_consumes_1_and_2 to None, run_after=None
[2026-06-18T19:26:49.055+0000] {logging_mixin.py:190} INFO - [2026-06-18T19:26:49.055+0000] {dag.py:4180} INFO - Setting next_dagrun for dataset_consumes_1_never_scheduled to None, run_after=None
[2026-06-18T19:26:49.059+0000] {logging_mixin.py:190} INFO - [2026-06-18T19:26:49.059+0000] {dag.py:4180} INFO - Setting next_dagrun for dataset_consumes_unknown_never_scheduled to None, run_after=None
[2026-06-18T19:26:49.064+0000] {logging_mixin.py:190} INFO - [2026-06-18T19:26:49.064+0000] {dag.py:4180} INFO - Setting next_dagrun for dataset_produces_1 to 2026-06-17 00:00:00+00:00, run_after=2026-06-18 00:00:00+00:00
[2026-06-18T19:26:49.071+0000] {logging_mixin.py:190} INFO - [2026-06-18T19:26:49.070+0000] {dag.py:4180} INFO - Setting next_dagrun for dataset_produces_2 to None, run_after=None
[2026-06-18T19:26:49.131+0000] {processor.py:208} INFO - Processing /home/airflow/.local/lib/python3.12/site-packages/airflow/example_dags/example_datasets.py took 1.340 seconds
[2026-06-18T19:27:20.115+0000] {processor.py:186} INFO - Started process (PID=1916) to work on /home/airflow/.local/lib/python3.12/site-packages/airflow/example_dags/example_datasets.py
[2026-06-18T19:27:20.118+0000] {processor.py:914} INFO - Processing file /home/airflow/.local/lib/python3.12/site-packages/airflow/example_dags/example_datasets.py for tasks to queue
[2026-06-18T19:27:20.124+0000] {logging_mixin.py:190} INFO - [2026-06-18T19:27:20.123+0000] {dagbag.py:588} INFO - Filling up the DagBag from /home/airflow/.local/lib/python3.12/site-packages/airflow/example_dags/example_datasets.py
[2026-06-18T19:27:22.372+0000] {processor.py:925} INFO - DAG(s) 'conditional_dataset_and_time_based_timetable', 'consume_1_or_both_2_and_3_with_dataset_expressions', 'dataset_produces_2', 'dataset_consumes_1', 'dataset_consumes_1_never_scheduled', 'dataset_consumes_1_and_2', 'consume_1_and_2_with_dataset_expressions', 'consume_1_or_2_with_dataset_expressions', 'dataset_consumes_unknown_never_scheduled', 'dataset_produces_1' retrieved from /home/airflow/.local/lib/python3.12/site-packages/airflow/example_dags/example_datasets.py
[2026-06-18T19:27:22.509+0000] {logging_mixin.py:190} INFO - [2026-06-18T19:27:22.509+0000] {dag.py:3239} INFO - Sync 10 DAGs
[2026-06-18T19:27:22.588+0000] {logging_mixin.py:190} INFO - [2026-06-18T19:27:22.587+0000] {dag.py:4180} INFO - Setting next_dagrun for conditional_dataset_and_time_based_timetable to 2026-06-17 01:00:00+00:00, run_after=2026-06-17 01:00:00+00:00
[2026-06-18T19:27:22.604+0000] {logging_mixin.py:190} INFO - [2026-06-18T19:27:22.603+0000] {dag.py:4180} INFO - Setting next_dagrun for consume_1_and_2_with_dataset_expressions to None, run_after=None
[2026-06-18T19:27:22.610+0000] {logging_mixin.py:190} INFO - [2026-06-18T19:27:22.610+0000] {dag.py:4180} INFO - Setting next_dagrun for consume_1_or_2_with_dataset_expressions to None, run_after=None
[2026-06-18T19:27:22.614+0000] {logging_mixin.py:190} INFO - [2026-06-18T19:27:22.614+0000] {dag.py:4180} INFO - Setting next_dagrun for consume_1_or_both_2_and_3_with_dataset_expressions to None, run_after=None
[2026-06-18T19:27:22.620+0000] {logging_mixin.py:190} INFO - [2026-06-18T19:27:22.619+0000] {dag.py:4180} INFO - Setting next_dagrun for dataset_consumes_1 to None, run_after=None
[2026-06-18T19:27:22.627+0000] {logging_mixin.py:190} INFO - [2026-06-18T19:27:22.627+0000] {dag.py:4180} INFO - Setting next_dagrun for dataset_consumes_1_and_2 to None, run_after=None
[2026-06-18T19:27:22.633+0000] {logging_mixin.py:190} INFO - [2026-06-18T19:27:22.632+0000] {dag.py:4180} INFO - Setting next_dagrun for dataset_consumes_1_never_scheduled to None, run_after=None
[2026-06-18T19:27:22.638+0000] {logging_mixin.py:190} INFO - [2026-06-18T19:27:22.638+0000] {dag.py:4180} INFO - Setting next_dagrun for dataset_consumes_unknown_never_scheduled to None, run_after=None
[2026-06-18T19:27:22.646+0000] {logging_mixin.py:190} INFO - [2026-06-18T19:27:22.646+0000] {dag.py:4180} INFO - Setting next_dagrun for dataset_produces_1 to 2026-06-17 00:00:00+00:00, run_after=2026-06-18 00:00:00+00:00
[2026-06-18T19:27:22.652+0000] {logging_mixin.py:190} INFO - [2026-06-18T19:27:22.651+0000] {dag.py:4180} INFO - Setting next_dagrun for dataset_produces_2 to None, run_after=None
[2026-06-18T19:27:22.735+0000] {processor.py:208} INFO - Processing /home/airflow/.local/lib/python3.12/site-packages/airflow/example_dags/example_datasets.py took 2.639 seconds
[2026-06-18T19:27:53.246+0000] {processor.py:186} INFO - Started process (PID=1983) to work on /home/airflow/.local/lib/python3.12/site-packages/airflow/example_dags/example_datasets.py
[2026-06-18T19:27:53.248+0000] {processor.py:914} INFO - Processing file /home/airflow/.local/lib/python3.12/site-packages/airflow/example_dags/example_datasets.py for tasks to queue
[2026-06-18T19:27:53.252+0000] {logging_mixin.py:190} INFO - [2026-06-18T19:27:53.252+0000] {dagbag.py:588} INFO - Filling up the DagBag from /home/airflow/.local/lib/python3.12/site-packages/airflow/example_dags/example_datasets.py
[2026-06-18T19:27:54.205+0000] {processor.py:925} INFO - DAG(s) 'consume_1_or_2_with_dataset_expressions', 'dataset_consumes_1_and_2', 'conditional_dataset_and_time_based_timetable', 'dataset_produces_1', 'dataset_consumes_unknown_never_scheduled', 'consume_1_or_both_2_and_3_with_dataset_expressions', 'dataset_consumes_1_never_scheduled', 'dataset_produces_2', 'consume_1_and_2_with_dataset_expressions', 'dataset_consumes_1' retrieved from /home/airflow/.local/lib/python3.12/site-packages/airflow/example_dags/example_datasets.py
[2026-06-18T19:27:54.282+0000] {logging_mixin.py:190} INFO - [2026-06-18T19:27:54.282+0000] {dag.py:3239} INFO - Sync 10 DAGs
[2026-06-18T19:27:54.335+0000] {logging_mixin.py:190} INFO - [2026-06-18T19:27:54.335+0000] {dag.py:4180} INFO - Setting next_dagrun for conditional_dataset_and_time_based_timetable to 2026-06-17 01:00:00+00:00, run_after=2026-06-17 01:00:00+00:00
[2026-06-18T19:27:54.344+0000] {logging_mixin.py:190} INFO - [2026-06-18T19:27:54.343+0000] {dag.py:4180} INFO - Setting next_dagrun for consume_1_and_2_with_dataset_expressions to None, run_after=None
[2026-06-18T19:27:54.350+0000] {logging_mixin.py:190} INFO - [2026-06-18T19:27:54.350+0000] {dag.py:4180} INFO - Setting next_dagrun for consume_1_or_2_with_dataset_expressions to None, run_after=None
[2026-06-18T19:27:54.354+0000] {logging_mixin.py:190} INFO - [2026-06-18T19:27:54.354+0000] {dag.py:4180} INFO - Setting next_dagrun for consume_1_or_both_2_and_3_with_dataset_expressions to None, run_after=None
[2026-06-18T19:27:54.357+0000] {logging_mixin.py:190} INFO - [2026-06-18T19:27:54.357+0000] {dag.py:4180} INFO - Setting next_dagrun for dataset_consumes_1 to None, run_after=None
[2026-06-18T19:27:54.360+0000] {logging_mixin.py:190} INFO - [2026-06-18T19:27:54.360+0000] {dag.py:4180} INFO - Setting next_dagrun for dataset_consumes_1_and_2 to None, run_after=None
[2026-06-18T19:27:54.363+0000] {logging_mixin.py:190} INFO - [2026-06-18T19:27:54.363+0000] {dag.py:4180} INFO - Setting next_dagrun for dataset_consumes_1_never_scheduled to None, run_after=None
[2026-06-18T19:27:54.367+0000] {logging_mixin.py:190} INFO - [2026-06-18T19:27:54.367+0000] {dag.py:4180} INFO - Setting next_dagrun for dataset_consumes_unknown_never_scheduled to None, run_after=None
[2026-06-18T19:27:54.374+0000] {logging_mixin.py:190} INFO - [2026-06-18T19:27:54.373+0000] {dag.py:4180} INFO - Setting next_dagrun for dataset_produces_1 to 2026-06-17 00:00:00+00:00, run_after=2026-06-18 00:00:00+00:00
[2026-06-18T19:27:54.377+0000] {logging_mixin.py:190} INFO - [2026-06-18T19:27:54.377+0000] {dag.py:4180} INFO - Setting next_dagrun for dataset_produces_2 to None, run_after=None
[2026-06-18T19:27:54.430+0000] {processor.py:208} INFO - Processing /home/airflow/.local/lib/python3.12/site-packages/airflow/example_dags/example_datasets.py took 1.190 seconds
[2026-06-18T19:28:24.752+0000] {processor.py:186} INFO - Started process (PID=2048) to work on /home/airflow/.local/lib/python3.12/site-packages/airflow/example_dags/example_datasets.py
[2026-06-18T19:28:24.754+0000] {processor.py:914} INFO - Processing file /home/airflow/.local/lib/python3.12/site-packages/airflow/example_dags/example_datasets.py for tasks to queue
[2026-06-18T19:28:24.760+0000] {logging_mixin.py:190} INFO - [2026-06-18T19:28:24.759+0000] {dagbag.py:588} INFO - Filling up the DagBag from /home/airflow/.local/lib/python3.12/site-packages/airflow/example_dags/example_datasets.py
[2026-06-18T19:28:25.671+0000] {processor.py:925} INFO - DAG(s) 'conditional_dataset_and_time_based_timetable', 'dataset_consumes_1', 'consume_1_or_both_2_and_3_with_dataset_expressions', 'dataset_consumes_1_never_scheduled', 'dataset_produces_1', 'dataset_produces_2', 'consume_1_or_2_with_dataset_expressions', 'consume_1_and_2_with_dataset_expressions', 'dataset_consumes_unknown_never_scheduled', 'dataset_consumes_1_and_2' retrieved from /home/airflow/.local/lib/python3.12/site-packages/airflow/example_dags/example_datasets.py
[2026-06-18T19:28:25.733+0000] {logging_mixin.py:190} INFO - [2026-06-18T19:28:25.733+0000] {dag.py:3239} INFO - Sync 10 DAGs
[2026-06-18T19:28:25.773+0000] {logging_mixin.py:190} INFO - [2026-06-18T19:28:25.773+0000] {dag.py:4180} INFO - Setting next_dagrun for conditional_dataset_and_time_based_timetable to 2026-06-17 01:00:00+00:00, run_after=2026-06-17 01:00:00+00:00
[2026-06-18T19:28:25.780+0000] {logging_mixin.py:190} INFO - [2026-06-18T19:28:25.779+0000] {dag.py:4180} INFO - Setting next_dagrun for consume_1_and_2_with_dataset_expressions to None, run_after=None
[2026-06-18T19:28:25.783+0000] {logging_mixin.py:190} INFO - [2026-06-18T19:28:25.783+0000] {dag.py:4180} INFO - Setting next_dagrun for consume_1_or_2_with_dataset_expressions to None, run_after=None
[2026-06-18T19:28:25.786+0000] {logging_mixin.py:190} INFO - [2026-06-18T19:28:25.786+0000] {dag.py:4180} INFO - Setting next_dagrun for consume_1_or_both_2_and_3_with_dataset_expressions to None, run_after=None
[2026-06-18T19:28:25.790+0000] {logging_mixin.py:190} INFO - [2026-06-18T19:28:25.790+0000] {dag.py:4180} INFO - Setting next_dagrun for dataset_consumes_1 to None, run_after=None
[2026-06-18T19:28:25.794+0000] {logging_mixin.py:190} INFO - [2026-06-18T19:28:25.793+0000] {dag.py:4180} INFO - Setting next_dagrun for dataset_consumes_1_and_2 to None, run_after=None
[2026-06-18T19:28:25.797+0000] {logging_mixin.py:190} INFO - [2026-06-18T19:28:25.797+0000] {dag.py:4180} INFO - Setting next_dagrun for dataset_consumes_1_never_scheduled to None, run_after=None
[2026-06-18T19:28:25.800+0000] {logging_mixin.py:190} INFO - [2026-06-18T19:28:25.800+0000] {dag.py:4180} INFO - Setting next_dagrun for dataset_consumes_unknown_never_scheduled to None, run_after=None
[2026-06-18T19:28:25.804+0000] {logging_mixin.py:190} INFO - [2026-06-18T19:28:25.804+0000] {dag.py:4180} INFO - Setting next_dagrun for dataset_produces_1 to 2026-06-17 00:00:00+00:00, run_after=2026-06-18 00:00:00+00:00
[2026-06-18T19:28:25.808+0000] {logging_mixin.py:190} INFO - [2026-06-18T19:28:25.807+0000] {dag.py:4180} INFO - Setting next_dagrun for dataset_produces_2 to None, run_after=None
[2026-06-18T19:28:25.864+0000] {processor.py:208} INFO - Processing /home/airflow/.local/lib/python3.12/site-packages/airflow/example_dags/example_datasets.py took 1.120 seconds
[2026-06-18T19:28:56.944+0000] {processor.py:186} INFO - Started process (PID=2114) to work on /home/airflow/.local/lib/python3.12/site-packages/airflow/example_dags/example_datasets.py
[2026-06-18T19:28:56.949+0000] {processor.py:914} INFO - Processing file /home/airflow/.local/lib/python3.12/site-packages/airflow/example_dags/example_datasets.py for tasks to queue
[2026-06-18T19:28:56.958+0000] {logging_mixin.py:190} INFO - [2026-06-18T19:28:56.957+0000] {dagbag.py:588} INFO - Filling up the DagBag from /home/airflow/.local/lib/python3.12/site-packages/airflow/example_dags/example_datasets.py
[2026-06-18T19:28:59.630+0000] {processor.py:925} INFO - DAG(s) 'consume_1_or_both_2_and_3_with_dataset_expressions', 'dataset_consumes_unknown_never_scheduled', 'dataset_consumes_1', 'dataset_consumes_1_and_2', 'conditional_dataset_and_time_based_timetable', 'dataset_produces_2', 'dataset_consumes_1_never_scheduled', 'consume_1_or_2_with_dataset_expressions', 'consume_1_and_2_with_dataset_expressions', 'dataset_produces_1' retrieved from /home/airflow/.local/lib/python3.12/site-packages/airflow/example_dags/example_datasets.py
[2026-06-18T19:28:59.822+0000] {logging_mixin.py:190} INFO - [2026-06-18T19:28:59.821+0000] {dag.py:3239} INFO - Sync 10 DAGs
[2026-06-18T19:28:59.936+0000] {logging_mixin.py:190} INFO - [2026-06-18T19:28:59.935+0000] {dag.py:4180} INFO - Setting next_dagrun for conditional_dataset_and_time_based_timetable to 2026-06-17 01:00:00+00:00, run_after=2026-06-17 01:00:00+00:00
[2026-06-18T19:28:59.958+0000] {logging_mixin.py:190} INFO - [2026-06-18T19:28:59.957+0000] {dag.py:4180} INFO - Setting next_dagrun for consume_1_and_2_with_dataset_expressions to None, run_after=None
[2026-06-18T19:28:59.967+0000] {logging_mixin.py:190} INFO - [2026-06-18T19:28:59.966+0000] {dag.py:4180} INFO - Setting next_dagrun for consume_1_or_2_with_dataset_expressions to None, run_after=None
[2026-06-18T19:28:59.977+0000] {logging_mixin.py:190} INFO - [2026-06-18T19:28:59.977+0000] {dag.py:4180} INFO - Setting next_dagrun for consume_1_or_both_2_and_3_with_dataset_expressions to None, run_after=None
[2026-06-18T19:28:59.984+0000] {logging_mixin.py:190} INFO - [2026-06-18T19:28:59.983+0000] {dag.py:4180} INFO - Setting next_dagrun for dataset_consumes_1 to None, run_after=None
[2026-06-18T19:28:59.994+0000] {logging_mixin.py:190} INFO - [2026-06-18T19:28:59.994+0000] {dag.py:4180} INFO - Setting next_dagrun for dataset_consumes_1_and_2 to None, run_after=None
[2026-06-18T19:29:00.001+0000] {logging_mixin.py:190} INFO - [2026-06-18T19:29:00.000+0000] {dag.py:4180} INFO - Setting next_dagrun for dataset_consumes_1_never_scheduled to None, run_after=None
[2026-06-18T19:29:00.011+0000] {logging_mixin.py:190} INFO - [2026-06-18T19:29:00.009+0000] {dag.py:4180} INFO - Setting next_dagrun for dataset_consumes_unknown_never_scheduled to None, run_after=None
[2026-06-18T19:29:00.023+0000] {logging_mixin.py:190} INFO - [2026-06-18T19:29:00.022+0000] {dag.py:4180} INFO - Setting next_dagrun for dataset_produces_1 to 2026-06-17 00:00:00+00:00, run_after=2026-06-18 00:00:00+00:00
[2026-06-18T19:29:00.046+0000] {logging_mixin.py:190} INFO - [2026-06-18T19:29:00.045+0000] {dag.py:4180} INFO - Setting next_dagrun for dataset_produces_2 to None, run_after=None
[2026-06-18T19:29:00.254+0000] {processor.py:208} INFO - Processing /home/airflow/.local/lib/python3.12/site-packages/airflow/example_dags/example_datasets.py took 3.329 seconds
[2026-06-18T19:29:30.758+0000] {processor.py:186} INFO - Started process (PID=2184) to work on /home/airflow/.local/lib/python3.12/site-packages/airflow/example_dags/example_datasets.py
[2026-06-18T19:29:30.764+0000] {processor.py:914} INFO - Processing file /home/airflow/.local/lib/python3.12/site-packages/airflow/example_dags/example_datasets.py for tasks to queue
[2026-06-18T19:29:30.783+0000] {logging_mixin.py:190} INFO - [2026-06-18T19:29:30.781+0000] {dagbag.py:588} INFO - Filling up the DagBag from /home/airflow/.local/lib/python3.12/site-packages/airflow/example_dags/example_datasets.py
[2026-06-18T19:29:33.497+0000] {processor.py:925} INFO - DAG(s) 'dataset_consumes_1_never_scheduled', 'consume_1_and_2_with_dataset_expressions', 'consume_1_or_both_2_and_3_with_dataset_expressions', 'dataset_consumes_1', 'conditional_dataset_and_time_based_timetable', 'dataset_consumes_1_and_2', 'consume_1_or_2_with_dataset_expressions', 'dataset_produces_2', 'dataset_consumes_unknown_never_scheduled', 'dataset_produces_1' retrieved from /home/airflow/.local/lib/python3.12/site-packages/airflow/example_dags/example_datasets.py
[2026-06-18T19:29:33.729+0000] {logging_mixin.py:190} INFO - [2026-06-18T19:29:33.725+0000] {dag.py:3239} INFO - Sync 10 DAGs
[2026-06-18T19:29:33.851+0000] {logging_mixin.py:190} INFO - [2026-06-18T19:29:33.851+0000] {dag.py:4180} INFO - Setting next_dagrun for conditional_dataset_and_time_based_timetable to 2026-06-17 01:00:00+00:00, run_after=2026-06-17 01:00:00+00:00
[2026-06-18T19:29:33.867+0000] {logging_mixin.py:190} INFO - [2026-06-18T19:29:33.866+0000] {dag.py:4180} INFO - Setting next_dagrun for consume_1_and_2_with_dataset_expressions to None, run_after=None
[2026-06-18T19:29:33.879+0000] {logging_mixin.py:190} INFO - [2026-06-18T19:29:33.878+0000] {dag.py:4180} INFO - Setting next_dagrun for consume_1_or_2_with_dataset_expressions to None, run_after=None
[2026-06-18T19:29:33.888+0000] {logging_mixin.py:190} INFO - [2026-06-18T19:29:33.888+0000] {dag.py:4180} INFO - Setting next_dagrun for consume_1_or_both_2_and_3_with_dataset_expressions to None, run_after=None
[2026-06-18T19:29:33.895+0000] {logging_mixin.py:190} INFO - [2026-06-18T19:29:33.894+0000] {dag.py:4180} INFO - Setting next_dagrun for dataset_consumes_1 to None, run_after=None
[2026-06-18T19:29:33.906+0000] {logging_mixin.py:190} INFO - [2026-06-18T19:29:33.905+0000] {dag.py:4180} INFO - Setting next_dagrun for dataset_consumes_1_and_2 to None, run_after=None
[2026-06-18T19:29:33.912+0000] {logging_mixin.py:190} INFO - [2026-06-18T19:29:33.912+0000] {dag.py:4180} INFO - Setting next_dagrun for dataset_consumes_1_never_scheduled to None, run_after=None
[2026-06-18T19:29:33.919+0000] {logging_mixin.py:190} INFO - [2026-06-18T19:29:33.918+0000] {dag.py:4180} INFO - Setting next_dagrun for dataset_consumes_unknown_never_scheduled to None, run_after=None
[2026-06-18T19:29:33.931+0000] {logging_mixin.py:190} INFO - [2026-06-18T19:29:33.931+0000] {dag.py:4180} INFO - Setting next_dagrun for dataset_produces_1 to 2026-06-17 00:00:00+00:00, run_after=2026-06-18 00:00:00+00:00
[2026-06-18T19:29:33.941+0000] {logging_mixin.py:190} INFO - [2026-06-18T19:29:33.940+0000] {dag.py:4180} INFO - Setting next_dagrun for dataset_produces_2 to None, run_after=None
[2026-06-18T19:29:34.036+0000] {processor.py:208} INFO - Processing /home/airflow/.local/lib/python3.12/site-packages/airflow/example_dags/example_datasets.py took 3.312 seconds
[2026-06-18T19:30:04.586+0000] {processor.py:186} INFO - Started process (PID=2253) to work on /home/airflow/.local/lib/python3.12/site-packages/airflow/example_dags/example_datasets.py
[2026-06-18T19:30:04.591+0000] {processor.py:914} INFO - Processing file /home/airflow/.local/lib/python3.12/site-packages/airflow/example_dags/example_datasets.py for tasks to queue
[2026-06-18T19:30:04.600+0000] {logging_mixin.py:190} INFO - [2026-06-18T19:30:04.599+0000] {dagbag.py:588} INFO - Filling up the DagBag from /home/airflow/.local/lib/python3.12/site-packages/airflow/example_dags/example_datasets.py
[2026-06-18T19:30:06.091+0000] {processor.py:925} INFO - DAG(s) 'dataset_produces_1', 'dataset_produces_2', 'consume_1_or_both_2_and_3_with_dataset_expressions', 'dataset_consumes_1', 'consume_1_and_2_with_dataset_expressions', 'dataset_consumes_unknown_never_scheduled', 'consume_1_or_2_with_dataset_expressions', 'dataset_consumes_1_and_2', 'conditional_dataset_and_time_based_timetable', 'dataset_consumes_1_never_scheduled' retrieved from /home/airflow/.local/lib/python3.12/site-packages/airflow/example_dags/example_datasets.py
[2026-06-18T19:30:06.172+0000] {logging_mixin.py:190} INFO - [2026-06-18T19:30:06.171+0000] {dag.py:3239} INFO - Sync 10 DAGs
[2026-06-18T19:30:06.234+0000] {logging_mixin.py:190} INFO - [2026-06-18T19:30:06.234+0000] {dag.py:4180} INFO - Setting next_dagrun for conditional_dataset_and_time_based_timetable to 2026-06-17 01:00:00+00:00, run_after=2026-06-17 01:00:00+00:00
[2026-06-18T19:30:06.244+0000] {logging_mixin.py:190} INFO - [2026-06-18T19:30:06.244+0000] {dag.py:4180} INFO - Setting next_dagrun for consume_1_and_2_with_dataset_expressions to None, run_after=None
[2026-06-18T19:30:06.251+0000] {logging_mixin.py:190} INFO - [2026-06-18T19:30:06.251+0000] {dag.py:4180} INFO - Setting next_dagrun for consume_1_or_2_with_dataset_expressions to None, run_after=None
[2026-06-18T19:30:06.256+0000] {logging_mixin.py:190} INFO - [2026-06-18T19:30:06.255+0000] {dag.py:4180} INFO - Setting next_dagrun for consume_1_or_both_2_and_3_with_dataset_expressions to None, run_after=None
[2026-06-18T19:30:06.259+0000] {logging_mixin.py:190} INFO - [2026-06-18T19:30:06.259+0000] {dag.py:4180} INFO - Setting next_dagrun for dataset_consumes_1 to None, run_after=None
[2026-06-18T19:30:06.263+0000] {logging_mixin.py:190} INFO - [2026-06-18T19:30:06.262+0000] {dag.py:4180} INFO - Setting next_dagrun for dataset_consumes_1_and_2 to None, run_after=None
[2026-06-18T19:30:06.267+0000] {logging_mixin.py:190} INFO - [2026-06-18T19:30:06.267+0000] {dag.py:4180} INFO - Setting next_dagrun for dataset_consumes_1_never_scheduled to None, run_after=None
[2026-06-18T19:30:06.272+0000] {logging_mixin.py:190} INFO - [2026-06-18T19:30:06.271+0000] {dag.py:4180} INFO - Setting next_dagrun for dataset_consumes_unknown_never_scheduled to None, run_after=None
[2026-06-18T19:30:06.278+0000] {logging_mixin.py:190} INFO - [2026-06-18T19:30:06.278+0000] {dag.py:4180} INFO - Setting next_dagrun for dataset_produces_1 to 2026-06-17 00:00:00+00:00, run_after=2026-06-18 00:00:00+00:00
[2026-06-18T19:30:06.283+0000] {logging_mixin.py:190} INFO - [2026-06-18T19:30:06.282+0000] {dag.py:4180} INFO - Setting next_dagrun for dataset_produces_2 to None, run_after=None
[2026-06-18T19:30:06.346+0000] {processor.py:208} INFO - Processing /home/airflow/.local/lib/python3.12/site-packages/airflow/example_dags/example_datasets.py took 1.777 seconds
[2026-06-18T19:30:36.960+0000] {processor.py:186} INFO - Started process (PID=2321) to work on /home/airflow/.local/lib/python3.12/site-packages/airflow/example_dags/example_datasets.py
[2026-06-18T19:30:36.967+0000] {processor.py:914} INFO - Processing file /home/airflow/.local/lib/python3.12/site-packages/airflow/example_dags/example_datasets.py for tasks to queue
[2026-06-18T19:30:36.972+0000] {logging_mixin.py:190} INFO - [2026-06-18T19:30:36.972+0000] {dagbag.py:588} INFO - Filling up the DagBag from /home/airflow/.local/lib/python3.12/site-packages/airflow/example_dags/example_datasets.py
[2026-06-18T19:30:37.706+0000] {processor.py:925} INFO - DAG(s) 'consume_1_or_2_with_dataset_expressions', 'dataset_produces_1', 'dataset_produces_2', 'consume_1_or_both_2_and_3_with_dataset_expressions', 'dataset_consumes_1_and_2', 'dataset_consumes_1_never_scheduled', 'dataset_consumes_unknown_never_scheduled', 'consume_1_and_2_with_dataset_expressions', 'dataset_consumes_1', 'conditional_dataset_and_time_based_timetable' retrieved from /home/airflow/.local/lib/python3.12/site-packages/airflow/example_dags/example_datasets.py
[2026-06-18T19:30:37.755+0000] {logging_mixin.py:190} INFO - [2026-06-18T19:30:37.755+0000] {dag.py:3239} INFO - Sync 10 DAGs
[2026-06-18T19:30:37.785+0000] {logging_mixin.py:190} INFO - [2026-06-18T19:30:37.785+0000] {dag.py:4180} INFO - Setting next_dagrun for conditional_dataset_and_time_based_timetable to 2026-06-17 01:00:00+00:00, run_after=2026-06-17 01:00:00+00:00
[2026-06-18T19:30:37.790+0000] {logging_mixin.py:190} INFO - [2026-06-18T19:30:37.790+0000] {dag.py:4180} INFO - Setting next_dagrun for consume_1_and_2_with_dataset_expressions to None, run_after=None
[2026-06-18T19:30:37.793+0000] {logging_mixin.py:190} INFO - [2026-06-18T19:30:37.793+0000] {dag.py:4180} INFO - Setting next_dagrun for consume_1_or_2_with_dataset_expressions to None, run_after=None
[2026-06-18T19:30:37.796+0000] {logging_mixin.py:190} INFO - [2026-06-18T19:30:37.796+0000] {dag.py:4180} INFO - Setting next_dagrun for consume_1_or_both_2_and_3_with_dataset_expressions to None, run_after=None
[2026-06-18T19:30:37.798+0000] {logging_mixin.py:190} INFO - [2026-06-18T19:30:37.798+0000] {dag.py:4180} INFO - Setting next_dagrun for dataset_consumes_1 to None, run_after=None
[2026-06-18T19:30:37.800+0000] {logging_mixin.py:190} INFO - [2026-06-18T19:30:37.800+0000] {dag.py:4180} INFO - Setting next_dagrun for dataset_consumes_1_and_2 to None, run_after=None
[2026-06-18T19:30:37.802+0000] {logging_mixin.py:190} INFO - [2026-06-18T19:30:37.802+0000] {dag.py:4180} INFO - Setting next_dagrun for dataset_consumes_1_never_scheduled to None, run_after=None
[2026-06-18T19:30:37.804+0000] {logging_mixin.py:190} INFO - [2026-06-18T19:30:37.803+0000] {dag.py:4180} INFO - Setting next_dagrun for dataset_consumes_unknown_never_scheduled to None, run_after=None
[2026-06-18T19:30:37.807+0000] {logging_mixin.py:190} INFO - [2026-06-18T19:30:37.807+0000] {dag.py:4180} INFO - Setting next_dagrun for dataset_produces_1 to 2026-06-17 00:00:00+00:00, run_after=2026-06-18 00:00:00+00:00
[2026-06-18T19:30:37.809+0000] {logging_mixin.py:190} INFO - [2026-06-18T19:30:37.809+0000] {dag.py:4180} INFO - Setting next_dagrun for dataset_produces_2 to None, run_after=None
[2026-06-18T19:30:37.850+0000] {processor.py:208} INFO - Processing /home/airflow/.local/lib/python3.12/site-packages/airflow/example_dags/example_datasets.py took 0.897 seconds
[2026-06-18T19:31:07.955+0000] {processor.py:186} INFO - Started process (PID=2386) to work on /home/airflow/.local/lib/python3.12/site-packages/airflow/example_dags/example_datasets.py
[2026-06-18T19:31:07.960+0000] {processor.py:914} INFO - Processing file /home/airflow/.local/lib/python3.12/site-packages/airflow/example_dags/example_datasets.py for tasks to queue
[2026-06-18T19:31:07.970+0000] {logging_mixin.py:190} INFO - [2026-06-18T19:31:07.969+0000] {dagbag.py:588} INFO - Filling up the DagBag from /home/airflow/.local/lib/python3.12/site-packages/airflow/example_dags/example_datasets.py
[2026-06-18T19:31:09.054+0000] {processor.py:925} INFO - DAG(s) 'dataset_produces_2', 'dataset_consumes_1', 'dataset_consumes_1_never_scheduled', 'consume_1_or_both_2_and_3_with_dataset_expressions', 'conditional_dataset_and_time_based_timetable', 'dataset_produces_1', 'dataset_consumes_unknown_never_scheduled', 'consume_1_or_2_with_dataset_expressions', 'consume_1_and_2_with_dataset_expressions', 'dataset_consumes_1_and_2' retrieved from /home/airflow/.local/lib/python3.12/site-packages/airflow/example_dags/example_datasets.py
[2026-06-18T19:31:09.143+0000] {logging_mixin.py:190} INFO - [2026-06-18T19:31:09.143+0000] {dag.py:3239} INFO - Sync 10 DAGs
[2026-06-18T19:31:09.202+0000] {logging_mixin.py:190} INFO - [2026-06-18T19:31:09.201+0000] {dag.py:4180} INFO - Setting next_dagrun for conditional_dataset_and_time_based_timetable to 2026-06-17 01:00:00+00:00, run_after=2026-06-17 01:00:00+00:00
[2026-06-18T19:31:09.213+0000] {logging_mixin.py:190} INFO - [2026-06-18T19:31:09.212+0000] {dag.py:4180} INFO - Setting next_dagrun for consume_1_and_2_with_dataset_expressions to None, run_after=None
[2026-06-18T19:31:09.218+0000] {logging_mixin.py:190} INFO - [2026-06-18T19:31:09.217+0000] {dag.py:4180} INFO - Setting next_dagrun for consume_1_or_2_with_dataset_expressions to None, run_after=None
[2026-06-18T19:31:09.221+0000] {logging_mixin.py:190} INFO - [2026-06-18T19:31:09.221+0000] {dag.py:4180} INFO - Setting next_dagrun for consume_1_or_both_2_and_3_with_dataset_expressions to None, run_after=None
[2026-06-18T19:31:09.225+0000] {logging_mixin.py:190} INFO - [2026-06-18T19:31:09.225+0000] {dag.py:4180} INFO - Setting next_dagrun for dataset_consumes_1 to None, run_after=None
[2026-06-18T19:31:09.230+0000] {logging_mixin.py:190} INFO - [2026-06-18T19:31:09.230+0000] {dag.py:4180} INFO - Setting next_dagrun for dataset_consumes_1_and_2 to None, run_after=None
[2026-06-18T19:31:09.235+0000] {logging_mixin.py:190} INFO - [2026-06-18T19:31:09.234+0000] {dag.py:4180} INFO - Setting next_dagrun for dataset_consumes_1_never_scheduled to None, run_after=None
[2026-06-18T19:31:09.241+0000] {logging_mixin.py:190} INFO - [2026-06-18T19:31:09.241+0000] {dag.py:4180} INFO - Setting next_dagrun for dataset_consumes_unknown_never_scheduled to None, run_after=None
[2026-06-18T19:31:09.248+0000] {logging_mixin.py:190} INFO - [2026-06-18T19:31:09.247+0000] {dag.py:4180} INFO - Setting next_dagrun for dataset_produces_1 to 2026-06-17 00:00:00+00:00, run_after=2026-06-18 00:00:00+00:00
[2026-06-18T19:31:09.252+0000] {logging_mixin.py:190} INFO - [2026-06-18T19:31:09.252+0000] {dag.py:4180} INFO - Setting next_dagrun for dataset_produces_2 to None, run_after=None
[2026-06-18T19:31:09.319+0000] {processor.py:208} INFO - Processing /home/airflow/.local/lib/python3.12/site-packages/airflow/example_dags/example_datasets.py took 1.380 seconds
[2026-06-18T19:31:39.965+0000] {processor.py:186} INFO - Started process (PID=2450) to work on /home/airflow/.local/lib/python3.12/site-packages/airflow/example_dags/example_datasets.py
[2026-06-18T19:31:39.969+0000] {processor.py:914} INFO - Processing file /home/airflow/.local/lib/python3.12/site-packages/airflow/example_dags/example_datasets.py for tasks to queue
[2026-06-18T19:31:39.974+0000] {logging_mixin.py:190} INFO - [2026-06-18T19:31:39.974+0000] {dagbag.py:588} INFO - Filling up the DagBag from /home/airflow/.local/lib/python3.12/site-packages/airflow/example_dags/example_datasets.py
[2026-06-18T19:31:40.933+0000] {processor.py:925} INFO - DAG(s) 'conditional_dataset_and_time_based_timetable', 'consume_1_or_2_with_dataset_expressions', 'dataset_consumes_unknown_never_scheduled', 'consume_1_and_2_with_dataset_expressions', 'dataset_produces_1', 'dataset_consumes_1', 'dataset_produces_2', 'dataset_consumes_1_and_2', 'dataset_consumes_1_never_scheduled', 'consume_1_or_both_2_and_3_with_dataset_expressions' retrieved from /home/airflow/.local/lib/python3.12/site-packages/airflow/example_dags/example_datasets.py
[2026-06-18T19:31:41.021+0000] {logging_mixin.py:190} INFO - [2026-06-18T19:31:41.020+0000] {dag.py:3239} INFO - Sync 10 DAGs
[2026-06-18T19:31:41.080+0000] {logging_mixin.py:190} INFO - [2026-06-18T19:31:41.079+0000] {dag.py:4180} INFO - Setting next_dagrun for conditional_dataset_and_time_based_timetable to 2026-06-17 01:00:00+00:00, run_after=2026-06-17 01:00:00+00:00
[2026-06-18T19:31:41.088+0000] {logging_mixin.py:190} INFO - [2026-06-18T19:31:41.087+0000] {dag.py:4180} INFO - Setting next_dagrun for consume_1_and_2_with_dataset_expressions to None, run_after=None
[2026-06-18T19:31:41.093+0000] {logging_mixin.py:190} INFO - [2026-06-18T19:31:41.092+0000] {dag.py:4180} INFO - Setting next_dagrun for consume_1_or_2_with_dataset_expressions to None, run_after=None
[2026-06-18T19:31:41.096+0000] {logging_mixin.py:190} INFO - [2026-06-18T19:31:41.096+0000] {dag.py:4180} INFO - Setting next_dagrun for consume_1_or_both_2_and_3_with_dataset_expressions to None, run_after=None
[2026-06-18T19:31:41.100+0000] {logging_mixin.py:190} INFO - [2026-06-18T19:31:41.100+0000] {dag.py:4180} INFO - Setting next_dagrun for dataset_consumes_1 to None, run_after=None
[2026-06-18T19:31:41.104+0000] {logging_mixin.py:190} INFO - [2026-06-18T19:31:41.103+0000] {dag.py:4180} INFO - Setting next_dagrun for dataset_consumes_1_and_2 to None, run_after=None
[2026-06-18T19:31:41.108+0000] {logging_mixin.py:190} INFO - [2026-06-18T19:31:41.108+0000] {dag.py:4180} INFO - Setting next_dagrun for dataset_consumes_1_never_scheduled to None, run_after=None
[2026-06-18T19:31:41.111+0000] {logging_mixin.py:190} INFO - [2026-06-18T19:31:41.111+0000] {dag.py:4180} INFO - Setting next_dagrun for dataset_consumes_unknown_never_scheduled to None, run_after=None
[2026-06-18T19:31:41.117+0000] {logging_mixin.py:190} INFO - [2026-06-18T19:31:41.116+0000] {dag.py:4180} INFO - Setting next_dagrun for dataset_produces_1 to 2026-06-17 00:00:00+00:00, run_after=2026-06-18 00:00:00+00:00
[2026-06-18T19:31:41.121+0000] {logging_mixin.py:190} INFO - [2026-06-18T19:31:41.121+0000] {dag.py:4180} INFO - Setting next_dagrun for dataset_produces_2 to None, run_after=None
[2026-06-18T19:31:41.256+0000] {processor.py:208} INFO - Processing /home/airflow/.local/lib/python3.12/site-packages/airflow/example_dags/example_datasets.py took 1.299 seconds
